,0,0.05,0.1,0.15,0.2,0.25,0.3,0.35,0.4,0.45,0.5,0.55,0.6,0.65,0.7,0.75,0.8,0.85,0.9,0.95,1,1.05,1.1,1.15,1.2,1.25,1.3,1.35,1.4,1.45,1.5,1.55,1.6,1.65,1.7,1.75,1.8,1.85,1.9,1.95,2,2.05,2.1,2.15,2.2,2.25,2.3,2.35,2.4,2.45,2.5,2.55,2.6,2.65,2.7,2.75,2.8,2.85,2.9,2.95,3,3.05,3.1,3.15,3.2,3.25,3.3,3.35,3.4,3.45,3.5,3.55,3.6,3.65,3.7,3.75,3.8,3.85,3.9,3.95,4,4.05,4.1,4.15,4.2,4.25,4.3,4.35,4.4,4.45,4.5,4.55,4.6,4.65,4.7,4.75,4.8,4.85,4.9,4.95,5,5.05,5.1,5.15,5.2,5.25,5.3,5.35,5.4,5.45,5.5,5.55,5.6,5.65,5.7,5.75,5.8,5.85,5.9,5.95,6
0,0,0.00009171,0.00023431,0.00030489,0.00037895,0.00045119,0.00057487,0.00063042,0.00068388,0.0007325,0.00080985,0.00084395,0.00088225,0.00093037,0.00095741,0.00100761,0.0010309,0.00105337,0.00107526,0.00111817,0.00113953,0.001161,0.00118267,0.00122696,0.00124966,0.00127278,0.00129633,0.00134473,0.00136956,0.00139479,0.00142039,0.00147256,0.00149897,0.00152538,0.00155136,0.00159439,0.00165442,0.00231594,0.00317633,0.00260924,0.00226749,0.00225522,0.00225713,0.00220283,0.00183894,0.00215249,0.00233639,0.00227313,0.00191934,0.00177811,0.00186334,0.0021358,0.0030543,0.00489534,0.00366515,0.00255596,0.00262667,0.00268454,0.0026557,0.00255977,0.00258539,0.00274101,0.00296119,0.00322965,0.00329673,0.00320102,0.00224298,0.00107353,0.00355062,0.00611077,0.0032055,0.00157416,0.00391034,0.00345177,0.00308629,0.00313246,0.00313061,0.00313471,0.00331634,0.00275958,0.00182298,0.00117428,0.00236865,0.00270217,0.00279632,0.00282721,0.0028004,0.00276374,0.00271928,0.00263755,0.00257731,0.00251999,0.00248358,0.00242878,0.00237544,0.00230799,0.00227241,0.0022401,0.002177,0.0021439,0.00208518,0.00205656,0.00202822,0.0020485,0.00222904,0.0021456,0.00153792,0.00221635,0.00230385,0.00213288,0.00210596,0.0021285,0.00214366,0.00210779,0.00212929,0.00208987,0.00206461,0.00196413,0.00207371,0.00223739,0.00180548
0.05,-0.0000017,0.00018415,0.0004638,0.00061309,0.00075919,0.00090326,0.00115745,0.00127088,0.00137282,0.0014661,0.00162715,0.00168751,0.00176767,0.0018619,0.00191654,0.00201652,0.00206291,0.00210766,0.00215129,0.00223686,0.00227946,0.00232231,0.00236559,0.00245405,0.00249942,0.00254563,0.0025927,0.00268946,0.00273911,0.00278957,0.00284078,0.00294515,0.00299803,0.00305101,0.0031034,0.003197,0.00319069,0.00480982,0.00614083,0.0048871,0.00445795,0.00443278,0.00479006,0.00441917,0.00378852,0.00406386,0.00492208,0.00462677,0.00411844,0.00347339,0.00393491,0.00457475,0.005604,0.00867378,0.00656277,0.00576668,0.00580364,0.00591462,0.0058057,0.0054921,0.00525469,0.00544477,0.00590349,0.00645224,0.00668091,0.00659609,0.00582564,0.00236119,0.0085487,0.0104029,0.00576775,0.00151507,0.00752147,0.00625156,0.00622886,0.00626941,0.00625989,0.00625787,0.00637886,0.00744842,0.00501748,0.00890352,0.00498412,0.00556549,0.00575525,0.00578622,0.00562079,0.00553064,0.00543674,0.00527388,0.00515402,0.00503966,0.00496695,0.00485748,0.00475081,0.0046159,0.00454471,0.00448003,0.00435367,0.00428727,0.00416954,0.00411243,0.0040515,0.00392544,0.00385802,0.00385911,0.00440736,0.00476346,0.0048718,0.00478314,0.00467137,0.00455164,0.00448122,0.00433824,0.00423765,0.00422212,0.00424587,0.00398225,0.00405252,0.00418754,0.00420859
0.1,0.00000445,0.00043646,0.00140555,0.00185585,0.00230325,0.00273525,0.00233346,0.0025604,0.00276811,0.00445698,0.00490579,0.0051208,0.00354478,0.00561578,0.00577717,0.00607029,0.00620632,0.00633776,0.00646614,0.00671867,0.00684484,0.00697197,0.00710063,0.00736421,0.00749966,0.00763776,0.00777857,0.00806833,0.00821715,0.00836847,0.00852213,0.00883576,0.00899521,0.00915591,0.0093172,0.00963618,0.00978988,0.0089749,0.0107923,0.00965222,0.00863484,0.00820018,0.00998333,0.00855417,0.0076235,0.0105131,0.00985596,0.00857666,0.0126774,0.0105135,0.00885534,0.0110628,0.0148796,0.00867378,0.0154671,0.0127958,0.0115076,0.011644,0.0124928,0.0112324,0.0103827,0.0150998,0.0116384,0.0132704,0.0134891,0.013211,0.0122123,0.0122123,0.0181272,0.0192777,0.0169627,0.0184405,0.0148641,0.0188118,0.0188433,0.0188749,0.0188176,0.0186972,0.0184335,0.0173929,0.0182169,0.0110344,0.0173407,0.0179222,0.0176304,0.0174142,0.0168151,0.0165445,0.0162759,0.0158049,0.0154555,0.0151156,0.0148986,0.0145715,0.0142516,0.0138466,0.0136327,0.0134382,0.0130577,0.0128554,0.012492,0.0123146,0.0121307,0.0118541,0.0118199,0.00893175,0.00933137,0.00969641,0.010197,0.00980077,0.00965941,0.009309,0.00903353,0.00869119,0.00834731,0.00827722,0.00837734,0.00853482,0.00781586,0.00717868,0.00768941
0.15,0.00001467,0.00075865,0.00190139,0.00250812,0.00310832,0.00368474,0.00478095,0.00525156,0.00566447,0.00600576,0.00660155,0.00688994,0.0071684,0.00752491,0.00773549,0.00811784,0.00829553,0.00846746,0.00863566,0.00896752,0.00913381,0.00930167,0.00947185,0.00982122,0.0100011,0.0101846,0.0103719,0.0107577,0.0109559,0.0111576,0.0113625,0.0117811,0.0119943,0.0122097,0.0124271,0.0128715,0.0131164,0.0125849,0.0120264,0.014399,0.0121214,0.0137276,0.0149412,0.0127286,0.0144953,0.015648,0.0174857,0.0150207,0.0126774,0.0160434,0.0157518,0.0192855,0.0148796,0.0192476,0.0154671,0.0182999,0.0166478,0.0170587,0.018089,0.0200097,0.0212801,0.0194863,0.0213953,0.0205392,0.0203162,0.0203162,0.0202858,0.0197016,0.0181272,0.022368,0.0254635,0.0245931,0.0217313,0.0252381,0.0252482,0.0252416,0.0251654,0.0250167,0.024732,0.0262798,0.0220379,0.0246888,0.0242475,0.0231033,0.0231369,0.0229086,0.0223092,0.0220033,0.0216754,0.0210624,0.020604,0.0201527,0.019864,0.0194284,0.0190016,0.0184611,0.0181757,0.0179161,0.0174084,0.0171377,0.016648,0.0164065,0.016127,0.0155484,0.0152016,0.0146206,0.0138038,0.0142701,0.0155342,0.0159509,0.0148227,0.0139707,0.0136251,0.0129075,0.0124559,0.011678,0.011169,0.0131355,0.0110508,0.0112067,0.0112067
0.2,0.00001612,0.00106303,0.00242726,0.00319426,0.00395771,0.00468988,0.00607293,0.00667264,0.00720344,0.00762696,0.0083631,0.0087038,0.00903206,0.00946699,0.00972179,0.010186,0.0104021,0.0106116,0.010817,0.0112241,0.0114288,0.011636,0.0118466,0.01228,0.0125036,0.0127321,0.0129655,0.0134468,0.0136944,0.0139464,0.0142025,0.0147261,0.0149931,0.0152633,0.0155368,0.0160981,0.0163917,0.0159266,0.0186436,0.018613,0.0183515,0.0168997,0.0197236,0.0164752,0.0202995,0.0225229,0.0195945,0.0215364,0.0189112,0.0195529,0.0229886,0.0192855,0.0230341,0.0242215,0.021084,0.0262827,0.022625,0.0216004,0.0268193,0.0268193,0.0258697,0.0243562,0.0289586,0.0289969,0.0276455,0.027653,0.0276523,0.0275258,0.0274049,0.0281201,0.0285772,0.0330908,0.0346137,0.0316293,0.0316724,0.0316636,0.0315825,0.031442,0.0312789,0.0324254,0.0336208,0.0349086,0.0347699,0.0297596,0.0291433,0.0285643,0.0278425,0.0274769,0.02708,0.0263231,0.0257551,0.0251918,0.0248308,0.0242859,0.0237514,0.0230747,0.0227175,0.0223931,0.0217589,0.0214219,0.0208143,0.0205154,0.0201776,0.0195288,0.0192034,0.0182755,0.0184483,0.0183481,0.0189317,0.0159509,0.0194052,0.0180186,0.0174501,0.0177081,0.0168288,0.0150735,0.0168423,0.0171264,0.014733,0.0168157,0.0148521
0.25,0.00000053,0.00122971,0.00299117,0.00393154,0.00486427,0.00575904,0.00743147,0.00817001,0.0088073,0.00933932,0.0101901,0.0105866,0.010947,0.0114483,0.0117431,0.0122796,0.01253,0.0127734,0.0130129,0.0134898,0.013731,0.0139758,0.0142253,0.0147407,0.0150074,0.0152803,0.0155593,0.0161356,0.0164323,0.0167345,0.0170418,0.0176705,0.0179913,0.0183163,0.0186452,0.0193158,0.0196515,0.0193131,0.0223972,0.0223644,0.0221039,0.024392,0.0240769,0.0231606,0.024369,0.0225229,0.0241545,0.0285553,0.0254206,0.0261641,0.029699,0.0267123,0.027304,0.0320991,0.0295704,0.0262827,0.0328139,0.0300238,0.0328002,0.0305492,0.0338487,0.0328643,0.0342582,0.0324684,0.0324749,0.0344833,0.0349908,0.0350117,0.035022,0.0352264,0.0418529,0.0396954,0.0410584,0.0380465,0.0381302,0.0381458,0.0380664,0.0379332,0.037777,0.0386152,0.0396262,0.0403869,0.0400365,0.0366678,0.0354512,0.0343985,0.0334425,0.0329837,0.032501,0.0315939,0.0309131,0.0302352,0.0298007,0.0291445,0.0285009,0.0276865,0.0272571,0.0268679,0.0261075,0.0257061,0.0249891,0.0246392,0.0242708,0.023632,0.0233254,0.0221735,0.0220219,0.0218747,0.0230494,0.0217294,0.0194052,0.0216875,0.017932,0.0220385,0.0204299,0.0185499,0.0194454,0.0203611,0.0183598,0.019601,0.0175888
0.3,-0.00001956,0.00142251,0.00428088,0.0056081,0.00690169,0.00814916,0.00932811,0.0114561,0.0123325,0.013068,0.0140969,0.014563,0.012922,0.015568,0.0159202,0.0165625,0.016865,0.0171617,0.0174568,0.0180538,0.0183602,0.018674,0.0189962,0.019668,0.0200181,0.0203777,0.0207466,0.0215109,0.0219055,0.0223078,0.0227173,0.0235561,0.0239845,0.0244183,0.0248573,0.0257492,0.0262009,0.0261079,0.0259297,0.0258068,0.0254467,0.0283501,0.028025,0.0269636,0.027942,0.0279976,0.0323347,0.0285553,0.0321771,0.0325814,0.0333947,0.0333947,0.0349792,0.0370823,0.0352618,0.0352618,0.0328139,0.0358374,0.0382141,0.0389424,0.042814,0.0386009,0.0406103,0.0406103,0.0476233,0.040964,0.0417753,0.0474307,0.0472346,0.0429118,0.0487881,0.0464189,0.0475749,0.0510604,0.0512271,0.0513177,0.0512416,0.0510807,0.0508161,0.0445464,0.0452146,0.0473571,0.0471501,0.0451096,0.0417054,0.0457791,0.0446087,0.0440342,0.0434078,0.0421852,0.0412634,0.0403434,0.0397541,0.0388647,0.0379961,0.0368993,0.0363223,0.0358013,0.0347848,0.0342505,0.0333017,0.03284,0.032358,0.0315302,0.0311392,0.0308148,0.0254675,0.0292613,0.0272384,0.0272425,0.0240066,0.0252835,0.0252835,0.0268277,0.0243892,0.0226914,0.02614,0.0251177,0.0233649,0.0224447,0.0224447
0.35,-0.00003055,0.00170908,0.00503077,0.00657928,0.00807017,0.00949728,0.0108565,0.013285,0.0142935,0.0151271,0.016204,0.0166794,0.0171041,0.0177243,0.0180903,0.0187605,0.0190787,0.0193932,0.0197083,0.0203535,0.020688,0.0210326,0.0213882,0.0221339,0.0225243,0.0229262,0.0233392,0.0241967,0.02464,0.0250923,0.0255529,0.0264968,0.026979,0.0274673,0.0279612,0.0289656,0.0294769,0.0294398,0.0293894,0.0292937,0.032858,0.0320921,0.031647,0.0346614,0.0353186,0.0330595,0.0359958,0.0354598,0.0384852,0.0386595,0.0396624,0.0374403,0.0394419,0.0394419,0.0425368,0.040773,0.039998,0.0435282,0.0458391,0.0433054,0.0461975,0.0444622,0.0478907,0.0536542,0.0476233,0.0544419,0.0533906,0.053206,0.0528963,0.0512034,0.0556401,0.0531487,0.0540967,0.0576862,0.0578971,0.0580285,0.0579559,0.0577912,0.0575283,0.0567293,0.056105,0.0545959,0.053475,0.0518008,0.0522399,0.0513581,0.0502509,0.0496367,0.0489308,0.0475216,0.0464602,0.0454086,0.0447367,0.0437234,0.0427382,0.041496,0.0408432,0.0402551,0.0391078,0.0385038,0.0374293,0.0369046,0.0363397,0.0353121,0.034791,0.03445,0.0344938,0.0338366,0.032181,0.0314752,0.0314752,0.0315867,0.0291206,0.0303671,0.028052,0.0265445,0.0263026,0.027921,0.0263002,0.0275867,0.0256426
0.4,-0.00003757,0.00204447,0.00588182,0.00766086,0.00934531,0.0109588,0.0125095,0.0153021,0.0164166,0.0173124,0.0184379,0.0189048,0.0193406,0.019956,0.0203239,0.0210011,0.0213266,0.0216518,0.021981,0.0226651,0.0230245,0.0233972,0.0237839,0.0246007,0.0250304,0.0254739,0.0259305,0.0268806,0.0273726,0.0278748,0.0283866,0.0294358,0.0299719,0.0305146,0.0310636,0.0321792,0.0327483,0.0327654,0.0328839,0.0366596,0.0369642,0.0358057,0.0384664,0.0380262,0.0384957,0.0371192,0.0400112,0.0419426,0.0447029,0.0440366,0.0452212,0.0434644,0.0459613,0.0442709,0.0478386,0.046709,0.0466974,0.048937,0.051068,0.0534943,0.0509103,0.0561142,0.0540247,0.0580292,0.0583472,0.0608473,0.0600927,0.059749,0.06509,0.0624609,0.0621628,0.0658414,0.0671521,0.0644211,0.064664,0.0648391,0.0647692,0.0646031,0.0643612,0.0632114,0.0622568,0.0619776,0.0597899,0.0587674,0.0581664,0.057716,0.0561784,0.0553865,0.0545216,0.0528874,0.0516671,0.0504765,0.0497185,0.0485767,0.0474724,0.0460823,0.0453528,0.044697,0.0434181,0.0427447,0.0415467,0.0409614,0.040329,0.0391837,0.0386155,0.0383601,0.0377886,0.0371696,0.036008,0.0356418,0.0355449,0.034789,0.0323902,0.0338344,0.031981,0.0306886,0.0326685,0.0311148,0.0294531,0.0308777,0.0289505
0.45,-0.00004418,0.00245502,0.00806688,0.0103489,0.0123941,0.014226,0.0160297,0.0175023,0.0187502,0.0196989,0.0208222,0.0212631,0.0216868,0.0222728,0.022627,0.0232871,0.0236105,0.0239383,0.024275,0.0249883,0.0253688,0.0257667,0.0261825,0.0270672,0.0275353,0.0280197,0.0285196,0.0295619,0.0301026,0.0306549,0.031218,0.0323729,0.032963,0.0335604,0.0341645,0.0353897,0.0360103,0.036086,0.0399362,0.0403773,0.0409818,0.0419829,0.0432245,0.0409134,0.0430978,0.0446108,0.0466113,0.0459203,0.0489219,0.04869,0.0489193,0.0475005,0.0505727,0.0492252,0.0533181,0.0525994,0.0525118,0.0544167,0.05657,0.0588159,0.0587264,0.0611512,0.0636227,0.0628594,0.0621488,0.0671984,0.0669362,0.0668223,0.0718247,0.0703755,0.0740324,0.0720242,0.0737398,0.0712479,0.0715373,0.0717647,0.0716905,0.0715068,0.0712498,0.0762126,0.0742823,0.0707608,0.0640338,0.0672372,0.0704553,0.0646528,0.0623077,0.0612174,0.0601338,0.058259,0.0568722,0.0555387,0.0546925,0.0534194,0.0521941,0.0506545,0.0498475,0.049124,0.0477138,0.0469721,0.0456561,0.0450137,0.0443278,0.0431113,0.04252,0.0421798,0.0416897,0.0411028,0.040384,0.0412262,0.0387,0.0399161,0.0379864,0.0393746,0.0373206,0.0341903,0.036137,0.0345103,0.0327556,0.0342806,0.0324113
0.5,-0.00004948,0.00297494,0.00959284,0.0121595,0.0143666,0.0162462,0.019687,0.0230886,0.0214173,0.0222874,0.0233611,0.0237657,0.0241576,0.0271904,0.0274623,0.0280012,0.0282874,0.0285933,0.0289231,0.0296629,0.0300748,0.0305147,0.0309821,0.0319946,0.0325371,0.0331019,0.0336873,0.0349141,0.0355524,0.0362054,0.0368719,0.03824,0.0389393,0.0396474,0.0403631,0.0418109,0.0425367,0.0427183,0.043393,0.0440208,0.045113,0.0459957,0.0465171,0.0483411,0.0476264,0.0492556,0.0497166,0.04953,0.0542616,0.0548101,0.0539423,0.0571817,0.0562412,0.0593741,0.0586906,0.0582202,0.0580811,0.0644983,0.0613618,0.0641282,0.0672333,0.0667637,0.0701194,0.0717627,0.0733092,0.0733092,0.0741021,0.0728274,0.0786527,0.079497,0.0805411,0.0784216,0.0822835,0.085191,0.085718,0.0860523,0.085934,0.0856383,0.0851724,0.0828647,0.0811257,0.078524,0.0768335,0.0714158,0.0763244,0.0755677,0.0735024,0.072389,0.0711669,0.0689105,0.067227,0.06561,0.0645864,0.0630474,0.0615778,0.0597371,0.0587745,0.0579165,0.056246,0.0553699,0.0538245,0.0530717,0.0522754,0.0508775,0.0501977,0.0460687,0.0457191,0.0449607,0.044215,0.0460395,0.0430715,0.0436371,0.0414253,0.0418456,0.0412432,0.039548,0.03969,0.0379648,0.0395362,0.0376679,0.0358597
0.55,-0.00003693,0.00376219,0.00813936,0.0144789,0.0168175,0.0219019,0.0233713,0.027125,0.027574,0.0282297,0.0290424,0.0293008,0.0295361,0.0298032,0.0300003,0.0304281,0.0306773,0.0309577,0.0312724,0.0320093,0.0324316,0.0328886,0.0333788,0.0344518,0.0350308,0.0356353,0.0362635,0.037583,0.0382707,0.0389747,0.0396934,0.0411694,0.041924,0.0426883,0.043461,0.0450267,0.0458131,0.0460368,0.0466825,0.0473539,0.050249,0.0494337,0.0519793,0.0509683,0.0546257,0.0540701,0.0553027,0.0574808,0.0542616,0.0597652,0.0583159,0.0613403,0.0607767,0.0648574,0.0639612,0.0635678,0.0686957,0.0689742,0.0695239,0.072751,0.072751,0.0733959,0.0733959,0.0758183,0.0779244,0.0820213,0.0819133,0.0822996,0.0856912,0.0877977,0.0867277,0.0939596,0.0913891,0.0925989,0.0931208,0.0934742,0.093322,0.092952,0.0923552,0.089942,0.0882713,0.0877586,0.0860801,0.0874017,0.083175,0.0809172,0.0790326,0.0779344,0.0766564,0.0742026,0.0723674,0.0706063,0.0694929,0.0678193,0.0662272,0.0642363,0.0631962,0.062272,0.0604731,0.0595304,0.0578707,0.0570622,0.0562059,0.054701,0.0539692,0.0538351,0.0498391,0.0495165,0.0496052,0.0484214,0.0496228,0.0462044,0.0459567,0.0414342,0.04477,0.0429373,0.0449423,0.0432499,0.042872,0.0409598,0.0391709
0.6,0.00004734,0.0053759,0.0101101,0.0176788,0.0239018,0.0258269,0.027004,0.0312339,0.0313854,0.031723,0.0322354,0.0323637,0.0324628,0.0325225,0.0326183,0.0328973,0.0330966,0.0333413,0.0336331,0.034357,0.0347865,0.0352582,0.0357698,0.0369019,0.0375171,0.0381616,0.0388328,0.0402459,0.0409835,0.041739,0.0425106,0.0440956,0.044906,0.0457269,0.0465572,0.0482451,0.0490999,0.0493535,0.0531578,0.0529804,0.0528748,0.052677,0.0554928,0.0573382,0.0582491,0.0578773,0.0607037,0.0634187,0.0623582,0.0647804,0.0632035,0.0654045,0.0652792,0.0695015,0.0690407,0.0736961,0.0737277,0.0738315,0.0744228,0.0775776,0.0809367,0.0796383,0.0841297,0.0842403,0.0858267,0.0894286,0.0891692,0.0900452,0.0922712,0.0951877,0.099497,0.099497,0.0997772,0.100268,0.10077,0.101125,0.100941,0.100501,0.0997998,0.0976027,0.096665,0.0967089,0.0969898,0.0923531,0.0891603,0.0883787,0.0851831,0.0837135,0.0821942,0.0794872,0.0774774,0.0755672,0.0743626,0.0725529,0.0708388,0.068699,0.0675823,0.0665928,0.0646678,0.0636596,0.0618871,0.0610236,0.0601067,0.0584897,0.0576992,0.0577024,0.0537896,0.0541012,0.053565,0.054719,0.0537723,0.051926,0.0520869,0.0516115,0.0489284,0.0467214,0.0486382,0.046789,0.0448467,0.0441261,0.0452516
0.65,0.00009869,0.00747186,0.0175932,0.022299,0.0288591,0.0306117,0.0369336,0.036393,0.0355303,0.0356332,0.0356967,0.0356437,0.0355578,0.0353456,0.0353118,0.0354024,0.0355385,0.0357377,0.0359992,0.0367009,0.0371349,0.0376197,0.0381517,0.0393423,0.0399939,0.0406787,0.0413934,0.0429016,0.0436898,0.0444976,0.0453229,0.0470182,0.047885,0.0487628,0.0496507,0.0514596,0.0523914,0.0527288,0.0566648,0.056959,0.057921,0.061368,0.0594699,0.0610351,0.0618229,0.0655261,0.0646067,0.0677393,0.0668426,0.0700934,0.0693238,0.0733067,0.0738718,0.074254,0.074133,0.0788486,0.0787496,0.0787942,0.0793851,0.0851925,0.0850724,0.0849384,0.0894441,0.0923663,0.0947619,0.0950627,0.0954061,0.0973441,0.0995689,0.102464,0.109785,0.10928,0.113322,0.108134,0.108619,0.109041,0.108831,0.108326,0.107537,0.105412,0.104768,0.104176,0.103838,0.10368,0.101656,0.095126,0.091221,0.0894524,0.0876995,0.0847325,0.0825416,0.0804806,0.0791846,0.0772388,0.0754042,0.073118,0.0719261,0.0708732,0.0688255,0.0677536,0.0658721,0.0649554,0.0639813,0.0622629,0.0614232,0.0615271,0.0617588,0.0582206,0.0565198,0.0567585,0.0560047,0.0548497,0.0540844,0.0543226,0.0525592,0.0505627,0.0523384,0.0502863,0.051521,0.0493665,0.0475752
0.7,0.00009617,0.00891311,0.0228151,0.0283596,0.0324061,0.036654,0.0438881,0.04244,0.0456186,0.040047,0.0397872,0.0391466,0.0388183,0.0412671,0.0408815,0.0404773,0.0404507,0.0405326,0.0407154,0.0413521,0.0417906,0.0422993,0.0428715,0.0441818,0.0449088,0.045677,0.046482,0.0481867,0.0490795,0.049995,0.0509306,0.052852,0.0538335,0.0548264,0.0558288,0.0578565,0.0588818,0.0598698,0.0597243,0.060518,0.0629442,0.0648177,0.064205,0.06501,0.0657361,0.0699227,0.0694697,0.0719742,0.0710706,0.0742746,0.0733957,0.0774012,0.0782232,0.0790893,0.0798326,0.084129,0.0838035,0.0839075,0.0900927,0.0872761,0.0884013,0.0927932,0.0954233,0.097677,0.0991786,0.100764,0.107219,0.109828,0.10634,0.112756,0.115887,0.117774,0.123448,0.123914,0.125068,0.125865,0.125621,0.124954,0.123891,0.121591,0.120949,0.11159,0.111012,0.110238,0.108532,0.105557,0.102062,0.100285,0.0983666,0.0949744,0.0924579,0.0901069,0.0886339,0.0864237,0.0843581,0.0817929,0.0804583,0.0792867,0.0770096,0.0758194,0.0737377,0.0727236,0.0716472,0.0697515,0.0688254,0.0652482,0.0654302,0.06556,0.0620349,0.0617612,0.0611019,0.057588,0.0608562,0.0583126,0.0562174,0.0543302,0.0560008,0.053764,0.0547392,0.0523751,0.0525577
0.75,0.00016928,0.0134616,0.0300045,0.0365028,0.0515854,0.0531373,0.0521126,0.0499761,0.0515416,0.0502686,0.0477816,0.0467727,0.0457788,0.0443253,0.0437211,0.0430166,0.0428938,0.0429074,0.0430448,0.0436443,0.0440849,0.0446064,0.0452003,0.0465745,0.0473414,0.0481537,0.0490062,0.0508138,0.0517609,0.0527323,0.053725,0.055763,0.0568035,0.0578552,0.0589159,0.0610525,0.0621218,0.0634997,0.0644932,0.0666734,0.0677394,0.0692719,0.068363,0.0691823,0.0739467,0.0739405,0.0734863,0.0769553,0.0761675,0.0784284,0.0811627,0.0811581,0.0825826,0.0835016,0.0862136,0.0891302,0.0887333,0.0936094,0.0947992,0.0968445,0.0951407,0.0983699,0.10211,0.103329,0.104719,0.112528,0.113078,0.113501,0.116012,0.119736,0.122329,0.12452,0.132771,0.132672,0.133886,0.134914,0.134652,0.133875,0.13261,0.129927,0.128918,0.12638,0.117719,0.115371,0.115326,0.111806,0.107618,0.105643,0.10357,0.0999594,0.0972826,0.0947923,0.0932349,0.0908987,0.0887255,0.0860312,0.084631,0.0834057,0.0810249,0.0797816,0.077611,0.0765537,0.0754328,0.0734602,0.0724965,0.068913,0.0691284,0.0695298,0.0679267,0.0667912,0.0660301,0.0635878,0.0634278,0.0605554,0.0615972,0.0601207,0.0594664,0.0570938,0.0578882,0.0553255,0.0569518
0.8,0.00033971,0.0220154,0.0416795,0.0635496,0.0660934,0.0658693,0.0614541,0.0591733,0.0576184,0.0559815,0.0523334,0.0508136,0.0494081,0.0474101,0.0465609,0.0455299,0.0453052,0.0452475,0.0453386,0.0459026,0.0463472,0.0468837,0.0475015,0.0489444,0.0497536,0.0506123,0.0515144,0.0534288,0.0544322,0.0554612,0.0565125,0.0586702,0.0597711,0.0608833,0.0620041,0.0642566,0.0653919,0.0670017,0.0674301,0.0700872,0.070974,0.0726989,0.0743119,0.0779026,0.0783284,0.0780712,0.0817898,0.0811528,0.0845521,0.083689,0.0870959,0.0855406,0.0871561,0.0928159,0.0917267,0.094996,0.0941267,0.0990127,0.0978367,0.101821,0.105041,0.103912,0.107209,0.109055,0.110453,0.118622,0.119017,0.12488,0.123089,0.126917,0.136187,0.139174,0.141804,0.141764,0.143201,0.14451,0.144228,0.143315,0.141813,0.138205,0.136546,0.133371,0.131482,0.128273,0.121227,0.117603,0.113081,0.110925,0.108682,0.104841,0.101999,0.0993727,0.0977343,0.0952777,0.0930043,0.0901908,0.0887302,0.0874562,0.0849811,0.0836898,0.0814389,0.0803428,0.0791822,0.0771419,0.0761455,0.0762223,0.0728125,0.0732988,0.0711045,0.0692733,0.0701114,0.0681459,0.0666087,0.0643111,0.0633789,0.0643997,0.0628071,0.0603546,0.0611582,0.0587106,0.0594783
0.85,0.00034556,0.0336688,0.0586409,0.0858542,0.0853208,0.0818274,0.076957,0.0683195,0.0649692,0.062086,0.0570322,0.0549422,0.0530769,0.0504764,0.0493647,0.0479923,0.0476641,0.0475358,0.0475827,0.0481174,0.0485694,0.0491245,0.0497698,0.0512881,0.0521426,0.0530504,0.0540048,0.0560307,0.0570924,0.058181,0.0592928,0.0615734,0.0627364,0.0639111,0.0650947,0.0674736,0.0686381,0.0700713,0.0709802,0.0740045,0.0746837,0.0766499,0.0776803,0.0828581,0.0826133,0.0823054,0.0859958,0.0853448,0.0887317,0.0879173,0.0912495,0.0906506,0.0954935,0.0979253,0.0959969,0.0996709,0.0991939,0.10415,0.105045,0.106051,0.11157,0.114008,0.115265,0.118269,0.115991,0.124604,0.124894,0.1307,0.130694,0.138091,0.142452,0.147406,0.151866,0.160786,0.163548,0.165894,0.165547,0.164205,0.161985,0.155609,0.15156,0.141809,0.139756,0.136175,0.12648,0.122974,0.118316,0.116051,0.113666,0.109594,0.106585,0.103829,0.102115,0.0995454,0.0971816,0.0942617,0.0927473,0.0914304,0.0888723,0.0875387,0.0852171,0.0840865,0.0828911,0.0807915,0.0797038,0.0797903,0.0799807,0.0773811,0.0744777,0.0750121,0.0728889,0.073486,0.0719739,0.0701676,0.0674027,0.0684064,0.0661768,0.0671947,0.0642142,0.0647199,0.0620676
0.9,-0.00003161,0.0577658,0.0956828,0.117578,0.110343,0.124294,0.109028,0.09707,0.0808982,0.0751441,0.0664623,0.06303,0.0567106,0.0563319,0.0546856,0.052648,0.0521307,0.0518814,0.0518604,0.0523763,0.0528616,0.0534707,0.0541866,0.0558828,0.0568398,0.0578567,0.0589254,0.0611912,0.0623768,0.0635912,0.0648302,0.0673678,0.0686603,0.0699653,0.0712808,0.0739424,0.0753042,0.0763582,0.0768668,0.0785411,0.0826302,0.0811378,0.0824993,0.0860232,0.0878853,0.0870394,0.0907691,0.0936223,0.0929137,0.0963069,0.0955051,0.0989614,0.100455,0.10286,0.102574,0.10477,0.108233,0.10838,0.109948,0.110002,0.114329,0.116106,0.117752,0.121535,0.12922,0.130183,0.136098,0.136537,0.142624,0.148515,0.155084,0.155823,0.163816,0.171797,0.175014,0.178077,0.177676,0.175984,0.173138,0.164463,0.160164,0.150149,0.147339,0.143897,0.136898,0.134314,0.128595,0.125887,0.123106,0.118572,0.115243,0.112267,0.110429,0.107678,0.105177,0.102097,0.100502,0.0991218,0.09644,0.0950424,0.0926101,0.0914249,0.090173,0.0879718,0.0868977,0.0833028,0.0834547,0.0808163,0.0812602,0.0782092,0.0780898,0.077532,0.0754335,0.07395,0.0722384,0.073983,0.071899,0.0708703,0.0663418,0.069773,0.067692
0.95,0.00033086,0.115468,0.181707,0.174068,0.216136,0.149597,0.126824,0.109976,0.0884277,0.0814257,0.0709054,0.0668833,0.0634677,0.0589915,0.057101,0.0547787,0.054189,0.0538994,0.0538629,0.0544005,0.0549156,0.0555635,0.056325,0.0581274,0.059143,0.0602209,0.0613525,0.0637481,0.0649999,0.066281,0.0675869,0.0702588,0.0716186,0.0729909,0.0743738,0.0771719,0.0786056,0.0785128,0.0807631,0.0839887,0.0868428,0.0852898,0.08814,0.0904151,0.0920457,0.0954894,0.0949018,0.0984232,0.0978491,0.100457,0.103061,0.102153,0.103465,0.106086,0.107827,0.10918,0.111975,0.113702,0.116686,0.117326,0.121287,0.122611,0.124498,0.129356,0.133535,0.134374,0.141296,0.142,0.148433,0.155133,0.160546,0.164199,0.174715,0.183738,0.187579,0.191634,0.191171,0.189006,0.185289,0.173321,0.166031,0.160064,0.156544,0.145861,0.143014,0.13976,0.133351,0.130382,0.127395,0.122686,0.119236,0.11619,0.114315,0.111508,0.108968,0.105844,0.104226,0.102828,0.10011,0.0986927,0.0962225,0.0950177,0.0937432,0.0914964,0.0904005,0.0867582,0.0868769,0.0842446,0.0846471,0.0849105,0.0813181,0.0808203,0.0790073,0.0776734,0.0760092,0.0777433,0.0754238,0.0732217,0.0742038,0.072007,0.069955
1,-0.00013936,0.222227,0.36663,0.375637,0.283072,0.174346,0.14377,0.121927,0.0953031,0.0872729,0.0749646,0.0702878,0.0663676,0.0613783,0.059282,0.056736,0.0560979,0.0557887,0.0557544,0.0563424,0.0568987,0.057595,0.0584108,0.0603334,0.0614132,0.0625571,0.063756,0.0662887,0.0676098,0.0689602,0.0703356,0.073146,0.0745746,0.0760153,0.0774662,0.0803896,0.0818528,0.0847615,0.0843973,0.0886862,0.0909815,0.0926828,0.0936502,0.0958171,0.0963998,0.0995897,0.0990127,0.102608,0.102083,0.106132,0.107945,0.106563,0.109911,0.111326,0.111034,0.113874,0.116525,0.118557,0.119485,0.123192,0.124544,0.127968,0.129762,0.133834,0.138705,0.139482,0.1451,0.150884,0.154199,0.161988,0.17222,0.173591,0.196647,0.195942,0.201414,0.206988,0.206465,0.203669,0.19883,0.192647,0.176441,0.16717,0.161343,0.155593,0.147006,0.143737,0.137349,0.13432,0.131244,0.12646,0.122951,0.119877,0.117988,0.115159,0.112606,0.109468,0.107842,0.106436,0.103702,0.102276,0.0997826,0.0985647,0.0972707,0.0949732,0.0938539,0.0934377,0.0902357,0.0909578,0.0880661,0.0883736,0.0847193,0.0842797,0.083614,0.0816856,0.0801589,0.0809055,0.0787602,0.0766275,0.0777016,0.0744492,0.0749462
1.05,-0.00377112,0.533423,1.02692,0.52055,0.347128,0.252156,0.157527,0.137919,0.119749,0.0926505,0.078277,0.073118,0.0688124,0.0634252,0.061178,0.0584904,0.057835,0.0575322,0.0575219,0.058194,0.0588046,0.0595608,0.0604404,0.0624987,0.0636488,0.0648642,0.0661352,0.0688128,0.0702064,0.0716292,0.0730765,0.0760296,0.0775287,0.0790393,0.0805591,0.0836132,0.0851191,0.0885303,0.0919356,0.0924332,0.0953932,0.0963978,0.0965254,0.100309,0.100352,0.103669,0.107381,0.10716,0.109559,0.111521,0.113326,0.111469,0.11502,0.116607,0.117619,0.120923,0.122293,0.123886,0.125771,0.130357,0.128597,0.131257,0.13663,0.137365,0.142052,0.143964,0.149338,0.155277,0.162386,0.165556,0.180024,0.185809,0.208957,0.223951,0.234442,0.245816,0.245162,0.240178,0.231604,0.203725,0.18456,0.174855,0.166346,0.159705,0.153175,0.146814,0.140624,0.137656,0.1346,0.129855,0.126362,0.123309,0.121435,0.118623,0.116088,0.112967,0.111348,0.109948,0.107219,0.105795,0.103298,0.102076,0.100772,0.0984177,0.0966569,0.0964367,0.0965001,0.0942798,0.0914813,0.0918734,0.088274,0.0878919,0.0873022,0.0856136,0.0846832,0.0844982,0.0821468,0.0809218,0.0794715,0.0806735,0.0776529
1.1,-0.0157865,1.22434,2.52136,0.602298,0.382025,0.268396,0.166899,0.138586,0.120144,0.0995187,0.0806878,0.076614,0.0719508,0.066272,0.0639454,0.0612957,0.0607221,0.0605274,0.0606436,0.0616035,0.0623683,0.0632822,0.0643218,0.0667025,0.0680136,0.0693893,0.0708196,0.0738122,0.0753611,0.0769376,0.0785371,0.081789,0.0834345,0.0850892,0.0867507,0.0900933,0.0918445,0.0924334,0.0949671,0.0952104,0.0999121,0.100017,0.10299,0.105123,0.104449,0.108273,0.111352,0.111745,0.115716,0.116486,0.118082,0.121329,0.119813,0.121441,0.124599,0.126131,0.127484,0.130509,0.13272,0.134416,0.1341,0.139709,0.140488,0.141227,0.14573,0.150134,0.151482,0.156697,0.166858,0.176144,0.181787,0.203185,0.221599,0.240025,0.254929,0.271522,0.270779,0.263835,0.251587,0.214882,0.193366,0.182553,0.169179,0.161602,0.153549,0.150885,0.145351,0.142663,0.139846,0.135489,0.132248,0.129397,0.127642,0.124996,0.122587,0.119605,0.118052,0.116694,0.114041,0.112655,0.110204,0.109005,0.107759,0.105566,0.102667,0.0991884,0.100369,0.0975936,0.0981889,0.0956119,0.095651,0.0916397,0.0905856,0.089887,0.0895102,0.0878406,0.0854375,0.0859803,0.0839558,0.082375,0.0823958
1.15,-0.0177402,0.777005,0.140876,0.786479,0.324972,0.250171,0.199128,0.135975,0.114521,0.100402,0.0825652,0.0771943,0.07252,0.0669894,0.0647567,0.0623142,0.0618484,0.0617619,0.0619856,0.0631552,0.0640216,0.0650351,0.0661719,0.0687407,0.0701429,0.0716078,0.0731257,0.0762886,0.0779205,0.0795787,0.0812584,0.0846668,0.0863885,0.0881178,0.089852,0.0933244,0.0950711,0.0968573,0.0985232,0.1002,0.102236,0.104217,0.106617,0.11071,0.112931,0.112442,0.115645,0.118569,0.120231,0.121507,0.124917,0.125987,0.124444,0.126183,0.129442,0.131142,0.132889,0.136861,0.13901,0.138619,0.138574,0.142931,0.144519,0.147874,0.148254,0.153066,0.157138,0.159623,0.165796,0.173931,0.185592,0.204726,0.220045,0.257413,0.27952,0.303776,0.30295,0.293307,0.275589,0.227793,0.200249,0.182581,0.174443,0.16467,0.155437,0.152049,0.146899,0.144405,0.141788,0.137764,0.134754,0.132081,0.130429,0.12793,0.125629,0.122767,0.121269,0.119947,0.117359,0.116005,0.113587,0.112403,0.111171,0.109005,0.107981,0.107076,0.103669,0.104081,0.102026,0.0991175,0.0993165,0.0993091,0.0945056,0.0941452,0.0937127,0.0911559,0.0910813,0.0885101,0.0884534,0.0866238,0.084888
1.2,0.0249148,0.226033,0.180632,0.350954,0.275253,0.225329,0.1854,0.155643,0.11185,0.0991149,0.0820133,0.076835,0.0723712,0.0672104,0.0651676,0.0630675,0.0627574,0.0628174,0.0631795,0.0646048,0.0655899,0.066717,0.0679627,0.0707378,0.0722382,0.0737984,0.075409,0.0787509,0.0804693,0.0822123,0.0839752,0.0875451,0.0893452,0.0911512,0.0929601,0.0965679,0.0983324,0.100752,0.103368,0.105737,0.109072,0.108928,0.113373,0.114088,0.11704,0.119911,0.119472,0.121913,0.125553,0.127479,0.124917,0.131593,0.134556,0.135734,0.134202,0.136046,0.138161,0.14047,0.143415,0.142686,0.146257,0.146344,0.150392,0.150851,0.15121,0.154541,0.157198,0.158873,0.167649,0.17622,0.190577,0.189669,0.216355,0.276383,0.310715,0.344832,0.343985,0.33196,0.306428,0.245955,0.223284,0.181439,0.172449,0.164073,0.155421,0.152689,0.147904,0.145659,0.143312,0.139722,0.137014,0.134567,0.133044,0.130729,0.128563,0.125847,0.124419,0.123142,0.120634,0.119317,0.116932,0.115761,0.114518,0.112228,0.111077,0.111372,0.106913,0.107996,0.105323,0.105877,0.102879,0.1032,0.0981981,0.0973999,0.0962941,0.0939216,0.0939216,0.0935569,0.0902961,0.089328,0.0880613
1.25,-0.00684528,0.489906,0.41066,0.306639,0.280392,0.202007,0.169816,0.132244,0.108077,0.0966499,0.0803724,0.0755515,0.0715234,0.0669404,0.065181,0.0635596,0.0634531,0.063698,0.0642293,0.0659556,0.0670762,0.0683306,0.0696968,0.0726959,0.0743013,0.0759627,0.0776713,0.0812004,0.0830089,0.0848398,0.0866888,0.0904254,0.0923062,0.0941913,0.0960775,0.0998395,0.101744,0.104219,0.106667,0.109079,0.112225,0.112843,0.1162,0.118534,0.122702,0.125113,0.123971,0.127029,0.129649,0.133856,0.132166,0.135077,0.139512,0.140637,0.138982,0.140779,0.143206,0.145705,0.148562,0.14749,0.149855,0.149737,0.152718,0.15459,0.155975,0.156803,0.158246,0.159681,0.162591,0.167355,0.17294,0.181362,0.204145,0.274373,0.343194,0.365878,0.365301,0.358399,0.340607,0.226105,0.176014,0.16726,0.16328,0.160265,0.151873,0.151841,0.148215,0.146424,0.14448,0.141424,0.139085,0.136903,0.135531,0.133433,0.131422,0.128874,0.127526,0.1263,0.123885,0.122611,0.120268,0.119113,0.117876,0.115551,0.116178,0.114741,0.113824,0.111251,0.108645,0.10925,0.106339,0.106471,0.104381,0.103102,0.101514,0.101891,0.0966473,0.095839,0.0952626,0.0939397,0.090394
1.3,-0.00080941,0.0262765,0.193972,0.273285,0.254528,0.200166,0.139178,0.119189,0.10358,0.0865744,0.0741414,0.0734305,0.067834,0.0650123,0.0640991,0.0638192,0.0642543,0.0649766,0.0659329,0.0683877,0.0698257,0.0713731,0.073012,0.076508,0.0783426,0.0802229,0.0821414,0.0860687,0.0880672,0.090083,0.0921123,0.0961976,0.0982472,0.100298,0.102346,0.106429,0.108454,0.107512,0.109987,0.113041,0.115547,0.116217,0.122692,0.124544,0.12804,0.130229,0.132817,0.131886,0.134827,0.137952,0.137501,0.143115,0.143428,0.142394,0.145372,0.149234,0.148144,0.149807,0.152617,0.155415,0.153357,0.155639,0.155215,0.15788,0.15816,0.15835,0.158627,0.15893,0.157606,0.156791,0.148787,0.148787,0.12661,0.15911,0.15937,0.159074,0.158669,0.158191,0.157606,0.117993,0.138535,0.154404,0.149435,0.153818,0.149635,0.149333,0.148001,0.14726,0.146301,0.14447,0.142984,0.141399,0.140359,0.138745,0.137075,0.134895,0.133727,0.132613,0.1304,0.129229,0.127002,0.125899,0.124733,0.122505,0.119579,0.117887,0.116757,0.114373,0.114904,0.113309,0.110183,0.111411,0.109384,0.105423,0.106415,0.104501,0.104501,0.10149,0.0992164,0.0987156,0.0958822
1.35,0.0000902,0.009033,0.737315,0.405333,0.236379,0.183447,0.123613,0.106511,0.0932668,0.0818402,0.0699158,0.0670351,0.0651353,0.0634518,0.0630801,0.0636369,0.0644014,0.065409,0.0666152,0.0694889,0.0711056,0.0728159,0.0746049,0.0783707,0.0803282,0.082325,0.0843548,0.0884917,0.0905898,0.0927022,0.0948256,0.0990925,0.10123,0.103367,0.1055,0.109741,0.111842,0.11413,0.116477,0.120222,0.120982,0.124435,0.126814,0.130156,0.132666,0.134828,0.137082,0.13978,0.138997,0.142742,0.142531,0.146975,0.149539,0.148089,0.15259,0.153466,0.156639,0.155276,0.156707,0.159317,0.160047,0.161753,0.160192,0.161399,0.160381,0.16002,0.160931,0.158236,0.155409,0.153139,0.144994,0.136201,0.0996941,0.0271358,-0.0384947,-0.077,-0.0771145,-0.0667785,-0.0389076,0.0839939,0.112969,0.139097,0.140416,0.143075,0.147897,0.148365,0.148058,0.147798,0.147318,0.146076,0.145012,0.14372,0.142842,0.141467,0.139963,0.137961,0.136883,0.135822,0.133707,0.132589,0.130421,0.129347,0.128225,0.12608,0.125031,0.12412,0.1209,0.121364,0.118174,0.116134,0.113782,0.114834,0.112593,0.110478,0.110221,0.106799,0.107233,0.103483,0.104381,0.103359,0.100667
1.4,-0.00047199,0.0531031,0.201725,0.335107,0.210551,0.159876,0.126875,0.0917199,0.0812327,0.0740198,0.0649863,0.0630275,0.0619949,0.0615865,0.0618129,0.063292,0.0644167,0.065734,0.0672094,0.0705305,0.0723363,0.0742183,0.0761646,0.0802113,0.0822962,0.0844136,0.0865581,0.0909106,0.0931107,0.0953223,0.0975421,0.101995,0.104223,0.106449,0.108669,0.113076,0.115248,0.117419,0.122761,0.123161,0.126958,0.127687,0.131458,0.134652,0.137153,0.13899,0.143149,0.145028,0.144374,0.147437,0.15174,0.151465,0.155154,0.158112,0.156238,0.159184,0.161172,0.16414,0.16247,0.163258,0.165298,0.166815,0.164804,0.164236,0.164641,0.165491,0.163167,0.157428,0.154326,0.148596,0.141547,0.128377,0.0926733,0.0460101,0.0108213,-0.0247842,-0.0248525,-0.0139669,0.00998048,0.0810445,0.102988,0.119589,0.13309,0.14472,0.146924,0.147782,0.148495,0.148683,0.148644,0.147918,0.14723,0.1462,0.145466,0.144308,0.142956,0.141114,0.140119,0.139104,0.137076,0.136004,0.133883,0.132831,0.13174,0.129648,0.128634,0.127218,0.125471,0.124683,0.124296,0.12146,0.121992,0.118629,0.115911,0.116161,0.113711,0.111325,0.11082,0.110624,0.107923,0.106771,0.104735
1.45,-0.00049626,-0.113539,0.0495505,0.353577,0.169475,0.125958,0.101246,0.0757192,0.0688244,0.0642419,0.059365,0.0585558,0.0585164,0.0594995,0.060355,0.062827,0.0643343,0.065979,0.067738,0.0715274,0.0735301,0.0755903,0.0776994,0.0820359,0.0842517,0.0864927,0.0887548,0.0933278,0.0956324,0.0979452,0.100264,0.104907,0.107228,0.109545,0.111855,0.11644,0.118682,0.120634,0.125386,0.128525,0.130778,0.131493,0.135891,0.139286,0.141823,0.145295,0.145856,0.149831,0.153024,0.15235,0.157308,0.156446,0.159811,0.162577,0.16545,0.164118,0.165873,0.168617,0.171118,0.169158,0.168929,0.170256,0.171158,0.168641,0.16802,0.170197,0.166668,0.16157,0.157019,0.148955,0.141214,0.124015,0.0980879,0.0648891,0.0425693,0.0171391,0.0170615,0.0255415,0.0416839,0.0835495,0.0999225,0.120243,0.134044,0.144874,0.147239,0.149944,0.151606,0.152289,0.15282,0.152755,0.152581,0.151926,0.151395,0.150555,0.149426,0.147815,0.146948,0.145997,0.144083,0.143076,0.14099,0.139952,0.138864,0.136686,0.133251,0.131289,0.130193,0.128658,0.127937,0.12517,0.125047,0.121994,0.122037,0.118768,0.119275,0.117555,0.113286,0.113215,0.111087,0.109287,0.107231
1.5,0.00066987,-0.0704285,0.360828,0.371451,0.10312,0.0489398,0.0435818,0.038983,0.0394199,0.0422097,0.0492415,0.0504603,0.0514291,0.0547789,0.0571771,0.0617276,0.0640283,0.0663513,0.0686968,0.0734527,0.0758609,0.0782874,0.0807308,0.0856616,0.0881458,0.0906402,0.0931431,0.098168,0.100687,0.103207,0.105728,0.110764,0.113275,0.115781,0.118279,0.12325,0.125721,0.12706,0.13125,0.133718,0.137025,0.136444,0.140614,0.143775,0.146473,0.149707,0.152694,0.15454,0.156929,0.158125,0.163222,0.161262,0.164295,0.167137,0.170571,0.169092,0.172367,0.175278,0.175358,0.177481,0.17513,0.176678,0.177685,0.1746,0.174968,0.170197,0.167054,0.165715,0.162743,0.154674,0.13355,0.130085,0.105686,0.0998999,0.0893259,0.0770033,0.0768593,0.080888,0.0885238,0.103474,0.111051,0.125932,0.135223,0.144902,0.149109,0.152764,0.154501,0.155219,0.155845,0.155893,0.155833,0.155275,0.154795,0.154042,0.152975,0.151422,0.150595,0.149655,0.147764,0.146772,0.144677,0.143633,0.142537,0.140303,0.139184,0.135398,0.133969,0.132575,0.132127,0.132488,0.128333,0.128689,0.124819,0.122562,0.122383,0.120317,0.117906,0.118655,0.114424,0.11225,0.11267
1.55,0.00278021,-0.163803,-0.292115,-0.136219,-0.0167539,-0.00768378,0.00912396,0.0216219,0.0234648,0.0359043,0.0382079,0.0504103,0.0483619,0.0527512,0.0556473,0.0611911,0.0638828,0.0665415,0.0691781,0.0744148,0.0770253,0.0796351,0.082246,0.0874757,0.0900951,0.0927174,0.0953422,0.100596,0.103224,0.10585,0.108474,0.11371,0.116319,0.118921,0.121515,0.12668,0.129251,0.130484,0.135248,0.138142,0.141942,0.145861,0.145861,0.14957,0.153495,0.157259,0.160454,0.159705,0.162141,0.163905,0.167467,0.168688,0.170726,0.173435,0.177247,0.179383,0.1774,0.179742,0.181736,0.183954,0.181944,0.180915,0.181759,0.182595,0.17918,0.175791,0.171438,0.171934,0.16307,0.160097,0.15093,0.141654,0.127371,0.115617,0.108093,0.0992266,0.0990264,0.101775,0.107111,0.117392,0.120775,0.136369,0.147891,0.153783,0.155281,0.156901,0.15832,0.158905,0.159497,0.159537,0.159507,0.158985,0.158522,0.157808,0.156765,0.155229,0.154422,0.15348,0.151585,0.150598,0.148481,0.147425,0.146321,0.144045,0.142915,0.14233,0.14081,0.136222,0.136483,0.134868,0.131688,0.131994,0.128062,0.128062,0.126549,0.124297,0.121879,0.119769,0.118336,0.118376,0.115712
1.6,0.0022776,-0.196889,-0.517013,-0.211033,-0.109214,-0.0591804,-0.0241105,0.00403433,0.0166036,0.0303134,0.0299154,0.0414803,0.045612,0.0507464,0.0542289,0.0607244,0.0637928,0.0667756,0.0696939,0.0753986,0.0782072,0.080997,0.0837731,0.0892987,0.0920528,0.0948028,0.0975494,0.103033,0.10577,0.108503,0.111231,0.116669,0.119378,0.122077,0.124768,0.130118,0.132778,0.137359,0.140841,0.14292,0.14633,0.150104,0.154025,0.153773,0.157661,0.16114,0.165296,0.168611,0.171437,0.169826,0.175287,0.179197,0.181657,0.178509,0.18284,0.181265,0.184524,0.18673,0.187961,0.189105,0.187293,0.188689,0.189206,0.187314,0.184402,0.181819,0.178131,0.176967,0.174074,0.163628,0.160679,0.14809,0.146579,0.130477,0.124959,0.118307,0.118023,0.119855,0.123586,0.131007,0.147116,0.146806,0.147512,0.155952,0.161406,0.162345,0.162844,0.163199,0.1637,0.163663,0.163604,0.163067,0.162588,0.161866,0.160812,0.159251,0.158445,0.157486,0.155559,0.154566,0.15241,0.151336,0.150224,0.147917,0.146777,0.145767,0.145345,0.144529,0.139481,0.138556,0.13887,0.135758,0.132049,0.132979,0.130647,0.128102,0.125455,0.125455,0.123508,0.121341,0.118736
1.65,0.0004512,-0.191868,-0.212108,-0.248168,-0.184067,-0.107304,-0.046352,-0.0188217,-0.00020126,0.0126745,0.0258067,0.0302348,0.0440113,0.0487878,0.0529648,0.0603705,0.0637938,0.0670824,0.0702675,0.0764194,0.079419,0.0823833,0.0853205,0.0911366,0.0940237,0.0969002,0.099768,0.105481,0.108328,0.111168,0.114,0.119643,0.122451,0.125249,0.128036,0.133573,0.136311,0.141075,0.142288,0.151514,0.150433,0.154538,0.158557,0.16264,0.162233,0.166007,0.169591,0.174381,0.177497,0.175436,0.181675,0.183131,0.186475,0.185157,0.190241,0.189208,0.192448,0.194247,0.194485,0.197087,0.193535,0.198186,0.196294,0.194971,0.195744,0.193905,0.184669,0.1834,0.180565,0.171034,0.172449,0.167307,0.159262,0.14482,0.140411,0.135152,0.134765,0.135904,0.138425,0.142245,0.156259,0.152395,0.167018,0.159675,0.168346,0.17077,0.172471,0.173064,0.17363,0.173301,0.17305,0.172342,0.171747,0.170879,0.169698,0.167967,0.167104,0.166067,0.163993,0.162946,0.160654,0.159517,0.158363,0.155972,0.152044,0.149357,0.15035,0.148709,0.147009,0.142565,0.142478,0.141033,0.138876,0.136361,0.133648,0.131213,0.131579,0.129387,0.126975,0.123911,0.121456
1.7,0.00097947,-0.51501,-0.394082,-0.418764,-0.255573,-0.157271,-0.086482,-0.0356036,-0.0145679,0.00099293,0.0147772,0.0264627,0.0430406,0.046007,0.0511601,0.060166,0.0641961,0.0680137,0.071668,0.0786243,0.0819752,0.0852646,0.0885052,0.0948769,0.0980215,0.101145,0.104251,0.110419,0.113484,0.116538,0.119581,0.125635,0.128644,0.131643,0.134628,0.140555,0.143492,0.144738,0.150617,0.152834,0.155052,0.15905,0.16325,0.167812,0.167165,0.171084,0.175246,0.18062,0.18062,0.182668,0.187248,0.189048,0.192774,0.196212,0.196344,0.196745,0.20237,0.202168,0.198303,0.205017,0.203726,0.203726,0.202215,0.205067,0.201328,0.1995,0.198673,0.198206,0.187774,0.189982,0.181204,0.1702,0.170915,0.171089,0.168093,0.164436,0.163855,0.164073,0.164952,0.167201,0.170817,0.177024,0.180203,0.17619,0.174771,0.177944,0.17883,0.179122,0.179485,0.178835,0.178383,0.17752,0.176826,0.175827,0.174536,0.172662,0.171744,0.170645,0.168456,0.167362,0.164967,0.163781,0.162583,0.160098,0.158876,0.156881,0.153789,0.152676,0.150705,0.14687,0.146179,0.143406,0.14424,0.140971,0.14084,0.137513,0.135556,0.134935,0.133661,0.126667,0.12611
1.75,-0.00092609,-0.837716,-2.75052,-0.684027,-0.302618,-0.163092,-0.0881909,-0.0514228,-0.022114,0.00545585,0.0159431,0.0260287,0.0399326,0.0451559,0.0508303,0.0603834,0.0646466,0.0686764,0.0725253,0.0798287,0.0833363,0.0867734,0.0901541,0.0967873,0.100055,0.103298,0.10652,0.112911,0.116085,0.119246,0.122394,0.128654,0.131766,0.134865,0.137951,0.144086,0.147124,0.148416,0.15348,0.159342,0.163132,0.163333,0.168467,0.168671,0.173337,0.176561,0.180716,0.186109,0.190051,0.19372,0.193868,0.195501,0.197911,0.202168,0.201343,0.207342,0.206347,0.20622,0.20993,0.209392,0.208807,0.208268,0.208233,0.208887,0.207167,0.205379,0.207066,0.206735,0.204007,0.202105,0.195773,0.182301,0.1827,0.183069,0.180728,0.177631,0.176988,0.176927,0.177396,0.179696,0.182408,0.183753,0.18647,0.190856,0.189423,0.187462,0.186324,0.185946,0.185886,0.184808,0.184091,0.183033,0.182219,0.181056,0.179626,0.177579,0.176587,0.175414,0.173083,0.171927,0.169406,0.16816,0.166905,0.164303,0.163027,0.160732,0.161653,0.156577,0.154492,0.151306,0.150065,0.147836,0.147566,0.143967,0.142359,0.142156,0.138743,0.13768,0.136458,0.131932,0.13121
1.8,-0.00333895,-0.424766,-0.151825,-0.461657,-0.288114,-0.171034,-0.0864511,-0.0499899,-0.0133733,0.00003444,0.0182834,0.025967,0.0402807,0.045331,0.0509338,0.0608366,0.0652814,0.0694853,0.0734998,0.0811102,0.0847605,0.0883343,0.0918462,0.0987284,0.102115,0.105474,0.108809,0.115421,0.118702,0.121969,0.125222,0.13169,0.134904,0.138105,0.141292,0.147636,0.150803,0.156514,0.157395,0.164247,0.169303,0.172425,0.173908,0.176098,0.182844,0.188206,0.189351,0.191784,0.19409,0.197582,0.201051,0.204175,0.203892,0.207529,0.211728,0.210249,0.214519,0.218692,0.217949,0.217343,0.217381,0.217596,0.217482,0.223193,0.21764,0.214791,0.217314,0.215919,0.21283,0.211776,0.210316,0.194796,0.194947,0.194716,0.192866,0.190208,0.189525,0.189263,0.18937,0.193517,0.192703,0.198807,0.193884,0.199536,0.194384,0.195756,0.19378,0.193014,0.192626,0.191128,0.190128,0.188851,0.187901,0.186548,0.184957,0.182708,0.181628,0.180368,0.177872,0.176641,0.173972,0.172655,0.171331,0.168589,0.168149,0.16483,0.165883,0.160552,0.162382,0.15906,0.157821,0.152249,0.151281,0.150132,0.145482,0.144768,0.144824,0.140816,0.136458,0.138349,0.136018
1.85,-0.00192624,-0.22301,-0.719167,-0.328932,-0.201432,-0.127951,-0.0705416,-0.0368178,-0.0130942,0.00669533,0.0139445,0.0299154,0.0353432,0.0457065,0.0514058,0.0615226,0.0661018,0.0704431,0.0745946,0.0824717,0.0862506,0.0899497,0.0935837,0.100702,0.104203,0.107674,0.111119,0.117948,0.121336,0.124708,0.128067,0.134742,0.13806,0.141362,0.14465,0.151183,0.154516,0.161211,0.163045,0.168257,0.171624,0.176823,0.177257,0.182114,0.186894,0.192478,0.192478,0.195609,0.202208,0.200592,0.209048,0.209486,0.214747,0.214013,0.217246,0.221507,0.225098,0.22897,0.226448,0.230468,0.231048,0.232007,0.231542,0.228969,0.226718,0.226107,0.229321,0.224684,0.221844,0.221263,0.221061,0.220554,0.207265,0.206233,0.204689,0.202348,0.20164,0.201233,0.201054,0.206597,0.201679,0.207965,0.20486,0.206639,0.203071,0.209929,0.20824,0.207397,0.206764,0.204553,0.203027,0.201281,0.200032,0.198255,0.196288,0.193568,0.192274,0.190808,0.18792,0.186507,0.183487,0.182002,0.180511,0.177449,0.17245,0.173335,0.170094,0.168642,0.166402,0.162993,0.161687,0.160598,0.15494,0.153917,0.153067,0.148902,0.14859,0.144937,0.141483,0.141727,0.139237
1.9,-0.00001909,-0.057482,0.681068,-0.0992263,-0.0988712,-0.0787154,-0.0501339,-0.0314551,-0.0121548,0.00295852,0.0187098,0.0309545,0.0366167,0.0474724,0.0532309,0.0635332,0.0682655,0.072787,0.0771358,0.0854339,0.0894292,0.0933458,0.0971974,0.104748,0.108464,0.112148,0.115805,0.123055,0.126653,0.130235,0.133803,0.140896,0.144422,0.147932,0.151426,0.158335,0.161714,0.165174,0.168655,0.171703,0.177064,0.179441,0.187366,0.189827,0.196705,0.196928,0.203373,0.207112,0.204528,0.211314,0.214879,0.21499,0.220651,0.225746,0.224566,0.22915,0.232899,0.234436,0.231565,0.234892,0.234899,0.237226,0.240792,0.235702,0.236106,0.240388,0.238201,0.233499,0.231411,0.230975,0.231421,0.231471,0.230234,0.228988,0.227766,0.225799,0.225068,0.224513,0.224149,0.222326,0.222182,0.217504,0.222533,0.218664,0.22117,0.218593,0.216222,0.215093,0.214235,0.211642,0.209846,0.207851,0.206443,0.204436,0.202262,0.199279,0.197863,0.196282,0.193171,0.191652,0.188433,0.186851,0.185267,0.182028,0.180438,0.177696,0.174362,0.172787,0.170475,0.166935,0.165572,0.163375,0.162417,0.1577,0.156892,0.152089,0.151819,0.148245,0.148515,0.144597,0.141664
1.95,0.00005264,-0.00309978,-0.0458263,-0.0275889,-0.0461045,-0.0463118,-0.030621,-0.0131538,0.00213006,0.0116684,0.0205742,0.0321079,0.0435006,0.0489193,0.054559,0.0648158,0.0695795,0.0741528,0.0785681,0.0870279,0.0911131,0.0951233,0.0990711,0.106819,0.110635,0.11442,0.11818,0.125635,0.129336,0.133021,0.136693,0.143996,0.147628,0.151245,0.154847,0.161986,0.165536,0.168668,0.175268,0.178699,0.184813,0.187366,0.192059,0.194622,0.201389,0.205781,0.207116,0.210099,0.216193,0.220056,0.224261,0.222887,0.227631,0.231776,0.237092,0.235625,0.240007,0.24028,0.243674,0.242433,0.244034,0.244666,0.24801,0.243259,0.248742,0.250411,0.244863,0.24878,0.249176,0.240973,0.241756,0.242244,0.24138,0.240192,0.239117,0.23727,0.236527,0.235916,0.235454,0.231074,0.236445,0.231674,0.231333,0.227375,0.229875,0.227242,0.224441,0.223065,0.221974,0.218974,0.216893,0.214639,0.213065,0.210819,0.208425,0.205165,0.203619,0.201914,0.198565,0.196933,0.1935,0.191816,0.190129,0.186698,0.185016,0.182144,0.183052,0.176976,0.17457,0.17092,0.169541,0.167194,0.166159,0.165206,0.159852,0.159184,0.155173,0.154701,0.153049,0.148379,0.145052
2,0.00008756,-0.0209943,-0.0404795,-0.0194517,-0.0182465,-0.0190356,-0.0146849,-0.00101682,0.00828535,0.019417,0.0284314,0.034054,0.0452156,0.0506589,0.0560768,0.0662501,0.0710235,0.0756295,0.0800947,0.0886895,0.0928543,0.0969493,0.100986,0.10892,0.112832,0.116715,0.120573,0.128229,0.132032,0.135821,0.139596,0.14711,0.150849,0.154574,0.158287,0.16568,0.169331,0.172171,0.178706,0.1825,0.189142,0.191826,0.196614,0.199166,0.205796,0.210231,0.211223,0.217158,0.224451,0.22335,0.22991,0.233082,0.238386,0.238522,0.243928,0.242277,0.247011,0.247899,0.255979,0.25377,0.255593,0.260469,0.258715,0.254499,0.260677,0.259624,0.260986,0.25658,0.258111,0.25951,0.252062,0.252847,0.252412,0.251369,0.250404,0.248648,0.247883,0.247209,0.246607,0.241114,0.246276,0.249825,0.240075,0.243847,0.238694,0.236185,0.232877,0.231264,0.229945,0.22653,0.224154,0.221632,0.219886,0.217391,0.214768,0.211217,0.209534,0.207697,0.204098,0.202345,0.198686,0.196893,0.195097,0.19146,0.190435,0.186634,0.187445,0.181101,0.182526,0.178885,0.177491,0.171046,0.169974,0.168956,0.163492,0.162778,0.16207,0.157191,0.156067,0.150616,0.151056
2.05,0.00005117,-0.00955002,0.282407,0.0346102,0.00173355,-0.00281218,-0.00036894,0.00598609,0.0165247,0.0232656,0.0296857,0.0396747,0.0444572,0.0524362,0.0577388,0.0678097,0.0725771,0.0772012,0.0817032,0.0904115,0.0946469,0.0988192,0.102938,0.111048,0.115053,0.11903,0.122984,0.130838,0.134741,0.138632,0.142511,0.150236,0.154082,0.157918,0.161742,0.16937,0.173228,0.179577,0.184875,0.186442,0.193853,0.196477,0.205619,0.207462,0.212792,0.214119,0.220872,0.226383,0.22604,0.229186,0.238711,0.242333,0.244295,0.244875,0.250896,0.255239,0.252836,0.255562,0.261529,0.263214,0.265049,0.270163,0.270135,0.269736,0.270567,0.268314,0.269655,0.27175,0.267327,0.269217,0.27293,0.274144,0.263405,0.262551,0.261675,0.259981,0.259182,0.258431,0.257764,0.26443,0.256554,0.259069,0.260689,0.253125,0.257192,0.254705,0.250359,0.248258,0.246481,0.24223,0.239255,0.236178,0.234075,0.231062,0.227953,0.223788,0.221809,0.219693,0.215556,0.213541,0.2094,0.207374,0.205346,0.201279,0.195151,0.195779,0.191841,0.188789,0.186032,0.182643,0.181392,0.179159,0.17385,0.17275,0.170816,0.166345,0.165604,0.160549,0.159512,0.156878,0.154867
2.1,0.00001741,0.0101439,-0.00397763,0.0203208,0.013713,0.0019781,0.0108076,0.0139983,0.0207994,0.0267444,0.0367993,0.0405517,0.0500515,0.0563371,0.0614233,0.0712018,0.0759297,0.0805635,0.0851136,0.0940025,0.0983593,0.102668,0.106936,0.115373,0.119551,0.123709,0.127848,0.136086,0.140188,0.144281,0.148366,0.156515,0.160579,0.164636,0.168684,0.176734,0.180782,0.185742,0.188018,0.190008,0.198566,0.206499,0.208891,0.211437,0.219648,0.222431,0.227966,0.23008,0.235156,0.235826,0.244053,0.247691,0.250245,0.258766,0.26122,0.264235,0.26896,0.266945,0.271976,0.272778,0.278114,0.279874,0.28116,0.282721,0.28354,0.283206,0.287164,0.283222,0.286016,0.281295,0.28347,0.285024,0.285522,0.285055,0.284329,0.282698,0.281803,0.280849,0.279809,0.277246,0.264929,0.269443,0.272654,0.270957,0.266545,0.264069,0.259307,0.256995,0.255007,0.250345,0.247072,0.24371,0.241424,0.238143,0.23478,0.230292,0.228156,0.225892,0.221468,0.219314,0.214915,0.212766,0.210619,0.20634,0.20424,0.200523,0.196247,0.195855,0.190763,0.18856,0.185165,0.183386,0.181732,0.175442,0.174464,0.173566,0.168416,0.167489,0.163461,0.15996,0.156964
2.15,0.00001271,0.00038305,-0.00796001,0.00389102,0.00952167,0.0111314,0.0155303,0.0214353,0.0248056,0.0320762,0.038621,0.0460141,0.0502167,0.058427,0.0633547,0.0729838,0.0776885,0.0823216,0.0868891,0.095854,0.100264,0.104635,0.108971,0.117561,0.121822,0.126066,0.130296,0.138721,0.142921,0.147114,0.151301,0.159663,0.163837,0.168006,0.172169,0.180446,0.184568,0.189639,0.191048,0.202075,0.203102,0.211937,0.214426,0.221388,0.226832,0.230725,0.236264,0.239237,0.242876,0.246402,0.256096,0.259474,0.262546,0.266179,0.269607,0.272375,0.276273,0.280677,0.278542,0.285186,0.287669,0.289186,0.294959,0.287736,0.290503,0.293917,0.296474,0.298599,0.294509,0.297786,0.293931,0.29579,0.296728,0.296465,0.295791,0.294175,0.293233,0.292187,0.290983,0.288987,0.290104,0.28533,0.285749,0.281761,0.276141,0.273518,0.268386,0.265881,0.263696,0.258625,0.255056,0.251406,0.248933,0.245379,0.241755,0.236934,0.234635,0.232216,0.227495,0.225194,0.220525,0.218246,0.215972,0.211482,0.209283,0.205648,0.200886,0.198331,0.196353,0.193469,0.189769,0.186792,0.185352,0.184127,0.178073,0.177221,0.171943,0.170905,0.166342,0.163257,0.16358
2.2,0.00001652,-0.00123392,0.00796327,-0.00147916,0.0114993,0.0153425,0.019396,0.0270437,0.0295835,0.0360079,0.0424473,0.0501643,0.0525714,0.060451,0.0652707,0.0747929,0.0794782,0.0841112,0.088695,0.0977311,0.102192,0.106622,0.111024,0.119761,0.124103,0.128431,0.132748,0.141359,0.145655,0.149948,0.154238,0.162811,0.167096,0.171379,0.175661,0.184217,0.188401,0.193154,0.200933,0.206325,0.212422,0.219516,0.220211,0.227632,0.233796,0.234112,0.241098,0.246562,0.25195,0.258582,0.259478,0.266037,0.269841,0.27401,0.277802,0.283345,0.284453,0.285878,0.28934,0.296877,0.29835,0.304604,0.305992,0.300414,0.307466,0.304206,0.306297,0.307867,0.310073,0.310932,0.315898,0.306633,0.308009,0.308008,0.307389,0.305783,0.304805,0.303702,0.302458,0.300492,0.298888,0.295209,0.296819,0.292717,0.286054,0.283182,0.277644,0.27494,0.272557,0.267074,0.263205,0.259263,0.256599,0.252766,0.248874,0.243709,0.241242,0.238663,0.233632,0.231177,0.226222,0.223806,0.221389,0.216646,0.214326,0.21078,0.205901,0.207808,0.202634,0.20006,0.197163,0.194397,0.188574,0.187337,0.185068,0.180726,0.179138,0.174097,0.170546,0.166833,0.166726
2.25,0.00005121,-0.00531268,-0.00962135,0.0038586,0.0107741,0.0201005,0.0241974,0.0296548,0.0329938,0.037543,0.0450184,0.0516563,0.0558733,0.0624067,0.0671596,0.0766124,0.0812838,0.0859193,0.0905201,0.0996256,0.104136,0.108622,0.113088,0.121968,0.126389,0.1308,0.135203,0.143997,0.148389,0.15278,0.157172,0.165957,0.170352,0.17475,0.179151,0.18799,0.192431,0.19869,0.204996,0.21457,0.219049,0.219516,0.227477,0.229671,0.23988,0.240292,0.247142,0.252556,0.258456,0.264887,0.265988,0.274826,0.277502,0.281953,0.286059,0.29137,0.29198,0.300508,0.302807,0.310625,0.310664,0.316771,0.315793,0.320184,0.319212,0.324659,0.325124,0.318995,0.320887,0.319006,0.328723,0.328741,0.319423,0.31972,0.319172,0.317551,0.316546,0.315406,0.314147,0.31131,0.309507,0.312198,0.307722,0.303484,0.30664,0.30329,0.296798,0.293642,0.290835,0.284492,0.280004,0.275455,0.272395,0.267984,0.263531,0.257648,0.254828,0.25191,0.246226,0.243444,0.237877,0.235164,0.232432,0.22708,0.224448,0.216023,0.212822,0.21071,0.209337,0.202319,0.198355,0.200135,0.195796,0.191605,0.187462,0.185876,0.183394,0.179963,0.177065,0.173308,0.169767
2.3,0.00007564,-0.00439546,-0.012299,0.00202147,0.0161837,0.0203482,0.0269537,0.0312256,0.0377683,0.0433658,0.0498378,0.0537957,0.061145,0.0661074,0.0709087,0.0802357,0.0848958,0.0895477,0.0941889,0.103436,0.108043,0.112639,0.117228,0.126386,0.13096,0.135532,0.140104,0.149256,0.153838,0.158425,0.163019,0.172226,0.176841,0.181464,0.186096,0.195394,0.199993,0.202727,0.209486,0.218101,0.22211,0.229144,0.233939,0.236396,0.245843,0.253087,0.253251,0.259582,0.265134,0.271215,0.27612,0.279207,0.285069,0.289735,0.294208,0.297911,0.305764,0.311969,0.310572,0.318383,0.324944,0.323705,0.322407,0.329178,0.337669,0.330489,0.333147,0.33139,0.33571,0.338699,0.342109,0.33921,0.343936,0.343742,0.343212,0.341661,0.340614,0.339387,0.337983,0.334196,0.331486,0.327867,0.318779,0.325377,0.317221,0.313634,0.306674,0.303287,0.300262,0.293468,0.288658,0.283792,0.280525,0.275813,0.271066,0.264807,0.261802,0.258707,0.252679,0.249725,0.243838,0.240971,0.23808,0.232442,0.229673,0.222088,0.219386,0.215113,0.21258,0.210102,0.206067,0.205475,0.201261,0.198598,0.194225,0.188585,0.186692,0.183314,0.180139,0.176413,0.172728
2.35,0.00001863,-0.00138248,-0.00366155,0.0100204,0.02112,0.025981,0.02787,0.0359932,0.0393634,0.0446922,0.051021,0.0578253,0.0623045,0.0681209,0.0727379,0.0820183,0.0866827,0.0913501,0.0960165,0.105339,0.109994,0.114645,0.119293,0.128588,0.133236,0.137887,0.142543,0.151871,0.156546,0.16123,0.165924,0.175341,0.180066,0.1848,0.189544,0.199047,0.203876,0.207791,0.216999,0.221847,0.230449,0.234348,0.237511,0.246394,0.252436,0.260114,0.260114,0.266192,0.274098,0.280933,0.288413,0.288604,0.297621,0.304052,0.308871,0.313009,0.317077,0.318116,0.328649,0.326186,0.333383,0.331217,0.344414,0.344138,0.345136,0.347432,0.350673,0.350203,0.357699,0.353379,0.358681,0.35087,0.358035,0.355806,0.355551,0.354056,0.352986,0.351711,0.350234,0.346066,0.343046,0.339386,0.341434,0.336589,0.327982,0.324208,0.316758,0.313134,0.309885,0.302626,0.297484,0.292293,0.288812,0.283788,0.278739,0.272091,0.268896,0.265617,0.259234,0.256102,0.249887,0.24686,0.243808,0.237882,0.234984,0.233066,0.23017,0.225241,0.216907,0.215403,0.213664,0.209702,0.206699,0.200211,0.19852,0.194556,0.18985,0.186569,0.183327,0.179581,0.175724
2.4,-0.00001952,0.00204341,0.00766394,0.021246,0.0287442,0.0294687,0.0351996,0.0381806,0.043284,0.047035,0.0544153,0.0571975,0.0660867,0.0698564,0.0744924,0.0837693,0.0884468,0.0931354,0.0978306,0.107232,0.111935,0.116641,0.12135,0.130779,0.135501,0.14023,0.144967,0.15447,0.159238,0.164019,0.168812,0.178439,0.183273,0.18812,0.192978,0.202709,0.207616,0.212869,0.219129,0.230586,0.235799,0.239723,0.247821,0.251999,0.256274,0.264852,0.272406,0.275406,0.28017,0.288274,0.296255,0.296243,0.301831,0.30944,0.316135,0.32011,0.324798,0.333387,0.3366,0.340722,0.3435,0.349603,0.355365,0.359202,0.361585,0.364009,0.366027,0.361536,0.369845,0.363551,0.369035,0.365598,0.371501,0.368641,0.368199,0.366714,0.365618,0.364294,0.362746,0.35827,0.354993,0.351231,0.353046,0.347931,0.338928,0.335022,0.327061,0.32319,0.31971,0.311972,0.306487,0.300958,0.297256,0.291912,0.286549,0.2795,0.276107,0.272638,0.265889,0.262574,0.256018,0.252827,0.249607,0.243378,0.241725,0.238216,0.235256,0.230271,0.228382,0.223822,0.218841,0.214718,0.210226,0.206386,0.204658,0.198268,0.194753,0.192941,0.191027,0.182765,0.181763
2.45,0.00002714,-0.00008242,0.029703,0.0406603,0.0336275,0.0368334,0.0380566,0.0400218,0.044714,0.0490582,0.0533522,0.0610984,0.0641453,0.0715557,0.0761594,0.0854842,0.0901832,0.0948985,0.0996263,0.10911,0.113864,0.118624,0.123393,0.132955,0.13775,0.142556,0.147374,0.15705,0.16191,0.166786,0.171679,0.181516,0.18646,0.19142,0.196396,0.206372,0.211357,0.216787,0.227723,0.227723,0.237038,0.242347,0.25078,0.255968,0.263348,0.272968,0.278648,0.281423,0.292085,0.294213,0.304096,0.314391,0.314391,0.315987,0.327887,0.333621,0.332275,0.342127,0.345796,0.349462,0.355188,0.359445,0.367454,0.378052,0.369395,0.371062,0.378628,0.372264,0.381876,0.379548,0.389657,0.390769,0.384564,0.381601,0.381166,0.379662,0.378538,0.377164,0.375541,0.370893,0.380404,0.375948,0.364919,0.359488,0.361742,0.357385,0.34835,0.343959,0.339998,0.331244,0.325037,0.318796,0.314628,0.308608,0.302585,0.294689,0.290881,0.287012,0.279492,0.27579,0.268517,0.26498,0.261401,0.254519,0.251176,0.243284,0.240238,0.235712,0.234233,0.22796,0.225017,0.218377,0.213668,0.212076,0.206747,0.203373,0.199785,0.194867,0.195028,0.189797,0.184559
2.5,0.00008352,-0.00448516,-0.121701,0.0876,0.0459687,0.039036,0.0412209,0.0423683,0.0466216,0.0515395,0.0589661,0.0650336,0.0694972,0.0746161,0.0793657,0.0888075,0.0935639,0.0983444,0.103146,0.112806,0.117662,0.122533,0.127421,0.137246,0.142184,0.147141,0.152118,0.162133,0.167175,0.17224,0.17733,0.187586,0.192752,0.197944,0.203161,0.213676,0.218988,0.224136,0.231228,0.238622,0.247775,0.247775,0.258481,0.262508,0.266943,0.279729,0.285409,0.293802,0.296071,0.304796,0.312642,0.316677,0.328693,0.334792,0.334127,0.340849,0.348648,0.36075,0.355987,0.360024,0.369895,0.369284,0.379319,0.386451,0.386489,0.387518,0.395408,0.392657,0.399658,0.395312,0.399466,0.405738,0.397478,0.408369,0.407969,0.406522,0.405346,0.403868,0.402093,0.3971,0.393626,0.388982,0.376921,0.383756,0.373578,0.368958,0.359355,0.354691,0.350478,0.341183,0.334595,0.327977,0.323562,0.317184,0.310812,0.30247,0.298443,0.294363,0.286436,0.282532,0.274881,0.271162,0.267393,0.260163,0.256655,0.248296,0.249438,0.240712,0.239118,0.231018,0.228857,0.225784,0.221551,0.215377,0.208038,0.209317,0.205842,0.201502,0.197179,0.192579,0.187342
2.55,0.00008395,0.00494228,0.0378252,0.0547863,0.0427758,0.040116,0.0406607,0.0446689,0.0487517,0.0526683,0.0584428,0.0654174,0.0697169,0.0762477,0.080947,0.0904162,0.0952049,0.100022,0.104865,0.114617,0.119524,0.124451,0.129398,0.139353,0.144362,0.149393,0.154447,0.164629,0.169759,0.174918,0.180105,0.190569,0.195847,0.201155,0.206495,0.217263,0.222686,0.228004,0.239226,0.242606,0.253024,0.257108,0.263741,0.268289,0.278728,0.281664,0.288843,0.300764,0.310271,0.311468,0.318481,0.328602,0.334973,0.341092,0.341276,0.35683,0.35683,0.369323,0.374938,0.380526,0.384081,0.394281,0.390357,0.396089,0.410326,0.411545,0.412714,0.410575,0.416666,0.422817,0.419826,0.4184,0.418598,0.422061,0.421853,0.420492,0.41929,0.417758,0.4159,0.410839,0.407376,0.402233,0.402276,0.396286,0.385684,0.380834,0.370625,0.365671,0.361195,0.351335,0.344348,0.337338,0.332665,0.325915,0.31918,0.310373,0.306119,0.301821,0.293474,0.289359,0.28132,0.277414,0.273451,0.265864,0.262188,0.257812,0.25369,0.249182,0.243612,0.235675,0.232922,0.229889,0.225327,0.22083,0.218019,0.215593,0.206604,0.203659,0.199532,0.197922,0.193979
2.6,0.00000589,-0.00280751,-0.0194853,0.0162174,0.0285436,0.03648,0.0402774,0.0444731,0.0496345,0.0569959,0.0591776,0.0681112,0.0726845,0.0778164,0.0824741,0.0919857,0.0968104,0.101667,0.106552,0.116399,0.121358,0.126341,0.131346,0.14143,0.146508,0.151612,0.156742,0.167088,0.172306,0.177556,0.182839,0.19351,0.198899,0.204324,0.209786,0.220808,0.226315,0.231608,0.237182,0.245658,0.257838,0.260511,0.27073,0.276222,0.282757,0.293263,0.302055,0.308859,0.318297,0.31876,0.321734,0.335077,0.34122,0.353759,0.360693,0.363157,0.363157,0.376589,0.38244,0.389098,0.395548,0.403953,0.410614,0.411139,0.41645,0.425144,0.425144,0.421535,0.427188,0.437658,0.438449,0.438761,0.439127,0.436015,0.436195,0.434869,0.433635,0.432045,0.430103,0.424937,0.421494,0.415497,0.415672,0.40927,0.398148,0.405513,0.394006,0.388429,0.383389,0.372312,0.364471,0.35662,0.351396,0.343853,0.336344,0.32655,0.321815,0.317053,0.307817,0.303259,0.294407,0.290111,0.285753,0.277471,0.267734,0.262498,0.256031,0.253875,0.246639,0.244875,0.238478,0.234273,0.229942,0.225776,0.221884,0.21823,0.212216,0.209145,0.205509,0.200531,0.196629
2.65,-0.00000424,-0.00391625,-0.00812368,0.0076573,0.0258411,0.0313751,0.0385714,0.0450833,0.0504482,0.0559509,0.0627273,0.0680789,0.071859,0.0791893,0.0839136,0.0935139,0.0983794,0.103278,0.108208,0.11815,0.123161,0.128198,0.133263,0.143473,0.148619,0.153795,0.159,0.169505,0.174809,0.180149,0.185527,0.196403,0.201902,0.207444,0.213029,0.224321,0.229956,0.238845,0.249182,0.254396,0.264715,0.266605,0.27637,0.284681,0.291288,0.296394,0.310728,0.318571,0.326715,0.327744,0.34214,0.347254,0.353527,0.359923,0.366837,0.375848,0.385878,0.397529,0.397529,0.40613,0.407973,0.414758,0.421426,0.427466,0.432812,0.440199,0.446301,0.45194,0.450827,0.451984,0.456529,0.449595,0.449944,0.45123,0.451056,0.449679,0.448408,0.44676,0.444735,0.439237,0.43561,0.443498,0.42935,0.422701,0.424042,0.418381,0.406152,0.400233,0.39489,0.383154,0.374854,0.366552,0.361032,0.353064,0.345143,0.334823,0.329832,0.324823,0.315115,0.310322,0.301039,0.296537,0.291968,0.283323,0.279137,0.272472,0.266758,0.258119,0.255947,0.251857,0.24452,0.238637,0.234159,0.229834,0.225246,0.221165,0.21375,0.212517,0.20986,0.203177,0.202093
2.7,0.0000075,-0.0052235,-0.0194957,0.00458943,0.023169,0.0325712,0.0410175,0.047453,0.0512208,0.0558892,0.0644465,0.0678442,0.0750763,0.0817158,0.0866368,0.0964563,0.101409,0.106396,0.111417,0.121552,0.126664,0.131808,0.136985,0.147445,0.152726,0.15804,0.163389,0.174198,0.179666,0.185179,0.190742,0.202018,0.207733,0.213502,0.219327,0.231189,0.237314,0.243158,0.248193,0.261017,0.264715,0.275016,0.284816,0.293515,0.300615,0.306856,0.312792,0.319851,0.327435,0.341035,0.351383,0.352044,0.359478,0.374282,0.382859,0.391758,0.393921,0.395941,0.405116,0.414901,0.420363,0.425951,0.433465,0.439968,0.445304,0.455053,0.459922,0.46494,0.469212,0.467566,0.468874,0.473062,0.472954,0.482556,0.482187,0.48066,0.479334,0.477584,0.475403,0.469056,0.464494,0.458237,0.443451,0.450581,0.437567,0.431597,0.418618,0.41234,0.406678,0.394245,0.385461,0.376684,0.370854,0.362441,0.354088,0.343218,0.33796,0.332694,0.322495,0.317456,0.307722,0.303004,0.298207,0.289154,0.284759,0.277729,0.271737,0.262871,0.263518,0.254246,0.25274,0.24284,0.238321,0.238464,0.230485,0.227504,0.221185,0.214709,0.212424,0.20595,0.205028
2.75,-0.0000225,0.00183925,0.0127182,0.0192975,0.0262277,0.0350914,0.0422827,0.0474335,0.0538432,0.0605733,0.0646878,0.0710935,0.0750623,0.0829584,0.0879893,0.0978785,0.102871,0.107901,0.112969,0.123203,0.128362,0.133553,0.138782,0.149369,0.154718,0.160098,0.165514,0.176466,0.182009,0.187604,0.193255,0.204729,0.210549,0.216425,0.222363,0.234444,0.240889,0.24919,0.253652,0.263463,0.268686,0.276698,0.285705,0.294474,0.302175,0.317307,0.323761,0.330569,0.337405,0.344714,0.360266,0.364527,0.372777,0.384188,0.391786,0.399018,0.405565,0.413459,0.426035,0.434449,0.443575,0.441001,0.446947,0.453093,0.459359,0.464122,0.47357,0.477714,0.481309,0.494597,0.490606,0.501908,0.491742,0.498291,0.49818,0.496872,0.495548,0.493755,0.491495,0.484733,0.479783,0.473443,0.472996,0.465214,0.451492,0.445208,0.431424,0.424764,0.418764,0.405594,0.396299,0.387023,0.380866,0.371986,0.363181,0.351735,0.346198,0.340664,0.329952,0.324656,0.314452,0.309508,0.304472,0.294987,0.290388,0.283051,0.277281,0.27277,0.268,0.257924,0.256919,0.251697,0.246093,0.242035,0.233163,0.230543,0.228298,0.221807,0.215639,0.212379,0.207859
2.8,-0.00002187,0.00235744,0.00947104,0.0263445,0.0323229,0.039444,0.0448548,0.0494179,0.0564157,0.0591761,0.0659552,0.0716164,0.0790891,0.0844778,0.0893262,0.0992702,0.104295,0.109364,0.114484,0.124822,0.130028,0.135251,0.140524,0.151252,0.156673,0.162111,0.167587,0.178678,0.184288,0.189957,0.195695,0.20737,0.213291,0.219275,0.22531,0.237602,0.243871,0.256375,0.256375,0.272528,0.28144,0.286935,0.295727,0.306239,0.312878,0.31938,0.325933,0.341759,0.348133,0.357004,0.360266,0.370165,0.388837,0.394836,0.399701,0.407365,0.414591,0.432284,0.441144,0.446304,0.455558,0.463795,0.47216,0.480216,0.479645,0.492913,0.497562,0.50646,0.510307,0.51248,0.507407,0.519363,0.514045,0.513902,0.51463,0.513627,0.512317,0.510486,0.508142,0.501004,0.495834,0.497151,0.488465,0.480353,0.465849,0.473701,0.458132,0.450627,0.443891,0.429106,0.4187,0.408341,0.401476,0.391589,0.38181,0.369131,0.362997,0.356891,0.345088,0.339246,0.328048,0.322628,0.317092,0.306718,0.2947,0.288273,0.287452,0.277817,0.273743,0.266992,0.261136,0.255702,0.249688,0.248968,0.239493,0.232746,0.232387,0.221807,0.219284,0.212379,0.210003
2.85,0.00002097,-0.00149536,-0.00282038,0.0418398,0.0434053,0.043766,0.0448859,0.0493877,0.0553073,0.061054,0.0698468,0.0724944,0.0791561,0.0857586,0.090619,0.100635,0.105658,0.110793,0.115942,0.126437,0.131643,0.136943,0.142156,0.153139,0.1586,0.164068,0.169602,0.180834,0.186519,0.192196,0.198045,0.209936,0.215949,0.222042,0.228218,0.240726,0.247219,0.257941,0.267678,0.26928,0.282533,0.285689,0.295437,0.309732,0.315803,0.330146,0.33687,0.34385,0.351019,0.360608,0.37512,0.383939,0.388837,0.406528,0.410744,0.425859,0.434875,0.443105,0.450008,0.46166,0.469156,0.476216,0.48478,0.494016,0.499017,0.503689,0.511776,0.515904,0.527322,0.531438,0.531346,0.537812,0.533829,0.531224,0.531759,0.530993,0.529694,0.527823,0.525393,0.517908,0.529756,0.522402,0.50441,0.495924,0.496096,0.488632,0.472069,0.464099,0.456961,0.44129,0.430277,0.419329,0.412081,0.401649,0.391347,0.378006,0.371552,0.365142,0.352759,0.346628,0.334906,0.329236,0.323439,0.312606,0.307361,0.298576,0.292174,0.281883,0.280412,0.271306,0.265281,0.25807,0.253301,0.25106,0.241304,0.240071,0.235463,0.226478,0.223342,0.216185,0.216345
2.9,0.00004112,-0.00242483,-0.0518956,0.107146,0.0520525,0.0472599,0.0466338,0.0517035,0.0569562,0.0653599,0.069228,0.0757979,0.0814136,0.0877081,0.0920675,0.103267,0.109314,0.113936,0.118019,0.12775,0.134233,0.139357,0.144479,0.153068,0.16177,0.166996,0.172586,0.184614,0.190823,0.195506,0.205118,0.211055,0.223078,0.229167,0.234807,0.248298,0.251694,0.257882,0.26593,0.276663,0.290065,0.293719,0.304439,0.311717,0.326024,0.332321,0.338999,0.355219,0.362645,0.369712,0.379373,0.392571,0.401522,0.411294,0.424301,0.434546,0.446409,0.456118,0.463673,0.470497,0.477448,0.491666,0.499745,0.508501,0.517059,0.531862,0.537262,0.537652,0.544088,0.547508,0.554101,0.56312,0.555093,0.567525,0.568404,0.567796,0.566484,0.564515,0.561895,0.553669,0.547666,0.539891,0.538145,0.528731,0.511971,0.504056,0.486424,0.477954,0.470387,0.453771,0.442115,0.430544,0.42289,0.411883,0.401031,0.386996,0.380208,0.373479,0.360492,0.354059,0.341794,0.335866,0.329799,0.318499,0.313031,0.30373,0.294988,0.28898,0.284668,0.275441,0.269294,0.267026,0.2597,0.254451,0.249515,0.242996,0.238527,0.234249,0.224824,0.221503,0.219765
2.95,0.00001854,0.00246069,0.0145154,0.0432175,0.0460542,0.0451855,0.0473981,0.0523441,0.0576879,0.0643227,0.0717307,0.0762738,0.0824829,0.0872885,0.0964474,0.101219,0.107165,0.115755,0.12126,0.12775,0.135145,0.140102,0.147302,0.156751,0.162073,0.167718,0.179476,0.186332,0.193079,0.199935,0.205318,0.215588,0.221654,0.232599,0.238033,0.243627,0.254637,0.261986,0.270883,0.28018,0.290065,0.304785,0.313984,0.321364,0.327991,0.34319,0.350171,0.357293,0.374289,0.38187,0.391993,0.397482,0.415869,0.424833,0.435181,0.441459,0.458899,0.469768,0.477761,0.485311,0.492792,0.514433,0.522523,0.523711,0.532022,0.540022,0.55368,0.558371,0.560677,0.578876,0.586751,0.57516,0.581933,0.587169,0.587928,0.587315,0.585994,0.58397,0.581246,0.572601,0.566277,0.558086,0.556077,0.546135,0.528318,0.519989,0.501217,0.49221,0.484187,0.46656,0.454219,0.441987,0.433904,0.422292,0.41086,0.396097,0.388958,0.381897,0.36828,0.361532,0.348704,0.342508,0.336161,0.32438,0.318685,0.308785,0.306316,0.295699,0.288751,0.285893,0.276326,0.270227,0.262883,0.257909,0.251072,0.246097,0.241328,0.235118,0.228794,0.226041,0.220884
3,0.00001695,0.00386178,0.0115602,0.02333,0.0348014,0.0409122,0.0464968,0.0522774,0.057956,0.0661582,0.0706554,0.07943,0.084766,0.0898335,0.0991438,0.103244,0.110807,0.11696,0.12293,0.132798,0.136562,0.144389,0.150435,0.155626,0.16794,0.173755,0.179836,0.188162,0.195082,0.200646,0.20959,0.214333,0.225964,0.235785,0.243536,0.251605,0.260426,0.267988,0.278312,0.285419,0.295843,0.309471,0.315724,0.324379,0.338089,0.345083,0.354195,0.368807,0.376211,0.394042,0.403379,0.412395,0.427732,0.435025,0.447954,0.460857,0.475338,0.483608,0.493309,0.500178,0.520014,0.528432,0.537804,0.547472,0.556941,0.556221,0.581237,0.578227,0.5827,0.596569,0.586751,0.603929,0.607042,0.607812,0.608121,0.607629,0.606311,0.604237,0.601405,0.592276,0.585606,0.585869,0.574733,0.564194,0.562859,0.553575,0.532209,0.522002,0.512966,0.4931,0.479251,0.465574,0.456554,0.443623,0.430938,0.414607,0.406714,0.398943,0.383984,0.376565,0.362546,0.355783,0.348839,0.336037,0.321649,0.318775,0.310931,0.299969,0.296508,0.289525,0.279454,0.27201,0.266587,0.26451,0.25431,0.249101,0.246149,0.237343,0.235027,0.226881,0.223189
3.05,-0.00004933,-0.00339054,-0.00296584,0.01002,0.028083,0.040486,0.0459667,0.0523332,0.0586548,0.0673258,0.0722026,0.0770019,0.0853136,0.0925428,0.0989379,0.106081,0.111842,0.115608,0.125491,0.131873,0.141012,0.146774,0.153169,0.160749,0.167768,0.173973,0.179566,0.191093,0.197945,0.204892,0.209924,0.221578,0.227917,0.234661,0.247175,0.257329,0.266003,0.272782,0.282118,0.291963,0.301981,0.309662,0.31786,0.332734,0.340739,0.347857,0.363743,0.371037,0.387483,0.395579,0.406434,0.415868,0.435339,0.443451,0.457549,0.472883,0.487851,0.497458,0.510579,0.528301,0.527141,0.541389,0.552819,0.565257,0.577563,0.583516,0.597908,0.608492,0.614601,0.607031,0.616649,0.622345,0.626425,0.627881,0.628942,0.628792,0.627497,0.625377,0.622434,0.612702,0.626265,0.616842,0.594093,0.582961,0.581178,0.571278,0.548454,0.537575,0.527979,0.506868,0.492189,0.47772,0.468189,0.454539,0.441177,0.424002,0.415704,0.407555,0.391881,0.384104,0.369457,0.362395,0.355133,0.341792,0.335343,0.32362,0.315446,0.303896,0.299954,0.292844,0.288986,0.278025,0.272864,0.267306,0.257796,0.255079,0.246799,0.241776,0.235927,0.234254,0.228795
3.1,-0.00005758,-0.00389186,-0.0262236,0.00082419,0.0270896,0.0327608,0.0492353,0.0530187,0.0612397,0.067482,0.0748037,0.0793454,0.0871077,0.0933551,0.0986334,0.104435,0.113895,0.119934,0.124014,0.134729,0.141196,0.14798,0.155691,0.163789,0.16789,0.174836,0.184738,0.194017,0.200906,0.207327,0.212241,0.224807,0.231442,0.238318,0.247175,0.257167,0.263768,0.276357,0.285077,0.296654,0.301748,0.318949,0.326933,0.334178,0.347724,0.357061,0.365962,0.38298,0.391304,0.407449,0.421451,0.421451,0.446337,0.453268,0.468893,0.486009,0.493029,0.509812,0.522057,0.535117,0.551142,0.551142,0.566715,0.580774,0.580264,0.60084,0.619793,0.62824,0.625786,0.643639,0.649412,0.654296,0.661195,0.671801,0.67347,0.673978,0.672758,0.670563,0.667396,0.65591,0.647542,0.637612,0.634786,0.622633,0.60013,0.589654,0.565235,0.553628,0.543428,0.520979,0.505412,0.4901,0.480025,0.465616,0.451539,0.433477,0.424754,0.416209,0.399792,0.391641,0.376344,0.368973,0.361382,0.347483,0.340764,0.328343,0.323973,0.315392,0.302935,0.298655,0.291854,0.281945,0.276319,0.26959,0.265823,0.258728,0.253792,0.245584,0.239432,0.237592,0.231329
3.15,-0.00000015,0.00228828,0.00721902,0.0185432,0.0303235,0.0405404,0.0474398,0.0554631,0.0620109,0.0664824,0.074431,0.079509,0.0890385,0.0942723,0.103295,0.108789,0.112223,0.122097,0.128039,0.133496,0.140563,0.147413,0.152089,0.164275,0.16837,0.176957,0.187049,0.192327,0.199204,0.207148,0.215814,0.224179,0.230886,0.245194,0.252371,0.25886,0.269382,0.281959,0.291125,0.299356,0.30546,0.319294,0.32716,0.344233,0.354878,0.356786,0.375115,0.382265,0.401737,0.41496,0.419672,0.434523,0.451005,0.463918,0.478552,0.482212,0.509594,0.521247,0.533787,0.546503,0.558145,0.574851,0.580696,0.59822,0.623237,0.634639,0.649014,0.641755,0.650219,0.677122,0.683105,0.684913,0.686579,0.695861,0.697443,0.698162,0.696995,0.694771,0.691488,0.678872,0.669614,0.659005,0.656203,0.643623,0.619914,0.608748,0.582581,0.57018,0.559331,0.535441,0.518922,0.502712,0.49206,0.476845,0.462015,0.44302,0.43385,0.424893,0.4077,0.39916,0.383192,0.375504,0.367576,0.35311,0.34611,0.332855,0.327175,0.320874,0.313137,0.301301,0.294578,0.290937,0.279306,0.27372,0.264179,0.260514,0.25428,0.249346,0.24222,0.240308,0.234083
3.2,-0.00003533,0.00447135,0.01955,0.0302144,0.0382653,0.0455762,0.0505948,0.0584726,0.064926,0.0680847,0.0759094,0.0844405,0.0896267,0.0948736,0.102586,0.107954,0.116557,0.122482,0.131451,0.134982,0.145033,0.149419,0.155978,0.162759,0.173149,0.177765,0.188595,0.194778,0.201029,0.211708,0.220901,0.226646,0.233327,0.24029,0.254955,0.260315,0.274331,0.283871,0.294814,0.304241,0.311517,0.319236,0.334975,0.344111,0.353519,0.362159,0.378971,0.386941,0.409168,0.423961,0.426848,0.442156,0.455617,0.474107,0.491041,0.49556,0.522164,0.530338,0.546387,0.559431,0.57246,0.588711,0.593909,0.619394,0.629087,0.641327,0.656197,0.670068,0.681565,0.690736,0.698343,0.703173,0.730438,0.720387,0.722364,0.723513,0.722421,0.720174,0.716775,0.702958,0.692695,0.704567,0.678486,0.665446,0.661877,0.649215,0.619061,0.60486,0.592553,0.565432,0.5468,0.528611,0.516693,0.499717,0.483252,0.462248,0.452113,0.442277,0.423435,0.414064,0.396687,0.388333,0.379698,0.364107,0.356558,0.340955,0.329009,0.32315,0.315661,0.303791,0.29968,0.293586,0.282436,0.277441,0.271848,0.264353,0.257159,0.254901,0.248164,0.243092,0.236311
3.25,0.00006312,-0.00060512,0.00354427,0.048316,0.0530853,0.0512139,0.0536904,0.0592528,0.0645581,0.070264,0.0770761,0.0849562,0.090182,0.0955099,0.102781,0.113493,0.116172,0.124438,0.129387,0.138853,0.144047,0.151022,0.156395,0.167062,0.172388,0.183452,0.189522,0.19685,0.202123,0.212743,0.220213,0.225218,0.236174,0.243125,0.25877,0.260646,0.267413,0.27808,0.291122,0.300255,0.310595,0.328345,0.333013,0.3512,0.36256,0.371502,0.38406,0.402352,0.410551,0.422287,0.436885,0.450858,0.473447,0.480492,0.503503,0.508882,0.526695,0.541488,0.559948,0.572563,0.594677,0.617383,0.631022,0.649052,0.645787,0.666294,0.685024,0.700517,0.702763,0.712649,0.721595,0.729491,0.757795,0.745627,0.7483,0.750132,0.749141,0.746876,0.743349,0.755045,0.742617,0.729354,0.701919,0.712162,0.684174,0.670707,0.638247,0.623024,0.609899,0.580967,0.561161,0.541881,0.529269,0.511332,0.493981,0.471895,0.461239,0.450935,0.431219,0.421401,0.403281,0.394577,0.38556,0.369368,0.361509,0.347545,0.340764,0.325435,0.320203,0.312928,0.302046,0.296099,0.28739,0.282235,0.272804,0.266746,0.259916,0.258192,0.25195,0.246838,0.241399
3.3,-0.00203127,-0.00457553,-0.0628853,0.133762,0.0638221,0.0546369,0.0564105,0.0607054,0.0671725,0.0726746,0.0785135,0.0869848,0.0935705,0.0996498,0.106889,0.113896,0.119796,0.126293,0.132372,0.141493,0.146818,0.151873,0.161847,0.166247,0.176434,0.18294,0.189165,0.197773,0.204151,0.209968,0.219208,0.228872,0.236287,0.24331,0.258357,0.266052,0.276744,0.286076,0.297983,0.307789,0.318769,0.329074,0.340403,0.349305,0.36702,0.373475,0.388355,0.403296,0.415588,0.430507,0.448185,0.468708,0.483646,0.492015,0.510763,0.524441,0.543584,0.553822,0.572878,0.592454,0.611586,0.623662,0.637367,0.655049,0.674308,0.695036,0.708457,0.723109,0.736397,0.74862,0.760791,0.774152,0.788829,0.800901,0.804563,0.807709,0.806961,0.804666,0.800835,0.78315,0.769847,0.755708,0.752571,0.737265,0.70758,0.693066,0.658097,0.641759,0.627752,0.59686,0.575794,0.555349,0.541999,0.52304,0.504754,0.481533,0.470329,0.459538,0.438912,0.428629,0.40974,0.400673,0.391253,0.374422,0.366252,0.352932,0.344865,0.335972,0.321618,0.316914,0.304423,0.298538,0.2897,0.284433,0.276645,0.271258,0.262799,0.260747,0.251654,0.246428,0.24184
3.35,-0.00002813,0.00420374,0.0170347,0.0481788,0.0584765,0.051438,0.0544938,0.0606669,0.0670603,0.0740105,0.0804151,0.0870947,0.0934981,0.101629,0.106023,0.116157,0.120748,0.125631,0.13424,0.142084,0.146819,0.158099,0.162839,0.170549,0.175257,0.181792,0.192433,0.197588,0.204052,0.217807,0.225268,0.231811,0.239775,0.248448,0.256085,0.263764,0.279749,0.291935,0.295775,0.306576,0.319665,0.32854,0.33928,0.358203,0.367253,0.382707,0.392408,0.410558,0.427421,0.434513,0.443555,0.463328,0.494875,0.494875,0.524547,0.542449,0.550458,0.563897,0.590174,0.606399,0.625298,0.642532,0.660473,0.679661,0.698075,0.719167,0.739151,0.755941,0.770797,0.785977,0.78703,0.803474,0.821062,0.831067,0.835119,0.838956,0.838352,0.836041,0.832035,0.813288,0.798764,0.812922,0.779918,0.763651,0.731949,0.716382,0.678638,0.661083,0.646123,0.613109,0.590688,0.568998,0.554862,0.534819,0.515546,0.491132,0.479352,0.468055,0.446485,0.435716,0.416038,0.406597,0.396759,0.379263,0.370817,0.356447,0.34924,0.33883,0.325036,0.318726,0.308964,0.303137,0.291861,0.288307,0.282885,0.272541,0.269155,0.261809,0.254242,0.250992,0.242585
3.4,0.00007644,0.00348481,0.00978031,0.0248253,0.0448723,0.0471458,0.0541687,0.0612448,0.0670726,0.0754901,0.0821263,0.0871966,0.0971937,0.103421,0.110473,0.11605,0.121809,0.130752,0.133677,0.142182,0.150723,0.157306,0.164784,0.1717,0.178323,0.182892,0.190177,0.200514,0.206779,0.215416,0.222061,0.234005,0.243417,0.250608,0.258611,0.268708,0.276053,0.287084,0.298744,0.310318,0.320662,0.337414,0.346565,0.358566,0.366339,0.383105,0.40107,0.409949,0.426081,0.43702,0.45565,0.479662,0.486831,0.50825,0.526302,0.546825,0.562637,0.580041,0.604908,0.61494,0.637957,0.659401,0.680419,0.700739,0.72259,0.745155,0.763482,0.780702,0.797194,0.813799,0.830826,0.837844,0.857093,0.862044,0.867361,0.87205,0.871615,0.869291,0.865094,0.845026,0.861651,0.844026,0.808697,0.791224,0.783769,0.766207,0.721944,0.701585,0.684475,0.646654,0.621208,0.596757,0.580889,0.558469,0.537053,0.510076,0.49705,0.484685,0.461128,0.449329,0.428025,0.417815,0.407121,0.388324,0.379317,0.359894,0.350044,0.341157,0.329847,0.32301,0.311069,0.305238,0.295612,0.289943,0.284438,0.27546,0.267544,0.263323,0.255901,0.251824,0.246038
3.45,-0.00000036,-0.00068656,-0.00153101,0.00895419,0.0313861,0.0431035,0.0520494,0.0611741,0.0680238,0.0774952,0.0826097,0.0897749,0.0962204,0.102845,0.109997,0.118145,0.123225,0.127905,0.138784,0.144153,0.149398,0.15721,0.163138,0.172643,0.180429,0.184923,0.192405,0.198412,0.210644,0.216278,0.224574,0.230195,0.240318,0.24822,0.263024,0.269567,0.279646,0.287351,0.296558,0.312971,0.323551,0.332055,0.350184,0.360235,0.374277,0.390755,0.400222,0.417668,0.426222,0.442237,0.456353,0.473567,0.494036,0.520147,0.534734,0.553021,0.567107,0.585759,0.607967,0.629248,0.652322,0.679313,0.700995,0.720735,0.743657,0.772128,0.796417,0.817526,0.836378,0.855336,0.876266,0.882486,0.889751,0.895759,0.901435,0.907175,0.906943,0.904608,0.900191,0.913982,0.895723,0.876993,0.839062,0.850898,0.811737,0.792861,0.744779,0.722803,0.704482,0.663937,0.636799,0.610816,0.593993,0.570268,0.547687,0.519333,0.505633,0.492706,0.468108,0.455761,0.433627,0.423025,0.411886,0.392463,0.383119,0.366401,0.357601,0.34472,0.331983,0.325754,0.313161,0.307156,0.297409,0.292034,0.282417,0.278023,0.26936,0.264857,0.261627,0.253026,0.248558
3.5,0.0000008,-0.00215625,-0.0217183,0.00435602,0.0272779,0.0417249,0.0527537,0.0628634,0.0692139,0.0780306,0.0854453,0.0916521,0.101028,0.105145,0.111461,0.121381,0.125734,0.134611,0.138078,0.147048,0.150783,0.160341,0.166441,0.172809,0.181351,0.185775,0.189912,0.20085,0.208585,0.214453,0.225538,0.231372,0.242018,0.246175,0.26086,0.272282,0.28139,0.288065,0.295646,0.314143,0.322751,0.33953,0.348634,0.356826,0.378868,0.388263,0.404754,0.415329,0.433033,0.442949,0.461809,0.486883,0.505822,0.524254,0.533604,0.555256,0.58868,0.607678,0.626827,0.646478,0.669888,0.69914,0.720778,0.737043,0.765872,0.793278,0.805889,0.827366,0.87695,0.885677,0.906643,0.9234,0.958396,0.968128,0.976005,0.984443,0.984741,0.982373,0.977385,0.951829,0.9317,0.912081,0.905551,0.883613,0.841251,0.820683,0.768427,0.744689,0.725066,0.68155,0.652589,0.624956,0.607111,0.581993,0.558177,0.528376,0.513961,0.500455,0.474783,0.461866,0.438896,0.427898,0.416299,0.396211,0.386527,0.368576,0.359658,0.345587,0.334309,0.32865,0.315112,0.310109,0.299006,0.293975,0.284512,0.280111,0.27103,0.268009,0.262786,0.257966,0.24986
3.55,-0.00001473,0.00188184,0.00848394,0.0189819,0.0310103,0.0436,0.0538948,0.0650659,0.0728968,0.0822207,0.0881194,0.0954562,0.102399,0.108655,0.115826,0.119702,0.126399,0.135474,0.141564,0.14707,0.151262,0.158304,0.167695,0.175028,0.179772,0.187115,0.193732,0.198964,0.211247,0.21707,0.226519,0.231862,0.241455,0.250528,0.260886,0.266113,0.28146,0.291349,0.298862,0.314058,0.320918,0.337988,0.348233,0.358603,0.369357,0.393005,0.399194,0.422204,0.440535,0.451684,0.471477,0.489988,0.507278,0.532605,0.541128,0.575537,0.593324,0.607921,0.625845,0.666017,0.686075,0.710083,0.727397,0.749894,0.780288,0.80341,0.8401,0.868144,0.908363,0.930457,0.953223,0.980135,0.996928,1.00752,1.01696,1.02717,1.02781,1.02539,1.02001,0.991856,0.970667,0.96605,0.942016,0.918197,0.872193,0.849838,0.792936,0.767273,0.746257,0.699493,0.668563,0.639147,0.620203,0.593593,0.568463,0.537137,0.521965,0.50786,0.481082,0.467571,0.443765,0.432371,0.420311,0.399601,0.389579,0.369629,0.360154,0.351334,0.337555,0.325112,0.317145,0.311146,0.300348,0.295663,0.286614,0.281733,0.273922,0.26962,0.261783,0.258156,0.251136
3.6,-0.00002128,0.00195092,0.0150348,0.029032,0.0384003,0.0509236,0.0573409,0.067143,0.0741218,0.0818665,0.0911648,0.0968252,0.103267,0.109684,0.117643,0.123803,0.128117,0.135902,0.144064,0.150131,0.154758,0.162944,0.169653,0.176628,0.181738,0.189189,0.1941,0.202082,0.207856,0.214246,0.227176,0.23293,0.241657,0.251231,0.258038,0.267963,0.28059,0.288266,0.299128,0.31494,0.325327,0.335733,0.348073,0.359081,0.370432,0.393463,0.405784,0.419187,0.43381,0.44777,0.468237,0.498553,0.516762,0.535019,0.555853,0.579902,0.599641,0.620388,0.641315,0.666192,0.688842,0.710083,0.759155,0.787261,0.809043,0.832671,0.877783,0.89726,0.918322,0.977513,1.00772,0.997994,1.04291,1.04989,1.06069,1.07315,1.07416,1.07165,1.06574,1.0352,1.05881,1.03315,0.980675,0.954751,0.939142,0.912701,0.844894,0.8148,0.790725,0.736449,0.701075,0.667587,0.646154,0.616199,0.588144,0.55349,0.536641,0.521283,0.492195,0.477404,0.451936,0.439755,0.426765,0.405029,0.394376,0.370169,0.364167,0.355695,0.344355,0.327744,0.323042,0.311648,0.301071,0.295293,0.288372,0.282689,0.275446,0.271593,0.262762,0.259334,0.255381
3.65,-0.00001733,0.00090261,0.00218625,0.0318672,0.0480247,0.0538934,0.0617331,0.068821,0.0768607,0.0854403,0.091603,0.100157,0.106774,0.114889,0.119191,0.127831,0.132944,0.139135,0.142864,0.151175,0.156121,0.161209,0.168212,0.173506,0.179634,0.186553,0.196108,0.198766,0.211289,0.21615,0.222749,0.230318,0.241271,0.247969,0.261491,0.269652,0.279675,0.287789,0.301396,0.309944,0.319366,0.333636,0.346831,0.358214,0.380719,0.392972,0.406398,0.420038,0.437906,0.454611,0.476157,0.497447,0.517123,0.539281,0.56179,0.58735,0.595964,0.62209,0.66093,0.677434,0.705831,0.741725,0.763256,0.808014,0.833043,0.859603,0.884874,0.936256,0.958574,0.985483,1.04995,1.08059,1.09646,1.0942,1.10766,1.12289,1.1243,1.12161,1.11498,1.13334,1.10753,1.07955,1.02128,1.03269,0.975525,0.946594,0.872555,0.839954,0.814253,0.75559,0.717696,0.68183,0.658956,0.627092,0.597374,0.560874,0.543085,0.527074,0.496784,0.481303,0.455015,0.442437,0.428917,0.406694,0.395838,0.372483,0.364823,0.352848,0.337241,0.331011,0.324239,0.310917,0.30329,0.298118,0.290493,0.284639,0.277221,0.273609,0.263065,0.259223,0.25552
3.7,-0.00001641,-0.0000031,-0.00556098,0.125099,0.0608048,0.0594905,0.064248,0.0731257,0.081419,0.0884274,0.0948802,0.102639,0.110439,0.118239,0.121687,0.130272,0.135044,0.140862,0.144684,0.15191,0.156959,0.163523,0.169075,0.177017,0.182189,0.185765,0.195021,0.200865,0.205365,0.214372,0.220048,0.233113,0.24117,0.248886,0.255967,0.263884,0.272246,0.289237,0.295459,0.310062,0.316719,0.335067,0.347794,0.356611,0.378554,0.391423,0.406952,0.41851,0.437705,0.447757,0.468831,0.507592,0.507592,0.545823,0.566081,0.579111,0.602579,0.634205,0.657666,0.684149,0.712639,0.73951,0.78452,0.809755,0.850404,0.883472,0.917145,0.975104,0.995082,1.02501,1.05879,1.09644,1.12818,1.19712,1.21496,1.23631,1.2385,1.23498,1.22613,1.1871,1.15844,1.13052,1.10439,1.07346,1.0135,0.982425,0.9016,0.866292,0.838954,0.775372,0.73472,0.696146,0.671639,0.637645,0.606067,0.567549,0.548728,0.532048,0.500528,0.484329,0.457273,0.44431,0.430226,0.407189,0.395958,0.372205,0.360831,0.349895,0.338228,0.331974,0.324973,0.316713,0.306562,0.297647,0.292529,0.285621,0.276481,0.273715,0.268061,0.262795,0.258737
3.75,0.00002042,0.00143676,-0.00063824,0.0191342,0.049638,0.0614275,0.0699529,0.0788037,0.0846452,0.0930985,0.100632,0.109215,0.113548,0.121532,0.12501,0.131386,0.137606,0.142616,0.148213,0.153846,0.159264,0.164976,0.169245,0.176406,0.182048,0.1868,0.192428,0.198747,0.207415,0.212514,0.224155,0.230913,0.237447,0.243025,0.256058,0.263401,0.271635,0.283003,0.291074,0.307714,0.321817,0.330092,0.34358,0.358207,0.374578,0.389866,0.397183,0.416192,0.439863,0.45557,0.473756,0.492592,0.509148,0.543531,0.558816,0.572326,0.614738,0.638288,0.661119,0.689829,0.722268,0.755467,0.781588,0.840685,0.858004,0.915584,0.947095,0.987183,1.04584,1.10362,1.10845,1.15888,1.21732,1.25546,1.27617,1.30172,1.30429,1.29992,1.28917,1.246,1.2115,1.17683,1.1452,1.11507,1.05343,1.02039,0.932325,0.89412,0.865228,0.796111,0.752437,0.710674,0.684265,0.647843,0.614109,0.573326,0.553349,0.535987,0.503217,0.486271,0.458565,0.445263,0.430714,0.407196,0.387325,0.37923,0.364345,0.349152,0.342862,0.333097,0.318044,0.315297,0.303307,0.298739,0.294095,0.286735,0.278161,0.272042,0.26713,0.261905,0.256823
3.8,-0.0000982,0.00143676,-0.00180758,0.0146324,0.0450404,0.0636788,0.0752365,0.081138,0.0917569,0.0987699,0.103288,0.111565,0.119892,0.123201,0.128401,0.135875,0.140651,0.145324,0.15001,0.155022,0.16228,0.166438,0.171281,0.177669,0.182339,0.187452,0.193122,0.200804,0.205317,0.210296,0.218488,0.227829,0.236437,0.241587,0.254333,0.261654,0.26982,0.278887,0.294795,0.305046,0.316415,0.324511,0.3418,0.351654,0.369274,0.388959,0.400205,0.419528,0.434052,0.452067,0.477506,0.495606,0.512165,0.545441,0.562638,0.579075,0.616199,0.635168,0.675261,0.710585,0.738847,0.778348,0.808455,0.835633,0.881227,0.930243,0.956155,1.00747,1.07566,1.13313,1.21171,1.22221,1.27655,1.31537,1.34295,1.37457,1.37754,1.37183,1.35821,1.30757,1.26986,1.27746,1.1881,1.15866,1.13886,1.10218,1.00018,0.956011,0.924615,0.842892,0.792523,0.741988,0.71046,0.667587,0.627738,0.581018,0.558148,0.539418,0.504111,0.485568,0.457162,0.443424,0.428183,0.404934,0.393304,0.372314,0.358842,0.347335,0.332744,0.326523,0.321423,0.312529,0.302825,0.298739,0.294663,0.287757,0.281526,0.274563,0.270321,0.26664,0.25966
3.85,-0.00021902,0.00619797,0.0188505,0.0326628,0.0556208,0.0699417,0.078897,0.0877016,0.09524,0.102317,0.112041,0.117644,0.123643,0.130374,0.134045,0.137632,0.14465,0.148586,0.154631,0.156219,0.163638,0.168879,0.172652,0.17627,0.181753,0.185156,0.193845,0.198581,0.204857,0.209776,0.215138,0.226808,0.233055,0.238863,0.251683,0.258704,0.266315,0.282477,0.290918,0.298476,0.312269,0.326586,0.335166,0.353309,0.362867,0.380993,0.404362,0.413056,0.427338,0.446593,0.480633,0.498093,0.514925,0.531434,0.562903,0.576901,0.622416,0.646657,0.667973,0.706255,0.738847,0.781251,0.81398,0.844923,0.876926,0.955795,0.983742,1.04145,1.14352,1.17838,1.19889,1.27293,1.34169,1.38181,1.41711,1.45675,1.46012,1.45236,1.43453,1.37154,1.33919,1.32379,1.28033,1.25076,1.18628,1.14565,1.03703,0.990597,0.960402,0.869081,0.816492,0.758347,0.723759,0.677719,0.633526,0.582185,0.557021,0.537773,0.501269,0.481893,0.453653,0.439876,0.42437,0.401714,0.390357,0.373507,0.357684,0.343736,0.337335,0.324539,0.318003,0.311398,0.303965,0.297917,0.29209,0.287254,0.282556,0.276136,0.269965,0.266899,0.26092
3.9,-0.00014257,0.0184196,0.0471377,0.066674,0.0709707,0.0832933,0.0882532,0.0966527,0.103276,0.110219,0.115502,0.1223,0.129344,0.132156,0.138823,0.142834,0.147969,0.15216,0.157295,0.160843,0.163872,0.16857,0.173078,0.175817,0.178817,0.183344,0.193678,0.197434,0.201691,0.206539,0.21727,0.223176,0.229503,0.238233,0.244177,0.254564,0.269808,0.27813,0.286278,0.298341,0.305561,0.321185,0.336882,0.345009,0.364232,0.378243,0.393887,0.417401,0.429744,0.449514,0.460709,0.482381,0.518007,0.534888,0.556403,0.581368,0.605333,0.650154,0.677128,0.698301,0.720187,0.763605,0.831653,0.869144,0.899846,0.961244,1.01037,1.0486,1.0942,1.22443,1.25607,1.34653,1.4499,1.53927,1.59492,1.66082,1.66496,1.64954,1.61688,1.51182,1.46928,1.3596,1.3307,1.29944,1.23186,1.19285,1.07029,1.02426,0.999202,0.893051,0.837884,0.780572,0.736743,0.68644,0.641103,0.578439,0.553259,0.532725,0.495174,0.474908,0.447561,0.433993,0.418297,0.396241,0.385333,0.35883,0.347712,0.337939,0.334089,0.320323,0.312973,0.310617,0.301296,0.29665,0.292327,0.285371,0.27986,0.276725,0.270979,0.268294,0.262072
3.95,-0.00021182,0.0238955,0.0349034,0.055871,0.0933575,0.0974658,0.100486,0.103653,0.108053,0.118622,0.121886,0.127228,0.135045,0.14222,0.147265,0.151483,0.151252,0.155105,0.161025,0.163468,0.167084,0.168668,0.172549,0.177312,0.180886,0.185415,0.189218,0.194076,0.199954,0.204439,0.209164,0.224264,0.23056,0.236537,0.24279,0.252686,0.265582,0.272848,0.282126,0.290867,0.303546,0.316532,0.332632,0.347159,0.362141,0.378887,0.39151,0.406805,0.421765,0.439722,0.465787,0.482826,0.501979,0.519612,0.562012,0.571096,0.613102,0.638271,0.663304,0.712314,0.745077,0.772801,0.805036,0.842126,0.915441,0.938286,1.03068,1.09368,1.15358,1.23793,1.28588,1.39041,1.54741,1.62632,1.70397,1.79192,1.79631,1.77417,1.72843,1.58057,1.53989,1.42229,1.38324,1.34473,1.26827,1.2726,1.11777,1.0547,1.03899,0.915172,0.854408,0.794814,0.744437,0.691438,0.642331,0.560883,0.552378,0.521254,0.465171,0.449943,0.425672,0.413721,0.398789,0.379591,0.36934,0.356784,0.345309,0.333964,0.320553,0.317092,0.313797,0.305506,0.299343,0.295138,0.289177,0.285804,0.280455,0.277215,0.271677,0.269085,0.263162
4,-0.00022289,0.0112488,0.0980507,0.160366,0.127922,0.115681,0.110164,0.111218,0.116668,0.123678,0.129768,0.137855,0.143269,0.148084,0.152365,0.156485,0.158285,0.160436,0.164424,0.166457,0.169447,0.170907,0.174206,0.177855,0.179927,0.185401,0.187082,0.192922,0.196561,0.204634,0.208326,0.21471,0.222366,0.228143,0.234393,0.249583,0.255511,0.26278,0.271727,0.281085,0.300918,0.312278,0.321553,0.339267,0.351226,0.370077,0.388788,0.399923,0.418388,0.434044,0.457894,0.468562,0.499061,0.517104,0.537545,0.579234,0.599274,0.624382,0.672661,0.699954,0.725971,0.777781,0.809362,0.845218,0.901,0.948161,1.00761,1.1162,1.15912,1.24891,1.33703,1.46889,1.54721,1.72881,1.83389,1.9513,1.95595,1.92506,1.86007,1.65457,1.61607,1.48764,1.43461,1.35048,1.31365,1.29637,1.12814,1.05895,1.04597,0.919998,0.857634,0.79771,0.745734,0.691631,0.642577,0.557808,0.55014,0.515442,0.449656,0.439772,0.411265,0.398097,0.384558,0.369033,0.360431,0.345365,0.335583,0.324767,0.318597,0.313443,0.305359,0.303126,0.296657,0.294378,0.289397,0.286206,0.280867,0.278318,0.272412,0.269886,0.26577
4.05,0.0003183,-0.0113318,-0.11476,0.225349,0.161493,0.123809,0.11656,0.119368,0.125521,0.131843,0.139919,0.144978,0.15192,0.158149,0.158369,0.164295,0.165677,0.165314,0.168572,0.169921,0.171278,0.172476,0.173904,0.176756,0.179404,0.182366,0.187228,0.189982,0.196571,0.199877,0.206711,0.210633,0.216411,0.227641,0.234283,0.240042,0.251719,0.256106,0.271923,0.280726,0.289862,0.309283,0.316366,0.327071,0.339624,0.355422,0.368407,0.394023,0.403338,0.427687,0.4538,0.463914,0.494141,0.512172,0.531261,0.577183,0.596812,0.628021,0.663193,0.689885,0.726571,0.772962,0.80359,0.839636,0.88037,0.970982,1.01642,1.11248,1.20348,1.24965,1.36961,1.53068,1.7195,1.84136,2.00054,2.14977,2.14869,2.11435,2.02774,1.78995,1.66943,1.476,1.40902,1.37304,1.32486,1.30997,1.13523,1.06379,1.05107,0.923615,0.860505,0.799399,0.746564,0.691681,0.641512,0.554748,0.547267,0.511178,0.441657,0.434651,0.394563,0.377339,0.367423,0.35518,0.348181,0.326024,0.328874,0.316789,0.3136,0.305113,0.303904,0.298182,0.296786,0.292064,0.288495,0.286209,0.281359,0.279038,0.273899,0.271129,0.264864
4.1,-0.00045407,-0.0271682,-0.0655814,0.077909,0.134155,0.117656,0.119139,0.123832,0.132567,0.141729,0.148313,0.155718,0.161782,0.16588,0.171172,0.168695,0.170992,0.173397,0.171252,0.173121,0.172456,0.174005,0.174497,0.176643,0.176643,0.179861,0.18434,0.186673,0.189514,0.195065,0.199654,0.205558,0.211394,0.215769,0.224239,0.231745,0.245523,0.254162,0.26363,0.271586,0.286113,0.291726,0.299722,0.323222,0.339229,0.3567,0.368897,0.389718,0.397226,0.427205,0.442211,0.470306,0.487238,0.50569,0.52523,0.545675,0.592331,0.617953,0.641996,0.681912,0.7198,0.762566,0.792629,0.828063,0.871783,0.958079,1.00526,1.0635,1.14395,1.29322,1.29322,1.41892,1.69179,1.86817,2.03419,2.12412,2.36804,2.21233,1.91761,1.78591,1.58829,1.51769,1.43229,1.38965,1.33033,1.31394,1.14124,1.06759,1.05538,0.926349,0.862982,0.80094,0.747031,0.691564,0.640309,0.551595,0.544424,0.507143,0.435496,0.429497,0.379255,0.356785,0.349824,0.339725,0.334088,0.31476,0.3085,0.302116,0.301169,0.300478,0.296007,0.295515,0.292676,0.290743,0.288421,0.284636,0.282933,0.279957,0.274784,0.271555,0.268237
4.15,-0.00056472,-0.0133188,-0.013295,-0.019215,0.0795854,0.104036,0.116044,0.129967,0.141467,0.151615,0.16621,0.169845,0.171355,0.174009,0.179366,0.179463,0.179189,0.177599,0.177988,0.175963,0.17616,0.175598,0.175412,0.175561,0.177074,0.180163,0.18178,0.183675,0.188712,0.191368,0.194803,0.204172,0.208599,0.215721,0.223059,0.224107,0.239758,0.247596,0.254222,0.263755,0.2747,0.285244,0.302603,0.31676,0.31676,0.335589,0.352292,0.377945,0.391492,0.40234,0.416859,0.461352,0.479247,0.498455,0.518454,0.539333,0.585329,0.609129,0.63395,0.653589,0.695522,0.733388,0.779127,0.813292,0.864247,0.950332,0.999464,1.07706,1.13171,1.22111,1.32231,1.42699,1.51876,1.75656,1.88162,1.97326,1.90995,1.83608,1.83696,1.72382,1.5622,1.48575,1.39455,1.34297,1.31136,1.29634,1.14545,1.07276,1.06155,0.930857,0.866828,0.803723,0.748055,0.691145,0.638362,0.545581,0.538978,0.499265,0.423266,0.417474,0.356956,0.327679,0.321382,0.309127,0.303632,0.30002,0.295498,0.292724,0.293543,0.290457,0.291929,0.292865,0.290868,0.290453,0.28861,0.286716,0.284249,0.281039,0.278995,0.271494,0.271565
4.2,0.0000838,-0.00386114,-0.00422454,0.0015103,0.0560703,0.0926487,0.119475,0.13478,0.152213,0.163991,0.174988,0.179323,0.189579,0.190381,0.187977,0.192603,0.188544,0.186494,0.185329,0.182123,0.177349,0.176304,0.175602,0.175207,0.175545,0.176168,0.17834,0.179706,0.185926,0.186167,0.193119,0.197424,0.199714,0.204684,0.21283,0.217252,0.229914,0.239317,0.244809,0.247551,0.261891,0.271103,0.291958,0.300586,0.318352,0.334959,0.34959,0.362519,0.376966,0.399967,0.421294,0.450164,0.471027,0.491119,0.511376,0.53221,0.554069,0.600151,0.614067,0.64251,0.684298,0.71909,0.765624,0.812387,0.853415,0.894796,0.98755,1.04599,1.11697,1.17317,1.24427,1.31821,1.47246,1.56657,1.55964,1.79729,1.75361,1.71401,1.56664,1.53322,1.51603,1.42683,1.35445,1.34865,1.28961,1.2771,1.14428,1.07417,1.06344,0.932436,0.868121,0.805146,0.748573,0.690925,0.637195,0.542756,0.536475,0.49559,0.417391,0.411764,0.347502,0.316373,0.311143,0.292652,0.285933,0.281784,0.279418,0.282034,0.285133,0.285779,0.288213,0.290105,0.289952,0.289792,0.289516,0.287049,0.285321,0.280461,0.278915,0.27517,0.27386
4.25,0.00002422,-0.0009953,0.004797,0.0152858,0.0673545,0.100833,0.122675,0.148579,0.165183,0.184886,0.19392,0.206563,0.208913,0.207897,0.206969,0.209352,0.199799,0.19872,0.18825,0.187395,0.179947,0.177466,0.175556,0.174257,0.173882,0.174231,0.174935,0.177521,0.177264,0.180055,0.186582,0.187065,0.192017,0.201542,0.206557,0.215512,0.221827,0.226891,0.233816,0.242053,0.25958,0.266908,0.285267,0.289628,0.305871,0.320134,0.333559,0.344044,0.363562,0.38221,0.407896,0.41497,0.434093,0.456629,0.496884,0.517615,0.537492,0.55906,0.604946,0.64362,0.674957,0.695943,0.749751,0.777491,0.841578,0.858747,0.8943,0.977439,1.03873,1.10186,1.15539,1.29333,1.34536,1.42674,1.47517,1.51706,1.51451,1.55643,1.50627,1.44602,1.4179,1.37209,1.31089,1.30884,1.26926,1.25148,1.14255,1.07505,1.06467,0.934808,0.869013,0.807009,0.748942,0.690726,0.6368,0.540344,0.534444,0.492467,0.411837,0.406442,0.338495,0.305675,0.301302,0.273279,0.264238,0.258868,0.260044,0.270377,0.276138,0.282215,0.284648,0.287277,0.289212,0.289833,0.289332,0.288599,0.28737,0.282507,0.281283,0.277764,0.275276
4.3,-0.00001425,-0.00037372,0.00107592,0.0259993,0.0810606,0.109031,0.137023,0.159955,0.184366,0.194173,0.213837,0.229299,0.231287,0.230243,0.229471,0.225295,0.215726,0.203174,0.199885,0.190576,0.183766,0.177454,0.174528,0.171499,0.169946,0.169898,0.170031,0.170913,0.174465,0.176999,0.176227,0.17907,0.188822,0.193459,0.195621,0.208026,0.212954,0.218493,0.232501,0.240562,0.248184,0.255495,0.264216,0.278988,0.293022,0.306631,0.320607,0.337598,0.363778,0.379293,0.386218,0.413694,0.431614,0.450837,0.469941,0.510041,0.528407,0.54939,0.596248,0.618906,0.649301,0.680453,0.708799,0.771396,0.782833,0.83617,0.865766,0.936152,0.996199,1.08171,1.13447,1.18111,1.23005,1.28571,1.3848,1.4028,1.39392,1.37011,1.34476,1.3175,1.34548,1.26233,1.25794,1.26455,1.23522,1.22062,1.13847,1.07552,1.06539,0.937134,0.869564,0.808463,0.750686,0.690576,0.635273,0.538341,0.532799,0.489505,0.406649,0.401565,0.329334,0.29459,0.290266,0.253461,0.236288,0.22934,0.237862,0.257767,0.259617,0.272834,0.279799,0.284909,0.289973,0.290812,0.292499,0.291742,0.289546,0.288248,0.283219,0.281688,0.275208
4.35,-0.00001957,-0.00230327,-0.0128642,-0.0721981,0.109289,0.124544,0.145226,0.172399,0.200758,0.22238,0.236203,0.251041,0.261894,0.269199,0.259484,0.239718,0.226127,0.21777,0.205135,0.190377,0.183872,0.181137,0.17436,0.169904,0.16712,0.166679,0.166642,0.167553,0.168934,0.166804,0.172293,0.175341,0.177943,0.184408,0.186991,0.194353,0.198867,0.205827,0.212251,0.229388,0.235216,0.249205,0.252671,0.266534,0.278388,0.292153,0.306902,0.320929,0.333986,0.356866,0.368731,0.385943,0.40726,0.444366,0.452159,0.47912,0.496753,0.539001,0.562254,0.581085,0.618742,0.659583,0.695056,0.706535,0.783384,0.812678,0.861431,0.88966,0.921966,0.993591,1.04141,1.07012,1.20352,1.20454,1.2198,1.22732,1.30196,1.28502,1.26264,1.2394,1.2162,1.19687,1.20001,1.20919,1.17824,1.16365,1.12646,1.07576,1.0657,0.941559,0.870195,0.809254,0.751362,0.690509,0.638758,0.535726,0.530527,0.485137,0.398531,0.393713,0.311123,0.272454,0.267452,0.200915,0.18174,0.19619,0.213154,0.244779,0.249823,0.272416,0.281437,0.286159,0.291419,0.294778,0.295012,0.294314,0.292063,0.290713,0.287949,0.282032,0.280279
4.4,0.00000644,0.00098253,0.0143283,0.0999617,0.117914,0.132502,0.164671,0.192948,0.220463,0.257596,0.267076,0.295686,0.30153,0.294872,0.28361,0.25861,0.237557,0.230196,0.205344,0.194051,0.187543,0.179729,0.171087,0.166236,0.164106,0.163495,0.159586,0.159019,0.159081,0.161022,0.165024,0.167232,0.167692,0.178557,0.181494,0.184837,0.187404,0.198211,0.205166,0.21047,0.220458,0.22984,0.24393,0.255955,0.261669,0.280022,0.29169,0.300913,0.316984,0.342912,0.355562,0.369504,0.388604,0.416404,0.439792,0.454033,0.49062,0.500142,0.545414,0.581085,0.600845,0.620003,0.662779,0.687836,0.711118,0.79565,0.819377,0.83442,0.862006,0.960743,0.955753,1.01577,1.01748,1.08172,1.15171,1.14968,1.14217,1.19809,1.18001,1.16403,1.1441,1.12461,1.12328,1.16106,1.14892,1.14764,1.13477,1.07656,1.06815,0.949158,0.868991,0.812142,0.754256,0.689437,0.635349,0.534345,0.532213,0.484544,0.394613,0.39345,0.308312,0.261192,0.259677,0.159458,0.114322,0.156975,0.187105,0.22821,0.245929,0.270916,0.286504,0.288474,0.297316,0.297673,0.297971,0.298078,0.294707,0.291927,0.290654,0.284587,0.282685
4.45,0.00000822,0.00129893,0.0124149,0.0183953,0.0816368,0.123679,0.170468,0.209674,0.244793,0.27595,0.330817,0.353492,0.344086,0.33617,0.319136,0.284058,0.253778,0.233855,0.218935,0.202901,0.187266,0.173482,0.166214,0.16292,0.15746,0.154909,0.156177,0.154606,0.154111,0.154464,0.155554,0.159556,0.15986,0.16369,0.165235,0.173817,0.18081,0.18654,0.192098,0.196056,0.211912,0.22143,0.222166,0.238735,0.246654,0.255981,0.276301,0.294248,0.311914,0.326668,0.341409,0.351062,0.366166,0.397807,0.409953,0.439358,0.453456,0.490506,0.504436,0.549249,0.584465,0.603611,0.623563,0.667259,0.690857,0.715494,0.751568,0.811903,0.811841,0.864862,0.895864,0.962074,0.952718,1.00048,1.00139,1.0063,1.02321,1.00603,1.02871,1.01907,1.00666,1.05992,1.04096,1.08979,1.10601,1.15275,1.18486,1.07772,1.05325,0.976838,0.874881,0.841807,0.760606,0.69389,0.636717,0.544942,0.513739,0.464304,0.406838,0.372144,0.290646,0.271052,0.232124,0.0945636,0.0272932,0.114046,0.161071,0.230011,0.261795,0.280351,0.289435,0.30029,0.301071,0.303507,0.299833,0.302201,0.298573,0.296836,0.293615,0.290837,0.285202
4.5,-0.00005048,-0.00379859,-0.006111,0.020587,0.0684165,0.117619,0.184968,0.222054,0.273025,0.312265,0.368814,0.430161,0.432537,0.397357,0.386418,0.309752,0.270513,0.250484,0.221088,0.193824,0.183787,0.169505,0.163231,0.157288,0.152952,0.152315,0.144108,0.149579,0.148564,0.148551,0.151479,0.152633,0.154036,0.15558,0.15667,0.159551,0.169965,0.175798,0.178701,0.1872,0.201488,0.199827,0.211053,0.214702,0.235502,0.242615,0.250297,0.267734,0.283803,0.301071,0.314201,0.337139,0.369774,0.381398,0.393354,0.417999,0.427614,0.464774,0.485108,0.510358,0.523583,0.545943,0.605607,0.605536,0.668315,0.695016,0.715984,0.71325,0.748051,0.815285,0.832841,0.845086,0.902994,0.895223,0.940141,0.940495,0.924094,0.90108,0.942298,0.942859,0.936161,0.915498,0.915256,0.924933,1.0364,1.34522,1.3221,1.02588,1.16827,1.08863,0.847032,1.00085,0.839449,0.672511,0.788639,0.412907,0.678075,0.619891,0.245856,0.555569,0.263905,0.0831788,0.424996,-0.0170103,-0.259344,0.123309,0.180841,0.257078,0.266908,0.297367,0.305922,0.310717,0.307398,0.310023,0.309629,0.305608,0.303563,0.300226,0.299654,0.293901,0.291637
4.55,-0.00004092,-0.00599666,-0.041,-0.104026,0.0387158,0.126106,0.183573,0.241298,0.282982,0.360417,0.435338,0.488806,0.524217,0.583983,0.459733,0.346,0.277128,0.234462,0.220108,0.199964,0.1752,0.165523,0.161864,0.149067,0.149745,0.141467,0.139048,0.137524,0.134285,0.136296,0.136907,0.137909,0.139157,0.140741,0.146006,0.15156,0.161569,0.16107,0.163219,0.172647,0.175816,0.179216,0.193523,0.198795,0.211122,0.230585,0.241874,0.244505,0.275358,0.282559,0.291239,0.318988,0.326219,0.350505,0.365211,0.405952,0.40848,0.448372,0.467508,0.475799,0.504739,0.525868,0.545811,0.583273,0.601727,0.621871,0.660587,0.704153,0.704153,0.763622,0.781829,0.806102,0.783472,0.799923,0.829903,0.815603,0.836623,0.841978,0.85645,0.791802,0.781898,0.777268,0.800478,0.840949,0.835546,0.34521,0.234781,0.339082,0.421623,0.119097,0.27723,0.12786,0.0898674,0.239288,0.0797276,0.0731554,0.191148,0.055666,0.033823,0.26052,0.0388051,-0.0174157,0.221754,0.0675699,-0.0255535,0.220476,0.216922,0.274761,0.302997,0.316447,0.322665,0.325007,0.318734,0.318802,0.316908,0.313797,0.308936,0.309309,0.303858,0.297972,0.291775
4.6,0.00001705,-0.0045938,-0.0266816,-0.0280096,0.053099,0.130901,0.20216,0.251939,0.320485,0.381334,0.455251,0.601139,0.651201,0.777274,0.510903,0.375693,0.274709,0.248442,0.200955,0.178122,0.167159,0.161587,0.149758,0.144789,0.138244,0.135551,0.133223,0.131047,0.123423,0.127855,0.130061,0.130757,0.131767,0.133197,0.135157,0.142305,0.14713,0.14884,0.151429,0.158847,0.163546,0.168638,0.177387,0.190252,0.196662,0.204148,0.222034,0.232417,0.243591,0.269929,0.291239,0.301517,0.311339,0.33667,0.351236,0.377621,0.394264,0.409522,0.423872,0.451599,0.481841,0.505788,0.523966,0.54184,0.559538,0.596949,0.620794,0.648087,0.660591,0.673675,0.685176,0.716308,0.729962,0.741724,0.752198,0.75432,0.76694,0.734031,0.726756,0.721413,0.713906,0.691658,0.706738,0.656509,0.590639,0.479242,0.346034,0.29233,0.268933,0.191799,0.178778,0.172299,0.117616,0.128347,0.102001,0.0730281,0.0696261,0.0491904,0.032303,0.0664977,0.0397135,0.0481839,0.0575821,0.0767545,0.362308,0.357917,0.370473,0.342189,0.337665,0.339934,0.344,0.333348,0.332606,0.328757,0.325022,0.320205,0.321183,0.314816,0.308654,0.302204,0.295721
4.65,0.00001079,-0.00112806,0.00919508,0.0461033,0.0817546,0.146808,0.209362,0.262077,0.32789,0.40636,0.489454,0.548565,0.793072,1.23562,0.913702,0.704797,0.654249,0.61507,0.583483,0.535481,0.518509,0.503401,0.491395,0.477037,0.47273,0.469713,0.468156,0.468437,0.471134,0.474847,0.479847,0.492089,0.499656,0.508255,0.517962,0.540581,0.552843,0.566278,0.580741,0.612237,0.629772,0.648351,0.667918,0.709488,0.731237,0.753911,0.776939,0.825252,0.850272,0.876141,0.929571,0.955836,0.980884,1.00713,1.06095,1.08995,1.11807,1.1444,1.19658,1.22153,1.24498,1.27159,1.32821,1.35492,1.38132,1.40814,1.46418,1.48957,1.51538,1.53743,1.58089,1.60101,1.6194,1.63555,1.65957,1.66892,1.67386,1.67183,1.66678,1.66129,1.6532,1.64247,1.61399,1.57345,1.51613,1.44569,1.30724,1.26518,1.22885,1.1582,1.13282,1.1044,1.07133,1.0261,1.00111,0.975866,0.956758,0.885979,0.848741,0.810631,0.75559,0.644545,0.611722,0.681781,0.679827,0.537497,0.413986,0.381002,0.38268,0.374176,0.365475,0.356623,0.345876,0.34454,0.336806,0.3287,0.326408,0.319136,0.313344,0.306393,0.2995
4.7,-0.00003437,-0.00180852,0.00219846,0.0337618,0.0892561,0.150079,0.201919,0.268875,0.32966,0.414019,0.456671,0.556227,0.630954,0.636333,0.879182,0.951424,0.928974,0.902948,0.87904,0.842396,0.829079,0.819127,0.811934,0.805271,0.805416,0.807719,0.812059,0.826497,0.836254,0.847787,0.861043,0.892571,0.910791,0.930602,0.951956,0.999302,1.02538,1.05294,1.08188,1.14373,1.17643,1.21009,1.24478,1.31678,1.35373,1.39104,1.42857,1.50408,1.54189,1.57942,1.6536,1.6907,1.72743,1.76383,1.83541,1.87079,1.9063,1.94171,2.01171,2.04656,2.08111,2.11525,2.18311,2.21677,2.25011,2.28285,2.34565,2.37643,2.40705,2.43649,2.49013,2.51426,2.53635,2.556,2.58832,2.59998,2.60887,2.61581,2.61786,2.61406,2.60697,2.59594,2.55538,2.52527,2.48466,2.43251,2.31568,2.2633,2.21729,2.13872,2.1038,2.06865,2.03447,1.96966,1.93885,1.90974,1.8782,1.78647,1.72742,1.65983,1.58508,1.41275,1.28263,1.02502,0.594395,0.544849,0.465711,0.448644,0.422196,0.385978,0.37551,0.369163,0.36506,0.351754,0.345337,0.341126,0.329114,0.323701,0.31675,0.310776,0.30924
4.75,-0.00007033,-0.00511692,-0.0218515,-0.0958589,0.094514,0.148541,0.208585,0.267371,0.323377,0.396308,0.45684,0.521031,0.577316,0.40017,0.218161,0.170497,0.156647,0.146526,0.138567,0.126559,0.121928,0.118026,0.114753,0.10981,0.108024,0.106634,0.1056,0.104489,0.104384,0.104565,0.105029,0.106805,0.108132,0.109769,0.111742,0.116793,0.119915,0.123474,0.1275,0.137071,0.142685,0.148901,0.15574,0.171317,0.180049,0.189403,0.199366,0.220978,0.23251,0.244489,0.269711,0.282817,0.296178,0.309752,0.337496,0.351691,0.366041,0.38048,0.409533,0.424069,0.43855,0.452973,0.481526,0.49552,0.509185,0.522408,0.54752,0.55944,0.570675,0.58093,0.5979,0.604421,0.609455,0.612903,0.614654,0.612692,0.608897,0.603109,0.584598,0.571979,0.556956,0.539059,0.492191,0.462434,0.427458,0.387207,0.299557,0.258096,0.220572,0.157416,0.131212,0.107694,0.086428,0.048895,0.041064,0.0326598,0.0234093,0.0120944,0.00946251,0.00730688,0.00547548,0.00225934,0.00517043,-0.0343389,0.514438,0.531481,0.506303,0.452689,0.434122,0.400126,0.394419,0.380458,0.376539,0.369839,0.360037,0.350576,0.343028,0.329323,0.321636,0.319894,0.313475
4.8,-0.00004276,-0.00177102,-0.00498724,0.0285779,0.100148,0.14821,0.196647,0.256949,0.307823,0.365245,0.425454,0.484041,0.586928,0.899989,0.792017,0.73717,0.738623,0.740047,0.740464,0.741172,0.742597,0.745155,0.749,0.760873,0.768994,0.778611,0.789747,0.816669,0.832501,0.84994,0.868998,0.911971,0.935857,0.961302,0.988259,1.04644,1.07749,1.10972,1.14303,1.21242,1.24826,1.28471,1.32162,1.39628,1.43374,1.47109,1.50824,1.5815,1.61747,1.65297,1.72252,1.75657,1.79016,1.82329,1.88837,1.92041,1.95213,1.98355,2.04548,2.07596,2.1061,2.13589,2.19433,2.22287,2.25085,2.27819,2.33075,2.35583,2.37992,2.40282,2.4443,2.46255,2.47894,2.49332,2.51549,2.52302,2.52802,2.53033,2.52622,2.51947,2.50929,2.49531,2.45415,2.42625,2.39327,2.35565,2.27208,2.22962,2.1884,2.11101,2.07448,2.03923,2.00553,1.93156,1.87581,1.80658,1.72938,1.56168,1.47277,1.38003,1.28615,1.09418,0.999657,0.944457,0.819665,0.540884,0.501444,0.477562,0.457715,0.424142,0.407515,0.390055,0.386825,0.372279,0.370593,0.3512,0.342552,0.341396,0.326689,0.324883,0.315576
4.85,0.00000209,-0.00019632,0.00428747,0.0124067,0.0754945,0.135564,0.182074,0.238818,0.298002,0.337162,0.384852,0.420321,0.436235,0.329824,0.545801,0.691642,0.709122,0.716774,0.721247,0.729474,0.734705,0.741027,0.748561,0.767595,0.779221,0.792318,0.806927,0.840802,0.860106,0.880991,0.903442,0.952894,0.97978,1.00801,1.03748,1.09979,1.13242,1.16591,1.20014,1.27045,1.30631,1.34249,1.37888,1.45175,1.48801,1.524,1.55964,1.6296,1.66385,1.69761,1.76367,1.79601,1.82791,1.85941,1.92133,1.95182,1.98201,2.01191,2.07081,2.09979,2.12843,2.15671,2.21208,2.23906,2.26546,2.29122,2.3406,2.36403,2.38644,2.40764,2.44581,2.46248,2.47735,2.49028,2.50983,2.51621,2.52015,2.52152,2.51595,2.50871,2.49819,2.48409,2.44375,2.41696,2.38565,2.35022,2.27136,2.23078,2.191,2.11559,2.07982,2.0451,2.01201,1.94596,1.89581,1.83546,1.76611,1.61248,1.53072,1.44547,1.3554,1.16224,1.05517,0.910811,0.525312,0.53793,0.510486,0.490089,0.459832,0.442122,0.422286,0.404849,0.401808,0.387549,0.373759,0.366861,0.349618,0.339847,0.338297,0.330253,0.320319
4.9,0.00000898,-0.00054552,-0.00093437,0.00973228,0.0635665,0.126424,0.177188,0.223298,0.271809,0.31933,0.360846,0.402029,0.422129,0.278447,0.12647,0.0999904,0.0938372,0.0899395,0.0872631,0.0835758,0.0821418,0.0808929,0.0798183,0.078198,0.0776609,0.077313,0.0771624,0.0774991,0.078017,0.0787923,0.0798447,0.0828594,0.0848593,0.0872118,0.0899355,0.0965827,0.100557,0.105005,0.109958,0.121508,0.128161,0.135425,0.143308,0.160906,0.17057,0.180755,0.191408,0.213881,0.225589,0.237543,0.262009,0.274447,0.286981,0.299588,0.324927,0.337609,0.350265,0.362865,0.387783,0.400037,0.41211,0.423962,0.446816,0.457711,0.468175,0.478151,0.496374,0.504451,0.511705,0.51803,0.527493,0.530442,0.532081,0.532324,0.52829,0.523853,0.517694,0.509726,0.488005,0.474056,0.457886,0.439349,0.394651,0.368373,0.339594,0.308663,0.24303,0.210061,0.178088,0.119446,0.0933602,0.0679073,0.0479064,0.0237774,0.0157531,0.0123833,0.00903259,0.00420334,0.0026546,0.00163024,0.00099308,0.00018771,0.00388035,-0.034237,0.478804,0.528749,0.516228,0.491279,0.480776,0.45811,0.44041,0.420693,0.405578,0.392279,0.382784,0.374493,0.35687,0.347035,0.336223,0.328087,0.325921
4.95,-0.00001533,-0.00127772,-0.00708893,-0.025734,0.0467753,0.118042,0.17004,0.204492,0.258209,0.304801,0.337608,0.365026,0.399602,0.765472,0.661533,0.598236,0.60816,0.621855,0.635668,0.662627,0.676502,0.691131,0.706766,0.74174,0.761324,0.78242,0.805073,0.855033,0.88223,0.910769,0.940516,1.00306,1.03558,1.06878,1.10258,1.1717,1.20692,1.24252,1.27843,1.35092,1.38732,1.42369,1.45991,1.5314,1.56642,1.60083,1.63456,1.69987,1.73147,1.7624,1.8224,1.85157,1.88024,1.90845,1.96361,1.99061,2.01724,2.0435,2.09491,2.12003,2.14474,2.169,2.21603,2.23871,2.26075,2.28208,2.32236,2.34112,2.35882,2.37535,2.40443,2.41675,2.42746,2.43642,2.44871,2.45183,2.45278,2.45145,2.44148,2.43258,2.42089,2.40627,2.36776,2.34381,2.31685,2.28717,2.2216,2.1869,2.15168,2.08127,2.047,2.0122,1.96882,1.83821,1.76397,1.68821,1.61068,1.45019,1.36919,1.28815,1.20733,1.05095,0.977346,0.933456,0.77916,0.550329,0.524026,0.506783,0.486546,0.466331,0.452044,0.433298,0.415567,0.402521,0.390291,0.377358,0.365843,0.35537,0.345594,0.334972,0.329491
5,-0.00001771,-0.00082206,-0.00367063,-0.00759362,0.0490428,0.106569,0.161019,0.193863,0.235045,0.278723,0.308593,0.330337,0.289759,-0.120867,0.214942,0.321311,0.33607,0.344972,0.352299,0.368366,0.37765,0.387762,0.398686,0.422997,0.436391,0.450581,0.465509,0.497232,0.513832,0.530804,0.548077,0.583367,0.601357,0.61959,0.63809,0.675993,0.695435,0.715213,0.735322,0.776464,0.797439,0.81862,0.839943,0.88269,0.903956,0.925062,0.94596,0.98704,1.0072,1.02711,1.06622,1.08543,1.10441,1.12319,1.16009,1.17822,1.19611,1.21375,1.24823,1.26502,1.28146,1.29753,1.32836,1.34303,1.35713,1.37061,1.39541,1.40658,1.41681,1.42603,1.44106,1.4467,1.45098,1.4538,1.45479,1.45278,1.449,1.44336,1.42618,1.41445,1.40052,1.3843,1.34482,1.32159,1.29619,1.26886,1.20991,1.17926,1.14848,1.08786,1.05933,1.03422,1.00635,0.943067,0.907217,0.870336,0.832969,0.756376,0.716065,0.675064,0.633978,0.549062,0.499456,0.443424,0.51566,0.541412,0.534979,0.514713,0.493503,0.473882,0.460534,0.442981,0.415701,0.405654,0.393649,0.383936,0.370879,0.361944,0.350537,0.342246,0.329943
5.05,0.00000371,-0.00015993,0.00471164,0.0251408,0.0592488,0.0994982,0.147749,0.187146,0.225713,0.256952,0.287792,0.332356,0.366344,0.779554,0.436936,0.327992,0.312086,0.309497,0.314772,0.335266,0.347678,0.360987,0.37517,0.406199,0.422936,0.440324,0.458198,0.494757,0.513182,0.531596,0.54997,0.586662,0.605074,0.623619,0.642372,0.680748,0.700443,0.720492,0.740893,0.782709,0.80407,0.825651,0.847352,0.890626,0.91197,0.93301,0.9537,0.993978,1.01358,1.03284,1.07042,1.08878,1.10686,1.12468,1.15954,1.17657,1.19333,1.20981,1.24183,1.25733,1.27245,1.28716,1.31519,1.32841,1.34105,1.35303,1.37481,1.38446,1.39319,1.40093,1.41309,1.41737,1.42034,1.42193,1.42066,1.41765,1.41295,1.4065,1.38801,1.37584,1.36162,1.34531,1.30631,1.28369,1.25913,1.23281,1.17604,1.14627,1.11613,1.05561,1.02255,0.989149,0.949738,0.874701,0.837315,0.79982,0.762202,0.689284,0.652957,0.616568,0.581218,0.511521,0.464163,0.429399,0.558056,0.548461,0.534386,0.514705,0.500971,0.481665,0.463742,0.438955,0.423169,0.412537,0.399307,0.389858,0.376449,0.363094,0.353984,0.341202,0.332424
5.1,0.00003136,-0.00136524,-0.00383478,0.0110114,0.0533417,0.0965721,0.140411,0.177305,0.218021,0.252139,0.269357,0.301663,0.405772,0.731306,0.623239,0.537855,0.549021,0.570821,0.596353,0.651159,0.680107,0.710354,0.74196,0.808705,0.843319,0.878346,0.913495,0.983281,1.01766,1.05164,1.08526,1.15179,1.18491,1.21811,1.25146,1.31884,1.35284,1.38701,1.42129,1.48995,1.52414,1.55802,1.59142,1.65606,1.68707,1.71717,1.74636,1.80223,1.82904,1.85518,1.90574,1.93025,1.9543,1.97792,2.02395,2.04639,2.06844,2.09011,2.13225,2.15268,2.17265,2.19213,2.22947,2.24724,2.26433,2.2807,2.31098,2.32476,2.33752,2.34919,2.36891,2.3768,2.38326,2.38822,2.39327,2.39321,2.39132,2.3875,2.3738,2.36376,2.35149,2.33694,2.30087,2.27939,2.25573,2.23003,2.17346,2.14315,2.1119,2.04808,2.01018,1.95464,1.88821,1.74982,1.67928,1.60767,1.53522,1.3908,1.3185,1.24637,1.17217,1.03619,0.953923,0.798117,0.624421,0.573143,0.546904,0.523615,0.502993,0.489405,0.458763,0.446648,0.430297,0.414346,0.40389,0.393372,0.382034,0.368199,0.359259,0.347024,0.335535
5.15,0.00006559,-0.00304899,-0.0150906,-0.0661268,0.0401334,0.08899,0.128515,0.16813,0.205885,0.238379,0.261285,0.280692,0.256333,-0.199375,0.137744,0.290195,0.32062,0.340943,0.357553,0.391364,0.40956,0.428192,0.44698,0.484123,0.502213,0.519914,0.537224,0.570828,0.58727,0.603598,0.619897,0.652775,0.66955,0.686656,0.704133,0.740205,0.75877,0.777684,0.796956,0.836539,0.856722,0.877002,0.897225,0.937001,0.956402,0.975436,0.994102,1.03039,1.04804,1.0654,1.09928,1.11583,1.13212,1.14817,1.1795,1.19477,1.20976,1.22446,1.25288,1.26656,1.27985,1.29271,1.31699,1.32833,1.33908,1.34917,1.36719,1.37499,1.38191,1.38788,1.3967,1.39943,1.40095,1.40119,1.3976,1.39364,1.38815,1.38107,1.36192,1.34974,1.33575,1.31994,1.28278,1.26151,1.23856,1.2141,1.16151,1.13398,1.10589,1.05204,1.02449,0.99434,0.962446,0.892828,0.857727,0.822391,0.786834,0.713849,0.677837,0.64239,0.60989,0.535497,0.511203,0.577196,0.443593,0.555374,0.547313,0.525189,0.510866,0.490891,0.465632,0.447942,0.436447,0.419739,0.403971,0.390724,0.377827,0.373883,0.360315,0.351264,0.339452
5.2,0.00004658,-0.00273774,-0.00373662,-0.0013762,0.0514411,0.0876683,0.124911,0.160618,0.188732,0.220913,0.243165,0.289999,0.337843,0.756515,0.427659,0.334684,0.321471,0.321199,0.333068,0.376719,0.401342,0.425536,0.448977,0.49219,0.511621,0.530097,0.547567,0.579908,0.595641,0.611212,0.626724,0.658196,0.674494,0.691301,0.708618,0.744552,0.763083,0.782029,0.801476,0.841987,0.862827,0.883734,0.904447,0.944596,0.963885,0.982643,1.0009,1.03608,1.05307,1.06971,1.10202,1.11773,1.13315,1.14829,1.17773,1.19201,1.20599,1.21965,1.24593,1.2585,1.27066,1.28237,1.30432,1.31448,1.32403,1.33293,1.34857,1.3552,1.36097,1.36581,1.3725,1.37422,1.37479,1.37414,1.36895,1.3643,1.35821,1.35062,1.33071,1.3183,1.30419,1.28836,1.25146,1.23043,1.20774,1.18351,1.13112,1.10349,1.07531,1.01304,0.977944,0.943284,0.906598,0.837457,0.8044,0.769843,0.734766,0.668876,0.636107,0.603928,0.571817,0.509295,0.48152,0.453733,0.622832,0.565783,0.540357,0.532212,0.504331,0.484526,0.471905,0.453589,0.435863,0.424922,0.407388,0.400198,0.383321,0.379949,0.356783,0.347067,0.335489
5.25,0.00001605,-0.0006243,0.00438158,0.00914616,0.0444064,0.0863013,0.121042,0.150841,0.180398,0.211137,0.232849,0.260487,0.281194,0.0518462,0.258221,0.551988,0.659765,0.750418,0.82424,0.933934,0.976833,1.01454,1.04816,1.10745,1.13488,1.16112,1.18668,1.23734,1.26252,1.28785,1.31365,1.36767,1.39583,1.42451,1.45347,1.51189,1.54154,1.57166,1.60225,1.66368,1.6936,1.72249,1.7502,1.80216,1.82658,1.85013,1.8729,1.91648,1.93744,1.95792,1.99758,2.01683,2.03571,2.05424,2.09025,2.10773,2.12484,2.14158,2.17386,2.18936,2.20439,2.21892,2.24635,2.25917,2.27133,2.28278,2.30337,2.3124,2.32051,2.32764,2.33874,2.34259,2.34523,2.3466,2.34529,2.3425,2.33821,2.33236,2.3158,2.30498,2.29242,2.27809,2.24402,2.22431,2.20286,2.17977,2.12922,2.10219,2.07434,2.00169,1.94539,1.88395,1.82374,1.69491,1.62699,1.56023,1.49401,1.35884,1.29233,1.2261,1.16067,1.03045,0.964633,0.893514,0.6363,0.572923,0.546174,0.53743,0.517409,0.490652,0.471097,0.458799,0.44048,0.429266,0.412223,0.395692,0.38089,0.377934,0.36606,0.353373,0.338935
5.3,0.00004078,0.00181491,0.00717287,0.0151274,0.0440937,0.0800441,0.115769,0.148087,0.176919,0.207557,0.235565,0.255817,0.256313,-0.240983,0.0668959,0.305649,0.373278,0.418809,0.452565,0.505319,0.524108,0.540882,0.556188,0.583962,0.59695,0.609654,0.622384,0.648043,0.660869,0.673872,0.687242,0.716167,0.731591,0.747496,0.763755,0.797059,0.814375,0.832374,0.851146,0.890325,0.910016,0.929351,0.948176,0.984162,1.00137,1.01811,1.03444,1.06597,1.08123,1.0962,1.1253,1.13944,1.15332,1.16693,1.19334,1.20611,1.21857,1.23072,1.25396,1.26501,1.27564,1.28583,1.30471,1.31334,1.32138,1.32878,1.34148,1.3467,1.35109,1.3546,1.35881,1.3594,1.35891,1.3573,1.35051,1.34523,1.33863,1.33066,1.31044,1.29811,1.28425,1.26883,1.23327,1.21314,1.1915,1.16845,1.1188,1.09257,1.06653,1.01282,0.982937,0.951118,0.916597,0.854245,0.818043,0.784282,0.750449,0.682925,0.649542,0.616093,0.583159,0.517591,0.481324,0.441161,0.49549,0.560339,0.551687,0.534977,0.522933,0.502646,0.476743,0.456991,0.445076,0.426903,0.41708,0.402027,0.391075,0.375716,0.364389,0.352135,0.340259
5.35,0.00002993,0.00301193,0.0073368,0.0112473,0.0376303,0.0754292,0.108424,0.139228,0.170093,0.201423,0.220558,0.251272,0.341767,0.743378,0.447907,0.311728,0.296441,0.302507,0.322456,0.377792,0.406544,0.434558,0.461694,0.513328,0.537672,0.561001,0.583519,0.627023,0.64796,0.666641,0.681722,0.716607,0.733726,0.75073,0.766717,0.798719,0.815601,0.83377,0.853509,0.89569,0.916528,0.936552,0.955664,0.991402,1.00823,1.02448,1.04024,1.07049,1.08507,1.09932,1.1269,1.14026,1.15333,1.16613,1.19083,1.20273,1.21432,1.22556,1.24696,1.25708,1.26676,1.27599,1.29297,1.30064,1.30772,1.31417,1.32502,1.32933,1.33284,1.33551,1.33813,1.33799,1.33682,1.33458,1.3267,1.32097,1.31399,1.30571,1.2851,1.27267,1.25879,1.2434,1.20797,1.18787,1.16615,1.14282,1.09203,1.06475,1.03513,0.97368,0.942816,0.911773,0.880263,0.816854,0.785141,0.754767,0.721499,0.63837,0.609004,0.581303,0.564779,0.514112,0.502246,0.461201,0.63259,0.56628,0.553748,0.541106,0.521687,0.508159,0.487477,0.461739,0.453939,0.431212,0.414879,0.407048,0.39326,0.37271,0.35959,0.35061,0.341669
5.4,0.00000074,0.00198605,0.00472331,0.0119399,0.0345028,0.0680129,0.0986272,0.128539,0.158294,0.194457,0.218411,0.242926,0.274541,0.0278791,0.243017,0.583808,0.690248,0.770749,0.834593,0.937519,0.98362,1.02788,1.07055,1.15163,1.19045,1.22836,1.26537,1.33607,1.36971,1.40374,1.43902,1.4964,1.52206,1.54602,1.57048,1.62169,1.65007,1.68057,1.71182,1.7704,1.79675,1.82133,1.84444,1.88724,1.90731,1.92667,1.94542,1.98141,1.99874,2.01569,2.04851,2.06442,2.08001,2.09526,2.12479,2.13905,2.15295,2.16648,2.19235,2.20465,2.21649,2.22783,2.24892,2.2586,2.26765,2.27604,2.29064,2.29677,2.30207,2.30648,2.31247,2.31396,2.31438,2.31369,2.3088,2.30451,2.29894,2.29203,2.27404,2.26287,2.2502,2.236,2.20281,2.18375,2.16302,2.14062,2.09144,2.06547,2.03469,1.93381,1.87743,1.81972,1.76079,1.6398,1.57831,1.51515,1.45499,1.35282,1.29041,1.22704,1.15316,1.02528,0.949615,0.90329,0.661279,0.588423,0.566089,0.53525,0.529745,0.507202,0.492813,0.470823,0.4455,0.437379,0.417079,0.404844,0.388845,0.373732,0.364318,0.351219,0.344099
5.45,-0.00000509,0.00061627,0.0004102,-0.0007426,0.0247796,0.0620907,0.0926219,0.120563,0.156572,0.178787,0.214633,0.245309,0.260132,0.203159,-0.0146228,0.00187209,0.00211067,0.00231464,0.00256732,0.00317389,0.00351934,0.00391672,0.00434587,0.00523351,0.00573088,0.00624997,0.0067834,0.008074,0.00897205,0.0100868,0.0115898,0.0166648,0.0194364,0.0228017,0.026203,0.0322542,0.0373979,0.0464222,0.059204,0.0853209,0.0978362,0.109857,0.12144,0.143514,0.154085,0.164384,0.174432,0.193846,0.203229,0.212399,0.2301,0.23863,0.246936,0.255004,0.270386,0.277678,0.284686,0.291388,0.303795,0.309459,0.314736,0.3196,0.327981,0.33144,0.334373,0.336751,0.339718,0.340242,0.340079,0.339196,0.335136,0.331895,0.327798,0.322808,0.310013,0.302146,0.293255,0.283301,0.260043,0.246659,0.232051,0.216173,0.180379,0.160326,0.138723,0.115454,0.0631882,0.0393754,0.0247857,0.0159819,0.0125926,0.00972169,0.00714764,0.00344499,0.0022668,0.00154799,0.00115472,0.00069203,0.00060362,0.00049467,0.00047005,-0.00001016,0.00402633,-0.0367143,0.377944,0.572873,0.565097,0.545967,0.523197,0.499029,0.484462,0.475934,0.454793,0.441844,0.420688,0.40869,0.38918,0.378149,0.361816,0.353472,0.339868
5.5,-0.00005389,-0.00115894,-0.00350137,-0.00492504,0.0199433,0.0503354,0.0824133,0.107307,0.142883,0.167248,0.214859,0.255573,0.33112,0.63631,0.654069,0.538241,0.50735,0.493445,0.49132,0.513815,0.536616,0.563722,0.601943,0.691354,0.748369,0.810132,0.881473,1.04178,1.12235,1.20085,1.27548,1.41242,1.47435,1.53163,1.58298,1.6664,1.70991,1.74941,1.78275,1.83727,1.8602,1.88133,1.90113,1.93783,1.95508,1.97175,1.98792,2.01901,2.03398,2.04861,2.07691,2.09061,2.10398,2.11704,2.14219,2.15429,2.16602,2.17739,2.19895,2.2091,2.2188,2.22803,2.24493,2.25255,2.25957,2.26596,2.27672,2.28101,2.28453,2.28723,2.29007,2.29013,2.28922,2.28732,2.28035,2.27523,2.26897,2.26153,2.24292,2.23166,2.21905,2.20502,2.17245,2.1537,2.13313,2.11049,2.05699,2.02608,1.98515,1.90076,1.85782,1.81412,1.7698,1.67872,1.63194,1.58371,1.53384,1.42504,1.36531,1.29922,1.2249,1.04773,0.946218,0.858605,0.664258,0.575917,0.570382,0.547887,0.532683,0.507212,0.489812,0.468476,0.462776,0.433949,0.412651,0.400367,0.391739,0.381195,0.363953,0.355257,0.341621
5.55,-0.00003477,-0.00055388,-0.00754776,-0.0291046,0.0127852,0.0486397,0.0714381,0.0897634,0.117614,0.152315,0.177064,0.226131,0.322207,0.333037,0.369702,0.409092,0.428685,0.452763,0.48074,0.554596,0.599955,0.640113,0.691906,0.812532,0.884148,0.959324,1.04154,1.19645,1.26728,1.33324,1.39513,1.5089,1.56077,1.60832,1.64966,1.72902,1.76874,1.80078,1.82917,1.87548,1.89559,1.91445,1.93233,1.96589,1.9818,1.99723,2.01226,2.04124,2.05524,2.06892,2.09544,2.10828,2.12081,2.13303,2.15658,2.16789,2.17885,2.18945,2.20949,2.21891,2.22788,2.23639,2.25187,2.2588,2.26514,2.27087,2.28036,2.28404,2.28697,2.2891,2.29088,2.29046,2.28911,2.28677,2.27907,2.27364,2.26712,2.25945,2.24051,2.22915,2.21648,2.20245,2.16998,2.15135,2.13094,2.10853,2.05586,2.02329,1.98432,1.90111,1.85832,1.81471,1.77043,1.67924,1.6324,1.58404,1.53446,1.42561,1.36636,1.3011,1.22776,1.05019,0.938701,0.794265,0.622084,0.597137,0.573258,0.552105,0.533319,0.514461,0.499168,0.479225,0.446202,0.430128,0.412159,0.399608,0.391777,0.373313,0.365124,0.35033,0.338136
5.6,-0.00001658,0.00160003,0.00275277,0.0118377,0.0274869,0.0427564,0.064882,0.0814294,0.0905701,0.129958,0.16093,0.175446,0.164847,0.213607,0.262467,0.355874,0.405881,0.454116,0.503021,0.613761,0.673723,0.743025,0.816583,0.941299,1.0236,1.10447,1.18409,1.31954,1.37985,1.4359,1.48903,1.587,1.63168,1.67226,1.70752,1.78456,1.81757,1.84515,1.86906,1.90923,1.92722,1.94428,1.96061,1.99153,2.00627,2.02063,2.03465,2.06176,2.07486,2.08768,2.11258,2.12463,2.13637,2.14783,2.1699,2.18048,2.19072,2.2006,2.21924,2.22797,2.23626,2.2441,2.25827,2.26455,2.27026,2.27538,2.28369,2.28682,2.2892,2.29081,2.29162,2.29076,2.28899,2.28627,2.27789,2.27219,2.26543,2.25756,2.23832,2.22687,2.21415,2.2001,2.16772,2.14918,2.12891,2.10667,2.05451,2.02118,1.98307,1.90079,1.85804,1.8144,1.77003,1.67848,1.63139,1.58274,1.53298,1.4245,1.36588,1.30187,1.23024,1.0554,0.94006,0.79456,0.627253,0.607857,0.599003,0.557492,0.537527,0.508843,0.492647,0.477388,0.446879,0.43338,0.409908,0.394204,0.388292,0.371382,0.356086,0.349844,0.337762
5.65,-0.00003771,0.00318918,0.0116037,0.0241495,0.0323091,0.040765,0.0510033,0.0599736,0.0792805,0.0963817,0.108779,0.121782,0.141299,0.137201,0.207973,0.340054,0.406965,0.475707,0.546662,0.688182,0.760964,0.848691,0.926851,1.08039,1.15358,1.23215,1.30099,1.41761,1.46969,1.51878,1.56534,1.65227,1.6917,1.72773,1.75995,1.83268,1.85974,1.88336,1.90375,1.93938,1.95569,1.9713,1.98634,2.01499,2.02871,2.04213,2.05526,2.08068,2.09296,2.10501,2.12844,2.13975,2.15077,2.16151,2.18222,2.19213,2.20169,2.2109,2.22825,2.23633,2.244,2.25121,2.26416,2.26984,2.27497,2.27952,2.28676,2.28936,2.29123,2.29236,2.29229,2.29104,2.28889,2.2858,2.27681,2.27087,2.26389,2.25584,2.23633,2.2248,2.21203,2.19798,2.16567,2.1472,2.12704,2.10493,2.05304,2.01927,1.98158,1.89983,1.85701,1.81321,1.76859,1.67641,1.62888,1.57981,1.52934,1.42184,1.36391,1.30159,1.23259,1.06443,0.955408,0.8177,0.640791,0.628885,0.607824,0.562532,0.541665,0.517318,0.494072,0.476658,0.446023,0.433673,0.411877,0.39902,0.382583,0.367427,0.353187,0.347885,0.335221
5.7,-0.00002151,0.00746987,0.0156048,0.0225172,0.027915,0.0327379,0.0373519,0.0406499,0.050776,0.0422608,0.063898,0.0670855,0.0241817,0.0239211,0.137426,0.362161,0.471825,0.577733,0.679036,0.871791,0.963811,1.05163,1.13847,1.2973,1.36671,1.4193,1.46993,1.56245,1.60435,1.64449,1.68322,1.7562,1.78968,1.82134,1.85209,1.90804,1.92807,1.94558,1.96155,1.99095,2.00476,2.01815,2.03119,2.05612,2.06817,2.08001,2.09164,2.11414,2.12499,2.13571,2.1566,2.16658,2.17627,2.18576,2.2041,2.21279,2.22112,2.22915,2.24417,2.25111,2.25767,2.26377,2.27452,2.27915,2.28324,2.28679,2.29212,2.2938,2.29478,2.29505,2.29345,2.29153,2.28871,2.28497,2.27494,2.26858,2.26125,2.25288,2.23291,2.22125,2.2084,2.19435,2.16214,2.14374,2.12372,2.10178,2.04985,2.01554,1.97809,1.896,1.85261,1.80807,1.76248,1.66817,1.61905,1.56916,1.51548,1.41162,1.35593,1.29841,1.23803,1.09724,1.00569,0.881446,0.695081,0.64981,0.621391,0.593418,0.542487,0.518674,0.497395,0.459517,0.443811,0.420716,0.405914,0.391317,0.37729,0.362942,0.349524,0.337557,0.332395
5.75,0.00008804,0.0086635,0.012215,0.0184269,0.0229249,0.0254086,0.0276399,0.0247416,0.0274265,0.0249603,-0.00526586,0.00024456,-0.0434721,-0.0309445,0.0946572,0.376197,0.50985,0.632607,0.748396,0.96161,1.05557,1.14814,1.23206,1.37695,1.44979,1.48366,1.53505,1.61684,1.65582,1.6932,1.72966,1.79834,1.83033,1.86102,1.89271,1.9383,1.95572,1.97133,1.98589,2.01304,2.02591,2.03845,2.05069,2.07407,2.08545,2.09663,2.10763,2.12884,2.13908,2.14924,2.16905,2.1784,2.18748,2.19645,2.21377,2.22189,2.22966,2.23718,2.25115,2.2576,2.26368,2.26928,2.27905,2.28321,2.28685,2.28995,2.29447,2.29573,2.29631,2.29621,2.29394,2.29177,2.28864,2.2846,2.27413,2.26761,2.26013,2.25162,2.23148,2.21976,2.20686,2.19283,2.16065,2.14224,2.12227,2.10035,2.04814,2.01371,1.9761,1.8931,1.84919,1.80404,1.75768,1.66175,1.61186,1.56156,1.51079,1.40415,1.35022,1.29583,1.24145,1.12386,1.04733,0.939341,0.748651,0.677578,0.636061,0.60275,0.542021,0.517495,0.476831,0.460327,0.439507,0.413544,0.404526,0.388279,0.369565,0.356618,0.349147,0.339388,0.325696
5.8,0.00001937,0.0101569,0.0142514,0.0176297,0.0201043,0.020881,0.0184519,0.0133584,0.00437189,-0.0130062,-0.0193159,-0.051321,-0.124106,-0.103385,0.0129409,0.378627,0.540005,0.6807,0.809457,1.04575,1.1455,1.23252,1.30936,1.44298,1.50082,1.54466,1.58757,1.66259,1.69924,1.73473,1.76958,1.83521,1.86631,1.89627,1.92668,1.96456,1.98004,1.99425,2.00771,2.033,2.04506,2.0569,2.06844,2.09045,2.10123,2.11181,2.12227,2.14226,2.15198,2.16164,2.1805,2.18917,2.19775,2.20625,2.22265,2.2302,2.23746,2.24453,2.25752,2.26353,2.26918,2.27429,2.28317,2.2869,2.29012,2.29282,2.29661,2.29748,2.29768,2.29725,2.29436,2.29203,2.28857,2.28425,2.27342,2.26675,2.25915,2.25052,2.23021,2.21845,2.20549,2.19153,2.15936,2.14087,2.12095,2.09902,2.04634,2.01201,1.97392,1.88948,1.84488,1.79893,1.75158,1.65363,1.60313,1.55205,1.50565,1.39573,1.34341,1.29285,1.24554,1.15883,1.10679,1.02175,0.8342,0.705385,0.642443,0.598291,0.53009,0.511821,0.466543,0.457159,0.421606,0.413025,0.397612,0.37905,0.361645,0.352524,0.340765,0.336574,0.321168
5.85,-0.00024001,0.0128177,0.0177839,0.0186882,0.0197395,0.0191654,0.0134077,0.00515409,-0.00486786,-0.0188041,-0.0560751,-0.0837518,-0.16564,-0.293296,-0.0954196,0.345219,0.534818,0.70809,0.862601,1.11615,1.21995,1.30487,1.37866,1.49611,1.53838,1.59526,1.62781,1.70088,1.73579,1.77003,1.80381,1.86732,1.89788,1.92778,1.95462,1.98746,2.00151,2.01467,2.02726,2.05097,2.06236,2.07362,2.08456,2.10534,2.11561,2.12563,2.13564,2.15438,2.16381,2.17295,2.19107,2.19888,2.20716,2.21519,2.23084,2.23772,2.24458,2.25125,2.26326,2.26895,2.27421,2.27883,2.28692,2.29025,2.29307,2.29541,2.29858,2.29904,2.29891,2.29818,2.29467,2.29241,2.28845,2.28394,2.27278,2.26599,2.2583,2.24954,2.22911,2.21733,2.20425,2.19045,2.15829,2.13959,2.11979,2.09778,2.04442,2.01072,1.97144,1.88508,1.83963,1.79262,1.74406,1.64364,1.5924,1.54042,1.48727,1.38577,1.33557,1.28959,1.25052,1.20471,1.20737,1.23728,1.14227,0.681731,0.624002,0.585991,0.518643,0.490234,0.455799,0.436344,0.411934,0.393613,0.386579,0.370168,0.352716,0.347948,0.334563,0.321547,0.315486
5.9,-0.00036516,0.0129576,0.0337288,0.0262861,0.0272276,0.0241012,0.0114153,-0.00147323,-0.0152899,-0.028538,-0.050746,-0.0860796,-0.125561,-0.177979,-0.0282829,-0.0121685,-0.00560221,-0.00291878,-0.00055205,0.00118586,0.00163144,0.00238096,0.00276115,0.0037541,0.00504777,0.0066252,0.0101182,0.0122428,0.015213,0.0190242,0.018455,0.0194696,0.0272919,0.031971,0.040157,0.0631725,0.074199,0.0848382,0.104669,0.115247,0.124497,1.10755,0.153104,0.16155,0.169637,0.177724,1.16427,1.18324,1.19282,0.216017,1.2124,1.2211,0.243389,0.249001,0.254662,0.263108,0.268397,0.272692,0.281941,0.284391,0.284767,0.28885,0.291192,0.294954,0.296124,0.296373,0.293302,0.293435,0.293092,0.291679,0.286892,1.28798,0.275447,0.272407,0.26249,0.254364,0.236283,0.22806,0.218878,0.206834,0.196054,0.16489,0.154735,1.13987,0.0922351,0.0737548,0.0552135,0.0399666,0.0332384,0.0312972,0.0234408,0.0208654,0.0199327,0.0193842,0.0177942,0.0170825,0.0169512,0.0194031,0.0231736,0.0276941,0.0342054,0.0656496,0.112299,0.209985,0.543855,0.562249,0.598591,0.556612,0.487494,0.475156,0.443354,0.423968,0.399958,0.388662,0.383297,0.362235,0.347655,0.335086,0.332003,0.319813,0.309916
5.95,0.00002942,0.0190458,0.0550002,0.115249,0.0821973,0.0335796,0.0124319,-0.00348778,-0.0188233,-0.0361185,-0.0453661,-0.0784072,-0.105823,-0.0695418,-0.0424112,-0.0234811,-0.0101279,-0.00506273,-0.00050324,0.00160401,0.00270025,0.00555841,0.00701442,0.00701442,0.00730333,0.0115361,0.0138825,0.0169772,0.0193126,0.0232832,0.0263717,0.0304972,0.0326266,0.0397759,0.055907,0.0648522,0.0824711,0.092315,0.101562,0.112981,0.127808,0.140891,0.149927,0.157962,0.170638,0.179173,0.191625,0.193509,0.202147,0.210578,0.223918,0.236439,0.239767,0.24514,0.254662,0.256224,0.261943,0.266336,0.274922,0.277364,0.276475,0.278903,0.281622,0.285805,0.287085,0.287264,0.279679,0.282216,0.282749,0.280574,0.278188,0.277093,0.262673,0.263359,0.257728,0.237206,0.229664,0.223482,0.213414,0.194513,0.182179,0.168553,0.147,0.131142,0.109125,0.0841019,0.0720621,0.0514369,0.0478826,0.0452497,0.034545,0.031805,0.0332165,0.0357148,0.0333641,0.0324303,0.0316033,0.0366968,0.0452887,0.0530725,0.08222,0.112747,0.188888,0.308667,0.532597,0.482544,0.512083,0.466355,0.466027,0.434337,0.414229,0.410638,0.384334,0.378204,0.362711,0.358725,0.3416,0.331388,0.323973,0.312224,0.308263
6,0.00017871,0.0176137,0.0369312,0.065565,0.0608185,0.0278189,0.00780034,-0.00530881,-0.016442,-0.0300888,-0.0472427,-0.0507091,-0.0605271,-0.0607979,-0.0367618,-0.0243102,-0.0102794,-0.00834473,0.00023316,0.00295694,0.00544054,0.00736752,0.00927777,0.0116726,0.0143393,0.0148569,0.0169435,0.0211297,0.0249962,0.0264001,0.0334023,0.0379131,0.0456528,0.046501,0.06083,0.0714549,0.0831993,0.0907107,0.103886,0.111967,0.126042,0.133138,0.148575,0.154953,0.167496,0.174018,0.181023,0.188658,0.195313,0.203192,0.219315,0.218335,0.230532,0.235424,0.240189,0.243764,0.251713,0.258592,0.261297,0.26316,0.266546,0.269313,0.273028,0.275278,0.27897,0.276784,0.270238,0.270497,0.272024,0.272379,0.265859,0.259558,0.251506,0.253128,0.245114,0.227025,0.223676,0.213794,0.204723,0.191267,0.179239,0.161891,0.151353,0.131793,0.111032,0.104603,0.0902299,0.0803454,0.0680665,0.0582213,0.0499091,0.0472909,0.0437917,0.0525778,0.0496159,0.0482421,0.0653598,0.0657338,0.0809475,0.110723,0.131706,0.145542,0.232568,0.286841,0.348457,0.411899,0.454116,0.434273,0.414947,0.400105,0.399116,0.383785,0.37094,0.366626,0.352511,0.340122,0.337584,0.323504,0.319921,0.308207,0.300983
