,0,0.05,0.1,0.15,0.2,0.25,0.3,0.35,0.4,0.45,0.5,0.55,0.6,0.65,0.7,0.75,0.8,0.85,0.9,0.95,1,1.05,1.1,1.15,1.2,1.25,1.3,1.35,1.4,1.45,1.5,1.55,1.6,1.65,1.7,1.75,1.8,1.85,1.9,1.95,2,2.05,2.1,2.15,2.2,2.25,2.3,2.35,2.4,2.45,2.5,2.55,2.6,2.65,2.7,2.75,2.8,2.85,2.9,2.95,3,3.05,3.1,3.15,3.2,3.25,3.3,3.35,3.4,3.45,3.5,3.55,3.6,3.65,3.7,3.75,3.8,3.85,3.9,3.95,4,4.05,4.1,4.15,4.2,4.25,4.3,4.35,4.4,4.45,4.5,4.55,4.6,4.65,4.7,4.75,4.8,4.85,4.9,4.95,5,5.05,5.1,5.15,5.2,5.25,5.3,5.35,5.4,5.45,5.5,5.55,5.6,5.65,5.7,5.75,5.8,5.85,5.9,5.95,6
0,2.97938,2.97945,2.98008,2.98062,2.9813,2.98212,2.98412,2.9853,2.98658,2.98795,2.99097,2.9926,2.99423,2.99721,2.99902,3.00292,3.00495,3.00702,3.00913,3.01349,3.01573,3.01801,3.02034,3.02513,3.02759,3.03009,3.03264,3.03789,3.04058,3.04333,3.04613,3.05187,3.05482,3.05783,3.06088,3.06715,3.07062,3.07398,3.07879,3.08287,3.08747,3.09215,3.0967,3.10121,3.10609,3.11121,3.1161,3.12093,3.12602,3.13149,3.13713,3.14285,3.1488,3.154,3.15917,3.16543,3.17179,3.17801,3.18422,3.19059,3.19726,3.20411,3.21102,3.21791,3.22484,3.23184,3.23872,3.2471,3.25523,3.26149,3.26864,3.27769,3.28576,3.15952,2.76598,1.71044,1.18264,0.654912,0.127498,-0.395481,-0.387642,-0.378736,-0.372129,-0.365886,-0.359345,-1.35764,-2.36211,-1.36122,-1.34518,-2.35456,-0.340326,-2.3481,-2.34749,-0.333468,-2.34143,-1.33921,-1.32589,-2.33516,-1.33279,-1.32021,-2.32879,-1.32676,-1.31486,-2.32322,-1.31864,-0.307286,-0.302153,-0.297516,-0.293116,-0.288719,-0.284333,-0.279991,-0.275719,-0.271503,-0.267348,-0.263248,-0.259232,-0.255311,-0.251395,-0.247576,-0.244072
0.05,2.97917,2.97924,2.97993,2.98047,2.98116,2.98197,2.98399,2.98517,2.98645,2.98784,2.99088,2.99251,2.99414,2.99713,2.99894,3.00285,3.00487,3.00694,3.00906,3.01342,3.01566,3.01795,3.02027,3.02506,3.02752,3.03003,3.03258,3.03782,3.04052,3.04327,3.04606,3.05181,3.05476,3.05776,3.06082,3.06707,3.06995,3.07443,3.07823,3.08296,3.08738,3.09179,3.09623,3.10084,3.10585,3.11109,3.1165,3.12181,3.12684,3.13157,3.13627,3.14093,3.14634,3.1531,3.16083,3.16768,3.17364,3.17962,3.1855,3.19148,3.19778,3.20446,3.21138,3.21851,3.22582,3.23342,3.24041,3.24473,3.25056,3.26175,3.27103,3.27717,3.28334,3.15938,2.76611,1.71041,1.18261,0.654787,0.127085,-0.264698,-0.381717,-0.378171,-0.372036,-0.365782,-0.35929,-1.3575,-2.3621,-1.3612,-1.34515,-2.35454,-0.340308,-2.34808,-2.34747,-0.333452,-2.34141,-1.33919,-1.32587,-2.33514,-1.33277,-1.3202,-2.32878,-1.32674,-1.31485,-2.32336,-1.3182,-0.306776,-0.301229,-0.296989,-0.292374,-0.288138,-0.283783,-0.279572,-0.275377,-0.271281,-0.267257,-0.263229,-0.259256,-0.255373,-0.251494,-0.247205,-0.243658
0.1,2.97851,2.97859,2.97873,2.97928,2.97999,2.98084,2.98359,2.9848,2.98611,2.98701,2.99017,2.9918,2.99386,2.99644,2.99828,3.00224,3.00428,3.00637,3.0085,3.01288,3.01513,3.01742,3.01975,3.02454,3.02701,3.02951,3.03206,3.03731,3.04001,3.04275,3.04555,3.05129,3.05425,3.05725,3.06031,3.06662,3.06993,3.07326,3.07963,3.08316,3.08701,3.09089,3.09493,3.10048,3.10554,3.10904,3.11671,3.12304,3.12556,3.13039,3.13792,3.14212,3.14639,3.1531,3.15743,3.16358,3.16982,3.17524,3.18657,3.19238,3.19832,3.20423,3.21139,3.21881,3.22641,3.23425,3.24172,3.24172,3.25098,3.25687,3.2686,3.27799,3.28541,3.15968,2.76556,1.71017,1.18243,0.65463,0.126897,-0.265201,-0.383757,-0.376979,-0.370986,-0.366294,-0.359275,-1.35705,-2.36183,-1.36098,-1.34497,-2.35435,-0.340169,-2.34791,-2.3473,-0.333318,-2.34124,-1.33905,-1.32573,-2.33498,-1.33263,-1.32006,-2.32863,-1.32662,-1.31477,-2.3233,-1.31787,-0.308671,-0.302068,-0.295917,-0.291694,-0.287669,-0.283447,-0.279239,-0.275022,-0.270974,-0.267175,-0.263285,-0.259106,-0.255206,-0.251659,-0.24685,-0.242404
0.15,2.97708,2.97723,2.97764,2.97824,2.97897,2.97986,2.98205,2.98335,2.98477,2.98628,2.98951,2.99114,2.99276,2.99584,2.99771,3.00171,3.00377,3.00587,3.00801,3.01241,3.01466,3.01696,3.0193,3.02409,3.02656,3.02906,3.03162,3.03686,3.03956,3.0423,3.0451,3.05084,3.0538,3.0568,3.05986,3.06616,3.06938,3.0727,3.07603,3.08322,3.08695,3.09034,3.09604,3.1009,3.10613,3.11036,3.11626,3.12092,3.12556,3.12856,3.13714,3.14086,3.14639,3.15073,3.15743,3.166,3.17156,3.17608,3.18155,3.18807,3.19784,3.20362,3.20807,3.21806,3.2269,3.2269,3.23531,3.24362,3.25098,3.26304,3.26739,3.27926,3.28589,3.15957,2.76531,1.70998,1.18231,0.654665,0.127186,-0.395738,-0.389139,-0.383294,-0.372654,-0.367051,-0.358933,-1.35655,-2.36165,-1.36083,-1.34484,-2.3542,-0.340051,-2.34776,-2.34715,-0.333201,-2.34109,-1.33892,-1.3256,-2.33484,-1.3325,-1.31993,-2.32849,-1.32649,-1.31462,-2.32305,-1.31823,-0.308039,-0.299437,-0.295922,-0.291141,-0.286995,-0.283419,-0.278765,-0.274577,-0.270448,-0.267046,-0.263371,-0.259675,-0.255428,-0.251678,-0.245186,-0.245186
0.2,2.97508,2.97497,2.97626,2.97688,2.97766,2.97859,2.98091,2.98228,2.98379,2.98538,2.98865,2.99029,2.99193,2.99508,2.99697,3.00103,3.00311,3.00523,3.00738,3.0118,3.01407,3.01637,3.01871,3.02351,3.02598,3.02849,3.03104,3.03629,3.03898,3.04173,3.04452,3.05027,3.05322,3.05622,3.05928,3.06557,3.06876,3.07214,3.07822,3.08127,3.08758,3.09151,3.09604,3.10165,3.10286,3.10767,3.1124,3.11927,3.12383,3.13189,3.13524,3.14086,3.14442,3.15381,3.16005,3.16237,3.16832,3.17527,3.18406,3.18406,3.19381,3.2015,3.21005,3.2169,3.22175,3.22805,3.23549,3.24307,3.25006,3.26174,3.26728,3.27314,3.28569,3.15929,2.76498,1.70974,1.18213,0.65455,0.126985,-0.395838,-0.390381,-0.383762,-0.373782,-0.365204,-0.358264,-1.35586,-2.36151,-1.36069,-1.34467,-2.35401,-0.339903,-2.34756,-2.34696,-0.333051,-2.34091,-1.33875,-1.32544,-2.33466,-1.33234,-1.31977,-2.32832,-1.32632,-1.3144,-2.32276,-1.31861,-0.303919,-0.299865,-0.296397,-0.292221,-0.286995,-0.282614,-0.278309,-0.273925,-0.269665,-0.267072,-0.263374,-0.259932,-0.252909,-0.250255,-0.246194,-0.244636
0.25,2.97228,2.97225,2.9745,2.97518,2.97602,2.97703,2.97951,2.98097,2.98257,2.98424,2.98758,2.98925,2.99092,2.99414,2.99609,3.0002,3.00231,3.00445,3.00663,3.01107,3.01334,3.01565,3.018,3.02281,3.02527,3.02778,3.03033,3.03558,3.03828,3.04102,3.04381,3.04956,3.05251,3.05551,3.05857,3.06485,3.06806,3.0714,3.07707,3.08029,3.08374,3.09008,3.09318,3.09908,3.10379,3.10767,3.11468,3.11773,3.12221,3.13003,3.13296,3.13828,3.14758,3.15011,3.15624,3.16237,3.16602,3.17625,3.18095,3.18939,3.19418,3.20388,3.20878,3.21345,3.22121,3.22787,3.23519,3.24233,3.24903,3.26117,3.26618,3.27281,3.28525,3.15885,2.76456,1.70943,1.18188,0.654323,0.126723,-0.396024,-0.390462,-0.379605,-0.373488,-0.363553,-0.358018,-1.35543,-2.3613,-1.36051,-1.34447,-2.35378,-0.339723,-2.34733,-2.34673,-0.332867,-2.34068,-1.33855,-1.32524,-2.33444,-1.33214,-1.31958,-2.32811,-1.32613,-1.31421,-2.32257,-1.3185,-0.303904,-0.30008,-0.296827,-0.294821,-0.287997,-0.282614,-0.277715,-0.274629,-0.270796,-0.266721,-0.26263,-0.256382,-0.252092,-0.249193,-0.244887,-0.242139
0.3,2.96923,2.96928,2.96983,2.97066,2.97169,2.97291,2.97429,2.97751,2.97933,2.98121,2.98475,2.98655,2.98972,2.99181,2.99385,2.99813,3.00031,3.0025,3.00471,3.00922,3.01151,3.01383,3.01619,3.02101,3.02348,3.02599,3.02855,3.03379,3.03648,3.03922,3.04202,3.04775,3.0507,3.0537,3.05676,3.06304,3.06623,3.06947,3.07603,3.07942,3.08294,3.08867,3.09163,3.09942,3.10355,3.10895,3.11349,3.11773,3.12087,3.12812,3.13562,3.13562,3.14351,3.15158,3.15838,3.15838,3.16602,3.17237,3.17792,3.19008,3.19432,3.20064,3.21089,3.21089,3.22095,3.22537,3.23285,3.2395,3.2467,3.26047,3.26527,3.27229,3.28465,3.15763,2.76342,1.70858,1.18118,0.653777,0.126353,-0.396377,-0.390648,-0.378206,-0.374274,-0.368487,-0.357399,-1.35451,-2.36072,-1.36001,-1.34396,-2.35319,-0.339257,-2.34672,-2.34612,-0.332388,-2.34009,-1.33802,-1.32472,-2.33388,-1.33165,-1.3191,-2.3276,-1.32568,-1.31384,-2.32224,-1.31792,-0.306211,-0.297798,-0.296531,-0.291608,-0.285427,-0.28121,-0.2758,-0.2758,-0.268715,-0.264623,-0.260599,-0.257757,-0.254215,-0.251235,-0.243904,-0.243904
0.35,2.96561,2.96574,2.96685,2.96778,2.96894,2.97031,2.97185,2.97537,2.97731,2.97931,2.98306,2.98493,2.98682,2.9904,2.99251,2.9969,2.99911,3.00133,3.00357,3.0081,3.01041,3.01274,3.0151,3.01993,3.0224,3.02491,3.02746,3.0327,3.03539,3.03813,3.04092,3.04666,3.04961,3.05261,3.05566,3.06194,3.06512,3.0683,3.07492,3.07837,3.08066,3.0876,3.09153,3.09544,3.09966,3.10566,3.10987,3.11709,3.1202,3.12656,3.13302,3.13796,3.14532,3.14532,3.15232,3.15888,3.16455,3.17514,3.17985,3.18684,3.19087,3.20076,3.20635,3.2128,3.22095,3.22415,3.23116,3.2389,3.24857,3.25796,3.2652,3.27162,3.28391,3.1568,2.76269,1.70803,1.18073,0.653438,0.126193,-0.396729,-0.392496,-0.380463,-0.374651,-0.368841,-0.356017,-1.35385,-2.36047,-1.35978,-1.34366,-2.35282,-0.338961,-2.34634,-2.34574,-0.332089,-2.33972,-1.33769,-1.32441,-2.33354,-1.33134,-1.31881,-2.32729,-1.3254,-1.31357,-2.32193,-1.31771,-0.306278,-0.298222,-0.293913,-0.288804,-0.284483,-0.284483,-0.277091,-0.273431,-0.26769,-0.263887,-0.261003,-0.257833,-0.253668,-0.250409,-0.246363,-0.243053
0.4,2.96132,2.96149,2.96339,2.96447,2.9658,2.96736,2.9691,2.97291,2.97503,2.97722,2.98116,2.98313,2.98512,2.98886,2.99104,2.99554,2.99779,3.00004,3.0023,3.00687,3.00919,3.01152,3.01389,3.01872,3.02119,3.0237,3.02625,3.03149,3.03418,3.03692,3.0397,3.04544,3.04838,3.05138,3.05443,3.0607,3.06388,3.06706,3.07366,3.07575,3.07938,3.08676,3.09088,3.09459,3.09769,3.10339,3.10716,3.11685,3.1197,3.12477,3.1299,3.13457,3.14062,3.14623,3.15207,3.15786,3.16301,3.17278,3.1775,3.18202,3.18851,3.19683,3.20374,3.2088,3.21788,3.22515,3.23136,3.2381,3.24459,3.25126,3.26479,3.26969,3.28223,3.15587,2.76186,1.70741,1.18021,0.653018,0.12584,-0.396613,-0.392102,-0.377387,-0.372342,-0.366081,-0.35465,-1.35342,-2.36021,-1.35951,-1.34328,-2.35238,-0.338612,-2.3459,-2.34531,-0.331745,-2.3393,-1.33732,-1.32406,-2.33316,-1.331,-1.31848,-2.32694,-1.32508,-1.31324,-2.32155,-1.31761,-0.302522,-0.298589,-0.294331,-0.290195,-0.287536,-0.280447,-0.275287,-0.271656,-0.266834,-0.263465,-0.260427,-0.25638,-0.253016,-0.249671,-0.245607,-0.242336
0.45,2.95612,2.95637,2.95473,2.95644,2.95843,2.96055,2.96267,2.97017,2.97243,2.97479,2.97906,2.98114,2.98326,2.98718,2.98944,2.99406,2.99635,2.99863,3.00092,3.00552,3.00785,3.01019,3.01256,3.01739,3.01986,3.02237,3.02492,3.03015,3.03284,3.03557,3.03836,3.04408,3.04703,3.05002,3.05307,3.05934,3.06251,3.06569,3.07068,3.07405,3.07784,3.08175,3.08764,3.09406,3.09734,3.10332,3.10734,3.11393,3.11709,3.12316,3.13064,3.13547,3.14095,3.14637,3.15126,3.15638,3.1613,3.17079,3.17543,3.17985,3.1908,3.19479,3.19842,3.20538,3.21387,3.22472,3.23109,3.2374,3.24458,3.25197,3.262,3.26896,3.28143,3.15487,2.76093,1.70671,1.17962,0.652519,0.12538,-0.395937,-0.389045,-0.384882,-0.372205,-0.361335,-0.354905,-1.35333,-2.35963,-1.359,-1.34279,-2.35185,-0.3382,-2.3454,-2.34481,-0.331356,-2.33884,-1.33691,-1.32366,-2.33273,-1.33062,-1.31812,-2.32654,-1.32472,-1.31289,-2.32117,-1.31746,-0.302459,-0.298732,-0.294884,-0.291251,-0.288318,-0.281274,-0.276856,-0.274091,-0.269498,-0.265992,-0.25976,-0.255669,-0.252354,-0.248976,-0.244853,-0.241457
0.5,2.9499,2.95022,2.94942,2.95164,2.95414,2.9568,2.96126,2.96237,2.9694,2.97212,2.97682,2.97903,2.98127,2.98348,2.98591,2.99078,2.99315,2.9955,2.99783,3.00249,3.00482,3.00717,3.00955,3.01437,3.01683,3.01933,3.02187,3.02709,3.02977,3.03249,3.03527,3.04099,3.04393,3.04692,3.04997,3.05624,3.05942,3.06258,3.06891,3.07213,3.07517,3.08403,3.08868,3.09165,3.09464,3.10241,3.10528,3.11083,3.11384,3.12129,3.12606,3.13073,3.13556,3.14474,3.14978,3.15477,3.1596,3.16662,3.17328,3.17742,3.1819,3.19327,3.19833,3.20577,3.21623,3.21623,3.22401,3.23686,3.24345,3.249,3.26098,3.26849,3.27483,3.15242,2.75863,1.70508,1.17831,0.651475,0.124521,-0.395742,-0.387679,-0.380751,-0.370046,-0.364083,-0.357441,-1.35495,-2.35773,-1.35745,-1.34156,-2.35055,-0.337196,-2.3442,-2.34364,-0.330431,-2.33775,-1.33595,-1.32275,-2.33174,-1.32974,-1.31729,-2.32566,-1.32392,-1.31214,-2.32038,-1.31688,-0.302301,-0.298583,-0.295098,-0.291584,-0.283369,-0.280344,-0.275815,-0.273499,-0.268541,-0.265279,-0.262605,-0.254892,-0.2516,-0.247435,-0.244091,-0.240707
0.55,2.94233,2.94271,2.93992,2.94618,2.94947,2.94804,2.95208,2.95878,2.96276,2.96625,2.97185,2.9744,2.97695,2.98148,2.98401,2.989,2.99141,2.99379,2.99614,3.00081,3.00315,3.0055,3.00787,3.01268,3.01514,3.01763,3.02017,3.02537,3.02804,3.03076,3.03354,3.03925,3.04218,3.04517,3.04822,3.05449,3.05769,3.06087,3.06708,3.07004,3.07507,3.08038,3.08321,3.08828,3.09356,3.09757,3.10494,3.10924,3.11384,3.1177,3.126,3.13037,3.13491,3.13842,3.14811,3.15303,3.15614,3.16109,3.17253,3.17864,3.17864,3.19335,3.19335,3.20179,3.20936,3.21811,3.22488,3.23287,3.23951,3.24558,3.26149,3.26476,3.27742,3.15087,2.75724,1.70418,1.17761,0.650994,0.124274,-0.395641,-0.388136,-0.383986,-0.368208,-0.363436,-0.351752,-1.35227,-2.35744,-1.35702,-1.34091,-2.34982,-0.336612,-2.34351,-2.34296,-0.329895,-2.33713,-1.3354,-1.32223,-2.33118,-1.32924,-1.31682,-2.32516,-1.32347,-1.31172,-2.31994,-1.31647,-0.301898,-0.298073,-0.295006,-0.28802,-0.285293,-0.280581,-0.276975,-0.271151,-0.267754,-0.265843,-0.262049,-0.257378,-0.25402,-0.246637,-0.243375,-0.239989
0.6,2.93273,2.93312,2.93202,2.92806,2.93774,2.94276,2.948,2.95477,2.95926,2.96307,2.96919,2.97194,2.97466,2.97942,2.98203,2.98714,2.98959,2.99199,2.99435,2.99903,3.00137,3.00371,3.00607,3.01087,3.01332,3.01581,3.01833,3.02352,3.02619,3.02891,3.03167,3.03737,3.04031,3.0433,3.04634,3.05261,3.05581,3.05903,3.0638,3.06703,3.07295,3.07776,3.08101,3.08454,3.09254,3.09667,3.10061,3.10501,3.10965,3.11771,3.12198,3.12745,3.13375,3.13659,3.14625,3.14925,3.15432,3.15954,3.16492,3.17561,3.18074,3.18904,3.19386,3.20115,3.20659,3.21176,3.22401,3.23077,3.2368,3.24243,3.2583,3.2583,3.26881,3.14921,2.75582,1.70321,1.17689,0.650534,0.124111,-0.395568,-0.389161,-0.383269,-0.371154,-0.364098,-0.351826,-1.35032,-2.35666,-1.35634,-1.34017,-2.349,-0.335964,-2.34276,-2.34222,-0.329309,-2.33645,-1.3348,-1.32167,-2.33058,-1.32871,-1.31632,-2.32463,-1.323,-1.31127,-2.31946,-1.31605,-0.301418,-0.297783,-0.293561,-0.288338,-0.284741,-0.281277,-0.277927,-0.273636,-0.267721,-0.263648,-0.260692,-0.25635,-0.253117,-0.249909,-0.242728,-0.238788
0.65,2.9186,2.9195,2.91229,2.91843,2.93069,2.9369,2.93747,2.94431,2.95563,2.9598,2.96648,2.96943,2.97233,2.97731,2.98001,2.98522,2.9877,2.99011,2.99248,2.99715,2.99948,3.00182,3.00417,3.00895,3.01138,3.01386,3.01638,3.02155,3.02421,3.02692,3.02968,3.03537,3.0383,3.04129,3.04433,3.05059,3.0538,3.05703,3.06173,3.0664,3.07217,3.07386,3.07799,3.08255,3.08706,3.09478,3.09978,3.10391,3.10872,3.11259,3.1176,3.1255,3.12993,3.13438,3.13916,3.14713,3.15239,3.1577,3.16292,3.17028,3.17718,3.18551,3.1904,3.19489,3.20501,3.2103,3.21603,3.22821,3.23357,3.23891,3.2503,3.25794,3.26883,3.1471,2.75427,1.70217,1.17614,0.650072,0.123943,-0.395704,-0.389151,-0.376967,-0.370972,-0.367161,-0.35337,-1.34997,-2.35542,-1.35528,-1.33927,-2.34808,-0.335242,-2.34193,-2.3414,-0.328671,-2.33573,-1.33416,-1.32107,-2.32994,-1.32814,-1.31579,-2.32407,-1.32249,-1.31079,-2.31895,-1.31564,-0.301186,-0.297618,-0.294588,-0.288162,-0.282961,-0.279372,-0.27666,-0.271714,-0.26597,-0.262655,-0.259479,-0.255414,-0.252257,-0.248269,-0.245142,-0.237907
0.7,2.89921,2.8989,2.89876,2.9071,2.91491,2.93031,2.93187,2.93888,2.94772,2.95629,2.96021,2.96692,2.97001,2.97307,2.97591,2.98125,2.98374,2.98615,2.9885,2.99312,2.99541,2.99771,3.00003,3.00474,3.00714,3.00959,3.01208,3.01721,3.01985,3.02255,3.0253,3.03097,3.03389,3.03687,3.03991,3.04614,3.04933,3.05263,3.05983,3.06302,3.06588,3.07241,3.07772,3.08139,3.08565,3.08874,3.09366,3.10266,3.10775,3.11164,3.11659,3.12329,3.12727,3.13187,3.13652,3.14523,3.15041,3.15568,3.15877,3.16767,3.1736,3.17598,3.18546,3.19154,3.1972,3.20804,3.21078,3.22072,3.22985,3.24062,3.24757,3.25517,3.26738,3.14212,2.75056,1.69982,1.17452,0.649163,0.123647,-0.395283,-0.388328,-0.376279,-0.370102,-0.364368,-0.350067,-1.3482,-2.35293,-1.35302,-1.33724,-2.34597,-0.333587,-2.34008,-2.33959,-0.327245,-2.33413,-1.33274,-1.31977,-2.32854,-1.3269,-1.31464,-2.32285,-1.32139,-1.30975,-2.31784,-1.31474,-0.300862,-0.297301,-0.293559,-0.288469,-0.282612,-0.27875,-0.275955,-0.272687,-0.264569,-0.261472,-0.258502,-0.254617,-0.251482,-0.247654,-0.244246,-0.239239
0.75,2.87434,2.87468,2.88357,2.89361,2.89147,2.90456,2.92677,2.93623,2.94278,2.9492,2.9586,2.96215,2.96554,2.97101,2.97389,2.97922,2.98169,2.98408,2.9864,2.99096,2.99323,2.9955,2.99779,3.00246,3.00484,3.00727,3.00975,3.01485,3.01748,3.02017,3.02291,3.02857,3.03149,3.03447,3.0375,3.04375,3.04688,3.04964,3.05747,3.05899,3.06578,3.06822,3.07636,3.08007,3.08255,3.0873,3.09234,3.0961,3.10136,3.11049,3.11418,3.12069,3.12405,3.12789,3.13194,3.14307,3.14832,3.15086,3.16085,3.16551,3.17083,3.17796,3.1839,3.18897,3.19416,3.20171,3.2077,3.21605,3.22915,3.23522,3.24304,3.25172,3.26412,3.13963,2.74825,1.69847,1.17365,0.648772,0.123733,-0.394678,-0.387565,-0.373633,-0.368898,-0.362821,-0.349512,-1.34634,-2.35166,-1.35187,-1.33613,-2.3448,-0.332663,-2.33906,-2.33859,-0.32646,-2.33326,-1.33197,-1.31907,-2.32779,-1.32624,-1.31403,-2.3222,-1.32081,-1.30921,-2.31726,-1.31424,-0.300535,-0.296996,-0.293517,-0.286563,-0.281688,-0.277823,-0.275777,-0.270518,-0.267706,-0.262874,-0.260434,-0.253843,-0.2508,-0.247058,-0.24368,-0.240435
0.8,2.83847,2.84054,2.83781,2.85871,2.87775,2.89463,2.92185,2.93161,2.93927,2.94601,2.9563,2.96001,2.9635,2.96902,2.9719,2.97718,2.97961,2.98196,2.98424,2.98872,2.99095,2.99318,2.99544,3.00005,3.00242,3.00483,3.00728,3.01236,3.01498,3.01765,3.02039,3.02604,3.02895,3.03193,3.03497,3.04123,3.04423,3.04674,3.05392,3.05616,3.06339,3.06594,3.06884,3.07608,3.08053,3.08569,3.08931,3.09457,3.09837,3.10386,3.1083,3.11518,3.12026,3.12643,3.13157,3.13619,3.14138,3.14902,3.15462,3.1604,3.16505,3.17166,3.17717,3.18582,3.19064,3.19781,3.20435,3.20916,3.21943,3.22781,3.2321,3.24216,3.2604,3.13658,2.7457,1.69699,1.17276,0.648459,0.123964,-0.393943,-0.386317,-0.371362,-0.365215,-0.359745,-0.348119,-1.34466,-2.35013,-1.35051,-1.33491,-2.34355,-0.331672,-2.33798,-2.33753,-0.325631,-2.33235,-1.33117,-1.31834,-2.32702,-1.32556,-1.3134,-2.32154,-1.32021,-1.30865,-2.31666,-1.31373,-0.29981,-0.296749,-0.293323,-0.286812,-0.282882,-0.277436,-0.275621,-0.268828,-0.266528,-0.259402,-0.260115,-0.253316,-0.250193,-0.246282,-0.243278,-0.239557
0.85,2.77836,2.78027,2.79245,2.83723,2.86335,2.88513,2.90316,2.9281,2.93667,2.94366,2.95423,2.95821,2.96168,2.96713,2.96998,2.97514,2.9775,2.97979,2.98201,2.98638,2.98856,2.99076,2.99298,2.99753,2.99987,3.00225,3.00469,3.00973,3.01234,3.015,3.01773,3.02337,3.02628,3.02926,3.0323,3.03856,3.04155,3.04406,3.05089,3.05313,3.06082,3.06331,3.06593,3.07245,3.0784,3.08404,3.08762,3.09295,3.0967,3.1023,3.10666,3.11232,3.11461,3.12414,3.13057,3.13481,3.13978,3.14329,3.14882,3.15861,3.16083,3.16749,3.17426,3.1777,3.18659,3.19362,3.20085,3.20529,3.21339,3.21898,3.22899,3.2384,3.25586,3.12944,2.73932,1.69356,1.17096,0.648205,0.125078,-0.390303,-0.382556,-0.367675,-0.362578,-0.358196,-0.345966,-1.34255,-2.34853,-1.34906,-1.3336,-2.3422,-0.330612,-2.33684,-2.33642,-0.324762,-2.33141,-1.33034,-1.3176,-2.32622,-1.32486,-1.31276,-2.32086,-1.3196,-1.30808,-2.31606,-0.302701,-0.29943,-0.296125,-0.289787,-0.286676,-0.283435,-0.278377,-0.272412,-0.2699,-0.267176,-0.260734,-0.255858,-0.25258,-0.248672,-0.24533,-0.241114,-0.238914
0.9,2.68651,2.6948,2.72841,2.76972,2.84958,2.87223,2.89625,2.91316,2.93432,2.94151,2.95159,2.95548,2.96008,2.96374,2.96636,2.97104,2.9732,2.97529,2.97734,2.98143,2.98349,2.98558,2.98771,2.9921,2.99438,2.99671,2.9991,3.00407,3.00665,3.00929,3.012,3.01762,3.02052,3.0235,3.02653,3.03283,3.036,3.04048,3.04388,3.04873,3.05406,3.06084,3.06537,3.06671,3.07205,3.07701,3.08053,3.08939,3.0949,3.09885,3.10473,3.1081,3.11538,3.11809,3.1261,3.12904,3.13608,3.14078,3.1445,3.15253,3.15555,3.16262,3.16944,3.17181,3.18234,3.18971,3.19288,3.20044,3.20293,3.21335,3.22221,3.23395,3.24196,3.12539,2.73484,1.69155,1.17012,0.648444,0.126212,-0.387617,-0.37728,-0.373197,-0.358921,-0.352771,-0.339285,-1.33855,-2.34499,-1.34581,-1.33067,-2.33925,-0.328294,-2.33443,-2.33407,-0.322931,-2.32945,-1.32863,-1.31607,-2.3246,-1.32343,-1.31146,-2.31948,-1.31837,-1.30694,-2.31483,-1.3122,-0.299058,-0.295804,-0.289547,-0.286206,-0.283251,-0.277177,-0.274204,-0.268472,-0.265471,-0.262228,-0.258255,-0.254979,-0.24666,-0.243632,-0.242854,-0.23948
0.95,2.52477,2.54798,2.62875,2.72156,2.77765,2.87311,2.89805,2.91462,2.93515,2.94187,2.95112,2.9547,2.95772,2.96224,2.96467,2.96899,2.97099,2.97295,2.9749,2.9788,2.98079,2.98281,2.98489,2.98919,2.99143,2.99374,2.9961,3.00103,3.0036,3.00623,3.00893,3.01453,3.01743,3.0204,3.02344,3.02971,3.03292,3.03669,3.04318,3.04456,3.05021,3.0564,3.05859,3.0647,3.07045,3.07348,3.07865,3.08188,3.08732,3.09708,3.10247,3.10713,3.11119,3.11327,3.12342,3.12651,3.13452,3.13674,3.14387,3.15093,3.15352,3.15989,3.16584,3.16656,3.17254,3.17891,3.18861,3.19546,3.19815,3.2081,3.21337,3.22734,3.23147,3.12036,2.7301,1.68931,1.16937,0.649138,0.128111,-0.384745,-0.374301,-0.366464,-0.358481,-0.341762,-0.340557,-1.3373,-2.34265,-1.34375,-1.32902,-2.33764,-0.327052,-2.33318,-2.33285,-0.321991,-2.32847,-1.32776,-1.3153,-2.32378,-1.32271,-1.31081,-2.31879,-1.31775,-1.30637,-2.31422,-1.31173,-0.298706,-0.295503,-0.289231,-0.285921,-0.282668,-0.276645,-0.273529,-0.267398,-0.264345,-0.261355,-0.257351,-0.254024,-0.250752,-0.245051,-0.241604,-0.238417
1,2.17387,2.24422,2.44997,2.69274,2.77595,2.88193,2.90442,2.91943,2.93782,2.94311,2.95124,2.9542,2.957,2.96086,2.96304,2.9669,2.96874,2.97055,2.97236,2.97606,2.97796,2.97992,2.98194,2.98615,2.98835,2.99062,2.99296,2.99785,3.0004,3.00302,3.00571,3.0113,3.0142,3.01717,3.02021,3.02647,3.02973,3.03563,3.04034,3.04057,3.04646,3.04902,3.0573,3.06015,3.06383,3.07136,3.07655,3.0795,3.08501,3.08805,3.09721,3.10287,3.10411,3.11089,3.11877,3.1226,3.12914,3.13437,3.13989,3.14168,3.14966,3.15276,3.16078,3.16568,3.16941,3.17553,3.17822,3.18081,3.19423,3.198,3.20366,3.21424,3.22721,3.11311,2.72413,1.68674,1.16878,0.650457,0.131207,-0.375692,-0.374004,-0.355149,-0.348613,-0.340217,-0.339102,-1.3357,-2.34021,-1.34155,-1.3273,-2.336,-0.325785,-2.33193,-2.33163,-0.321058,-2.32749,-1.32691,-1.31455,-2.32299,-1.32201,-1.31018,-2.31811,-1.31715,-1.30581,-2.31361,-1.31129,-0.298134,-0.295224,-0.288787,-0.285647,-0.282365,-0.276222,-0.273026,-0.269843,-0.263307,-0.260625,-0.255776,-0.253025,-0.249914,-0.2434,-0.240348,-0.236582
1.05,1.44311,1.5439,2.11185,2.75003,2.81935,2.87382,2.91582,2.93617,2.94535,2.94505,2.95189,2.95423,2.9565,2.95958,2.96145,2.96478,2.96641,2.96805,2.96972,2.97319,2.97501,2.9769,2.97885,2.98296,2.98513,2.98736,2.98968,2.99452,2.99706,2.99967,3.00235,3.00793,3.01083,3.01379,3.01683,3.02311,3.02647,3.02758,3.03331,3.03685,3.04292,3.04566,3.0529,3.05503,3.06087,3.06891,3.07161,3.07677,3.0808,3.08627,3.09325,3.0987,3.10063,3.10793,3.1151,3.11728,3.12475,3.13098,3.13681,3.13781,3.14422,3.14943,3.15228,3.1578,3.161,3.17214,3.17455,3.17684,3.17868,3.18562,3.19602,3.20266,3.21509,3.09281,2.7066,1.68005,1.16839,0.655969,0.141538,-0.367128,-0.360416,-0.351604,-0.342519,-0.336368,-0.333649,-1.33369,-2.33784,-1.33939,-1.3256,-2.33437,-0.324535,-2.33071,-2.33044,-0.320152,-2.32655,-1.32609,-1.31383,-2.32221,-1.32134,-1.30956,-2.31745,-1.31656,-1.30524,-2.31299,-0.300978,-0.298022,-0.294817,-0.288701,-0.285458,-0.282146,-0.275898,-0.272691,-0.269449,-0.262516,-0.259162,-0.254732,-0.252327,-0.246469,-0.246408,-0.241166,-0.234531
1.1,-0.541229,-0.46477,2.10485,2.89766,2.91126,2.96165,2.94623,2.94623,2.95298,2.95232,2.95306,2.95475,2.95586,2.95705,2.95818,2.96028,2.96146,2.96272,2.96407,2.96705,2.96869,2.97041,2.97223,2.97614,2.97823,2.9804,2.98266,2.98742,2.98993,2.99252,2.99518,3.00074,3.00364,3.00661,3.00965,3.01595,3.01953,3.02399,3.03061,3.0336,3.03781,3.0431,3.04742,3.05312,3.05861,3.06092,3.06883,3.07379,3.07593,3.08309,3.09032,3.09244,3.09758,3.10479,3.10688,3.11412,3.12141,3.12378,3.13004,3.13724,3.14262,3.14568,3.15066,3.15581,3.15847,3.16046,3.16545,3.16705,3.1734,3.17331,3.18019,3.17921,3.20016,3.07801,2.69336,1.67546,1.16897,0.661265,0.150376,-0.353847,-0.346535,-0.333838,-0.332168,-0.331724,-0.330272,-1.3283,-2.33354,-1.33546,-1.3225,-2.33141,-0.322256,-2.32851,-2.32829,-0.318523,-2.32485,-1.3246,-1.31253,-2.3208,-1.32012,-1.30845,-2.31623,-1.31549,-1.30421,-2.31176,-0.300497,-0.299779,-0.292001,-0.288736,-0.285482,-0.27873,-0.275434,-0.272419,-0.265939,-0.262716,-0.260465,-0.254483,-0.251679,-0.247908,-0.242079,-0.239751,-0.236125
1.15,-3.59112,-4.93014,4.31471,3.25468,3.04099,2.99147,2.96955,2.95423,2.95956,2.95708,2.95557,2.95506,2.95553,2.95568,2.95641,2.95784,2.95877,2.95983,2.96102,2.96375,2.96529,2.96694,2.96869,2.97249,2.97454,2.97668,2.97891,2.98364,2.98613,2.98871,2.99137,2.99693,2.99982,3.00279,3.00584,3.01209,3.01581,3.02051,3.02546,3.02768,3.03121,3.041,3.04651,3.04572,3.05307,3.05802,3.0616,3.06589,3.07196,3.07955,3.08188,3.08949,3.09455,3.10177,3.10383,3.11086,3.11812,3.11956,3.1254,3.13051,3.13569,3.13884,3.1439,3.14828,3.15193,3.15748,3.15846,3.16283,3.16226,3.16011,3.15638,3.16166,3.15815,3.05836,2.67508,1.66955,1.17048,0.669789,0.163879,-0.331373,-0.316976,-0.322137,-0.322211,-0.322983,-0.327457,-1.3247,-2.33183,-1.33384,-1.32122,-2.33017,-0.321313,-2.32759,-2.32739,-0.317853,-2.32412,-1.32398,-1.31197,-2.32019,-1.31959,-1.30797,-2.31569,-1.31503,-1.30383,-2.31143,-1.30948,-0.29607,-0.292472,-0.289081,-0.282328,-0.278741,-0.275304,-0.27199,-0.265974,-0.262766,-0.259604,-0.254068,-0.249337,-0.246702,-0.242821,-0.236788,-0.235172
1.2,-4.35982,-3.76198,2.72931,3.11812,3.04309,3.00494,2.98283,2.96988,2.96516,2.96015,2.95664,2.95523,2.95503,2.95413,2.95446,2.95522,2.95591,2.95677,2.95779,2.96027,2.96172,2.96329,2.96497,2.96868,2.97069,2.9728,2.97501,2.9797,2.98218,2.98475,2.9874,2.99296,2.99586,2.99883,3.00188,3.00823,3.01161,3.01488,3.0178,3.02471,3.02738,3.03306,3.04056,3.04654,3.04997,3.05414,3.06038,3.06619,3.06671,3.07461,3.08188,3.08677,3.08906,3.09573,3.10066,3.10726,3.1136,3.11949,3.12359,3.12883,3.13158,3.13601,3.14135,3.14547,3.14991,3.15063,3.15152,3.15494,3.15614,3.15224,3.14512,3.13106,3.12796,3.02961,2.64891,1.66186,1.17318,0.682671,0.18658,-0.286165,-0.302387,-0.307904,-0.314833,-0.31942,-0.323837,-1.3232,-2.33023,-1.33241,-1.32017,-2.32917,-0.320559,-2.32684,-2.32664,-0.317313,-2.32351,-1.32345,-1.31149,-2.31965,-1.31913,-1.30753,-2.31519,-1.3146,-1.30343,-2.31096,-1.30888,-0.296122,-0.293395,-0.286481,-0.282668,-0.279292,-0.27537,-0.271651,-0.265901,-0.262836,-0.259703,-0.252912,-0.252912,-0.247601,-0.241016,-0.236286,-0.234492
1.25,-4.97439,-5.03206,3.4292,3.08959,3.075,3.00964,2.99067,2.98333,2.96834,2.96334,2.95748,2.95512,2.95426,2.95234,2.95227,2.95238,2.95283,2.95349,2.95436,2.9566,2.95796,2.95946,2.96108,2.9647,2.96667,2.96875,2.97094,2.9756,2.97807,2.98063,2.98328,2.98883,2.99174,2.99472,2.99778,3.00415,3.0074,3.01062,3.01376,3.02203,3.02513,3.02926,3.035,3.03741,3.03981,3.04786,3.05393,3.05986,3.06698,3.06648,3.07537,3.08006,3.08636,3.09289,3.09751,3.10351,3.10892,3.11308,3.11674,3.12178,3.12916,3.13334,3.13823,3.13994,3.14485,3.14758,3.14931,3.14752,3.14861,3.14275,3.13314,3.10755,3.0811,2.89602,2.55082,1.64446,1.17713,0.715361,0.272627,-0.226203,-0.259373,-0.297891,-0.309505,-0.31671,-0.320178,-1.32187,-2.32911,-1.33138,-1.31944,-2.32846,-0.320035,-2.32628,-2.32609,-0.316923,-2.32302,-1.32303,-1.31111,-2.31919,-1.31874,-1.30716,-2.31473,-1.31422,-1.30302,-2.31044,-0.298705,-0.296175,-0.2906,-0.286974,-0.283134,-0.279749,-0.275754,-0.271784,-0.264556,-0.261875,-0.259853,-0.253678,-0.250146,-0.245584,-0.240992,-0.237088,-0.234343
1.3,-5.12968,-5.08639,2.89916,3.02703,3.02915,3.03444,3.00016,2.98632,2.97317,2.96679,2.95724,2.95465,2.95129,2.94768,2.94692,2.94587,2.9459,2.94623,2.94681,2.94864,2.94984,2.95121,2.95273,2.95619,2.9581,2.96014,2.96229,2.9669,2.96935,2.97191,2.97455,2.98011,2.98303,2.98603,2.98911,2.99551,2.99871,3.0063,3.00966,3.01352,3.01949,3.02531,3.02584,3.03427,3.03579,3.04233,3.04791,3.05354,3.05894,3.06398,3.07021,3.0757,3.0784,3.08819,3.09009,3.09828,3.10303,3.11167,3.11475,3.11751,3.12676,3.12883,3.13436,3.13568,3.1421,3.14412,3.14538,3.14469,3.14206,3.13854,3.1142,3.1142,3.0581,2.84384,2.5294,1.64166,1.17651,0.717039,0.292337,-0.216482,-0.259226,-0.288768,-0.30187,-0.31339,-0.320589,-1.3215,-2.3289,-1.33111,-1.3192,-2.32808,-0.31981,-2.32582,-2.3256,-0.31666,-2.32245,-1.32257,-1.31062,-2.31853,-1.31821,-1.30659,-2.31399,-1.3136,-1.30234,-2.30957,-0.298611,-0.296243,-0.290859,-0.287547,-0.284293,-0.276896,-0.272749,-0.270049,-0.263893,-0.260585,-0.256737,-0.249978,-0.249978,-0.24594,-0.241197,-0.236765,-0.234567
1.35,-5.17493,-5.24733,2.40867,3.0504,3.04241,3.04678,3.00411,2.98929,2.97844,2.96914,2.95614,2.95188,2.94902,2.94467,2.94364,2.94213,2.94199,2.94218,2.94266,2.94432,2.94546,2.94678,2.94826,2.95165,2.95355,2.95556,2.9577,2.96229,2.96474,2.96729,2.96994,2.97551,2.97843,2.98144,2.98454,2.99098,2.99417,2.99701,3.00703,3.00912,3.01538,3.01592,3.02111,3.02578,3.03152,3.03767,3.04271,3.05088,3.05703,3.06071,3.06627,3.06834,3.07763,3.08353,3.08405,3.09605,3.09884,3.10426,3.11252,3.11533,3.12307,3.12649,3.13063,3.13435,3.14,3.14201,3.14212,3.14334,3.14241,3.13871,3.13346,3.11214,3.11045,2.98034,2.60528,1.64865,1.1723,0.696726,0.215581,-0.276486,-0.285955,-0.303184,-0.313505,-0.317119,-0.322591,-1.32285,-2.3297,-1.33183,-1.3197,-2.32843,-0.320136,-2.32593,-2.32568,-0.316799,-2.32238,-1.32254,-1.31053,-2.31834,-1.31807,-1.30642,-2.31371,-1.3134,-1.30211,-2.30922,-1.30796,-0.295525,-0.292102,-0.285414,-0.281989,-0.27818,-0.273441,-0.270368,-0.265675,-0.259049,-0.256861,-0.251998,-0.248657,-0.243094,-0.240668,-0.23685,-0.234628
1.4,-5.23854,-5.18409,1.98724,3.17718,3.06281,3.06194,3.03089,2.99185,2.979,2.96894,2.9543,2.94944,2.9461,2.94114,2.9399,2.93803,2.93776,2.93784,2.93823,2.93976,2.94085,2.94213,2.94358,2.94692,2.9488,2.9508,2.95293,2.95751,2.95996,2.96251,2.96516,2.97075,2.97368,2.9767,2.97981,2.98629,2.98947,2.9922,2.99704,3.00422,3.00667,3.0155,3.01512,3.02105,3.02738,3.03393,3.03848,3.0421,3.04806,3.05766,3.06009,3.06554,3.06929,3.07508,3.08291,3.0875,3.09619,3.0995,3.10497,3.11363,3.11741,3.1215,3.12603,3.13344,3.13608,3.13943,3.14116,3.14516,3.14402,3.14479,3.13953,3.12699,3.1447,3.02184,2.64202,1.65525,1.16686,0.676607,0.179828,-0.317846,-0.310202,-0.315971,-0.31905,-0.327052,-0.325615,-1.32489,-2.33109,-1.3331,-1.32059,-2.32912,-0.320742,-2.32625,-2.32596,-0.317112,-2.32244,-1.32262,-1.31053,-2.31824,-1.31802,-1.30631,-2.31349,-1.31325,-1.30195,-2.30898,-1.3077,-0.294152,-0.291102,-0.285397,-0.282671,-0.275758,-0.271973,-0.267707,-0.263884,-0.260654,-0.256786,-0.254513,-0.24636,-0.243459,-0.24019,-0.236949,-0.231642
1.45,-5.11564,-5.11079,1.32216,3.17953,3.09529,3.07717,3.03817,2.99234,2.97806,2.96713,2.95144,2.94609,2.9424,2.93702,2.93566,2.93354,2.93317,2.93318,2.93351,2.93496,2.93601,2.93726,2.93868,2.942,2.94386,2.94586,2.94797,2.95255,2.955,2.95756,2.96021,2.96581,2.96875,2.97179,2.97492,2.98145,2.98466,2.9875,2.99241,2.994,3.00214,3.00858,3.00899,3.01606,3.0229,3.02402,3.03211,3.03536,3.04248,3.04918,3.05638,3.06238,3.06758,3.07342,3.07827,3.08444,3.09368,3.09748,3.10176,3.10716,3.11667,3.1212,3.12595,3.13002,3.13476,3.13726,3.14227,3.14698,3.1476,3.14905,3.14956,3.14943,3.16647,3.04736,2.66527,1.66048,1.16185,0.661678,0.157216,-0.348943,-0.329909,-0.332754,-0.33196,-0.332983,-0.329229,-1.33016,-2.33521,-1.33694,-1.3233,-2.33127,-0.322656,-2.32741,-2.32702,-0.318195,-2.3229,-1.32312,-1.31079,-2.31825,-1.31812,-1.30625,-2.31318,-1.31309,-1.30171,-2.30854,-0.297264,-0.294253,-0.291261,-0.284851,-0.282368,-0.27507,-0.272094,-0.268063,-0.265056,-0.258248,-0.254999,-0.249276,-0.247895,-0.244606,-0.238702,-0.235994,-0.230554
1.5,-4.91944,-4.94986,-0.564837,3.43683,3.15345,3.06988,3.03468,2.9852,2.96969,2.95854,2.94202,2.93643,2.93221,2.92747,2.92558,2.92333,2.92292,2.92289,2.92318,2.92457,2.92561,2.92684,2.92825,2.93154,2.9334,2.93539,2.93751,2.9421,2.94456,2.94712,2.94979,2.95543,2.9584,2.96146,2.96462,2.97123,2.97477,2.979,2.98439,2.98949,2.99615,3.00288,3.00351,3.01114,3.01798,3.01847,3.02585,3.03428,3.04075,3.04508,3.05047,3.05968,3.06585,3.07138,3.07548,3.08166,3.08542,3.09015,3.10086,3.10573,3.11101,3.11622,3.12152,3.12633,3.13164,3.13726,3.14535,3.14786,3.15327,3.15932,3.16069,3.16023,3.18341,3.07588,2.69073,1.66577,1.15493,0.643382,0.129816,-0.375899,-0.352041,-0.350732,-0.338091,-0.339301,-0.332914,-1.33328,-2.33754,-1.33916,-1.32494,-2.33259,-0.323865,-2.32818,-2.32774,-0.318916,-2.32326,-1.3235,-1.31102,-2.31833,-1.31825,-1.30628,-2.31307,-1.31306,-1.30159,-2.3083,-1.30695,-0.29426,-0.291052,-0.284197,-0.280801,-0.274486,-0.271766,-0.268308,-0.263061,-0.261588,-0.256422,-0.251416,-0.246177,-0.243618,-0.237119,-0.23517,-0.231868
1.55,-4.74954,-4.78595,-0.739941,3.32477,3.1866,3.10702,3.01072,2.98499,2.96362,2.95126,2.93965,2.9323,2.92356,2.92177,2.9196,2.91761,2.91725,2.91726,2.91757,2.919,2.92005,2.92129,2.9227,2.92601,2.92788,2.92987,2.932,2.9366,2.93906,2.94164,2.94432,2.94998,2.95296,2.95604,2.95921,2.96584,2.96955,2.97445,2.97631,2.98375,2.98956,2.99607,2.99607,3.00509,3.0119,3.01173,3.01816,3.0252,3.03256,3.03999,3.04084,3.05007,3.0571,3.06309,3.06721,3.07792,3.08411,3.08955,3.09536,3.1005,3.10543,3.11636,3.12185,3.12695,3.13238,3.13753,3.14615,3.15125,3.15875,3.16335,3.17413,3.18026,3.2045,3.08366,2.69747,1.66674,1.15242,0.63758,0.121373,-0.383715,-0.372416,-0.366092,-0.348095,-0.345218,-0.339716,-1.33675,-2.33988,-1.34142,-1.32663,-2.33398,-0.325173,-2.32901,-2.32853,-0.319721,-2.32367,-1.32393,-1.3113,-2.31846,-1.31843,-1.30634,-2.31298,-1.31305,-1.30149,-2.30805,-1.30686,-0.294168,-0.290623,-0.284542,-0.282046,-0.274125,-0.271586,-0.268344,-0.260316,-0.260316,-0.254354,-0.249472,-0.2448,-0.240333,-0.236022,-0.233672,-0.231044
1.6,-4.34952,-4.34548,-0.550841,3.17733,3.12448,3.05929,2.99167,2.98041,2.94444,2.94127,2.93131,2.9228,2.9143,2.91431,2.91343,2.91151,2.91123,2.9113,2.91167,2.91317,2.91424,2.91551,2.91694,2.92027,2.92215,2.92416,2.92629,2.93091,2.93339,2.93598,2.93867,2.94436,2.94735,2.95044,2.95363,2.96029,2.96412,2.96458,2.97192,2.97656,2.982,2.98757,2.99286,2.99923,3.00503,3.01132,3.01095,3.0178,3.02581,3.03308,3.04179,3.04119,3.04775,3.06126,3.06528,3.0713,3.07747,3.08432,3.09141,3.09775,3.10458,3.11115,3.11731,3.12666,3.13197,3.13705,3.14657,3.15166,3.1615,3.17276,3.18184,3.18942,3.20402,3.08882,2.70187,1.66706,1.15027,0.633064,0.114921,-0.390741,-0.383936,-0.370985,-0.360239,-0.348763,-0.343478,-1.34111,-2.34193,-1.3435,-1.32832,-2.33538,-0.326536,-2.32988,-2.32935,-0.320581,-2.32411,-1.32441,-1.3116,-2.3186,-1.31863,-1.30643,-2.31291,-1.31305,-1.3014,-2.30781,-1.30683,-0.294039,-0.29108,-0.284993,-0.279458,-0.274277,-0.271286,-0.264835,-0.261281,-0.257374,-0.252254,-0.247496,-0.242992,-0.242992,-0.235409,-0.233145,-0.230102
1.65,-3.95483,-3.90789,-0.390827,3.13829,3.0655,3.01925,2.97727,2.94789,2.93285,2.9216,2.91164,2.91368,2.90623,2.90662,2.90654,2.90502,2.90486,2.90503,2.90548,2.90709,2.90821,2.9095,2.91096,2.91434,2.91623,2.91826,2.9204,2.92505,2.92754,2.93014,2.93284,2.93855,2.94156,2.94467,2.94788,2.95457,2.95854,2.95861,2.96469,2.96833,2.97439,2.97969,2.98529,2.99111,2.9979,3.00414,3.01059,3.01012,3.0194,3.02702,3.03639,3.04015,3.04629,3.05355,3.05765,3.06378,3.07214,3.08066,3.08927,3.09307,3.10364,3.10749,3.11614,3.12041,3.13079,3.13628,3.14702,3.15236,3.16218,3.1711,3.17697,3.19569,3.20848,3.09211,2.70476,1.66695,1.14837,0.629445,0.109705,-0.276106,-0.399241,-0.370734,-0.36868,-0.358456,-0.35205,-1.346,-2.34617,-1.34775,-1.3317,-2.33811,-0.329307,-2.33158,-2.33096,-0.322362,-2.32499,-1.32539,-1.31224,-2.3189,-1.31906,-1.30661,-2.31276,-1.31309,-1.30127,-2.30739,-0.297302,-0.294028,-0.290994,-0.283818,-0.28138,-0.275473,-0.271231,-0.267775,-0.26159,-0.258082,-0.253683,-0.248694,-0.245191,-0.241092,-0.235649,-0.23222,-0.228815
1.7,-3.54796,-3.60544,-0.266987,3.19925,3.01449,2.98902,2.93444,2.92899,2.91903,2.90923,2.90342,2.90583,2.89696,2.89137,2.89161,2.89099,2.89118,2.89162,2.89229,2.89422,2.89545,2.89684,2.89838,2.90187,2.90381,2.90587,2.90806,2.91276,2.91528,2.91791,2.92064,2.92642,2.92946,2.9326,2.93584,2.94263,2.94668,2.95283,2.95929,2.96183,2.96676,2.9715,2.9772,2.98326,2.99054,2.99709,3.00316,3.01007,3.01007,3.02193,3.0244,3.03282,3.0377,3.04909,3.05615,3.06368,3.06845,3.07825,3.08395,3.09113,3.10064,3.10064,3.11197,3.11937,3.13013,3.13583,3.1468,3.15287,3.16392,3.17991,3.19004,3.20661,3.21784,3.09593,2.70793,1.66591,1.1451,0.62412,0.102769,-0.405706,-0.396955,-0.387258,-0.374099,-0.365412,-0.348684,-1.34586,-2.34847,-1.35005,-1.33334,-2.33937,-0.33065,-2.33235,-2.3317,-0.323234,-2.32538,-1.32586,-1.31254,-2.31901,-1.31926,-1.3067,-2.31267,-1.3131,-1.3012,-2.30717,-1.30669,-0.293799,-0.290412,-0.28356,-0.280304,-0.273501,-0.270838,-0.263193,-0.259046,-0.255009,-0.255215,-0.247086,-0.242592,-0.239682,-0.236493,-0.230159,-0.225099
1.75,-2.4911,-2.26285,0.223944,2.99263,2.9379,2.89873,2.90753,2.88919,2.89446,2.89125,2.89337,2.88333,2.88773,2.8844,2.8833,2.88352,2.88392,2.88453,2.88533,2.88745,2.88875,2.8902,2.89178,2.89534,2.89731,2.8994,2.9016,2.90635,2.90888,2.91152,2.91427,2.92008,2.92314,2.92629,2.92955,2.93638,2.9405,2.94678,2.94735,2.95585,2.9619,2.97002,2.96862,2.97558,2.98328,2.99123,2.99359,3.00286,3.00741,3.01143,3.02013,3.02576,3.03565,3.04,3.04694,3.05487,3.06269,3.07242,3.07603,3.0853,3.09442,3.10384,3.11375,3.12142,3.12915,3.13996,3.14544,3.15224,3.16748,3.17545,3.19448,3.20462,3.21792,3.09654,2.70841,1.66508,1.1436,0.622,0.100282,-0.410855,-0.402039,-0.393949,-0.378457,-0.36925,-0.343796,-1.34615,-2.35026,-1.3519,-1.33477,-2.34047,-0.331909,-2.33303,-2.33235,-0.324066,-2.32572,-1.32629,-1.31281,-2.31908,-1.31943,-1.30675,-2.31254,-1.31309,-1.30111,-2.30693,-1.30658,-0.293507,-0.28964,-0.283003,-0.279643,-0.273105,-0.26988,-0.262821,-0.259041,-0.254657,-0.24963,-0.245147,-0.243654,-0.238698,-0.234281,-0.230483,-0.225282
1.8,-1.17298,-1.13897,0.433461,2.66392,2.79587,2.84634,2.86888,2.86774,2.87679,2.87114,2.87753,2.87604,2.87796,2.87564,2.875,2.87582,2.87644,2.87722,2.87816,2.88048,2.88185,2.88335,2.88499,2.88863,2.89062,2.89274,2.89496,2.89975,2.9023,2.90496,2.90772,2.91356,2.91663,2.91981,2.92308,2.92995,2.93411,2.93365,2.94112,2.95053,2.9518,2.95908,2.9661,2.97375,2.97733,2.98111,2.99233,2.99698,3.0012,3.00544,3.00955,3.01991,3.02642,3.03754,3.04197,3.05069,3.05975,3.06276,3.07335,3.08292,3.09186,3.10062,3.10925,3.11187,3.12111,3.13241,3.14218,3.15112,3.1686,3.17727,3.18627,3.20546,3.21776,3.09655,2.70826,1.66406,1.1421,0.620026,0.0976286,-0.414592,-0.406225,-0.396497,-0.377828,-0.367804,-0.357329,-1.35001,-2.35087,-1.353,-1.33594,-2.34137,-0.333059,-2.3336,-2.33291,-0.324839,-2.32598,-1.32666,-1.31303,-2.3191,-1.31957,-1.30677,-2.31237,-1.31304,-1.30099,-2.30664,-0.296834,-0.2932,-0.289409,-0.282545,-0.278694,-0.271877,-0.268492,-0.262209,-0.258357,-0.254426,-0.249657,-0.245731,-0.240775,-0.23619,-0.234281,-0.229627,-0.224732
1.85,-0.379502,-0.356109,0.429446,2.60754,2.72999,2.80097,2.83063,2.84369,2.85436,2.85512,2.85915,2.85651,2.85723,2.86637,2.86661,2.86794,2.86877,2.86972,2.87079,2.87331,2.87475,2.87632,2.87801,2.88172,2.88375,2.88589,2.88814,2.89296,2.89553,2.89821,2.90099,2.90686,2.90995,2.91314,2.91644,2.92331,2.92755,2.9267,2.93392,2.93997,2.94313,2.9506,2.9562,2.96632,2.97039,2.97397,2.97397,2.98621,2.99397,2.99942,3.00896,3.01566,3.01966,3.02733,3.03915,3.0442,3.05267,3.05894,3.07068,3.07463,3.08384,3.09287,3.10137,3.11327,3.12087,3.12943,3.13937,3.15032,3.1689,3.17775,3.18675,3.19632,3.21777,3.09624,2.70766,1.66287,1.14058,0.618221,0.0954619,-0.418899,-0.407472,-0.396922,-0.387188,-0.367559,-0.358568,-1.35178,-2.35298,-1.35537,-1.33789,-2.3427,-0.335029,-2.33438,-2.33366,-0.326159,-2.32623,-1.3272,-1.31329,-2.31892,-1.31966,-1.30665,-2.31186,-1.3128,-1.30058,-2.30589,-0.296665,-0.292718,-0.289148,-0.281657,-0.27818,-0.271309,-0.26787,-0.264435,-0.257791,-0.254108,-0.250047,-0.245884,-0.241747,-0.23701,-0.231979,-0.22828,-0.223591
1.9,-0.0934642,-0.0351775,0.689556,2.59155,2.7256,2.77785,2.80946,2.82578,2.83728,2.84412,2.84374,2.84745,2.848,2.84835,2.84943,2.85176,2.85296,2.85421,2.85554,2.85844,2.86003,2.86172,2.8635,2.86738,2.86947,2.87166,2.87396,2.87885,2.88146,2.88417,2.88698,2.89291,2.89603,2.89926,2.9026,2.90961,2.91346,2.91687,2.92989,2.93304,2.93896,2.94234,2.94537,2.9498,2.95751,2.96706,2.96992,2.9798,2.98789,2.98971,3.00174,3.01127,3.01623,3.0207,3.02844,3.03297,3.04645,3.05276,3.06421,3.06851,3.07829,3.08661,3.1006,3.11061,3.11773,3.13154,3.14478,3.1517,3.1601,3.17736,3.18643,3.19604,3.2168,3.09462,2.70553,1.66003,1.13733,0.614622,0.0917201,-0.425569,-0.406446,-0.396917,-0.387179,-0.377677,-0.361304,-1.3525,-2.35371,-1.35638,-1.33868,-2.34314,-0.335853,-2.33457,-2.33384,-0.326691,-2.3262,-1.32734,-1.3133,-2.31871,-1.3196,-1.30649,-2.31149,-1.31259,-1.30029,-2.30542,-1.30564,-0.29241,-0.28877,-0.281194,-0.277678,-0.270685,-0.267229,-0.260284,-0.256711,-0.253593,-0.24993,-0.242214,-0.238612,-0.234637,-0.231879,-0.22622,-0.221426
1.95,-0.0872983,-0.0874991,0.569173,2.70212,2.73921,2.76707,2.79371,2.81124,2.8217,2.82485,2.83604,2.83863,2.839,2.83942,2.84075,2.84352,2.84487,2.84625,2.84769,2.85076,2.85242,2.85416,2.85599,2.85994,2.86206,2.86428,2.8666,2.87153,2.87415,2.87687,2.8797,2.88566,2.8888,2.89204,2.8954,2.90246,2.90613,2.90958,2.91618,2.91941,2.9263,2.93037,2.93925,2.94356,2.95066,2.95335,2.963,2.97247,2.97461,2.98429,2.99381,3.00077,3.00521,3.01661,3.02057,3.02936,3.04182,3.04819,3.05849,3.06603,3.07536,3.08603,3.09403,3.10604,3.11979,3.12711,3.13821,3.1513,3.15896,3.17663,3.18565,3.19511,3.21561,3.09333,2.7041,1.65839,1.13557,0.612701,0.0896798,-0.425511,-0.416534,-0.406668,-0.387221,-0.378162,-0.36237,-1.35313,-2.35423,-1.35717,-1.3393,-2.34342,-0.336563,-2.33463,-2.33389,-0.327128,-2.32606,-1.32738,-1.31323,-2.3184,-1.31947,-1.30626,-2.31105,-1.31231,-1.29994,-2.30489,-1.30527,-0.292081,-0.287853,-0.280614,-0.27707,-0.270041,-0.266558,-0.259566,-0.256045,-0.252483,-0.245785,-0.242144,-0.238789,-0.235533,-0.230789,-0.224219,-0.222731
2,-0.0640396,-0.0685714,0.560488,2.72727,2.74939,2.77102,2.78654,2.80013,2.8066,2.81485,2.8208,2.82121,2.8276,2.83007,2.83219,2.8352,2.83668,2.83818,2.83971,2.84294,2.84465,2.84644,2.84832,2.85234,2.85448,2.85672,2.85906,2.86403,2.86666,2.8694,2.87223,2.87822,2.88137,2.88464,2.88801,2.8951,2.89883,2.90257,2.90943,2.91242,2.91949,2.92378,2.93287,2.9371,2.94366,2.94604,2.9558,2.95823,2.96989,2.97606,2.9805,2.99449,2.99687,3.00427,3.01618,3.0254,3.03097,3.04208,3.05132,3.06192,3.07383,3.07768,3.09111,3.10516,3.11261,3.1229,3.13199,3.14992,3.15782,3.16592,3.18458,3.19397,3.21429,3.09173,2.70243,1.65662,1.13373,0.610806,0.087813,-0.426425,-0.417271,-0.406671,-0.387018,-0.379023,-0.363349,-1.35374,-2.35454,-1.35778,-1.33976,-2.34352,-0.337152,-2.33454,-2.3338,-0.327465,-2.32579,-1.32732,-1.31307,-2.31798,-1.31924,-1.30595,-2.31052,-1.31195,-1.29951,-2.30427,-0.295424,-0.291639,-0.28729,-0.27999,-0.275677,-0.268654,-0.265081,-0.258827,-0.255291,-0.251743,-0.245304,-0.241697,-0.238161,-0.23211,-0.229012,-0.224436,-0.221937
2.05,-0.0137283,-0.0093404,0.35661,2.7232,2.75668,2.76939,2.78115,2.7895,2.79923,2.80759,2.81135,2.81274,2.8185,2.82168,2.82358,2.82682,2.82841,2.83,2.83161,2.83497,2.83674,2.83857,2.84049,2.84457,2.84673,2.849,2.85135,2.85635,2.85899,2.86174,2.86459,2.8706,2.87376,2.87703,2.88042,2.88754,2.89142,2.89345,2.89516,2.90501,2.91212,2.91693,2.92024,2.92469,2.92975,2.93853,2.95036,2.95267,2.96423,2.9678,2.97823,2.98474,2.99158,2.99939,3.01174,3.01988,3.02898,3.03762,3.04067,3.05502,3.06817,3.07261,3.08654,3.10011,3.11385,3.12164,3.1295,3.13759,3.1561,3.16433,3.18151,3.1908,3.21252,3.0899,2.70057,1.65474,1.13182,0.608856,0.0859311,-0.429351,-0.417819,-0.405086,-0.3919,-0.37952,-0.365252,-1.35466,-2.35451,-1.35844,-1.3402,-2.34321,-0.337955,-2.33391,-2.33318,-0.327822,-2.32487,-1.32688,-1.31244,-2.31682,-1.31851,-1.30506,-2.30918,-1.31098,-1.29841,-2.30277,-0.29495,-0.29039,-0.286554,-0.278238,-0.274789,-0.26806,-0.264397,-0.25732,-0.25448,-0.250886,-0.243758,-0.241031,-0.237487,-0.231362,-0.228326,-0.223067,-0.221277
2.1,-0.0174872,-0.0235777,-0.0504848,2.77837,2.76282,2.76879,2.77521,2.78108,2.78904,2.79634,2.79866,2.80204,2.80497,2.80522,2.80627,2.8099,2.81163,2.81335,2.81508,2.81863,2.82048,2.82239,2.82436,2.82854,2.83074,2.83304,2.83542,2.84046,2.84312,2.84588,2.84874,2.85478,2.85796,2.86125,2.86465,2.87179,2.87525,2.8777,2.8884,2.89645,2.90431,2.90269,2.90841,2.9194,2.92256,2.93157,2.93215,2.94302,2.94401,2.95972,2.97197,2.97872,2.98615,2.98818,2.99718,3.00913,3.01732,3.0291,3.03519,3.04911,3.05382,3.06794,3.08132,3.09333,3.10517,3.11504,3.12455,3.14354,3.15215,3.17074,3.1795,3.1887,3.2084,3.08557,2.69629,1.65068,1.12786,0.604937,0.0817062,-0.427147,-0.415207,-0.403441,-0.39325,-0.38479,-0.366001,-1.3549,-2.35419,-1.35851,-1.34018,-2.3428,-0.338169,-2.33336,-2.33264,-0.327835,-2.32421,-1.32649,-1.31196,-2.31606,-1.31799,-1.30447,-2.30836,-1.31036,-1.29774,-2.30188,-1.30296,-0.289548,-0.285648,-0.28021,-0.272008,-0.26843,-0.264072,-0.25676,-0.25256,-0.246383,-0.242828,-0.239201,-0.23317,-0.229586,-0.227384,-0.222097,-0.219421
2.15,-0.0212526,-0.0208027,0.216981,2.76495,2.76292,2.76657,2.76882,2.77528,2.7803,2.78142,2.78611,2.79094,2.79364,2.79608,2.79772,2.80136,2.80313,2.80489,2.80665,2.81027,2.81215,2.81408,2.81608,2.82029,2.82251,2.82481,2.8272,2.83225,2.83492,2.83768,2.84055,2.84659,2.84977,2.85307,2.85648,2.86364,2.86676,2.8689,2.87903,2.88147,2.88911,2.89239,2.90134,2.90502,2.91161,2.92198,2.92177,2.93196,2.94624,2.95597,2.95786,2.96572,2.97327,2.98029,2.98641,3.00238,3.01389,3.02366,3.03243,3.03603,3.04975,3.06407,3.06914,3.08469,3.09473,3.11364,3.121,3.12922,3.14946,3.15747,3.17712,3.18632,3.20599,3.08309,2.69389,1.64852,1.12581,0.603054,0.0803452,-0.434093,-0.424646,-0.413237,-0.394293,-0.385197,-0.366803,-1.35499,-2.35372,-1.35844,-1.34001,-2.34222,-0.338261,-2.33266,-2.33195,-0.327734,-2.32341,-1.32598,-1.31136,-2.31518,-1.31736,-1.30378,-2.30742,-1.30965,-1.29699,-2.30092,-1.30214,-0.28839,-0.284633,-0.277121,-0.27215,-0.267245,-0.260398,-0.256115,-0.251262,-0.247824,-0.241883,-0.238189,-0.232157,-0.229383,-0.226833,-0.220684,-0.216571
2.2,-0.0212071,-0.022367,-0.0169006,2.75781,2.75957,2.75917,2.76259,2.76498,2.77275,2.77288,2.77595,2.77808,2.78606,2.78734,2.78913,2.79277,2.79455,2.79633,2.79813,2.80179,2.80369,2.80564,2.80765,2.81188,2.81411,2.81642,2.81881,2.82387,2.82654,2.8293,2.83217,2.83821,2.84139,2.84469,2.8481,2.85534,2.85827,2.85894,2.87295,2.87634,2.88012,2.87831,2.88722,2.90179,2.89878,2.90939,2.9205,2.91877,2.92838,2.93522,2.94429,2.95898,2.96565,2.97214,2.9784,2.99093,3.0003,3.01082,3.0266,3.03083,3.04531,3.05034,3.06447,3.07981,3.0865,3.10727,3.11706,3.12577,3.14258,3.16178,3.17053,3.18339,3.20328,3.0804,2.69134,1.64626,1.12371,0.601144,0.07857,-0.43501,-0.425008,-0.414208,-0.395114,-0.385689,-0.367387,-1.35488,-2.35312,-1.35825,-1.3397,-2.34148,-0.33823,-2.3318,-2.3311,-0.327515,-2.32246,-1.32534,-1.31065,-2.31416,-1.31662,-1.30298,-2.30638,-1.30884,-1.29615,-2.29989,-1.30114,-0.28683,-0.281526,-0.277157,-0.271781,-0.26698,-0.260341,-0.254712,-0.250696,-0.243401,-0.240429,-0.23734,-0.230017,-0.228426,-0.220834,-0.218839,-0.215073
2.25,-0.016111,-0.0160693,-0.0392426,2.75264,2.74998,2.74992,2.75332,2.75612,2.76132,2.76514,2.76497,2.77115,2.7708,2.77879,2.78048,2.78411,2.7859,2.78769,2.78949,2.79318,2.79509,2.79705,2.79908,2.80332,2.80555,2.80786,2.81026,2.81531,2.81798,2.82074,2.8236,2.82964,2.83282,2.8361,2.83951,2.84676,2.85019,2.84896,2.86318,2.85853,2.86906,2.87831,2.8805,2.88922,2.89333,2.90226,2.90726,2.91675,2.92514,2.93183,2.94066,2.93968,2.95808,2.96413,2.97071,2.98522,2.99382,3.00383,3.02053,3.02609,3.04129,3.04672,3.06001,3.06707,3.0859,3.096,3.1082,3.1223,3.14114,3.15522,3.16387,3.1754,3.20026,3.07748,2.68861,1.6439,1.12152,0.59912,0.0766581,-0.436151,-0.426036,-0.405773,-0.395832,-0.38622,-0.367952,-1.35418,-2.35137,-1.35742,-1.33864,-2.33949,-0.337795,-2.32958,-2.32893,-0.326715,-2.3201,-1.32365,-1.30884,-2.3117,-1.31477,-1.30102,-2.3039,-1.30686,-1.29409,-2.29739,-1.299,-0.286079,-0.282332,-0.274406,-0.270741,-0.264397,-0.256893,-0.253321,-0.248609,-0.242753,-0.239176,-0.235238,-0.229517,-0.225472,-0.222746,-0.215856,-0.213529
2.3,-0.00456113,-0.0043224,0.00519337,2.73564,2.736,2.74099,2.74409,2.74825,2.75068,2.75475,2.7589,2.75743,2.76117,2.76153,2.76294,2.76655,2.76832,2.7701,2.7719,2.7756,2.77751,2.77948,2.7815,2.78574,2.78797,2.79028,2.79266,2.79769,2.80034,2.80309,2.80593,2.81192,2.81508,2.81835,2.82172,2.82879,2.83318,2.83955,2.85262,2.85001,2.85712,2.85781,2.8724,2.87846,2.87824,2.88433,2.89489,2.90429,2.91371,2.92408,2.92375,2.93093,2.94974,2.95602,2.96311,2.97126,2.98785,2.99583,3.00701,3.0157,3.02353,3.03848,3.05244,3.05855,3.07837,3.08737,3.1005,3.11847,3.13536,3.14917,3.16342,3.17309,3.18906,3.07038,2.68293,1.63883,1.11686,0.594858,0.0727961,-0.438968,-0.428135,-0.417355,-0.396535,-0.387157,-0.36802,-1.35359,-2.35022,-1.35677,-1.33788,-2.33823,-0.337385,-2.32822,-2.32758,-0.326125,-2.31868,-1.32261,-1.30773,-2.31025,-1.31364,-1.29985,-2.30246,-1.30568,-1.29288,-2.29594,-1.29768,-0.28561,-0.281591,-0.273449,-0.269693,-0.260125,-0.255426,-0.251123,-0.24696,-0.24188,-0.23877,-0.23214,-0.22599,-0.223662,-0.221046,-0.214338,-0.211935
2.35,0.00242065,0.00291641,0.00523669,2.71574,2.72973,2.73076,2.73496,2.73656,2.74173,2.74449,2.74863,2.74979,2.7482,2.75208,2.75414,2.75765,2.75939,2.76116,2.76294,2.76663,2.76853,2.77049,2.77251,2.77673,2.77895,2.78125,2.78362,2.78862,2.79126,2.79399,2.79682,2.80278,2.80592,2.80918,2.81254,2.81962,2.82394,2.8291,2.83557,2.84265,2.84297,2.85014,2.85754,2.85752,2.87339,2.88063,2.88063,2.89292,2.90396,2.90261,2.91137,2.92212,2.93409,2.94146,2.95039,2.9595,2.96774,2.99043,2.99158,3.00697,3.01524,3.03038,3.04047,3.05299,3.0677,3.08286,3.09722,3.11768,3.12475,3.13699,3.15056,3.17457,3.1877,3.06726,2.67951,1.63611,1.11439,0.592631,0.0708219,-0.440418,-0.429298,-0.41843,-0.397763,-0.387522,-0.36801,-1.35285,-2.34888,-1.35596,-1.33696,-2.33678,-0.336841,-2.32667,-2.32607,-0.325404,-2.31709,-1.32141,-1.30647,-2.30864,-1.31238,-1.29855,-2.30087,-1.30438,-1.29155,-2.29437,-1.29636,-0.283667,-0.279356,-0.26963,-0.26852,-0.260652,-0.257207,-0.251885,-0.246605,-0.239319,-0.234322,-0.23172,-0.224279,-0.221882,-0.219319,-0.21277,-0.21032
2.4,0.00112121,0.00111389,0.0246123,2.70007,2.71811,2.7172,2.7249,2.72793,2.73375,2.73384,2.73389,2.73664,2.73774,2.74258,2.74531,2.74865,2.75036,2.7521,2.75387,2.75753,2.75942,2.76137,2.76337,2.76757,2.76978,2.77206,2.77442,2.77939,2.78201,2.78472,2.78753,2.79346,2.79658,2.79981,2.80316,2.81014,2.81463,2.82021,2.82072,2.8286,2.83514,2.84264,2.84349,2.85033,2.85816,2.86381,2.86895,2.88263,2.89254,2.90045,2.8985,2.91013,2.9259,2.93414,2.94459,2.95374,2.96099,2.97658,2.98499,2.99241,3.00557,3.0153,3.03012,3.0443,3.06114,3.07905,3.09589,3.09943,3.1269,3.13846,3.15017,3.16184,3.18421,3.06399,2.6761,1.63327,1.11182,0.590336,0.0687934,-0.44187,-0.43048,-0.419519,-0.398241,-0.387765,-0.367877,-1.35193,-2.34734,-1.35499,-1.33587,-2.33514,-0.33616,-2.32494,-2.32436,-0.324546,-2.31532,-1.32007,-1.30507,-2.30687,-1.31098,-1.29711,-2.29914,-1.30294,-1.29009,-2.29267,-0.286711,-0.28235,-0.277943,-0.268497,-0.264298,-0.259058,-0.254284,-0.24797,-0.244177,-0.239945,-0.234756,-0.226996,-0.224835,-0.218537,-0.216703,-0.211083,-0.206976
2.45,-0.00364887,-0.0102133,0.14682,2.68799,2.70689,2.71312,2.71493,2.71776,2.72389,2.72207,2.72545,2.72337,2.73058,2.73363,2.73628,2.73955,2.74123,2.74294,2.74469,2.7483,2.75018,2.75211,2.7541,2.75827,2.76045,2.76272,2.76506,2.76999,2.77258,2.77527,2.77806,2.78394,2.78704,2.79025,2.79358,2.80063,2.80445,2.80769,2.81306,2.81306,2.81645,2.82657,2.83287,2.84179,2.84878,2.84791,2.8626,2.8682,2.87749,2.88727,2.89624,2.90189,2.90189,2.92179,2.93425,2.9387,2.95361,2.96859,2.97674,2.98437,3.0004,3.00835,3.02837,3.03627,3.04917,3.06717,3.07554,3.10015,3.10903,3.12921,3.14374,3.15416,3.18041,3.06038,2.6726,1.63031,1.10916,0.58797,0.0667142,-0.443288,-0.43302,-0.421482,-0.39868,-0.38793,-0.367333,-1.34965,-2.34363,-1.35252,-1.33316,-2.33125,-0.33436,-2.32088,-2.32038,-0.322398,-2.31124,-1.31689,-1.3018,-2.30281,-1.30772,-1.29379,-2.29522,-1.29965,-1.28677,-2.28885,-1.29174,-0.280952,-0.276531,-0.267432,-0.262958,-0.259616,-0.253071,-0.244559,-0.241532,-0.235951,-0.232002,-0.226392,-0.221438,-0.219151,-0.216023,-0.211958,-0.205131
2.5,0.00959349,0.00829121,0.260346,2.69204,2.70439,2.70493,2.7093,2.71092,2.70924,2.71007,2.71335,2.71664,2.71558,2.71668,2.71786,2.721,2.72261,2.72426,2.72596,2.72948,2.73131,2.7332,2.73514,2.73922,2.74136,2.74358,2.74587,2.75069,2.75323,2.75586,2.75859,2.76434,2.76738,2.77054,2.77381,2.78073,2.78425,2.78755,2.80236,2.8028,2.81088,2.81088,2.81211,2.82494,2.83552,2.84572,2.84557,2.85381,2.86258,2.86654,2.87312,2.88333,2.89847,2.90386,2.92115,2.92632,2.93337,2.95122,2.96887,2.97738,2.9855,3.00011,3.01627,3.02472,3.04364,3.06331,3.0711,3.0936,3.10212,3.12374,3.13374,3.14549,3.17678,3.05215,2.66499,1.62403,1.10354,0.583022,0.0624439,-0.446248,-0.434295,-0.42252,-0.39899,-0.388281,-0.366884,-1.34822,-2.34145,-1.35101,-1.33152,-2.32899,-0.33323,-2.31854,-2.31808,-0.321096,-2.3089,-1.31505,-1.29992,-2.30051,-1.30585,-1.2919,-2.29301,-1.29778,-1.28489,-2.28671,-1.28997,-0.279502,-0.273483,-0.266118,-0.261561,-0.254373,-0.250391,-0.246501,-0.236381,-0.231858,-0.228313,-0.225701,-0.220499,-0.218212,-0.212108,-0.209793,-0.203324
2.55,0.00013336,0.00139006,-0.0358656,2.73988,2.70543,2.7014,2.69973,2.69805,2.69883,2.70408,2.69885,2.70353,2.70749,2.70797,2.70841,2.71155,2.71313,2.71475,2.71641,2.71988,2.72168,2.72354,2.72546,2.72948,2.7316,2.73378,2.73604,2.7408,2.7433,2.7459,2.74859,2.75427,2.75727,2.76038,2.76361,2.77044,2.77397,2.77748,2.78494,2.79041,2.79366,2.80405,2.80802,2.81022,2.82129,2.83324,2.83227,2.84406,2.84836,2.8602,2.86667,2.88091,2.88648,2.89125,2.90858,2.92235,2.92235,2.94228,2.95294,2.96407,2.97694,2.98693,3.00588,3.01459,3.02872,3.03994,3.06457,3.08839,3.09722,3.10515,3.12612,3.1489,3.16082,3.04772,2.66103,1.62068,1.10058,0.580436,0.0602154,-0.447738,-0.435594,-0.423551,-0.399604,-0.388109,-0.366243,-1.3466,-2.33903,-1.34931,-1.32969,-2.32649,-0.331937,-2.31597,-2.31556,-0.319631,-2.30636,-1.31304,-1.29786,-2.29802,-1.30382,-1.28984,-2.29063,-1.29575,-1.28285,-2.2844,-1.2881,-0.276424,-0.271872,-0.263315,-0.260254,-0.252824,-0.248899,-0.23938,-0.234819,-0.231363,-0.227466,-0.225228,-0.217631,-0.212106,-0.209728,-0.205623,-0.203493
2.6,-0.0105322,-0.0131691,-0.0253079,2.71044,2.69564,2.68854,2.68841,2.68909,2.69193,2.69071,2.69163,2.69101,2.69507,2.69783,2.69906,2.702,2.70354,2.70512,2.70675,2.71015,2.71193,2.71376,2.71565,2.71961,2.72169,2.72384,2.72606,2.73074,2.73321,2.73576,2.73841,2.744,2.74696,2.75003,2.75321,2.75996,2.76354,2.76723,2.77094,2.77431,2.77724,2.78641,2.79604,2.80254,2.80285,2.81752,2.81514,2.82525,2.82987,2.84117,2.86047,2.86803,2.87289,2.88303,2.88906,2.90987,2.90987,2.92256,2.94312,2.95318,2.96423,2.97561,2.98701,3.01529,3.02551,3.04357,3.04357,3.07412,3.08396,3.10009,3.11713,3.13523,3.15213,3.04441,2.65653,1.6172,1.09751,0.577774,0.0579719,-0.449304,-0.437074,-0.424023,-0.399691,-0.387882,-0.365471,-1.34271,-2.33342,-1.34527,-1.32537,-2.32075,-0.328827,-2.31012,-2.30983,-0.316183,-2.3006,-1.30843,-1.29319,-2.29242,-1.29921,-1.28522,-2.28534,-1.29121,-1.27832,-2.2793,-0.278554,-0.274837,-0.268375,-0.262389,-0.254792,-0.249777,-0.24673,-0.236971,-0.233296,-0.229584,-0.225393,-0.221299,-0.218279,-0.210892,-0.20954,-0.203704,-0.20156
2.65,-0.0030242,-0.00278038,-0.00816775,2.68447,2.67853,2.67659,2.67726,2.67636,2.677,2.67731,2.68217,2.68131,2.68312,2.68783,2.68951,2.69232,2.69382,2.69537,2.69697,2.7003,2.70205,2.70384,2.7057,2.70959,2.71163,2.71375,2.71593,2.72053,2.72296,2.72546,2.72806,2.73356,2.73646,2.73948,2.74261,2.74929,2.75307,2.74798,2.75542,2.75962,2.76088,2.77021,2.77479,2.7815,2.79049,2.80229,2.81138,2.81832,2.82395,2.83408,2.8352,2.84073,2.86313,2.86845,2.87513,2.8813,2.9036,2.91882,2.91882,2.93172,2.9511,2.96537,2.97836,2.99013,3.00267,3.03178,3.0453,3.05845,3.07844,3.09261,3.10662,3.13835,3.15595,3.04017,2.65184,1.61358,1.09433,0.575035,0.0556755,-0.450905,-0.438139,-0.425335,-0.399656,-0.387531,-0.363413,-1.34041,-2.33019,-1.34291,-1.32286,-2.31747,-0.32699,-2.30681,-2.30658,-0.31418,-2.29737,-1.30582,-1.29056,-2.2893,-1.29663,-1.28263,-2.28241,-1.28869,-1.27582,-2.27653,-1.28182,-0.270746,-0.266996,-0.258148,-0.254209,-0.24754,-0.245314,-0.234908,-0.231422,-0.227868,-0.223554,-0.218413,-0.21362,-0.209503,-0.206077,-0.20158,-0.197707
2.7,0.00596524,0.00591569,0.0162657,2.65578,2.66571,2.66047,2.66461,2.66225,2.66507,2.66583,2.66511,2.66825,2.67249,2.66875,2.6699,2.6726,2.67403,2.67551,2.67704,2.68024,2.68191,2.68364,2.68542,2.68915,2.69112,2.69315,2.69525,2.69966,2.70198,2.70438,2.70687,2.71212,2.7149,2.71779,2.72079,2.72718,2.73144,2.73743,2.74434,2.75291,2.76088,2.76381,2.75901,2.76676,2.7759,2.78641,2.79707,2.80593,2.81294,2.81119,2.82098,2.82457,2.84602,2.85601,2.8632,2.87127,2.88912,2.8962,2.90896,2.9225,2.93499,2.95847,2.97,2.98197,2.99513,3.02217,3.03447,3.04438,3.06601,3.07914,3.10804,3.12605,3.1509,3.02819,2.64253,1.60598,1.08764,0.56929,0.0508779,-0.453986,-0.440029,-0.426107,-0.399529,-0.38642,-0.362134,-1.33787,-2.32664,-1.34029,-1.3201,-2.31391,-0.324948,-2.30321,-2.30307,-0.311978,-2.29388,-1.30299,-1.28771,-2.28595,-1.29384,-1.27986,-2.27927,-1.28598,-1.27315,-2.27358,-1.2792,-0.268082,-0.263825,-0.256791,-0.250961,-0.24453,-0.238573,-0.232709,-0.229616,-0.223332,-0.217949,-0.217268,-0.208196,-0.208011,-0.204728,-0.199744,-0.19552
2.75,0.00634688,0.00675175,0.0158162,2.63611,2.64345,2.64734,2.65308,2.64955,2.65511,2.65264,2.65694,2.65812,2.65474,2.65848,2.65986,2.66257,2.66396,2.66541,2.6669,2.67003,2.67167,2.67335,2.67509,2.67873,2.68065,2.68264,2.68469,2.689,2.69126,2.6936,2.69602,2.70114,2.70385,2.70667,2.70959,2.71572,2.71995,2.72624,2.73447,2.7357,2.73956,2.73882,2.74755,2.75404,2.76325,2.76983,2.7798,2.78879,2.79777,2.79699,2.80544,2.82578,2.82638,2.83007,2.8458,2.85846,2.86843,2.87863,2.88859,2.90508,2.92187,2.93714,2.95849,2.97315,2.98744,3.0009,3.02644,3.0382,3.06351,3.07565,3.09225,3.11082,3.13432,3.02055,2.63814,1.60193,1.0841,0.566267,0.048378,-0.455404,-0.440993,-0.426757,-0.398926,-0.38568,-0.36063,-1.33501,-2.32278,-1.3374,-1.31706,-2.31003,-0.32269,-2.29932,-2.29926,-0.309565,-2.29012,-1.29993,-1.28464,-2.28235,-1.29084,-1.27687,-2.27593,-1.28307,-1.27028,-2.27042,-1.27641,-0.265531,-0.261641,-0.251888,-0.248431,-0.241808,-0.235937,-0.233113,-0.225413,-0.221214,-0.214039,-0.211522,-0.208549,-0.202764,-0.202406,-0.195232,-0.192968
2.8,0.00010239,-0.00042493,-0.00488503,2.62104,2.62805,2.63346,2.63626,2.6376,2.63984,2.64115,2.64309,2.6459,2.64321,2.64794,2.64979,2.65242,2.65378,2.65519,2.65664,2.6597,2.66131,2.66295,2.66464,2.66818,2.67006,2.67201,2.67401,2.67821,2.68041,2.68267,2.68502,2.68999,2.69263,2.69537,2.6982,2.70412,2.70767,2.71214,2.71214,2.71607,2.71768,2.72373,2.72994,2.73314,2.74627,2.75641,2.76611,2.77095,2.78107,2.77929,2.80544,2.80277,2.80088,2.82257,2.83556,2.84769,2.85877,2.87415,2.88217,2.89507,2.90793,2.91987,2.93399,2.94911,2.96858,2.98975,3.00184,3.02702,3.04107,3.05602,3.09044,3.10913,3.12962,3.01481,2.6324,1.59765,1.0804,0.563134,0.045816,-0.456847,-0.441966,-0.412839,-0.398385,-0.384721,-0.358932,-1.32843,-2.31392,-1.33073,-1.31009,-2.30125,-0.317464,-2.29058,-2.29072,-0.304052,-2.28173,-1.29307,-1.27778,-2.27438,-1.28416,-1.27025,-2.26855,-1.27663,-1.26392,-2.26348,-0.266643,-0.26303,-0.256873,-0.248973,-0.245793,-0.235935,-0.23309,-0.230463,-0.222928,-0.220124,-0.213434,-0.2102,-0.206804,-0.202764,-0.199548,-0.195232,-0.18886
2.85,-0.00146696,-0.00290408,-0.0139657,2.59819,2.61265,2.62164,2.62398,2.62544,2.62807,2.62573,2.62893,2.63324,2.63526,2.63828,2.63961,2.64217,2.6435,2.64485,2.64625,2.64926,2.65085,2.65246,2.65407,2.65748,2.65934,2.66125,2.6632,2.66728,2.66942,2.6716,2.67385,2.67867,2.68123,2.6839,2.68665,2.69258,2.69511,2.6956,2.69267,2.70495,2.70433,2.71274,2.71725,2.71983,2.73188,2.73878,2.74815,2.75722,2.76621,2.76151,2.77799,2.77717,2.80088,2.79944,2.81586,2.82797,2.83701,2.84699,2.85814,2.88416,2.89732,2.91047,2.92355,2.93572,2.96544,2.97484,2.99685,3.009,3.03424,3.05056,3.06748,3.10682,3.12478,3.00951,2.62646,1.59314,1.07652,0.559887,0.0431893,-0.458297,-0.443768,-0.428071,-0.397656,-0.383641,-0.354844,-1.32461,-2.30888,-1.3269,-1.30611,-2.2963,-0.314464,-2.28568,-2.28594,-0.300923,-2.27707,-1.28924,-1.27396,-2.26998,-1.28046,-1.26658,-2.2645,-1.27308,-1.26043,-2.25968,-1.26719,-0.257434,-0.254271,-0.246417,-0.24287,-0.232774,-0.230178,-0.222589,-0.22083,-0.215437,-0.211414,-0.205658,-0.202749,-0.200499,-0.195855,-0.190632,-0.1863
2.9,0.00795844,0.0073302,0.0710714,2.60527,2.61124,2.61282,2.61372,2.61428,2.61655,2.61626,2.61975,2.61779,2.61617,2.62063,2.62076,2.62002,2.62375,2.62616,2.62718,2.62372,2.62711,2.62862,2.64335,2.63407,2.64008,2.64143,2.64273,2.64532,2.64622,2.66035,2.65087,2.6543,2.65938,2.66138,2.66217,2.66915,2.67363,2.68336,2.68166,2.68634,2.68569,2.69348,2.70991,2.7142,2.71547,2.72487,2.73422,2.73796,2.74722,2.75778,2.75506,2.77666,2.77761,2.7806,2.80561,2.81197,2.82045,2.83085,2.84444,2.85878,2.87281,2.90025,2.91322,2.92582,2.93809,2.96283,2.97621,3.00787,3.02481,3.04356,3.0607,3.08734,3.10576,2.99739,2.61392,1.58348,1.06828,0.553041,0.0377275,-0.461166,-0.444595,-0.4283,-0.395831,-0.380791,-0.3524,-1.32041,-2.30339,-1.3227,-1.30176,-2.29093,-0.31118,-2.28039,-2.2808,-0.297525,-2.27207,-1.28512,-1.26987,-2.26528,-1.2765,-1.26267,-2.2602,-1.2693,-1.25672,-2.25566,-1.26368,-0.254645,-0.246193,-0.245152,-0.237724,-0.229505,-0.227124,-0.221742,-0.214504,-0.212268,-0.21022,-0.202884,-0.200567,-0.19838,-0.191924,-0.188867,-0.185757
2.95,0.0095827,0.0107868,0.00361994,2.63252,2.6095,2.60258,2.59984,2.60083,2.60285,2.60155,2.60403,2.60584,2.60559,2.60712,2.611,2.60943,2.61093,2.61912,2.61837,2.62372,2.61585,2.61734,2.62841,2.62766,2.62512,2.63236,2.63354,2.63454,2.63562,2.63602,2.63869,2.64426,2.64695,2.65041,2.64934,2.66224,2.66405,2.66011,2.66927,2.67247,2.68569,2.68054,2.68963,2.696,2.70291,2.706,2.71467,2.72352,2.72693,2.73711,2.7317,2.75326,2.76306,2.76964,2.77357,2.79141,2.79467,2.81191,2.8291,2.84535,2.86113,2.86672,2.88112,2.91674,2.92958,2.94261,2.97101,2.98775,3.00463,3.01903,3.04428,3.06745,3.11005,2.99037,2.60711,1.57835,1.06391,0.54944,0.0348929,-0.462571,-0.445337,-0.428416,-0.394616,-0.37902,-0.349654,-1.31578,-2.2974,-1.31811,-1.29702,-2.28512,-0.307593,-2.27471,-2.27526,-0.293841,-2.26671,-1.2807,-1.26549,-2.26027,-1.27226,-1.2585,-2.25564,-1.26527,-1.25277,-2.25142,-1.25999,-0.251336,-0.245324,-0.236543,-0.234244,-0.228253,-0.220433,-0.218421,-0.211498,-0.209606,-0.202511,-0.200335,-0.198042,-0.190693,-0.189855,-0.186793,-0.181618
3,-0.00090848,-0.0011647,-0.0101346,2.60705,2.60049,2.59231,2.58869,2.591,2.59095,2.59141,2.59522,2.59316,2.59405,2.59661,2.60093,2.60085,2.60343,2.60076,2.59906,2.60265,2.60647,2.60619,2.61166,2.60945,2.61525,2.61373,2.62235,2.62088,2.62504,2.62729,2.63026,2.63239,2.63737,2.63349,2.63386,2.64181,2.64871,2.64362,2.65292,2.66048,2.65794,2.66402,2.67529,2.66891,2.68429,2.69195,2.68566,2.70289,2.71188,2.71563,2.72877,2.73856,2.73555,2.74367,2.75949,2.76985,2.77846,2.79488,2.81214,2.83105,2.84018,2.857,2.87172,2.88598,2.89974,2.93504,2.94246,2.98294,2.99966,3.02285,3.04428,3.04986,3.07591,2.98191,2.60037,1.57299,1.05936,0.545714,0.0319911,-0.463935,-0.445981,-0.41024,-0.39313,-0.377003,-0.343155,-1.30514,-2.28374,-1.30758,-1.28622,-2.27203,-0.299414,-2.26199,-2.26289,-0.285535,-2.25484,-1.27088,-1.25579,-2.24925,-1.26292,-1.24934,-2.24567,-1.25644,-1.24416,-2.24221,-0.250537,-0.244058,-0.241594,-0.232813,-0.226602,-0.22449,-0.216754,-0.214648,-0.209378,-0.204553,-0.199848,-0.197806,-0.192878,-0.18779,-0.186404,-0.183002,-0.178885
3.05,-0.00595226,-0.00966841,-0.0183814,2.59446,2.5774,2.57779,2.57308,2.57547,2.57491,2.5745,2.57672,2.57945,2.57668,2.58444,2.58897,2.58442,2.58153,2.58713,2.59095,2.58864,2.59235,2.59321,2.59595,2.59844,2.60546,2.60346,2.60167,2.60366,2.60276,2.60946,2.61069,2.61358,2.6161,2.62001,2.61376,2.62426,2.63144,2.62585,2.63082,2.63224,2.64734,2.65072,2.64753,2.66213,2.65603,2.66388,2.67844,2.68778,2.69052,2.69941,2.69288,2.71045,2.7219,2.73101,2.73368,2.75944,2.76167,2.77552,2.79145,2.79354,2.81273,2.84658,2.86178,2.87713,2.89162,2.90556,2.93501,2.9501,2.96593,2.99618,3.02802,3.05475,3.08511,2.97215,2.59358,1.56737,1.05461,0.541853,0.0290207,-0.465235,-0.446797,-0.427698,-0.391397,-0.374624,-0.339271,-1.29901,-2.27599,-1.30158,-1.28009,-2.26466,-0.294772,-2.25489,-2.25601,-0.280871,-2.24827,-1.26544,-1.25044,-2.2432,-1.25778,-1.24432,-2.24024,-1.25162,-1.23947,-2.2372,-1.24747,-0.239947,-0.237607,-0.228824,-0.22254,-0.220553,-0.214725,-0.20572,-0.203862,-0.201643,-0.19686,-0.191651,-0.189698,-0.18597,-0.182941,-0.180079,-0.17613
3.1,0.00294945,0.00315108,0.00343237,2.55154,2.56001,2.55809,2.55834,2.56143,2.55992,2.56452,2.56535,2.5692,2.56685,2.57219,2.5714,2.56985,2.57327,2.57103,2.57678,2.58011,2.57881,2.57833,2.57918,2.58217,2.59121,2.59141,2.59112,2.5891,2.58906,2.59236,2.60116,2.60294,2.60515,2.60887,2.61376,2.61155,2.6091,2.60819,2.61134,2.62403,2.63074,2.63301,2.62868,2.63706,2.6345,2.64291,2.65147,2.66852,2.66786,2.67654,2.68856,2.68856,2.69058,2.71335,2.72127,2.72553,2.74399,2.75815,2.76711,2.77498,2.80804,2.80804,2.82323,2.83731,2.86574,2.88295,2.90573,2.93745,2.94967,2.98322,3.01062,3.03782,3.06099,2.95632,2.57677,1.55519,1.04443,0.533679,0.0228524,-0.467584,-0.446941,-0.426918,-0.386813,-0.368833,-0.335026,-1.29224,-2.26752,-1.29501,-1.27341,-2.2567,-0.289722,-2.24726,-2.24862,-0.275835,-2.24126,-1.25962,-1.24473,-2.23678,-1.25231,-1.23898,-2.2345,-1.2465,-1.2345,-2.23195,-1.24272,-0.235625,-0.228828,-0.226629,-0.218251,-0.212189,-0.210392,-0.202045,-0.199604,-0.196952,-0.193608,-0.1885,-0.187749,-0.183701,-0.179879,-0.176828,-0.173498
3.15,0.00780639,0.00948814,0.0236184,2.52593,2.5346,2.54193,2.54532,2.54535,2.54787,2.54931,2.54989,2.55368,2.5485,2.55222,2.55586,2.5542,2.55978,2.56304,2.55986,2.56367,2.56391,2.56222,2.56942,2.56596,2.56874,2.56962,2.57192,2.57499,2.57888,2.58227,2.57629,2.57831,2.58046,2.58392,2.58541,2.58681,2.59899,2.60002,2.60383,2.60956,2.60641,2.61761,2.61422,2.62374,2.61753,2.628,2.63844,2.63962,2.64838,2.65079,2.66918,2.67443,2.67564,2.68477,2.68772,2.70664,2.70979,2.7419,2.74947,2.75821,2.76876,2.77968,2.81009,2.82224,2.84391,2.86716,2.88858,2.91136,2.93735,2.96158,2.9894,3.02259,3.04951,2.94657,2.56825,1.54862,1.03897,0.529342,0.0196436,-0.468616,-0.446935,-0.425971,-0.384101,-0.36542,-0.330226,-1.28481,-2.25828,-1.28783,-1.26613,-2.24808,-0.284232,-2.23906,-2.24068,-0.270402,-2.23377,-1.25339,-1.23864,-2.22995,-1.24649,-1.23332,-2.22843,-1.24108,-1.22924,-2.22638,-1.23774,-0.230989,-0.223721,-0.217455,-0.215771,-0.207828,-0.206046,-0.20014,-0.195776,-0.193909,-0.189345,-0.184813,-0.181491,-0.18101,-0.177235,-0.17407,-0.170621
3.2,-0.00077269,-0.00198847,-0.00564877,2.51073,2.51959,2.52699,2.53096,2.53055,2.53164,2.53315,2.53532,2.53661,2.53731,2.53788,2.54283,2.54147,2.54507,2.54289,2.54491,2.55082,2.54699,2.55254,2.55793,2.55515,2.5604,2.56007,2.56076,2.56176,2.56214,2.5614,2.56323,2.56677,2.56929,2.57093,2.5734,2.57491,2.58163,2.57916,2.58425,2.5926,2.58913,2.5866,2.59569,2.60704,2.60364,2.61522,2.62148,2.62383,2.63242,2.62582,2.64232,2.64924,2.65268,2.67061,2.67163,2.68886,2.69459,2.70416,2.72782,2.74006,2.75058,2.75821,2.78953,2.79838,2.83029,2.84748,2.86625,2.8878,2.91084,2.93496,2.96201,2.99264,3.02275,2.93636,2.55918,1.54168,1.03323,0.524819,0.0163428,-0.469519,-0.44674,-0.42342,-0.381128,-0.361621,-0.319137,-1.26764,-2.23715,-1.2714,-1.24958,-2.22866,-0.271791,-2.22075,-2.223,-0.258229,-2.21723,-1.23963,-1.22523,-2.21502,-1.23374,-1.22096,-2.21527,-1.22929,-1.21786,-2.21443,-1.22669,-0.21908,-0.218378,-0.213509,-0.211266,-0.203381,-0.197673,-0.196175,-0.192284,-0.189646,-0.186399,-0.181617,-0.178378,-0.17526,-0.171892,-0.171455,-0.167634
3.25,-0.00364405,-0.00553566,-0.0281032,2.47776,2.50671,2.51265,2.51823,2.5201,2.52077,2.51796,2.52119,2.52572,2.52567,2.5255,2.53025,2.52719,2.53272,2.53552,2.53189,2.53392,2.53226,2.54164,2.54329,2.54255,2.54173,2.53996,2.54921,2.54929,2.54999,2.55322,2.54936,2.5483,2.54963,2.55132,2.55415,2.56295,2.56433,2.56646,2.57129,2.56536,2.57309,2.57189,2.58023,2.57556,2.58785,2.58793,2.59058,2.59842,2.59931,2.60821,2.61624,2.62497,2.62707,2.63858,2.65443,2.67045,2.66866,2.69363,2.6979,2.72358,2.71597,2.73941,2.76351,2.78744,2.80919,2.82155,2.83732,2.85789,2.90831,2.93365,2.96205,2.99995,3.00868,2.92551,2.54944,1.53432,1.02718,0.520095,0.0129435,-0.470807,-0.445549,-0.421649,-0.377706,-0.352532,-0.312677,-1.25775,-2.22507,-1.262,-1.24018,-2.21773,-0.264759,-2.21055,-2.21318,-0.251427,-2.20812,-1.23204,-1.21787,-2.20687,-1.22676,-1.21423,-2.20815,-1.22288,-1.21172,-2.20804,-1.22067,-0.213853,-0.212302,-0.207919,-0.200831,-0.199976,-0.193654,-0.192294,-0.185459,-0.183633,-0.180294,-0.17734,-0.175082,-0.172389,-0.169501,-0.16877,-0.164667
3.3,0.0046047,0.0137965,0.0842356,2.48055,2.50753,2.50297,2.50536,2.50505,2.50452,2.50529,2.50773,2.50672,2.50791,2.50836,2.5128,2.51306,2.51403,2.51819,2.51419,2.52326,2.51909,2.52467,2.52382,2.52408,2.52213,2.53037,2.52824,2.53575,2.52883,2.53006,2.53227,2.54017,2.54018,2.54203,2.53635,2.5366,2.54861,2.54502,2.55168,2.54733,2.54595,2.54616,2.56299,2.56135,2.55667,2.56768,2.57478,2.57031,2.58561,2.58839,2.58759,2.59322,2.60457,2.62038,2.61909,2.62805,2.644,2.65368,2.68043,2.67995,2.70123,2.71741,2.73706,2.75786,2.77264,2.7838,2.82911,2.85195,2.87611,2.90162,2.92911,2.9584,2.9952,2.90189,2.5267,1.51814,1.01405,0.510015,0.00589973,-0.47147,-0.44503,-0.419861,-0.369288,-0.347096,-0.305476,-1.24681,-2.21186,-1.25172,-1.22993,-2.2059,-0.257128,-2.19959,-2.20264,-0.244104,-2.19841,-1.22394,-1.21005,-2.19824,-1.21935,-1.2071,-2.20065,-1.21612,-1.20523,-2.20132,-1.21405,-0.207937,-0.205827,-0.20395,-0.194751,-0.192148,-0.189626,-0.188446,-0.182291,-0.181076,-0.178881,-0.175282,-0.17214,-0.169106,-0.166376,-0.162422,-0.160998
3.35,0.00457959,0.00606077,-0.00560765,2.54731,2.5039,2.49438,2.48822,2.48748,2.48964,2.49344,2.49081,2.49689,2.49329,2.49502,2.50014,2.49779,2.5021,2.50404,2.50491,2.50971,2.50856,2.51385,2.51414,2.51454,2.51288,2.52021,2.51502,2.51242,2.51968,2.51872,2.51731,2.51438,2.51977,2.52521,2.52526,2.5246,2.51975,2.52746,2.53788,2.52911,2.5301,2.53053,2.5469,2.5476,2.53813,2.55423,2.5421,2.55913,2.5576,2.56716,2.57467,2.56873,2.58233,2.58233,2.6015,2.60506,2.62935,2.63754,2.62921,2.66549,2.67458,2.68792,2.70322,2.71918,2.75761,2.77081,2.78803,2.81221,2.83862,2.86517,2.92576,2.9526,2.99164,2.88417,2.51507,1.50928,1.00693,0.504647,0.0022612,-0.471991,-0.444063,-0.414946,-0.364326,-0.341013,-0.297513,-1.23473,-2.19739,-1.24047,-1.21877,-2.19308,-0.248848,-2.18781,-2.19133,-0.23622,-2.18805,-1.2153,-1.20172,-2.1891,-1.2115,-1.19956,-2.19275,-1.20897,-1.1984,-2.19426,-1.20741,-0.200723,-0.19827,-0.196185,-0.19185,-0.1888,-0.181875,-0.18077,-0.178751,-0.173979,-0.174312,-0.170644,-0.16804,-0.165133,-0.164125,-0.160359,-0.157909
3.4,-0.00692386,-0.0077101,-0.0125232,2.49532,2.48829,2.47827,2.47345,2.47499,2.47608,2.47545,2.47996,2.47864,2.47889,2.48437,2.48846,2.48559,2.48437,2.48766,2.49231,2.49427,2.49139,2.49142,2.49327,2.49596,2.50102,2.4974,2.50451,2.49965,2.49804,2.50713,2.50532,2.49916,2.50662,2.50474,2.50348,2.51165,2.50835,2.5152,2.51889,2.51157,2.51445,2.51495,2.5104,2.51234,2.51902,2.53399,2.53008,2.53869,2.53634,2.53027,2.54851,2.54754,2.56483,2.56218,2.56078,2.58233,2.58701,2.59272,2.60101,2.6278,2.63926,2.64951,2.66147,2.70319,2.71445,2.72724,2.77601,2.8038,2.83122,2.85903,2.88771,2.93265,2.97318,2.86951,2.50167,1.49984,0.999395,0.499039,-0.00140861,-0.472284,-0.440904,-0.411621,-0.358576,-0.334136,-0.278632,-1.20666,-2.16412,-1.21464,-1.19332,-2.16416,-0.230124,-2.16154,-2.16618,-0.218609,-2.16527,-1.19628,-1.18349,-2.16921,-1.19436,-1.18319,-2.17572,-1.19349,-1.18362,-2.17906,-1.19422,-0.196774,-0.191226,-0.189445,-0.181469,-0.180148,-0.17767,-0.176657,-0.170932,-0.170024,-0.169109,-0.166689,-0.163585,-0.162522,-0.158226,-0.15752,-0.152853
3.45,-0.00928376,-0.00970521,-0.0245256,2.47353,2.46408,2.46102,2.45809,2.45864,2.45941,2.46287,2.46452,2.46247,2.4678,2.46594,2.46871,2.47236,2.47341,2.47495,2.47309,2.47719,2.48219,2.47731,2.48527,2.47894,2.48745,2.48263,2.49101,2.48951,2.48614,2.48319,2.49112,2.48764,2.49579,2.49247,2.48651,2.48928,2.4935,2.48665,2.49384,2.4957,2.49749,2.4904,2.49328,2.49503,2.50693,2.50166,2.50952,2.50554,2.51513,2.51431,2.51989,2.52847,2.5246,2.54191,2.54356,2.54126,2.5637,2.5653,2.5653,2.59099,2.60261,2.63254,2.646,2.65997,2.66928,2.70884,2.72877,2.75758,2.78638,2.81526,2.84555,2.91892,2.95362,2.85369,2.48758,1.48975,0.991415,0.493186,-0.00516597,-0.471521,-0.438633,-0.407646,-0.352223,-0.317688,-0.267671,-1.19033,-2.14498,-1.19984,-1.17883,-2.14785,-0.219558,-2.14691,-2.15222,-0.208788,-2.15275,-1.18582,-1.17352,-2.15841,-1.18503,-1.17433,-2.16657,-1.18514,-1.17571,-2.17099,-1.18682,-0.18533,-0.184988,-0.178205,-0.176441,-0.175268,-0.17334,-0.172404,-0.166808,-0.166003,-0.163928,-0.162808,-0.160469,-0.159574,-0.15616,-0.152572,-0.150499
3.5,-0.00273105,-0.00239504,-0.00345199,2.43583,2.44069,2.44039,2.44018,2.44161,2.44632,2.44341,2.44357,2.44828,2.4496,2.44999,2.45911,2.45369,2.45415,2.45715,2.46383,2.46627,2.46259,2.46516,2.47166,2.47004,2.47272,2.46832,2.46897,2.46823,2.47678,2.46816,2.47532,2.47117,2.47892,2.47133,2.47583,2.47355,2.47304,2.46825,2.47727,2.47818,2.47669,2.47004,2.48133,2.48065,2.47411,2.48098,2.47603,2.48369,2.47838,2.48938,2.48829,2.5067,2.50368,2.50274,2.52169,2.52071,2.54105,2.53946,2.53611,2.55711,2.58853,2.57947,2.6101,2.63332,2.64975,2.6635,2.68477,2.71877,2.73727,2.80677,2.83618,2.86155,2.90981,2.81663,2.45575,1.46731,0.973941,0.480719,-0.0126858,-0.470576,-0.435583,-0.403188,-0.336106,-0.307743,-0.255499,-1.17227,-2.12393,-1.1836,-1.16301,-2.13016,-0.208098,-2.13118,-2.13725,-0.198221,-2.13943,-1.17467,-1.16295,-2.14701,-1.17517,-1.165,-2.15698,-1.17636,-1.1674,-2.16257,-1.17905,-0.178415,-0.178356,-0.173117,-0.171567,-0.170177,-0.168709,-0.163465,-0.162797,-0.161997,-0.160109,-0.159156,-0.157164,-0.153059,-0.152178,-0.1507,-0.146575
3.55,-0.00007211,0.00174318,0.0140662,2.40193,2.41368,2.41678,2.4228,2.42435,2.42833,2.42607,2.42977,2.43026,2.43751,2.44044,2.441,2.43982,2.44533,2.44904,2.45222,2.44765,2.44879,2.45628,2.45025,2.45487,2.4504,2.45523,2.46065,2.45872,2.45482,2.45172,2.45899,2.45448,2.45976,2.46122,2.45289,2.45688,2.46215,2.4533,2.45918,2.45137,2.4613,2.45455,2.4528,2.45285,2.45483,2.45597,2.45839,2.4696,2.46211,2.47371,2.46994,2.46635,2.46469,2.47917,2.4889,2.49435,2.49467,2.51526,2.51094,2.52806,2.52939,2.53377,2.57794,2.58126,2.59176,2.63859,2.67873,2.66691,2.72617,2.7566,2.78938,2.84128,2.88467,2.79615,2.43769,1.45476,0.964357,0.474112,-0.0163429,-0.468942,-0.432062,-0.358043,-0.326373,-0.296495,-0.241871,-1.15217,-2.10078,-1.16581,-1.14574,-2.11096,-0.195668,-2.11426,-2.12117,-0.186846,-2.12526,-1.1628,-1.15174,-2.135,-1.16474,-1.15519,-2.14695,-1.16714,-1.15871,-2.15377,-1.17083,-0.171289,-0.164724,-0.167281,-0.160988,-0.16322,-0.158522,-0.159357,-0.159085,-0.158189,-0.156281,-0.155617,-0.150619,-0.149945,-0.149043,-0.148069,-0.143864
3.6,-0.00557446,-0.00484884,-0.00971553,2.38405,2.39335,2.39755,2.40448,2.4022,2.40924,2.41196,2.41522,2.42067,2.41973,2.41891,2.42938,2.42388,2.42831,2.43113,2.4313,2.43911,2.43835,2.43519,2.43881,2.44113,2.43727,2.44321,2.44034,2.44664,2.44414,2.44184,2.44276,2.43917,2.44391,2.44287,2.4427,2.43687,2.43294,2.43576,2.4279,2.43792,2.44173,2.43772,2.43615,2.43722,2.43914,2.4412,2.4271,2.43026,2.43523,2.44326,2.43507,2.44594,2.44463,2.44557,2.44951,2.46359,2.47171,2.46586,2.47936,2.50059,2.49565,2.53377,2.54131,2.54234,2.57902,2.60148,2.62206,2.65454,2.68489,2.70303,2.73682,2.78556,2.86324,2.77195,2.41754,1.44115,0.954154,0.467306,-0.0199084,-0.466584,-0.422756,-0.384168,-0.315031,-0.283807,-0.210176,-1.10524,-2.04722,-1.12497,-1.10625,-2.06745,-0.167554,-2.07637,-2.08535,-0.161382,-2.09408,-1.13667,-1.12726,-2.109,-1.14208,-1.13404,-2.12556,-1.14736,-1.14028,-2.13526,-1.15262,-0.161769,-0.15951,-0.156088,-0.157607,-0.155947,-0.154538,-0.155467,-0.152821,-0.151458,-0.151976,-0.148431,-0.147716,-0.146837,-0.146066,-0.142024,-0.142245
3.65,-0.0105429,-0.0107755,-0.0288661,2.34901,2.37285,2.38229,2.388,2.39001,2.39207,2.39261,2.39795,2.39753,2.40327,2.40394,2.41082,2.41196,2.41364,2.42032,2.4179,2.42008,2.4212,2.4256,2.42903,2.43092,2.42747,2.43385,2.42743,2.4226,2.4238,2.42634,2.43033,2.42827,2.42589,2.41653,2.42142,2.42483,2.42296,2.41119,2.41532,2.41932,2.40362,2.4201,2.41577,2.40492,2.4068,2.40824,2.40981,2.41041,2.40977,2.42159,2.4138,2.40599,2.40633,2.414,2.41824,2.41599,2.43561,2.42937,2.44568,2.43794,2.45818,2.46602,2.50332,2.5021,2.52636,2.54869,2.57677,2.5986,2.63152,2.66062,2.72576,2.76473,2.82476,2.74607,2.39577,1.42635,0.943312,0.460374,-0.0230669,-0.459274,-0.415261,-0.374715,-0.301999,-0.253297,-0.192096,-1.07798,-2.01634,-1.10165,-1.0837,-2.04278,-0.151674,-2.05512,-2.06537,-0.147111,-2.07693,-1.12228,-1.11391,-2.09497,-1.12978,-1.12268,-2.11419,-1.13678,-1.13056,-2.12558,-1.14236,-0.151418,-0.152077,-0.150831,-0.149401,-0.147355,-0.150058,-0.149433,-0.146612,-0.147977,-0.147392,-0.145953,-0.145037,-0.143458,-0.142363,-0.138545,-0.139398
3.7,-0.00796278,-0.0078422,0.0253448,2.33791,2.36068,2.36346,2.36372,2.36763,2.37644,2.38096,2.38261,2.3888,2.38624,2.39402,2.39259,2.39394,2.40205,2.40821,2.40527,2.40674,2.40997,2.41078,2.41033,2.40819,2.41411,2.40979,2.41185,2.41401,2.41451,2.40571,2.40591,2.40462,2.40256,2.40501,2.40704,2.39584,2.39622,2.39916,2.40065,2.40299,2.386,2.38243,2.39399,2.3908,2.38977,2.39107,2.3766,2.38156,2.38142,2.39104,2.37876,2.37962,2.37962,2.38639,2.39089,2.4,2.39074,2.40465,2.39662,2.39964,2.41411,2.43543,2.42726,2.47229,2.47603,2.48792,2.50926,2.5453,2.58296,2.60617,2.67492,2.71101,2.75654,2.69677,2.34151,1.39277,0.919763,0.446653,-0.0274056,-0.452405,-0.405115,-0.363511,-0.268977,-0.235888,-0.1727,-1.04807,-1.98236,-1.07622,-1.05905,-2.01587,-0.134428,-2.03205,-2.04378,-0.131653,-2.05861,-1.1069,-1.09975,-2.08022,-1.11679,-1.11078,-2.10237,-1.12569,-1.12038,-2.11583,-1.13154,-0.141924,-0.13769,-0.139856,-0.143974,-0.14247,-0.145491,-0.145938,-0.141573,-0.141282,-0.143364,-0.142786,-0.141299,-0.13987,-0.138214,-0.138825,-0.135605
3.75,-0.00967403,-0.00922701,-0.0136239,2.37137,2.34944,2.3464,2.34643,2.34838,2.35835,2.36221,2.36609,2.36904,2.37523,2.37312,2.38453,2.38195,2.38419,2.38801,2.39262,2.39003,2.39105,2.39943,2.4003,2.40029,2.39488,2.39737,2.40197,2.3967,2.39548,2.39542,2.39554,2.3951,2.39375,2.39413,2.38308,2.38256,2.38204,2.38185,2.3761,2.37027,2.36811,2.36658,2.3789,2.35629,2.37161,2.36934,2.35459,2.36108,2.36452,2.36964,2.35455,2.33915,2.34351,2.36489,2.36215,2.36303,2.36215,2.36589,2.3575,2.35689,2.36643,2.39421,2.38862,2.39827,2.42049,2.45759,2.49744,2.49769,2.52578,2.55879,2.60457,2.63241,2.76868,2.66283,2.31145,1.37374,0.907168,0.440306,-0.0280718,-0.440741,-0.391765,-0.348194,-0.253317,-0.218949,-0.15216,-1.01555,-1.94506,-1.0486,-1.03209,-1.98648,-0.115685,-2.00686,-2.02036,-0.114839,-2.03894,-1.0904,-1.08473,-2.06473,-1.10308,-1.09835,-2.09012,-1.11411,-1.10967,-2.1051,-0.134347,-0.130425,-0.127451,-0.136019,-0.132153,-0.137588,-0.135001,-0.139747,-0.139103,-0.136779,-0.139238,-0.139309,-0.137492,-0.138,-0.135021,-0.134687,-0.133613
3.8,-0.0145165,-0.00922701,-0.0093015,2.31951,2.3156,2.32133,2.32677,2.33063,2.33958,2.34353,2.34824,2.34798,2.35563,2.36322,2.36412,2.37106,2.3744,2.37746,2.37964,2.37948,2.38482,2.38055,2.38268,2.38679,2.38368,2.38397,2.38932,2.38602,2.38547,2.3853,2.37479,2.38455,2.37321,2.37266,2.37086,2.36932,2.36714,2.36441,2.35781,2.35464,2.35603,2.35248,2.34412,2.33928,2.35223,2.34019,2.32962,2.33288,2.32589,2.32037,2.33299,2.31542,2.31684,2.3156,2.31243,2.30904,2.33704,2.32759,2.33404,2.33203,2.30702,2.35096,2.3493,2.35448,2.38837,2.37805,2.42457,2.44019,2.48594,2.47484,2.53901,2.60514,2.70198,2.61668,2.27698,1.35284,0.894181,0.434961,-0.0267668,-0.423461,-0.359459,-0.305904,-0.237287,-0.200597,-0.108441,-0.942735,-1.85985,-0.98688,-0.970934,-1.91886,-0.073248,-1.94803,-1.96643,-0.0761117,-1.99446,-1.05329,-1.05175,-2.03142,-1.07328,-1.07208,-2.06466,-1.08975,-1.08789,-2.08388,-1.10408,-0.121996,-0.122215,-0.12214,-0.127005,-0.131678,-0.130218,-0.133653,-0.13437,-0.136779,-0.134832,-0.135844,-0.135796,-0.134369,-0.132734,-0.132254,-0.130149
3.85,-0.0293743,-0.0100752,0.00385806,2.26073,2.28336,2.29873,2.30436,2.31217,2.31664,2.32387,2.32766,2.33281,2.34229,2.34274,2.35086,2.35104,2.35735,2.36185,2.36551,2.36916,2.37362,2.37141,2.37442,2.37688,2.3717,2.37613,2.36735,2.37605,2.36593,2.36543,2.36483,2.36341,2.36263,2.36172,2.35877,2.35626,2.35324,2.34643,2.34213,2.33743,2.32602,2.33437,2.32913,2.31612,2.30723,2.32385,2.30599,2.31728,2.30366,2.29998,2.29294,2.29205,2.29203,2.29176,2.28781,2.2801,2.28381,2.27085,2.2873,2.27857,2.30702,2.30958,2.31214,2.31742,2.32772,2.32297,2.35719,2.3291,2.37906,2.4207,2.47841,2.49269,2.55629,2.56742,2.23465,1.32967,0.881008,0.43139,-0.0216516,-0.410319,-0.351671,-0.296516,-0.198986,-0.15872,-0.0862539,-0.902565,-1.81252,-0.953408,-0.93636,-1.88042,-0.0491526,-1.91298,-1.9348,-0.0531235,-1.96861,-1.03209,-1.03358,-2.01358,-1.05709,-1.05837,-2.05168,-1.0771,-1.07699,-2.07343,-1.09246,-0.106595,-0.112715,-0.117829,-0.120211,-0.125795,-0.126801,-0.128851,-0.129931,-0.131922,-0.131862,-0.132617,-0.131438,-0.13125,-0.130905,-0.130091,-0.127832
3.9,-0.0621093,-0.0599155,-0.0368398,2.23591,2.25488,2.26884,2.28123,2.29227,2.29678,2.30496,2.31231,2.31746,2.32687,2.33074,2.33575,2.33833,2.34358,2.34719,2.3568,2.35133,2.36206,2.36024,2.35676,2.35927,2.36084,2.36158,2.35812,2.35732,2.35657,2.3558,2.35416,2.35321,2.3522,2.33866,2.33508,2.34338,2.33598,2.33248,2.32918,2.31345,2.31383,2.30016,2.30867,2.30219,2.28991,2.29037,2.28239,2.27437,2.28178,2.26416,2.27256,2.26913,2.26558,2.26447,2.24451,2.24282,2.24037,2.24185,2.25058,2.22824,2.24644,2.2213,2.23127,2.23574,2.23176,2.2418,2.24855,2.27682,2.27739,2.35632,2.42625,2.44017,2.4925,2.43852,2.12743,1.27414,0.855507,0.434523,0.00609076,-0.36323,-0.301531,-0.223332,-0.176579,-0.134414,-0.0652246,-0.85912,-1.7631,-0.920154,-0.898521,-1.8399,-0.0301082,-1.86782,-1.90065,-0.0290322,-1.93814,-1.00767,-1.01416,-1.9952,-1.03996,-1.04449,-2.03876,-1.06426,-1.06619,-2.06336,-1.08129,-0.0961729,-0.106058,-0.10843,-0.115995,-0.117398,-0.122943,-0.124972,-0.127258,-0.128183,-0.129163,-0.129988,-0.129941,-0.129387,-0.127696,-0.126684,-0.125924
3.95,-0.110388,-0.11211,-0.066579,2.18093,2.22511,2.24784,2.26168,2.27048,2.27932,2.28421,2.29759,2.30175,2.30959,2.31521,2.31645,2.32495,2.3319,2.33768,2.34387,2.34171,2.34658,2.3502,2.34712,2.35238,2.34716,2.3535,2.3479,2.35002,2.33796,2.33639,2.33416,2.33052,2.32977,2.32894,2.31843,2.31219,2.32172,2.30347,2.30339,2.30339,2.29204,2.28584,2.2773,2.27279,2.26609,2.26963,2.2661,2.24273,2.25619,2.25171,2.24317,2.24383,2.21147,2.20685,2.21959,2.20367,2.21305,2.20264,2.18723,2.19819,2.17824,2.18541,2.18984,2.19331,2.21454,2.18688,2.17773,2.20361,2.18229,2.25087,2.30306,2.28851,2.40468,2.35049,2.05204,1.23991,0.84442,0.445205,0.0350602,-0.329355,-0.223825,-0.197265,-0.151987,-0.108112,-0.0431576,-0.770911,-1.64545,-0.854322,-0.828217,-1.72836,-0.0162265,-1.76279,-1.79817,-0.0175574,-1.85326,-0.958,-0.976597,-1.94652,-1.00252,-1.01875,-2.01499,-1.03933,-1.04521,-2.04373,-1.06452,-0.0831624,-0.0988876,-0.101238,-0.109893,-0.11443,-0.117889,-0.121558,-0.125341,-0.12529,-0.127069,-0.128331,-0.127043,-0.127723,-0.126196,-0.125251,-0.124343
4,-0.158359,-0.163211,-0.22974,2.17195,2.20839,2.23241,2.24157,2.25221,2.26107,2.26788,2.27135,2.28022,2.28874,2.29554,2.30383,2.3116,2.32338,2.32352,2.32532,2.33249,2.33273,2.33485,2.33986,2.33473,2.33731,2.33646,2.33388,2.33136,2.32977,2.32507,2.3219,2.31838,2.31879,2.30747,2.30646,2.3011,2.29518,2.28774,2.28913,2.2745,2.27217,2.26932,2.26627,2.25177,2.25765,2.24893,2.24527,2.21665,2.2292,2.20597,2.21211,2.19208,2.18202,2.17493,2.16681,2.17739,2.17881,2.15827,2.16266,2.15358,2.13843,2.14913,2.14934,2.14791,2.14693,2.11779,2.13247,2.11592,2.07777,2.10907,2.19159,2.21892,2.28606,2.24527,1.95485,1.19969,0.835772,0.466492,0.0805972,-0.275337,-0.128328,-0.165274,-0.11712,-0.0622129,-0.0235083,-0.721743,-1.57205,-0.816819,-0.792551,-1.66707,-0.0128284,-1.70686,-1.74485,-0.0142478,-1.80701,-0.934339,-0.957254,-1.91188,-0.982984,-1.00749,-2.00457,-1.02803,-1.03657,-2.0357,-1.05553,-0.0736273,-0.0850126,-0.101569,-0.102692,-0.111957,-0.117409,-0.120133,-0.123256,-0.124347,-0.125693,-0.125942,-0.125687,-0.124995,-0.124852,-0.124061,-0.121715
4.05,-0.162159,-0.166783,-0.32166,2.02456,2.21828,2.22223,2.2269,2.23329,2.23554,2.24544,2.24991,2.26578,2.27125,2.27837,2.29142,2.29815,2.30215,2.31556,2.3174,2.31793,2.32538,2.32822,2.33037,2.32458,2.32677,2.32334,2.32624,2.32432,2.32001,2.31749,2.31366,2.30688,2.29812,2.29676,2.29485,2.28114,2.27954,2.27216,2.27411,2.25884,2.25789,2.25284,2.23301,2.23229,2.23426,2.21669,2.19956,2.19698,2.18882,2.19661,2.18375,2.17172,2.15329,2.14445,2.13552,2.15203,2.11711,2.11744,2.11855,2.11038,2.08867,2.07796,2.06668,2.0537,2.03884,2.05607,2.06696,2.01701,2.03092,1.9754,1.99477,1.99678,1.97403,2.10211,1.82652,1.15304,0.82995,0.50244,0.154827,-0.00889117,-0.018075,-0.0507209,-0.0430918,-0.0381117,-0.0169138,-0.670574,-1.49306,-0.778276,-0.75682,-1.60463,-0.00987078,-1.64976,-1.69026,-0.0112682,-1.75956,-0.910087,-0.936901,-1.87432,-0.962755,-0.996372,-1.98975,-1.01532,-1.02995,-2.02994,-1.04671,-0.070778,-0.0822986,-0.0949878,-0.100645,-0.109141,-0.113051,-0.118526,-0.120751,-0.123388,-0.124342,-0.12447,-0.12454,-0.123809,-0.122467,-0.122002,-0.120369
4.1,-0.115382,-0.116758,-0.0349312,1.61033,2.24682,2.21169,2.20397,2.20884,2.21644,2.22368,2.23312,2.25156,2.25214,2.26241,2.27006,2.28999,2.29675,2.30042,2.30969,2.3114,2.31808,2.31646,2.31687,2.31712,2.31712,2.31765,2.31147,2.30904,2.30652,2.29984,2.29632,2.29707,2.28479,2.2844,2.27597,2.26918,2.26965,2.25725,2.25811,2.243,2.22871,2.22407,2.21793,2.2127,2.21312,2.19009,2.18103,2.17083,2.16897,2.148,2.16531,2.13771,2.12604,2.11557,2.1059,2.09644,2.08089,2.0737,2.06862,2.06987,2.02996,2.04381,2.02511,2.00771,1.98995,1.96511,1.96683,1.98026,1.95996,1.90894,1.90894,1.90721,1.73447,1.64392,1.4873,1.25471,0.800327,0.632019,0.257889,0.162675,0.0796997,0.00407026,0.0317854,0.0142152,-0.00678213,-0.61887,-1.41109,-0.738256,-0.720597,-1.54155,-0.00733431,-1.59122,-1.63471,-0.00876774,-1.71078,-0.885301,-0.915923,-1.83537,-0.942409,-0.982536,-1.96746,-1.00358,-1.02548,-2.02561,-1.04038,-0.065373,-0.0747335,-0.0912246,-0.0980455,-0.10865,-0.116122,-0.118701,-0.121422,-0.123237,-0.123753,-0.123534,-0.123154,-0.122856,-0.121283,-0.12008,-0.118854
4.15,-0.0529864,-0.0524548,-0.0357678,1.47145,2.19959,2.1852,2.17332,2.17604,2.18482,2.19599,2.20346,2.22734,2.23982,2.255,2.25944,2.27527,2.2855,2.29107,2.29766,2.30527,2.30551,2.30642,2.30655,2.30636,2.30409,2.30799,2.30551,2.30284,2.29717,2.29437,2.28556,2.28555,2.27133,2.26993,2.26062,2.25049,2.25676,2.24948,2.23998,2.22301,2.20945,2.21733,2.19728,2.18648,2.18648,2.1652,2.16407,2.15937,2.14538,2.12042,2.11448,2.11335,2.09997,2.08818,2.07718,2.06674,2.04769,2.03973,2.03413,1.99685,1.99667,1.97697,1.98342,1.95,1.93533,1.90882,1.90265,1.89984,1.85595,1.84829,1.82281,1.75242,1.57673,1.44964,1.33618,1.0154,0.822014,0.640809,0.387195,0.275587,0.157794,0.0810406,0.0670382,0.0353986,0.0156132,-0.524473,-1.24889,-0.658056,-0.648252,-1.41332,-0.00356938,-1.47094,-1.52009,-0.00456627,-1.60921,-0.834673,-0.872299,-1.75338,-0.899986,-0.949675,-1.90865,-0.971024,-1.01743,-2.01889,-1.03055,-0.0620153,-0.0727089,-0.0911507,-0.0984968,-0.111247,-0.114667,-0.11966,-0.122889,-0.123363,-0.124132,-0.124203,-0.123405,-0.122255,-0.120594,-0.117757,-0.116054
4.2,-0.0416682,-0.0405689,-0.0335625,1.41957,2.14116,2.13955,2.1362,2.15139,2.15568,2.16528,2.17779,2.20555,2.21778,2.23151,2.25454,2.25925,2.27597,2.28401,2.28777,2.29329,2.30075,2.30178,2.30185,2.30129,2.29853,2.29646,2.29231,2.29153,2.29013,2.27915,2.27626,2.27504,2.26179,2.25863,2.25418,2.24341,2.22743,2.23162,2.22269,2.20594,2.2008,2.1876,2.18519,2.17283,2.16284,2.14326,2.14302,2.12065,2.12037,2.10014,2.07874,2.08811,2.07359,2.06094,2.04922,2.03751,2.02595,2.00579,1.96011,1.94576,1.94295,1.93804,1.92292,1.88793,1.87876,1.86551,1.82864,1.80754,1.72215,1.73904,1.68278,1.59619,1.44773,1.38773,1.19362,1.02088,0.870156,0.701328,0.45834,0.34616,0.20309,0.17662,0.101095,0.0665939,0.0208532,-0.486177,-1.17351,-0.619401,-0.61222,-1.34847,-0.00238712,-1.40943,-1.46136,-0.00319871,-1.55682,-0.808499,-0.849442,-1.71016,-0.877998,-0.931306,-1.87498,-0.952782,-1.01223,-2.01381,-1.02605,-0.0607119,-0.0722672,-0.0930432,-0.100731,-0.11487,-0.117584,-0.122148,-0.124662,-0.126231,-0.125702,-0.124242,-0.122603,-0.120331,-0.119074,-0.116704,-0.114959
4.25,-0.0376224,-0.0369974,-0.0321145,1.36944,2.08186,2.0896,2.09673,2.10478,2.12033,2.13674,2.15254,2.16874,2.18871,2.21754,2.23741,2.24623,2.26784,2.27233,2.28568,2.28659,2.29324,2.29402,2.2938,2.29267,2.29315,2.29085,2.28846,2.2844,2.27487,2.2725,2.26768,2.25485,2.25256,2.24773,2.24272,2.22603,2.21796,2.20967,2.20214,2.1949,2.17726,2.16612,2.16227,2.14814,2.13749,2.12182,2.1227,2.10154,2.09753,2.07599,2.06722,2.04845,2.02077,2.01545,1.99246,1.97849,1.96455,1.95176,1.92975,1.90599,1.90555,1.86725,1.84806,1.83994,1.82072,1.75234,1.72697,1.66687,1.64903,1.64323,1.56887,1.49113,1.3825,1.21017,1.11756,1.00333,0.872618,0.600684,0.504858,0.356267,0.289577,0.180279,0.132124,0.0653756,0.0407087,-0.459199,-1.10302,-0.583357,-0.577166,-1.28251,-0.00159074,-1.34771,-1.40131,-0.00209616,-1.50314,-0.782251,-0.826145,-1.6656,-0.855336,-0.911907,-1.83928,-0.933847,-1.00496,-2.0052,-0.031084,-0.0591677,-0.0746873,-0.0978645,-0.105378,-0.120227,-0.125567,-0.126537,-0.127296,-0.128161,-0.126399,-0.125206,-0.122933,-0.120108,-0.118454,-0.117253,-0.115217
4.3,-0.0373087,-0.0376371,-0.0415926,1.32209,2.02163,2.04091,2.04844,2.0565,2.08689,2.10116,2.13427,2.14602,2.17818,2.19319,2.22176,2.24367,2.26043,2.27227,2.27708,2.28463,2.28734,2.2883,2.28739,2.28909,2.28382,2.28241,2.27623,2.27299,2.26691,2.26406,2.25241,2.24834,2.24099,2.2303,2.22265,2.21996,2.21162,2.20317,2.18629,2.17751,2.1681,2.15776,2.13329,2.12635,2.11498,2.10067,2.08318,2.07868,2.07031,2.05015,2.04119,2.02177,1.99234,1.98782,1.97808,1.94707,1.93205,1.91881,1.90048,1.86281,1.83337,1.83556,1.82001,1.79294,1.73856,1.70672,1.67605,1.59561,1.54796,1.55148,1.48568,1.40407,1.30289,1.14205,1.07444,0.969469,0.735955,0.624163,0.523677,0.433284,0.287405,0.216135,0.162621,0.0855202,0.0437032,-0.442674,-1.04033,-0.548199,-0.542528,-1.21604,-0.00111678,-1.2854,-1.33992,-0.00146871,-1.44921,-0.755069,-0.802358,-1.61966,-0.831973,-0.891424,-1.80132,-0.913915,-0.995436,-1.98818,-1.01424,-0.0672217,-0.0830588,-0.106788,-0.128607,-0.127504,-0.131603,-0.135532,-0.132519,-0.13083,-0.129333,-0.12724,-0.123405,-0.121487,-0.117951,-0.115919,-0.11176
4.35,-0.0327445,-0.0329329,-0.0352869,1.19254,1.96524,1.99115,2.00463,2.01793,2.03108,2.06115,2.08803,2.12537,2.15301,2.17606,2.21651,2.2389,2.25735,2.26568,2.27416,2.28426,2.28644,2.28627,2.285,2.28218,2.27858,2.27649,2.27356,2.26624,2.26244,2.25052,2.24417,2.24064,2.23484,2.22816,2.21814,2.19911,2.18981,2.18121,2.17188,2.16928,2.14225,2.13853,2.1262,2.11985,2.09375,2.07809,2.06459,2.04939,2.05133,2.01601,2.00332,1.99065,1.96888,1.96205,1.92794,1.93071,1.90644,1.88353,1.87196,1.81186,1.82317,1.79923,1.77719,1.70531,1.69816,1.66637,1.59791,1.55426,1.50368,1.46948,1.41442,1.33198,1.21228,1.13217,1.03906,0.842407,0.734019,0.626542,0.525265,0.429932,0.341496,0.198147,0.142246,0.0977253,0.0305981,-0.433789,-0.945097,-0.491447,-0.480188,-1.07621,-0.00071374,-1.16384,-1.21569,-0.00088184,-1.33941,-0.700117,-0.753269,-1.52325,-0.784072,-0.846293,-1.71718,-0.869737,-0.965827,-1.93808,-0.0514986,-0.0775368,-0.0977548,-0.121418,-0.148772,-0.145966,-0.141527,-0.140408,-0.136237,-0.136879,-0.13106,-0.128593,-0.123862,-0.121555,-0.116961,-0.112835,-0.110379
4.4,-0.0322951,-0.0313014,-0.012197,0.145281,1.9511,1.94673,1.95164,1.95227,1.98108,1.99948,2.04553,2.06328,2.11985,2.16088,2.19992,2.23622,2.25818,2.27258,2.27993,2.28436,2.2846,2.28472,2.28149,2.27777,2.2759,2.27359,2.26281,2.25873,2.25369,2.24164,2.23783,2.22661,2.21878,2.21364,2.2043,2.19357,2.18131,2.17364,2.15829,2.14245,2.13926,2.12467,2.1068,2.10003,2.08016,2.05873,2.04694,2.02762,2.02583,1.99612,1.9842,1.95548,1.94382,1.92966,1.90872,1.89175,1.86508,1.82918,1.83151,1.81186,1.77609,1.74588,1.69242,1.66328,1.63333,1.6258,1.56871,1.52738,1.47736,1.39146,1.29593,1.25508,1.12981,1.01608,0.940561,0.849357,0.752253,0.631744,0.528086,0.427714,0.333508,0.243185,0.171017,0.0634034,-0.00224015,-0.449601,-0.901799,-0.468223,-0.450617,-1.00331,-0.00022743,-1.1029,-1.15272,-0.00026664,-1.285,-0.672299,-0.726742,-1.47298,-0.760528,-0.820764,-1.67096,-0.846498,-0.9404,-1.89627,-0.973036,-0.0973197,-0.121511,-0.169948,-0.169848,-0.156668,-0.156466,-0.146467,-0.144025,-0.139608,-0.132666,-0.130089,-0.124201,-0.119072,-0.116616,-0.112039,-0.109605
4.45,-0.0397371,-0.0402105,-0.0513608,0.0736067,1.89675,1.88423,1.8912,1.89543,1.91334,1.94178,1.98987,2.04648,2.08304,2.15321,2.19736,2.23766,2.27737,2.27894,2.2814,2.28435,2.28468,2.28353,2.27902,2.27546,2.26962,2.26569,2.25994,2.25464,2.2487,2.2422,2.23464,2.22676,2.21625,2.19794,2.18933,2.18183,2.16599,2.15373,2.14511,2.1313,2.11528,2.10734,2.09353,2.08298,2.06528,2.03828,2.03784,2.00755,2.00407,1.98051,1.96589,1.94082,1.92585,1.89635,1.87566,1.87344,1.81583,1.8059,1.78141,1.76213,1.73606,1.70872,1.6817,1.62126,1.5891,1.55591,1.48193,1.46569,1.4419,1.30016,1.23239,1.18042,1.07962,1.03914,0.942839,0.80832,0.716055,0.56811,0.496634,0.409942,0.320827,0.231896,0.125416,0.0568852,-0.0564114,-0.497098,-0.83262,-0.428535,-0.442781,-0.915445,-0.00393675,-1.04247,-1.08685,-0.00496781,-1.22992,-0.640345,-0.705656,-1.42397,-0.730955,-0.803102,-1.61464,-0.815802,-0.908579,-1.82761,-0.947331,-0.135251,-0.223216,-0.197789,-0.186025,-0.169954,-0.167639,-0.16293,-0.153536,-0.140139,-0.135818,-0.132429,-0.123193,-0.119546,-0.116508,-0.11015,-0.108809
4.5,-0.039593,-0.0397248,-0.0580666,0.103683,1.81921,1.80294,1.8066,1.82565,1.83563,1.90252,1.91835,1.94085,2.08625,2.13641,2.22726,2.26681,2.28802,2.28625,2.29456,2.28945,2.28895,2.28275,2.27826,2.27588,2.26706,2.26649,2.25106,2.25227,2.24521,2.23759,2.22125,2.21254,2.20361,2.19518,2.18387,2.17211,2.1694,2.15273,2.13741,2.11329,2.11304,2.09958,2.07092,2.05581,2.04685,2.02915,2.01049,1.99545,1.98132,1.95893,1.93573,1.91038,1.89463,1.87685,1.85805,1.82284,1.80314,1.79374,1.74651,1.7247,1.68074,1.65943,1.64312,1.57375,1.5443,1.51629,1.46102,1.4162,1.37836,1.27758,1.23159,1.16199,1.03107,0.954219,0.899616,0.78625,0.699654,0.593513,0.462657,0.387884,0.308651,0.195981,0.0883124,-0.0561352,-0.328227,-0.570527,-0.711638,-0.358558,-0.460595,-0.774132,0.0344442,-1.00801,-0.997629,0.0437865,-1.18232,-0.623846,-0.63369,-1.37643,-0.718615,-0.720013,-1.61841,-0.794461,-0.806695,-1.7468,-0.896265,-0.352588,-0.29139,-0.233917,-0.213278,-0.196241,-0.178253,-0.161176,-0.152815,-0.143574,-0.134841,-0.12986,-0.123749,-0.118326,-0.114989,-0.109786,-0.105798
4.55,-0.0194272,-0.0172782,-0.0387038,0.0311451,1.73319,1.72289,1.72312,1.73571,1.7641,1.81349,1.81681,1.86772,2.03223,2.12711,2.28089,2.28273,2.30919,2.31067,2.30943,2.29882,2.2929,2.28416,2.28003,2.27188,2.26756,2.25682,2.2496,2.24121,2.23116,2.22188,2.21297,2.20456,2.19613,2.18769,2.17107,2.16247,2.15338,2.1391,2.12646,2.10305,2.09106,2.07941,2.06743,2.04951,2.01729,2.01142,1.99242,1.9657,1.96055,1.93608,1.89874,1.89279,1.87289,1.83544,1.81698,1.79462,1.77344,1.76045,1.71634,1.69479,1.65046,1.62507,1.59721,1.53604,1.50127,1.46213,1.41232,1.32671,1.32671,1.26701,1.17537,1.12788,1.02303,0.963316,0.897948,0.767981,0.716218,0.560479,0.502619,0.415564,0.261656,0.177555,0.100634,-0.0923261,-0.243146,-0.579151,-0.517296,-0.417993,-0.584693,-0.494814,-0.454829,-0.704279,-0.658136,-0.732393,-0.810674,-0.78371,-0.834168,-0.9662,-0.886705,-1.03037,-1.10605,-1.00495,-1.07728,-1.08776,-0.897364,-0.433069,-0.318826,-0.267112,-0.235151,-0.20944,-0.187289,-0.167965,-0.158304,-0.146545,-0.13633,-0.127293,-0.12357,-0.119541,-0.112906,-0.107251,-0.100926
4.6,0.00122142,0.00346006,0.0270172,0.229309,1.60544,1.61468,1.62249,1.64876,1.64707,1.64979,1.72324,1.72035,1.81816,2.25884,2.34229,2.38035,2.34887,2.33712,2.31084,2.30326,2.29363,2.2866,2.27951,2.2738,2.26193,2.25574,2.24911,2.24177,2.22826,2.2232,2.20881,2.20041,2.19186,2.18314,2.17408,2.15376,2.14376,2.13283,2.12039,2.09547,2.08281,2.06933,2.0551,2.02509,2.00983,1.99527,1.96576,1.95067,1.93602,1.91034,1.89874,1.87349,1.85115,1.8115,1.79161,1.77092,1.74237,1.71733,1.69466,1.64729,1.62102,1.59129,1.56166,1.53128,1.49938,1.42371,1.37486,1.32445,1.27388,1.22227,1.1726,1.0696,1.01359,0.95287,0.825714,0.751669,0.672534,0.602809,0.472264,0.400241,0.323201,0.140359,0.0150334,-0.135215,-0.27944,-0.391064,-0.441965,-0.451337,-0.464471,-0.507525,-0.541696,-0.599649,-0.64022,-0.723444,-0.766136,-0.798955,-0.903268,-0.941003,-0.965336,-1.00698,-1.05602,-1.10217,-1.1529,-1.13072,-0.764897,-0.540719,-0.404297,-0.306434,-0.250506,-0.219313,-0.19308,-0.180608,-0.160393,-0.147879,-0.137029,-0.126802,-0.120866,-0.118028,-0.110795,-0.104546,-0.0986716
4.65,0.00831684,0.00895041,0.0167422,0.16746,1.51887,1.53923,1.53317,1.5377,1.54472,1.54178,1.5717,1.59483,1.34584,2.31701,2.5885,2.40019,2.36521,2.3441,2.32852,2.30789,2.29747,2.28993,2.28326,2.26899,2.26213,2.25542,2.24873,2.23513,2.22756,2.21963,2.21224,2.19605,2.18737,2.17829,2.16872,2.14819,2.13771,2.12665,2.1147,2.08944,2.07608,2.06187,2.04742,2.01783,2.00201,1.98559,1.96873,1.93475,1.91744,1.8995,1.86302,1.84562,1.82634,1.80702,1.76722,1.74715,1.72731,1.70575,1.65941,1.63558,1.60951,1.58286,1.52617,1.4954,1.46268,1.42763,1.35147,1.31267,1.27084,1.22374,1.12102,1.06652,1.00906,0.94872,0.82281,0.754104,0.687693,0.617716,0.466358,0.389972,0.310274,0.225,0.0360374,-0.0649424,-0.174515,-0.272282,-0.387626,-0.416668,-0.444345,-0.504844,-0.545281,-0.587588,-0.62819,-0.718347,-0.761173,-0.804318,-0.852529,-0.940634,-0.979766,-1.0161,-1.04851,-1.11578,-1.16543,-1.38539,-0.252097,-0.375409,-0.344177,-0.288192,-0.257191,-0.216719,-0.193064,-0.168077,-0.159269,-0.147406,-0.131743,-0.125283,-0.118918,-0.110868,-0.108538,-0.101985,-0.095951
4.7,0.00789127,0.00666446,-0.00515283,0.0843724,1.44337,1.45014,1.45049,1.45178,1.46403,1.43713,1.41688,1.41318,1.18415,1.83086,2.5892,2.3824,2.35226,2.33031,2.31248,2.28371,2.27165,2.26057,2.25024,2.23097,2.22173,2.21259,2.20345,2.18485,2.17534,2.16559,2.15554,2.1344,2.12322,2.1116,2.09955,2.07404,2.0605,2.04643,2.03186,2.00123,1.98526,1.96894,1.95227,1.9179,1.90031,1.88256,1.86473,1.8288,1.81065,1.79253,1.75634,1.73787,1.7191,1.70004,1.66108,1.6411,1.62039,1.59883,1.55326,1.52898,1.5036,1.47718,1.4205,1.38984,1.3574,1.32317,1.25021,1.21105,1.16919,1.12455,1.02839,0.977028,0.92345,0.867863,0.750483,0.689008,0.626052,0.560666,0.424139,0.353483,0.280218,0.203497,0.0413065,-0.0429727,-0.128013,-0.207356,-0.326662,-0.368273,-0.404894,-0.476562,-0.516155,-0.558327,-0.60136,-0.692726,-0.736391,-0.774943,-0.807459,-0.858661,-0.878786,-0.89819,-0.914601,-0.944262,-1.00074,-1.23424,-0.17581,-0.276261,-0.297611,-0.260074,-0.246436,-0.202676,-0.185128,-0.165143,-0.156069,-0.140319,-0.13303,-0.122596,-0.115873,-0.108626,-0.101357,-0.0993348,-0.094694
4.75,0.0164953,0.0156054,0.00136415,0.021882,1.35766,1.36129,1.36549,1.34879,1.33903,1.33911,1.30893,1.28067,1.24304,1.87564,2.26924,2.35249,2.33516,2.31462,2.29607,2.26491,2.25164,2.23939,2.2279,2.2063,2.19589,2.18558,2.17526,2.15432,2.14356,2.13253,2.12117,2.09731,2.08474,2.0717,2.05819,2.02964,2.0146,1.99907,1.98305,1.9497,1.93244,1.91486,1.89698,1.86059,1.84219,1.82374,1.80529,1.76843,1.75006,1.73174,1.69499,1.67641,1.65762,1.63858,1.59954,1.57932,1.55847,1.53689,1.49128,1.46708,1.44184,1.41551,1.35905,1.32868,1.29678,1.26333,1.19161,1.15298,1.11222,1.06931,0.977305,0.928328,0.87743,0.824669,0.713732,0.655714,0.596013,0.534547,0.406592,0.340072,0.271542,0.200855,0.0542502,-0.0201772,-0.0932931,-0.162275,-0.278442,-0.325562,-0.368147,-0.449236,-0.49099,-0.534123,-0.578407,-0.674202,-0.720397,-0.758751,-0.7883,-0.825377,-0.839979,-0.852925,-0.863431,-0.875901,-0.885029,-0.859602,-0.41732,-0.273742,-0.24352,-0.237007,-0.21,-0.197791,-0.173439,-0.163102,-0.151402,-0.140032,-0.124593,-0.120959,-0.111402,-0.106046,-0.0984882,-0.0933385,-0.0916632
4.8,0.0257409,0.0262934,0.039452,0.0698041,1.28656,1.27176,1.26032,1.25435,1.23822,1.21802,1.17604,1.1268,1.13881,1.59705,2.49877,2.35158,2.31478,2.28971,2.27048,2.23985,2.22654,2.214,2.20201,2.17903,2.16779,2.15656,2.14525,2.12211,2.11015,2.09784,2.08514,2.05843,2.04436,2.0298,2.01473,1.98308,1.96653,1.94952,1.93209,1.89609,1.87762,1.85891,1.84002,1.80196,1.78294,1.76398,1.74514,1.70788,1.68944,1.6711,1.6344,1.61592,1.59726,1.57835,1.53948,1.51932,1.49856,1.47709,1.43178,1.40778,1.38278,1.35671,1.30095,1.27109,1.23983,1.20712,1.13706,1.09947,1.06005,1.01876,0.93072,0.884054,0.835677,0.785636,0.680754,0.626014,0.569769,0.512025,0.392182,0.330067,0.266412,0.20125,0.0676165,0.00043558,-0.0654716,-0.128454,-0.240245,-0.288726,-0.333743,-0.41988,-0.463798,-0.508992,-0.553652,-0.639509,-0.675134,-0.702729,-0.726859,-0.758302,-0.769497,-0.780241,-0.791572,-0.810937,-0.856735,-1.01618,-0.611651,-0.231044,-0.219492,-0.220287,-0.198656,-0.175421,-0.161333,-0.149035,-0.13855,-0.127901,-0.120209,-0.114455,-0.105521,-0.0996869,-0.0952354,-0.0899783,-0.0832907
4.85,0.026522,0.0262261,0.0287851,0.0157812,1.20458,1.19497,1.17535,1.17314,1.14795,1.14511,1.11703,1.08185,0.971437,1.56966,2.45657,2.29793,2.27387,2.25599,2.2404,2.21206,2.19886,2.18615,2.17378,2.14962,2.1376,2.1255,2.11323,2.08793,2.07477,2.06122,2.04724,2.0179,2.00253,1.98668,1.97038,1.93644,1.91884,1.90087,1.88256,1.84507,1.826,1.80679,1.78751,1.74903,1.72995,1.71105,1.69236,1.65557,1.63744,1.6194,1.58334,1.56517,1.54682,1.52819,1.48981,1.46987,1.44932,1.42808,1.38323,1.35949,1.33476,1.30898,1.25393,1.22452,1.19377,1.16164,1.09291,1.05614,1.01769,0.977534,0.892218,0.84712,0.800445,0.752237,0.651406,0.598871,0.54496,0.4897,0.375277,0.316144,0.25574,0.194161,0.0686732,0.00587865,-0.0557693,-0.115104,-0.223103,-0.271468,-0.31707,-0.404808,-0.449346,-0.495325,-0.54072,-0.615585,-0.639458,-0.658112,-0.675672,-0.69937,-0.706846,-0.714448,-0.720839,-0.733596,-0.754156,-0.856452,-0.506605,-0.203379,-0.199998,-0.185913,-0.182245,-0.161613,-0.147871,-0.147792,-0.132373,-0.125008,-0.117937,-0.108234,-0.102184,-0.0938084,-0.0881977,-0.0862704,-0.0795683
4.9,0.02661,0.0262949,0.0233568,0.0189305,1.11716,1.10724,1.09432,1.08448,1.06418,1.04628,1.02761,1.0005,1.02919,1.71778,2.12861,2.24032,2.2352,2.22252,2.20854,2.18065,2.16729,2.15425,2.14139,2.11581,2.10289,2.08977,2.07639,2.04862,2.03415,2.01924,2.0039,1.97188,1.95522,1.93815,1.92066,1.88455,1.86595,1.84702,1.82781,1.7887,1.76893,1.7491,1.7293,1.69008,1.67079,1.65177,1.63305,1.5964,1.5784,1.56051,1.52481,1.50683,1.48866,1.4702,1.43214,1.41237,1.39201,1.37097,1.32663,1.30318,1.2788,1.25342,1.19937,1.1706,1.14058,1.10927,1.04252,1.00699,0.969963,0.931443,0.849967,0.807061,0.762754,0.717086,0.621832,0.572328,0.521623,0.469757,0.362706,0.307613,0.251572,0.194727,0.0797152,0.0224112,-0.0339777,-0.0887998,-0.191887,-0.240056,-0.286551,-0.377422,-0.423337,-0.471433,-0.52019,-0.589656,-0.606194,-0.61815,-0.628813,-0.644769,-0.649464,-0.65226,-0.653671,-0.653962,-0.658782,-0.637359,-0.304132,-0.19308,-0.184468,-0.173866,-0.168136,-0.146648,-0.147279,-0.134515,-0.116692,-0.114008,-0.109595,-0.0994024,-0.0929355,-0.0902827,-0.0826435,-0.0806406,-0.0748133
4.95,0.0294085,0.0288492,0.0288427,-0.00008056,1.04056,1.02861,1.02531,1.00931,0.993849,0.983022,0.950843,0.920221,0.849166,1.44868,2.35103,2.2458,2.21492,2.1928,2.17552,2.14692,2.1336,2.12038,2.10711,2.08005,2.06612,2.05186,2.0372,2.00663,1.99069,1.97435,1.9576,1.92302,1.90522,1.88708,1.86861,1.83067,1.81121,1.79147,1.77147,1.73094,1.71056,1.69022,1.67001,1.63035,1.61103,1.59211,1.57358,1.53751,1.51985,1.50232,1.46732,1.44967,1.43181,1.41366,1.37619,1.35671,1.33665,1.31595,1.27233,1.2493,1.22538,1.20051,1.1477,1.11966,1.09047,1.06007,0.995526,0.961298,0.92574,0.888851,0.811128,0.770342,0.728314,0.685082,0.595166,0.548566,0.500927,0.452294,0.352248,0.300956,0.248932,0.196316,0.0901865,0.0372975,-0.0149593,-0.06619,-0.164561,-0.211724,-0.25796,-0.350197,-0.395877,-0.438888,-0.482263,-0.535838,-0.551653,-0.562308,-0.571196,-0.585147,-0.590562,-0.593415,-0.595612,-0.608201,-0.630317,-0.744341,-0.478707,-0.163234,-0.147255,-0.149076,-0.140113,-0.131951,-0.132885,-0.120798,-0.106296,-0.100039,-0.098741,-0.0908184,-0.0824548,-0.0803586,-0.0785969,-0.0753628,-0.069979
5,0.0336296,0.0335917,0.0423826,0.062415,0.945581,0.947443,0.944479,0.932772,0.919455,0.908874,0.893148,0.852987,0.72663,1.48984,2.05357,2.11919,2.11814,2.11061,2.09931,2.07235,2.05795,2.04318,2.02806,1.99668,1.98041,1.96379,1.94685,1.91222,1.89461,1.87684,1.85888,1.82238,1.80376,1.78485,1.76564,1.72627,1.70617,1.68584,1.66535,1.62425,1.60383,1.58364,1.5638,1.52549,1.50711,1.48922,1.47178,1.43791,1.42129,1.40475,1.37156,1.35473,1.33764,1.32023,1.28414,1.26533,1.24595,1.22593,1.18376,1.16152,1.13843,1.11447,1.06371,1.03684,1.00893,0.979952,0.918662,0.886318,0.852831,0.818206,0.7456,0.707665,0.668683,0.62869,0.545826,0.503042,0.459419,0.415007,0.324052,0.277648,0.230746,0.183465,0.0883941,0.0409787,-0.00609334,-0.0526569,-0.144007,-0.188964,-0.233732,-0.324988,-0.371086,-0.410877,-0.432642,-0.449983,-0.457887,-0.464189,-0.468757,-0.473195,-0.473888,-0.474211,-0.474439,-0.474322,-0.480804,-0.399644,-0.106337,-0.129283,-0.145711,-0.136155,-0.127746,-0.118709,-0.11978,-0.108601,-0.0947982,-0.0942115,-0.0855247,-0.0844524,-0.0764323,-0.075567,-0.069086,-0.0662334,-0.0636463
5.05,0.0334146,0.0331021,0.0363624,0.0454918,0.879377,0.88165,0.868671,0.861462,0.85347,0.839257,0.823502,0.80656,0.843812,1.57199,2.11184,2.12252,2.11944,2.11068,2.09862,2.07098,2.05647,2.04164,2.02646,1.99486,1.97841,1.96157,1.94439,1.90925,1.89138,1.87335,1.85513,1.81807,1.79914,1.77989,1.76028,1.71996,1.69929,1.67835,1.65721,1.61467,1.59348,1.57253,1.55195,1.51235,1.49344,1.47511,1.45731,1.42288,1.40605,1.38935,1.3559,1.33898,1.32183,1.30438,1.26827,1.24951,1.23018,1.21025,1.16837,1.14632,1.12348,1.0998,1.04976,1.02333,0.995924,0.967508,0.907567,0.876012,0.843396,0.809724,0.739271,0.702535,0.664833,0.626199,0.546294,0.505108,0.463163,0.42051,0.33331,0.288899,0.244058,0.198887,0.10804,0.0626256,0.0173751,-0.0276395,-0.117049,-0.161748,-0.206783,-0.299022,-0.3516,-0.396503,-0.422024,-0.446374,-0.45478,-0.46177,-0.467,-0.472518,-0.473533,-0.47403,-0.474348,-0.476001,-0.463367,-0.573641,-0.217936,-0.138305,-0.123383,-0.114636,-0.116,-0.106884,-0.0973205,-0.0976085,-0.087185,-0.0865384,-0.078574,-0.0779322,-0.070098,-0.063477,-0.0636692,-0.0595316,-0.0588063
5.1,0.034271,0.0332652,0.0248599,-0.00221718,0.82423,0.819624,0.81403,0.796835,0.796351,0.775653,0.75866,0.745374,0.628717,1.2585,2.21673,2.1363,2.10726,2.08319,2.06299,2.029,2.01296,1.99672,1.98007,1.94558,1.92793,1.91014,1.8923,1.85661,1.83873,1.82077,1.80266,1.76571,1.74672,1.72732,1.70749,1.66661,1.64568,1.62451,1.60318,1.56045,1.53931,1.51856,1.49834,1.45992,1.44174,1.42418,1.40715,1.37417,1.358,1.3419,1.30953,1.29311,1.27641,1.25939,1.22412,1.20576,1.18685,1.16734,1.12633,1.10474,1.08239,1.05923,1.01036,0.984577,0.957869,0.93021,0.87197,0.841372,0.809788,0.777226,0.709232,0.673847,0.637578,0.600458,0.523826,0.4844,0.444297,0.40357,0.320472,0.278233,0.235635,0.192764,0.106588,0.0634654,0.0204099,-0.0225632,-0.108535,-0.1519,-0.196003,-0.283963,-0.32594,-0.357707,-0.377392,-0.399174,-0.406171,-0.411715,-0.416166,-0.42182,-0.421679,-0.422364,-0.424112,-0.409743,-0.423744,-0.566624,-0.0606691,-0.102879,-0.109056,-0.102638,-0.0947242,-0.0958487,-0.0873481,-0.0875446,-0.0788901,-0.0710672,-0.0710594,-0.0644328,-0.0633103,-0.0569417,-0.057379,-0.0520897,-0.0471065
5.15,0.0401022,0.0391027,0.0364664,-0.0165263,0.757701,0.752814,0.744575,0.740444,0.728163,0.720435,0.713494,0.696398,0.704187,1.30265,1.90921,1.97893,1.97653,1.96848,1.95564,1.92302,1.90542,1.88768,1.86999,1.83513,1.818,1.80103,1.78418,1.75044,1.73334,1.71596,1.69821,1.66127,1.64197,1.62213,1.60181,1.56008,1.53882,1.5174,1.49591,1.45334,1.43271,1.41279,1.39371,1.35818,1.34155,1.32552,1.30994,1.27959,1.26459,1.24958,1.21919,1.20366,1.18784,1.17165,1.13801,1.12047,1.10238,1.08371,1.04449,1.02387,1.00254,0.980456,0.933966,0.909512,0.884228,0.858101,0.803284,0.774592,0.745051,0.714674,0.651483,0.618719,0.585217,0.551011,0.480647,0.444575,0.407974,0.370894,0.295521,0.257345,0.218924,0.180317,0.102738,0.0638134,0.0247726,-0.0144647,-0.094126,-0.134998,-0.177259,-0.260075,-0.282853,-0.290745,-0.297655,-0.310395,-0.314485,-0.317116,-0.318631,-0.319688,-0.319878,-0.320008,-0.320095,-0.3196,-0.327946,-0.233473,-0.0413163,-0.0961965,-0.0863249,-0.0823901,-0.0841354,-0.0761037,-0.0777041,-0.0696898,-0.0702671,-0.0629265,-0.0569785,-0.0551057,-0.0559004,-0.0494048,-0.0448084,-0.0454455,-0.040747
5.2,0.0488796,0.0484708,0.0606307,0.094626,0.69883,0.695155,0.692199,0.685242,0.675019,0.672018,0.658171,0.652567,0.658868,1.40414,1.9824,1.98132,1.97886,1.96989,1.95619,1.92184,1.90383,1.88585,1.86789,1.83267,1.81538,1.79829,1.78131,1.7474,1.73018,1.71265,1.69474,1.65731,1.63764,1.61734,1.59649,1.55356,1.53166,1.50953,1.48723,1.44284,1.4213,1.40059,1.38086,1.34446,1.32757,1.31135,1.29563,1.26511,1.25007,1.23503,1.20463,1.18913,1.17334,1.15722,1.12376,1.10634,1.08841,1.06993,1.03116,1.01082,0.989804,0.968084,0.922445,0.898489,0.873754,0.84823,0.794795,0.766884,0.738187,0.708717,0.647534,0.61587,0.583532,0.550555,0.482837,0.448184,0.413063,0.377525,0.305408,0.268938,0.232262,0.195425,0.121371,0.0841327,0.0466631,0.00882157,-0.0688559,-0.109205,-0.150608,-0.24273,-0.271126,-0.285006,-0.293713,-0.307952,-0.312528,-0.315798,-0.317836,-0.319464,-0.31975,-0.319915,-0.32005,-0.321468,-0.308916,-0.423187,-0.37321,-0.126298,-0.0796974,-0.0708068,-0.074946,-0.0673054,-0.0682166,-0.0606248,-0.0534661,-0.0544691,-0.0488757,-0.042415,-0.047941,-0.0451272,-0.0382475,-0.0396374,-0.0350865
5.25,0.0536143,0.0537633,0.0585997,0.0612281,0.647171,0.644619,0.63752,0.628542,0.628458,0.618471,0.604519,0.585381,0.529784,1.07772,2.01597,1.91947,1.86575,1.8339,1.81498,1.78329,1.76842,1.7556,1.74257,1.71652,1.7026,1.68866,1.67443,1.64335,1.62692,1.60985,1.59193,1.55316,1.53256,1.51148,1.49009,1.44658,1.4243,1.40163,1.37878,1.33442,1.31388,1.29478,1.27705,1.24489,1.22999,1.21559,1.20153,1.17388,1.16009,1.1462,1.11791,1.10339,1.08854,1.07334,1.0417,1.0252,1.00819,0.99066,0.953896,0.934619,0.914717,0.894171,0.851085,0.82852,0.805262,0.781308,0.731309,0.705275,0.678566,0.651198,0.594569,0.565361,0.535596,0.505312,0.443338,0.411734,0.379779,0.347523,0.282303,0.249434,0.216446,0.183367,0.116934,0.0834805,0.0497056,0.0153947,-0.0560478,-0.0938763,-0.131635,-0.185381,-0.197697,-0.207526,-0.196941,-0.235488,-0.224818,-0.224548,-0.22593,-0.22691,-0.227491,-0.227743,-0.227747,-0.231565,-0.235061,-0.225831,-0.11679,-0.0721864,-0.0676859,-0.0610992,-0.0554998,-0.0579855,-0.050696,-0.0516078,-0.0448051,-0.0461016,-0.0403778,-0.0352969,-0.0383025,-0.0292158,-0.0309231,-0.0254399,-0.026397
5.3,0.0521259,0.0524719,0.0511341,0.0565908,0.592719,0.589049,0.57992,0.576803,0.565922,0.569672,0.558734,0.549072,0.59189,1.21132,1.71896,1.74419,1.74023,1.73582,1.7295,1.71414,1.7054,1.69593,1.68554,1.66254,1.6498,1.63653,1.62266,1.59229,1.57599,1.55876,1.54038,1.50054,1.47965,1.45846,1.43708,1.39341,1.37082,1.3478,1.32476,1.28114,1.26151,1.24348,1.22686,1.19674,1.18272,1.16911,1.15577,1.12939,1.11616,1.10281,1.07551,1.06145,1.04706,1.03231,1.00158,0.985532,0.968995,0.951943,0.916196,0.897461,0.878126,0.858176,0.816382,0.794518,0.772002,0.748832,0.700542,0.675436,0.649706,0.623369,0.568962,0.540944,0.512425,0.48344,0.424226,0.394081,0.363639,0.332946,0.271,0.239834,0.208586,0.177275,0.114413,0.0827245,0.0506637,0.017976,-0.0506419,-0.0873637,-0.124,-0.159322,-0.163761,-0.169069,-0.173303,-0.177454,-0.178801,-0.179586,-0.179922,-0.18027,-0.18039,-0.180465,-0.180515,-0.179913,-0.188221,-0.0978128,0.0410151,-0.0535461,-0.0514698,-0.0450115,-0.0461836,-0.0390526,-0.041478,-0.0347299,-0.0359466,-0.0299177,-0.0315784,-0.0261733,-0.0279428,-0.0224126,-0.024246,-0.0189159,-0.0183139
5.35,0.045454,0.0453824,0.0435376,0.0378595,0.545023,0.539892,0.534414,0.527046,0.52246,0.506206,0.500284,0.504064,0.544662,1.30733,1.79258,1.74396,1.73962,1.73499,1.72851,1.71286,1.70395,1.69431,1.68388,1.66071,1.64801,1.63466,1.62062,1.59019,1.57386,1.55675,1.53807,1.49694,1.47538,1.45353,1.43166,1.38705,1.36366,1.33947,1.31499,1.26878,1.24841,1.22997,1.21314,1.18289,1.16887,1.15529,1.14198,1.11569,1.10252,1.08923,1.06208,1.04812,1.03385,1.01923,0.988811,0.972956,0.956635,0.939823,0.904646,0.886241,0.867271,0.847722,0.806845,0.785502,0.76355,0.740989,0.694058,0.669704,0.644777,0.619294,0.566747,0.539737,0.512277,0.484403,0.427565,0.398685,0.369557,0.340231,0.281163,0.251506,0.221809,0.192086,0.132474,0.102418,0.0719524,0.0407523,-0.025455,-0.0616933,-0.102926,-0.15201,-0.159906,-0.165508,-0.17007,-0.175935,-0.177726,-0.178915,-0.179568,-0.180155,-0.180316,-0.180413,-0.180493,-0.181636,-0.170612,-0.273725,-0.0414659,-0.0425354,-0.043378,-0.0346848,-0.0268407,-0.0289431,-0.0221339,-0.0255426,-0.0177854,-0.0212853,-0.0167672,-0.0179235,-0.012386,-0.016282,-0.0121755,-0.0133145,-0.0129881
5.4,0.0396988,0.0394511,0.0356045,0.0339451,0.498772,0.490324,0.489878,0.479646,0.466136,0.473393,0.4434,0.446358,0.400515,0.953039,1.81645,1.66621,1.62151,1.59534,1.58111,1.56555,1.55875,1.55123,1.54287,1.52412,1.51377,1.50257,1.49035,1.46368,1.45164,1.43922,1.42186,1.38487,1.36636,1.34742,1.32712,1.28108,1.2552,1.22834,1.20259,1.15997,1.14293,1.12777,1.11392,1.08849,1.07642,1.06455,1.05277,1.02913,1.01714,1.00497,0.979902,0.966937,0.953643,0.939993,0.91152,0.896651,0.881335,0.865554,0.832537,0.815271,0.797487,0.779176,0.740951,0.72103,0.700571,0.679576,0.636012,0.613468,0.590436,0.566936,0.51862,0.493862,0.468747,0.443309,0.391612,0.365437,0.339105,0.312665,0.259641,0.233135,0.206674,0.180271,0.127548,0.101051,0.0741933,0.0465526,-0.0136419,-0.0442175,-0.0672247,-0.0866269,-0.0910007,-0.0934694,-0.0949922,-0.095992,-0.0967851,-0.098234,-0.0635503,-0.0948636,-0.0939273,-0.124664,-0.135386,-0.104671,-0.096566,-0.0639664,-0.0386112,-0.0172859,-0.0191891,-0.0243737,-0.0145056,-0.00968573,-0.0115793,-0.00539784,-0.0103571,-0.00314413,-0.0077708,-0.00373625,-0.00534681,-0.00217164,-0.00459889,-0.00209878,-0.00462253
5.45,0.0368335,0.036439,0.0316667,0.0214727,0.454686,0.444723,0.444496,0.436427,0.417701,0.401136,0.386103,0.415492,0.614831,1.07589,1.47004,1.51028,1.51066,1.50763,1.50423,1.495,1.48931,1.48287,1.47565,1.45878,1.4491,1.4386,1.42728,1.40237,1.38904,1.3753,1.36119,1.33025,1.31285,1.2939,1.27311,1.22432,1.19541,1.16624,1.14019,1.10072,1.08541,1.07179,1.05924,1.03594,1.02474,1.01367,1.00261,0.980272,0.968885,0.957293,0.93335,0.92094,0.908207,0.895125,0.867822,0.853562,0.838878,0.823757,0.792146,0.775634,0.758641,0.741162,0.704738,0.685791,0.666356,0.646438,0.605198,0.583905,0.562185,0.540057,0.494672,0.471474,0.447983,0.424234,0.376101,0.3518,0.327407,0.302972,0.254152,0.229844,0.205646,0.18157,0.133705,0.109732,0.0854396,0.0603565,0.00353399,-0.0254321,-0.0435928,-0.0536099,-0.0556682,-0.0567027,-0.0569117,-0.0558502,-0.0550418,-0.0543405,-0.0538324,-0.0531465,-0.0529107,-0.0527431,-0.0526356,-0.0525012,-0.0528845,-0.0510597,-0.0157042,-0.0161716,-0.0116695,-0.0105962,-0.00755833,-0.00047664,-0.00270872,0.00653781,0.00930965,0.00655778,0.0112079,0.00715686,0.00952282,0.00629756,0.00825832,0.00520269,0.00649714
5.5,0.0384619,0.0381459,0.0346159,0.029226,0.411364,0.407591,0.395368,0.388973,0.372886,0.366115,0.343736,0.29463,0.504593,0.833293,1.62551,1.54991,1.53121,1.51483,1.49826,1.46625,1.4517,1.43819,1.42299,1.39443,1.37658,1.35546,1.33386,1.28964,1.27359,1.25914,1.24712,1.2233,1.21003,1.19556,1.18204,1.14362,1.1097,1.0821,1.06122,1.02993,1.0177,1.00642,0.995708,0.97517,0.96509,0.955005,0.944844,0.924112,0.913476,0.902609,0.880048,0.868324,0.856288,0.843913,0.818035,0.80451,0.790591,0.776265,0.74633,0.730705,0.714637,0.698127,0.663788,0.645957,0.627686,0.608985,0.570352,0.550456,0.530197,0.50959,0.46742,0.445927,0.424213,0.402309,0.358036,0.335754,0.313452,0.291183,0.246922,0.225008,0.203287,0.18179,0.139487,0.118574,0.0976371,0.0763539,0.0266872,-0.00015625,-0.015913,-0.0260862,-0.0271154,-0.0271123,-0.0262407,-0.0229371,-0.0206526,-0.0179399,-0.0147141,-0.00654461,-0.00046321,0.00771392,0.0172327,0.0337996,0.0162791,-0.0314341,-0.0290661,-0.00894263,0.00853978,0.0112293,0.00181416,0.0119911,0.00964464,0.0141842,0.0159051,0.0140044,0.0184241,0.0131673,0.0188806,0.0149797,0.0160999,0.0127531,0.0139987
5.55,0.042971,0.0433671,0.0453803,0.048702,0.365127,0.366784,0.357006,0.341653,0.324348,0.297369,0.269873,0.228866,0.19796,0.787946,1.58118,1.53018,1.50491,1.47736,1.45256,1.41638,1.39641,1.37399,1.35053,1.30621,1.27984,1.25255,1.2211,1.17812,1.16469,1.15414,1.14542,1.12772,1.11794,1.10849,1.1033,1.06059,1.03227,1.0107,0.994008,0.969604,0.959475,0.949836,0.940474,0.92212,0.912959,0.903707,0.894311,0.874992,0.865025,0.854798,0.833456,0.822344,0.810926,0.799163,0.774495,0.761594,0.748319,0.734651,0.706075,0.691157,0.675822,0.660074,0.627349,0.610368,0.592978,0.57519,0.538494,0.519629,0.500441,0.48094,0.441088,0.420819,0.400379,0.379789,0.338243,0.317382,0.29655,0.275801,0.234724,0.214476,0.194474,0.174765,0.136319,0.117524,0.0989002,0.080291,0.0377954,0.0172321,0.00680765,-0.00036884,-0.00012808,0.00111853,0.00326623,0.00928446,0.0132444,0.0179121,0.0242281,0.0396043,0.0513996,0.0674699,0.0864401,0.126149,0.132317,0.123709,0.0593856,0.00105579,0.0181957,0.0253951,0.0300497,0.0363554,0.0354458,0.034648,0.0348256,0.0359405,0.0287204,0.0341977,0.028658,0.0283982,0.0241126,0.0240744,0.01921
5.6,0.0413021,0.0415784,0.0509206,0.0674407,0.331665,0.331011,0.326879,0.310749,0.283324,0.266389,0.221431,0.179829,0.0795758,0.758572,1.52619,1.46873,1.44492,1.41982,1.39323,1.33416,1.31809,1.29684,1.26828,1.19714,1.17036,1.13562,1.1052,1.07379,1.06392,1.05679,1.05086,1.0385,1.03224,1.02793,1.02746,0.980112,0.959094,0.943191,0.930387,0.911287,0.902789,0.894492,0.88628,0.869881,0.861567,0.853088,0.844413,0.826467,0.817156,0.807552,0.787415,0.776922,0.766127,0.754974,0.731512,0.719244,0.70662,0.693615,0.666401,0.652194,0.637593,0.62261,0.5915,0.575366,0.558851,0.541969,0.507193,0.489348,0.471217,0.452804,0.415224,0.396156,0.376968,0.357667,0.318777,0.299299,0.279901,0.260637,0.222666,0.204041,0.185718,0.167755,0.133087,0.116368,0.100011,0.084019,0.049229,0.0345639,0.0285312,0.0251574,0.0267924,0.0293459,0.0328372,0.0416491,0.0473337,0.0538521,0.063213,0.0853311,0.10245,0.126034,0.154401,0.224753,0.258905,0.27461,0.139742,0.0120458,0.0304887,0.0433112,0.0476144,0.0487413,0.0590197,0.0563881,0.0456001,0.0459315,0.0476596,0.0440603,0.0384197,0.0370661,0.0355545,0.0308451,0.029461
5.65,0.034409,0.0344498,0.0401777,0.0473934,0.312288,0.310992,0.300844,0.288707,0.266788,0.234287,0.196757,0.148763,0.0883651,0.723406,1.45521,1.39508,1.36597,1.33687,1.30723,1.24486,1.21295,1.17359,1.15406,1.09594,1.0479,1.02029,0.996041,0.975355,0.96917,0.96489,0.961304,0.953645,0.950868,0.950884,0.948738,0.906994,0.890733,0.878856,0.86949,0.854393,0.847243,0.840098,0.83291,0.818321,0.810799,0.803049,0.795068,0.778476,0.769811,0.760815,0.741875,0.732016,0.721852,0.711302,0.689045,0.67742,0.665459,0.653119,0.62727,0.613774,0.59991,0.585694,0.5562,0.540909,0.525262,0.509277,0.476403,0.459571,0.442485,0.425141,0.389786,0.371899,0.353945,0.33591,0.299604,0.281476,0.263481,0.245669,0.210734,0.193696,0.177012,0.160758,0.129807,0.115129,0.101003,0.0875856,0.0608554,0.0518953,0.049705,0.0506005,0.05377,0.0577102,0.0626158,0.0743276,0.0817874,0.0902031,0.102347,0.130512,0.15244,0.182804,0.220094,0.319895,0.379869,0.425972,0.2244,0.0362737,0.0479152,0.0631126,0.0681207,0.0713528,0.0733212,0.0672618,0.0702232,0.0558887,0.0563505,0.0501624,0.0480679,0.045583,0.0432402,0.038426,0.0366851
5.7,0.0235639,0.0236097,0.0258203,0.0236849,0.30271,0.29408,0.284038,0.26726,0.251855,0.226134,0.189723,0.135557,0.0823514,0.632644,1.24712,1.18346,1.14808,1.11339,1.0791,1.00743,0.973508,0.941617,0.91372,0.858302,0.834278,0.806231,0.797562,0.791489,0.790809,0.790645,0.790716,0.79167,0.794405,0.800337,0.795275,0.76975,0.763054,0.757502,0.752773,0.743502,0.738577,0.733401,0.728051,0.716838,0.710779,0.704401,0.69776,0.683903,0.676499,0.668653,0.652147,0.643627,0.634725,0.625333,0.605505,0.595226,0.584607,0.573586,0.550485,0.538409,0.526022,0.513359,0.487092,0.47347,0.459542,0.445323,0.416201,0.401379,0.386348,0.371087,0.34003,0.324455,0.308946,0.293377,0.26202,0.246501,0.231233,0.216246,0.187197,0.17324,0.159729,0.146803,0.12316,0.112493,0.10275,0.0944538,0.0846343,0.0867442,0.0914855,0.101852,0.108458,0.11546,0.123436,0.14141,0.152552,0.165059,0.180852,0.219056,0.248154,0.287877,0.339352,0.48914,0.597646,0.729206,0.408496,0.0532037,0.0691048,0.079376,0.0906345,0.0935462,0.0820475,0.0785339,0.0787568,0.078379,0.0656167,0.0621039,0.0592906,0.0536419,0.0503832,0.0484568,0.0439377
5.75,0.0103092,0.0112216,0.0108447,0.0113762,0.291215,0.285836,0.275459,0.262329,0.243208,0.21596,0.187827,0.142647,0.0633438,0.567665,1.11911,1.04075,1.00476,0.971631,0.939456,0.873532,0.838925,0.809282,0.783299,0.743789,0.728021,0.713442,0.703173,0.704057,0.704756,0.706247,0.707721,0.712592,0.717317,0.723907,0.720209,0.706097,0.702402,0.699111,0.695974,0.689082,0.685125,0.680828,0.676357,0.66676,0.661382,0.655667,0.649686,0.637252,0.630437,0.623127,0.607897,0.600099,0.591801,0.582948,0.564367,0.554802,0.544849,0.534473,0.512763,0.501385,0.489742,0.477873,0.453209,0.440415,0.427336,0.413984,0.386714,0.372897,0.358876,0.344625,0.31563,0.301196,0.286923,0.272552,0.243549,0.229296,0.215363,0.201757,0.175566,0.163115,0.15114,0.139842,0.119822,0.111141,0.103559,0.0978705,0.0968086,0.104354,0.112542,0.128023,0.136484,0.145188,0.154839,0.176174,0.188834,0.205025,0.219749,0.262832,0.29286,0.334577,0.389371,0.558437,0.693254,0.876918,0.503393,0.0784786,0.0976278,0.141458,0.113876,0.116296,0.100516,0.0981936,0.0899859,0.0870442,0.0790308,0.0805498,0.0735299,0.0607166,0.0597707,0.0560232,0.047175
5.8,-0.00643463,-0.00403566,0.00274801,0.00090673,0.282921,0.28018,0.27487,0.26508,0.247394,0.233836,0.213452,0.172314,0.0735649,0.504885,0.971121,0.865509,0.839766,0.81385,0.784234,0.730097,0.702147,0.676477,0.664579,0.619099,0.630875,0.625297,0.608231,0.617574,0.619803,0.622701,0.625482,0.63394,0.640137,0.647082,0.647565,0.644436,0.6431,0.641618,0.639838,0.635158,0.632097,0.628637,0.62506,0.617031,0.612317,0.60726,0.601927,0.590991,0.584701,0.577908,0.564034,0.557002,0.549246,0.540901,0.523617,0.514804,0.505489,0.495739,0.475449,0.464743,0.45386,0.442805,0.419725,0.407758,0.395521,0.38302,0.357589,0.344788,0.33176,0.318495,0.291485,0.278199,0.265204,0.251991,0.225253,0.212245,0.199636,0.187396,0.16401,0.153055,0.142572,0.132887,0.116497,0.1098,0.104354,0.101358,0.109152,0.122144,0.134057,0.15481,0.165199,0.175747,0.187169,0.21179,0.225909,0.240373,0.25951,0.304575,0.335053,0.376296,0.430527,0.610171,0.766776,1.0149,0.608575,0.121802,0.196796,0.178962,0.16309,0.137837,0.134127,0.113447,0.116193,0.105498,0.0930889,0.085982,0.084567,0.0770284,0.0715836,0.0632863,0.0599387
5.85,-0.0239301,-0.0186418,-0.0103407,-0.00628301,0.276292,0.278785,0.278021,0.274787,0.265689,0.244806,0.233686,0.239642,0.184874,0.453938,0.818353,0.653405,0.647526,0.636469,0.613858,0.572398,0.560189,0.550403,0.535075,0.527001,0.526291,0.527093,0.523941,0.531781,0.535524,0.539521,0.543628,0.555262,0.56288,0.570959,0.577449,0.584021,0.584727,0.584744,0.584195,0.581628,0.579398,0.576749,0.574119,0.567584,0.563542,0.559135,0.554422,0.545098,0.539223,0.532963,0.520566,0.514338,0.506989,0.499161,0.48324,0.47523,0.466472,0.457343,0.438512,0.428427,0.418351,0.408134,0.386605,0.375469,0.364065,0.352397,0.328793,0.317036,0.304966,0.292666,0.267529,0.255428,0.243804,0.231663,0.207103,0.195325,0.184035,0.173151,0.152511,0.143065,0.134008,0.125939,0.113197,0.108497,0.105146,0.104986,0.121559,0.140167,0.156423,0.182394,0.194802,0.207366,0.220644,0.248365,0.263732,0.276893,0.300031,0.34424,0.374402,0.41208,0.461194,0.635419,0.813746,1.1349,0.706894,0.32441,0.249653,0.216904,0.18731,0.179881,0.151628,0.146858,0.123264,0.113062,0.0995784,0.0937401,0.0905356,0.0800519,0.0731585,0.0702501,0.0635578
5.9,-0.0412195,-0.0408901,-0.0292602,0.00452214,0.263621,0.281393,0.2865,0.284859,0.276216,0.278468,0.275875,0.276439,0.287155,0.41087,0.459837,0.444269,0.420674,0.416317,0.414304,0.413884,0.4152,0.417234,0.419703,0.424846,0.427803,0.431121,0.438732,0.443145,0.448794,0.455755,0.462774,0.469083,0.482573,0.49071,0.499393,0.513014,0.51665,0.518341,0.517684,0.516975,0.515758,0.525055,0.509264,0.508852,0.506794,0.502678,0.506929,0.499136,0.493947,0.476041,0.477444,0.471899,0.454613,0.450449,0.43413,0.427433,0.420235,0.412391,0.396765,0.386437,0.374896,0.365374,0.356075,0.337648,0.328116,0.31813,0.296732,0.287046,0.276689,0.266731,0.247278,0.232935,0.221525,0.210611,0.193719,0.186171,0.169642,0.160844,0.152202,0.143735,0.136606,0.125057,0.121666,0.107556,0.126701,0.13331,0.146112,0.163701,0.182479,0.199372,0.230061,0.2452,0.259453,0.273385,0.303969,0.321254,0.34002,0.381132,0.404825,0.433298,0.468866,0.576395,0.683015,0.71265,0.711847,0.377716,0.331534,0.249781,0.22618,0.19824,0.16609,0.158053,0.133276,0.131305,0.118531,0.100676,0.100342,0.089526,0.0833258,0.0803717,0.0688512
5.95,-0.0735893,-0.0712453,-0.0784778,-0.0825533,0.290888,0.299026,0.299184,0.29904,0.29692,0.300123,0.303962,0.315458,0.341434,0.396337,0.428128,0.419305,0.417013,0.412133,0.411758,0.412171,0.414304,0.416467,0.420312,0.420312,0.425929,0.431963,0.434512,0.438015,0.445061,0.450369,0.459639,0.466683,0.478411,0.483766,0.495832,0.501489,0.49899,0.507602,0.50421,0.505468,0.503414,0.508338,0.499059,0.500459,0.489856,0.489461,0.485199,0.473118,0.473211,0.467436,0.458773,0.456901,0.446238,0.440509,0.43413,0.418456,0.413573,0.406251,0.389919,0.383336,0.361893,0.356444,0.348865,0.332363,0.324109,0.315486,0.293707,0.283674,0.27464,0.258091,0.251397,0.233783,0.226191,0.209184,0.199807,0.188927,0.179879,0.171512,0.165613,0.156661,0.14341,0.142186,0.134122,0.137199,0.137522,0.144386,0.159027,0.171496,0.189599,0.202506,0.234081,0.2484,0.261863,0.274771,0.305266,0.322275,0.34004,0.375359,0.395318,0.421059,0.487425,0.526287,0.570136,0.586332,0.593908,0.45665,0.325267,0.288705,0.246167,0.20167,0.189454,0.168396,0.147558,0.136574,0.129053,0.117552,0.104338,0.100303,0.0865092,0.0835804,0.0778411
6,-0.117857,-0.11848,-0.131062,-0.151007,0.336849,0.317665,0.314195,0.312562,0.31432,0.317059,0.321967,0.34342,0.358612,0.382979,0.398654,0.40998,0.407029,0.409921,0.408635,0.410174,0.412244,0.41491,0.417813,0.420611,0.423106,0.429332,0.431851,0.438762,0.441922,0.447304,0.456711,0.462524,0.462733,0.474873,0.48535,0.480506,0.491655,0.489341,0.492046,0.494652,0.491655,0.490703,0.490604,0.484853,0.479531,0.476365,0.472074,0.468798,0.463133,0.451431,0.445789,0.442487,0.437734,0.430973,0.422494,0.413226,0.40299,0.397291,0.385843,0.376763,0.358606,0.349554,0.342157,0.334568,0.320552,0.306864,0.298977,0.277541,0.270327,0.263358,0.24819,0.234961,0.222915,0.214855,0.20398,0.191916,0.1852,0.179254,0.167347,0.161336,0.160856,0.153,0.155426,0.151707,0.153421,0.163082,0.172122,0.186688,0.191481,0.217025,0.225672,0.245492,0.259959,0.273114,0.289918,0.323482,0.326746,0.348766,0.371553,0.414295,0.432511,0.47764,0.480753,0.486317,0.46673,0.440497,0.34187,0.302327,0.271289,0.222064,0.198828,0.186123,0.153319,0.141758,0.132894,0.126449,0.116915,0.10346,0.0961999,0.0920087,0.0794755
