tx0,component,weight,mean_z,variance_z,sigma_z
0.0,0,1.0,1.0,1e-12,1e-06
0.0,1,0.0,1.0,1e-12,1e-06
0.0,2,0.0,1.0,1e-12,1e-06
0.0,3,0.0,1.0,1e-12,1e-06
0.0,4,0.0,1.0,1e-12,1e-06
0.0,5,0.0,1.0,1e-12,1e-06
5e-07,0,0.9999921619560064,1.0,1e-12,1e-06
5e-07,1,5.343558661636464e-06,0.9999884766922776,1.1649201635350842e-12,1.0793146730843068e-06
5e-07,2,1.072010225328303e-06,0.9997556244551142,1.2049366711189074e-12,1.0976960741110935e-06
5e-07,3,3.7520357886490606e-07,0.9992451213355708,1.2122780984667265e-12,1.101035012370963e-06
5e-07,4,3.7520357886490606e-07,0.9985820475235481,1.2285495826020516e-12,1.1083995590950276e-06
5e-07,5,6.720679489558206e-07,0.9953608743511242,1.2790715280069762e-12,1.1309604449347361e-06
5.231110298002808e-07,0,0.9999917996654698,1.0,1e-12,1e-06
5.231110298002808e-07,1,5.590548948573723e-06,0.9999879440612613,1.173168808444219e-12,1.0831291744035977e-06
5.231110298002808e-07,2,1.1215607458558395e-06,0.9997443289141136,1.2153645231663774e-12,1.1024357229182921e-06
5.231110298002808e-07,3,3.925462610495438e-07,0.9992102292889523,1.2231128466223559e-12,1.1059443234730923e-06
5.231110298002808e-07,4,3.925462610495438e-07,0.9985165068396706,1.2402938860959114e-12,1.1136848235007567e-06
5.231110298002808e-07,5,7.031323137480838e-07,0.9951464444088873,1.2937064129772094e-12,1.1374121561585357e-06
5.472902989974217e-07,0,0.9999914206291185,1.0,1e-12,1e-06
5.472902989974217e-07,1,5.848955635274569e-06,0.9999873868109425,1.1818612490476517e-12,1.0871344208733582e-06
5.472902989974217e-07,2,1.1734015934964412e-06,0.9997325112699436,1.2263709837573007e-12,1.107416355196771e-06
5.472902989974217e-07,3,4.1069055772375444e-07,0.9991737244600755,1.2345520664309337e-12,1.1111039854266268e-06
5.472902989974217e-07,4,4.1069055772375444e-07,0.9984479367303969,1.252701226582511e-12,1.1192413620763445e-06
5.472902989974217e-07,5,7.356325374612304e-07,0.9949221030730803,1.3091970221269002e-12,1.1442014779429801e-06
5.725871838164898e-07,0,0.9999910240729261,1.0,1e-12,1e-06
5.725871838164898e-07,1,6.11930641124927e-06,0.999986803803366,1.1910244197476786e-12,1.0913406524764295e-06
5.725871838164898e-07,2,1.2276386318864276e-06,0.9997201473899204,1.237992893363479e-12,1.1126512901010268e-06
5.725871838164898e-07,3,4.2967352116024966e-07,0.9991355323028226,1.2466345647849036e-12,1.116527905958872e-06
5.725871838164898e-07,4,4.2967352116024966e-07,0.9983761971694455,1.2658149357979053e-12,1.1250844127432863e-06
5.725871838164898e-07,5,7.696349884518756e-07,0.9946873922186787,1.3256022156062066e-12,1.1513479993495479e-06
5.990533427533734e-07,0,0.9999906091870897,1.0,1e-12,1e-06
5.990533427533734e-07,1,6.402153356904131e-06,0.9999861938479787,1.200687185318683e-12,1.0957587258692869e-06
5.990533427533734e-07,2,1.2843826178974338e-06,0.999707212025898,1.2502698995005225e-12,1.1181546849611294e-06
5.990533427533734e-07,3,4.495339162641018e-07,0.9990955748254009,1.2594021359508635e-12,1.1222308746202198e-06
5.990533427533734e-07,4,4.495339162641018e-07,0.998301141658232,1.279681754754912e-12,1.1312301952984248e-06
5.990533427533734e-07,5,8.052091027587756e-07,0.994441832545176,1.3429857746443363e-12,1.15887263089795e-06
6.267428220660369e-07,0,0.9999901751243757,1.0,1e-12,1e-06
6.267428220660369e-07,1,6.698074070938904e-06,0.9999855556991971,1.2108805072097186e-12,1.1004001577652188e-06
6.267428220660369e-07,2,1.3437494278118173e-06,0.9996936787627088,1.2632447147210093e-12,1.1239415975579022e-06
6.267428220660369e-07,3,4.7031229973413606e-07,0.9990537704310763,1.2728998390676693e-12,1.128228628899156e-06
6.267428220660369e-07,4,4.7031229973413606e-07,0.9982226169267059,1.2943521576023162e-12,1.1376959864578569e-06
6.267428220660369e-07,5,8.424275258974084e-07,0.9941849225978093,1.3614168985236818e-12,1.166797711055212e-06
6.557121661417975e-07,0,0.9999897209983892,1.0,1e-12,1e-06
6.557121661417975e-07,1,7.0076728498548205e-06,0.9999848880538645,1.221637626794425e-12,1.1052771719321923e-06
6.557121661417975e-07,2,1.405860293952356e-06,0.9996795199642218,1.2769634025720815e-12,1.1300280538871952e-06
6.557121661417975e-07,3,4.920511028833246e-07,0.9990100337515457,1.2871763060280204e-12,1.134537926218432e-06
6.557121661417975e-07,4,4.920511028833246e-07,0.998140462620359,1.309880711705058e-12,1.1445002017059926e-06
6.557121661417975e-07,5,8.813662612085923e-07,0.9939161377435434,1.3809707604571282e-12,1.1751471228987153e-06
6.860205329660185e-07,0,0.9999892458817641,1.0,1e-12,1e-06
6.860205329660185e-07,1,7.331581921982064e-06,0.9999841895485896,1.2329942675544641e-12,1.1104027501562054e-06
6.860205329660185e-07,2,1.4708420522494883e-06,0.9996647067169072,1.2914756949927644e-12,1.136431121974739e-06
6.860205329660185e-07,3,5.147947182873209e-07,0.9989642754726071,1.3022840835560044e-12,1.141176622419161e-06
6.860205329660185e-07,4,5.147947182873209e-07,0.9980545109727679,1.3263264785837829e-12,1.1516624846645753e-06
6.860205329660185e-07,5,9.221048250641021e-07,0.9936349290997238,1.401729130344923e-12,1.1839464220753078e-06
7.177298149279829e-07,0,0.9999887488042699,1.0,1e-12,1e-06
7.177298149279829e-07,1,7.670462738546317e-06,0.9999834587569622,1.2449888584445791e-12,1.1157906875595347e-06
7.177298149279829e-07,2,1.538827401251576e-06,0.9996492087707924,1.3068353451116547e-12,1.143168992367994e-06
7.177298149279829e-07,3,5.385895904380516e-07,0.9989164021517722,1.3182800138305993e-12,1.1481637574103267e-06
7.177298149279829e-07,4,5.385895904380516e-07,0.9979645864629989,1.3437534610193227e-12,1.1592038047812484e-06
7.177298149279829e-07,5,9.647264092461802e-07,0.9933407224132094,1.4237810735998082e-12,1.1932229773180737e-06
7.509047652106843e-07,0,0.9999882287508306,1.0,1e-12,1e-06
7.509047652106843e-07,1,8.025007324411297e-06,0.9999826941866407,1.2576627809876734e-12,1.1214556527066388e-06
7.509047652106843e-07,2,1.6099551731072047e-06,0.9996329944776886,1.3231005199662956e-12,1.1502610660047117e-06
7.509047652106843e-07,3,5.634843105875217e-07,0.9988663160274484,1.3352256586268297e-12,1.1555196487411323e-06
7.509047652106843e-07,4,5.634843105875217e-07,0.9978705054571798,1.3622311024014384e-12,1.1671465642332322e-06
7.509047652106843e-07,5,1.0093180508325936e-06,0.9930329168876961,1.4472237366458493e-12,1.2030061249411198e-06
7.856131300226e-07,0,0.9999876846594499,1.0,1e-12,1e-06
7.856131300226e-07,1,8.395939691255198e-06,0.9999818942763041,1.2710606429930498e-12,1.1274132529791593e-06
7.856131300226e-07,2,1.684370617072802e-06,0.9996160307265626,1.3403342383141994e-12,1.1577280502407287e-06
7.856131300226e-07,3,5.895297159754808e-07,0.9988139148193009,1.3531877726664822e-12,1.1632659939439828e-06
7.856131300226e-07,4,5.895297159754808e-07,0.9977720758335025,1.381834845300028e-12,1.175514715050402e-06
7.856131300226e-07,5,1.0559708099341027e-06,0.9927108839568372,1.4721632313552796e-12,1.2133273389136501e-06
8.219257869414885e-07,0,0.9999871154190448,1.0,1e-12,1e-06
8.219257869414885e-07,1,8.784017316067116e-06,0.9999810573924643,1.2852305821875495e-12,1.1336801057562708e-06
8.219257869414885e-07,2,1.7622256961245758e-06,0.999598282875921,1.3586048594574706e-12,1.165592063913216e-06
8.219257869414885e-07,3,6.167789936436016e-07,0.9987590915193874,1.372238832706328e-12,1.1714259825982724e-06
8.219257869414885e-07,4,6.167789936436016e-07,0.9976690965898931,1.4026467572833827e-12,1.1843338875854995e-06
8.219257869414885e-07,5,1.1047799556473301e-06,0.9923739660006546,1.4987156326343566e-12,1.2242204183211276e-06
8.599168896527366e-07,0,0.9999865198671759,1.0,1e-12,1e-06
8.599168896527366e-07,1,9.190032687982736e-06,0.9999801818261298,1.300224603506219e-12,1.140273915998353e-06
8.599168896527366e-07,2,1.843679397280487e-06,0.9995797146830693,1.3779866298762844e-12,1.1738767524217712e-06
8.599168896527366e-07,3,6.452877890481705e-07,0.9987017341736376,1.3924576298640336e-12,1.1800244191812446e-06
8.599168896527366e-07,4,6.452877890481705e-07,0.997561357433548,1.4247562332284784e-12,1.1936315315994624e-06
8.599168896527366e-07,5,1.1558451606027668e-06,0.992021475002621,1.527008105658438e-12,1.2357216942574237e-06
8.996640193777969e-07,0,0.9999858967876732,1.0,1e-12,1e-06
8.996640193777969e-07,1,9.614814926617806e-06,0.999979265789316,1.316098954316447e-12,1.1472135609015641e-06
8.996640193777969e-07,2,1.928898056265918e-06,0.9995602882301008,1.3985602954826471e-12,1.182607413930188e-06
8.996640193777969e-07,3,6.751143196930713e-07,0.9986417256532341,1.413929933814811e-12,1.1890878579040369e-06
8.996640193777969e-07,4,6.751143196930713e-07,0.997448638351497,1.4482607847945145e-12,1.2034370713894908e-06
8.996640193777969e-07,5,1.2092707045051715e-06,0.9916526911446675,1.5571801819544377e-12,1.247870258462168e-06
9.412483433019584e-07,0,0.9999852449081524,1.0,1e-12,1e-06
9.412483433019584e-07,1,1.0059231475204304e-05,0.9999783074113939,1.3329145424592184e-12,1.1545191823695345e-06
9.412483433019584e-07,2,2.0180556971860486e-06,0.9995399638464655,1.420413788490634e-12,1.1918111379285872e-06
9.412483433019584e-07,3,7.063194940151171e-07,0.998578943415424,1.4367492388145343e-12,1.1986447508809833e-06
9.412483433019584e-07,4,7.063194940151171e-07,0.9973307091613173,1.4732669294011927e-12,1.213782076569428e-06
9.412483433019584e-07,5,1.2651656870820228e-06,0.9912668613372521,1.5893852067157607e-12,1.2607082163275373e-06
9.847547803249915e-07,0,0.9999845628974177,1.0,1e-12,1e-06
9.847547803249915e-07,1,1.0524189871987044e-05,0.9999773047352706,1.3507374026973438e-12,1.1622122881373023e-06
9.847547803249915e-07,2,2.1113343878986354e-06,0.9995187000279584,1.4436429992833536e-12,1.2015169575513088e-06
9.847547803249915e-07,3,7.389670357645224e-07,0.9985132592532759,1.461017603052475e-12,1.2087256111510482e-06
9.847547803249915e-07,4,7.389670357645224e-07,0.9972073290410804,1.4998911930133626e-12,1.2247004503197353e-06
9.847547803249915e-07,5,1.3236442508749136e-06,0.9908631976814826,1.623791983507959e-12,1.2742809672548512e-06
1.0302721744731134e-06,0,0.9999838493627421,1.0,1e-12,1e-06
1.0302721744731134e-06,1,1.1010639603497679e-05,0.9999762557133915,1.3696392179800115e-12,1.170315862483292e-06
1.0302721744731134e-06,2,2.208924611812806e-06,0.9994964533519649,1.4683526452770687e-12,1.2117560172233802e-06
1.0302721744731134e-06,3,7.731236141344822e-07,0.9984445390338702,1.4868465946508998e-12,1.2193631922650855e-06
1.0302721744731134e-06,4,7.731236141344822e-07,0.9970782460375726,1.5282612433389132e-12,1.2362286371617968e-06
1.0302721744731134e-06,5,1.3848258143287975e-06,0.9904408758601575,1.660586647001118e-12,1.2886375157510811e-06
1.07789347632641e-06,0,0.9999831028470243,1.0,1e-12,1e-06
1.07789347632641e-06,1,1.1519574043490857e-05,0.9999751582035608,1.3896979028858431e-12,1.1788544875792954e-06
1.07789347632641e-06,2,2.311025656873166e-06,0.9994731783887878,1.494657250683526e-12,1.2225617574108582e-06
1.07789347632641e-06,3,8.088589799056081e-07,0.9983726424243875,1.5143583597601093e-12,1.230592686375191e-06
1.07789347632641e-06,4,8.088589799056081e-07,0.9969431965517831,1.5585171727639766e-12,1.248405852583196e-06
1.07789347632641e-06,5,1.4488353156551e-06,0.9899990334544365,1.6999747996918775e-12,1.3038308171276968e-06
1.127715932832226e-06,0,0.9999823218258123,1.0,1e-12,1e-06
1.127715932832226e-06,1,1.2052032481502172e-05,0.9999740099645652,1.410998257716571e-12,1.1878544766580505e-06
1.127715932832226e-06,2,2.417846022523584e-06,0.9994488276088755,1.522682253305897e-12,1.2339701184817633e-06
1.127715932832226e-06,3,8.462461078832544e-07,0.9982974226055361,1.5436868307069675e-12,1.2424519430171001e-06
1.127715932832226e-06,4,8.462461078832544e-07,0.9968019048006124,1.5908129535594297e-12,1.2612743371524808e-06
1.127715932832226e-06,5,1.5158034679667083e-06,0.9895367681827042,1.7421839549307202e-12,1.3199181622095819e-06
1.1798412858921028e-06,0,0.9999815047041913,1.0,1e-12,1e-06
1.1798412858921028e-06,1,1.26091022451701e-05,0.9999728086515983,1.4336327030089854e-12,1.1973440203253972e-06
1.1798412858921028e-06,2,2.529603845481656e-06,0.9994233512857628,1.5525652571361435e-12,1.2460197659492178e-06
1.1798412858921028e-06,3,8.853613459185796e-07,0.9982187259717346,1.5749790951161996e-12,1.2549817110684122e-06
1.1798412858921028e-06,4,8.853613459185796e-07,0.996654082253698,1.625318091693374e-12,1.2748796381201536e-06
1.1798412858921028e-06,5,1.5858670262058074e-06,0.9890531360580307,1.7874663361654408e-12,1.3369616060925014e-06
1.2343759801278108e-06,0,0.9999806498135262,1.0,1e-12,1e-06
1.2343759801278108e-06,1,1.3191920920655929e-05,0.9999715518114719,1.4577021057480857e-12,1.2073533475118564e-06
1.2343759801278108e-06,2,2.646527345193319e-06,0.9993966973945247,1.5844574526300878e-12,1.2587523396721405e-06
1.2343759801278108e-06,3,9.262845708176617e-07,0.9981363918174352,1.6083969504261882e-12,1.2682259067004538e-06
1.2343759801278108e-06,4,9.262845708176617e-07,0.9964994270442099,1.6622195100953073e-12,1.2892709219149044e-06
1.2343759801278108e-06,5,1.6591690664096577e-06,0.9885471494604657,1.8361020914164165e-12,1.3550284467185243e-06
1.2914313802507804e-06,0,0.9999797554080537,1.0,1e-12,1e-06
1.2914313802507804e-06,1,1.3801678675696387e-05,0.9999702368776062,1.483316710340304e-12,1.2179149027499023e-06
1.2914313802507804e-06,2,2.7688552898773616e-06,0.9993688115055372,1.6185252302154536e-12,1.272212729937668e-06
1.2914313802507804e-06,3,9.690993514570766e-07,0.9980502520089486,1.6441186723731867e-12,1.282231910526792e-06
1.2914313802507804e-06,4,9.690993514570766e-07,0.9963376233524112,1.7017236975846646e-12,1.3045013214192864e-06
1.2914313802507804e-06,5,1.7358592778846534e-06,0.988017775120231,1.888402992942374e-12,1.3741917598873796e-06
1.3511239984787704e-06,0,0.9999788196613181,1.0,1e-12,1e-06
1.3511239984787704e-06,1,1.4439620690032254e-05,0.999968861164789,1.5105971894915078e-12,1.22906354168184e-06
1.3511239984787704e-06,2,2.8968374841114094e-06,0.999339636673327,1.6549520169525606e-12,1.286449383750702e-06
1.3511239984787704e-06,3,1.0138931194389933e-06,0.9979601306411001,1.6823410309520392e-12,1.297050897595017e-06
1.3511239984787704e-06,4,1.0138931194389933e-06,0.9961683407607267,1.7440591660775382e-12,1.3206283224577376e-06
1.3511239984787704e-06,5,1.8160942688852295e-06,0.987463932007691,1.944716705243911e-12,1.3945309983087185e-06
1.4135757324642056e-06,0,0.9999778406624411,1.0,1e-12,1e-06
1.4135757324642056e-06,1,1.5107049698176431e-05,0.999967421863692,1.5396758325897272e-12,1.240836746953332e-06
1.4135757324642056e-06,2,3.030735278955148e-06,0.9993091133202835,1.693940371457603e-12,1.3015146451183725e-06
1.4135757324642056e-06,3,1.060757347634302e-06,0.9978658436780157,1.7232815932395652e-12,1.3127382043802812e-06
1.4135757324642056e-06,4,1.060757347634302e-06,0.9959912335789999,1.7894792663395664e-12,1.3377141945645813e-06
1.4135757324642056e-06,5,1.9000378864218813e-06,0.9868844891257939,2.005431720491674e-12,1.416132663450594e-06
1.4789141142200737e-06,0,0.9999768164122199,1.0,1e-12,1e-06
1.4789141142200737e-06,1,1.5805328649714192e-05,0.9999659160351339,1.5706978920889427e-12,1.2532748669342024e-06
1.4789141142200737e-06,2,3.1708221056525383e-06,0.9992771791149964,1.735714378385816e-12,1.3174651336509121e-06
1.4789141142200737e-06,3,1.1097877369783886e-06,0.997767198577304,1.7671813594866512e-12,1.3293537375306286e-06
1.4789141142200737e-06,4,1.1097877369783886e-06,0.9958059401385637,1.8382654217291758e-12,1.355826471835233e-06
1.4789141142200737e-06,5,1.987861550851399e-06,0.9862782632004744,2.0709830797858476e-12,1.439091060282791e-06
1.5472725705516692e-06,0,0.9999757448190435,1.0,1e-12,1e-06
1.5472725705516692e-06,1,1.6535883492567777e-05,0.9999643406040783,1.6038231118148922e-12,1.2664213800370286e-06
1.5472725705516692e-06,2,3.3173840340027945e-06,0.9992437688449692,1.7805223911666634e-12,1.3343621664175973e-06
1.5472725705516692e-06,3,1.1610844119009782e-06,0.9976639938968679,1.8143077872902666e-12,1.3469624297990894e-06
1.5472725705516692e-06,4,1.1610844119009782e-06,0.9956120820536801,1.8907308504056077e-12,1.3750384905178501e-06
1.5472725705516692e-06,5,2.079744605932521e-06,0.9856440162643035,2.141859022139348e-12,1.463509146585476e-06
1.6187906955260228e-06,0,0.9999746236946239,1.0,1e-12,1e-06
1.6187906955260228e-06,1,1.7300206084909192e-05,0.9999626923533548,1.639227465172554e-12,1.2803231877821138e-06
1.6187906955260228e-06,2,3.470720356540424e-06,0.9992088142834497,1.828640180544091e-12,1.3522722287113978e-06
1.6187906955260228e-06,3,1.2147521247891486e-06,0.9975560188835416,1.8649582687471103e-12,1.3656347493920584e-06
1.6187906955260228e-06,4,1.2147521247891486e-06,0.995409263448843,1.9472248597715494e-12,1.3954299909961622e-06
1.6187906955260228e-06,5,2.175874685061881e-06,0.9849804531284474,2.218608731713758e-12,1.4894994903368575e-06
1.6936145355354649e-06,0,0.9999734507495244,1.0,1e-12,1e-06
1.6936145355354649e-06,1,1.8099857241667904e-05,0.999960967917088,1.6771051360565661e-12,1.2950309401927685e-06
1.6936145355354649e-06,2,3.631144199717326e-06,0.9991722440501041,1.8803745571207045e-12,1.371267500205815e-06
1.6936145355354649e-06,3,1.2709004699010642e-06,0.9974430530427141,1.919464137637036e-12,1.3854472698868896e-06
1.6936145355354649e-06,4,1.2709004699010642e-06,0.9951970701503648,2.0081378129907272e-12,1.417087792972167e-06
1.6936145355354649e-06,5,2.27644809443817e-06,0.9842862187377771,2.3018513888626043e-12,1.5171853508594804e-06
1.7718968875373627e-06,0,0.9999722235884864,1.0,1e-12,1e-06
1.7718968875373627e-06,1,1.893646992185393e-05,0.9999591637738253,1.717670781007714e-12,1.3105993976069553e-06
1.7718968875373627e-06,2,3.7989831633348935e-06,0.9991339834652533,1.936067548929725e-12,1.3914264439522935e-06
1.7718968875373627e-06,3,1.3296441071672127e-06,0.9973248656880589,1.978195298346076e-12,1.4064833089468486e-06
1.7718968875373627e-06,4,1.3296441071672127e-06,0.9949750688405977,2.073906886901597e-12,1.4401065540096666e-06
1.7718968875373627e-06,5,2.3816702139368755e-06,0.9835598954037245,2.392286773512745e-12,1.5467019019554948e-06
1.8537976110791646e-06,0,0.9999709397055381,1.0,1e-12,1e-06
1.8537976110791646e-06,1,1.9811752563206113e-05,0.9999572762393452,1.761162118013758e-12,1.3270878335715981e-06
1.8537976110791646e-06,2,3.97457998953209e-06,0.9990939543973691,1.9961012305523903e-12,1.4128344667909224e-06
1.8537976110791646e-06,3,1.3911029963362316e-06,0.9972012154704529,2.041565585987449e-12,1.428833645316154e-06
1.8537976110791646e-06,4,1.3911029963362316e-06,0.9947428061730591,2.1450227643331074e-12,1.464589623182244e-06
1.8537976110791646e-06,5,2.4917559165143487e-06,0.9827999999092359,2.490707722319462e-12,1.5781976182720153e-06
1.9394839547458488e-06,0,0.9999695964788753,1.0,1e-12,1e-06
1.9394839547458488e-06,1,2.0727492570974246e-05,0.9999553014591338,1.807842895557794e-12,1.344560484157479e-06
1.9394839547458488e-06,2,4.1582932626954504e-06,0.9990520751035236,2.060903319069516e-12,1.4355846610595685e-06
1.9394839547458488e-06,3,1.4554026419434075e-06,0.997071849885119,2.1100389887263385e-12,1.452597325044466e-06
1.9394839547458488e-06,4,1.4554026419434075e-06,0.9944998078466585,2.2220374327112695e-12,1.4906500034251063e-06
1.9394839547458488e-06,5,2.6069300069975323e-06,0.9820049804799109,2.5980148063758852e-12,1.6118358496993065e-06
2.0291308976964444e-06,0,0.99996819116551,1.0,1e-12,1e-06
2.0291308976964444e-06,1,2.1685559967960022e-05,0.9999532354005138,1.858006305364036e-12,1.3630870498115798e-06
2.0291308976964444e-06,2,4.350498141720375e-06,0.9990082600624617,2.130953674944849e-12,1.4597786390219749e-06
2.0291308976964444e-06,3,1.5226743496021312e-06,0.9969365047559896,2.1841368895524425e-12,1.477882569608439e-06
2.0291308976964444e-06,4,1.5226743496021312e-06,0.9942455776371322,2.305573296176901e-12,1.5184114383713332e-06
2.0291308976964444e-06,5,2.7274276811554656e-06,0.9811732136151401,2.7152336772474526e-12,1.647796612828007e-06
2.122921506987111e-06,0,0.9999667208956663,1.0,1e-12,1e-06
2.122921506987111e-06,1,2.2687911213270624e-05,0.9999510738444093,1.911978914139489e-12,1.3827432567687643e-06
2.122921506987111e-06,2,4.551587126119107e-06,0.9989624197999606,2.206791873736357e-12,1.4855274732351324e-06
2.122921506987111e-06,3,1.5930554941416876e-06,0.9967949036962349,2.2644465167922807e-12,1.5048078006151751e-06
2.122921506987111e-06,4,1.5930554941416876e-06,0.9939795963837089,2.3963338517927184e-12,1.548009642021883e-06
2.122921506987111e-06,5,2.853495005990055e-06,0.980303000772772,2.8435356298382304e-12,1.6862786335117427e-06
2.221047311410388e-06,0,0.9999651826669224,1.0,1e-12,1e-06
2.221047311410388e-06,1,2.3736593197582724e-05,0.9999488123767295,1.9701252039068922e-12,1.4036114860982337e-06
2.221047311410388e-06,2,4.761970857539744e-06,0.998914460706114,2.2890260485161157e-12,1.5129527581904584e-06
2.221047311410388e-06,3,1.6666898001389104e-06,0.9966467575438567,2.351630831920683e-12,1.5335027981456973e-06
2.221047311410388e-06,4,1.6666898001389104e-06,0.9937013209289373,2.495116233799647e-12,1.5795936926310028e-06
2.221047311410388e-06,5,2.985389422226839e-06,0.9793925649005388,2.984262056348803e-12,1.7275016805632355e-06
2.3237086926140663e-06,0,0.9999635733380777,1.0,1e-12,1e-06
2.3237086926140663e-06,1,2.483374742307568e-05,0.9999464463793559,2.032852827824555e-12,1.4257814796891405e-06
2.3237086926140663e-06,2,4.982078958333083e-06,0.9988642848441732,2.3783432445586932e-12,1.5421878110524326e-06
2.3237086926140663e-06,3,1.7437276354165792e-06,0.9964917637711938,2.446440131500152e-12,1.5641100125950706e-06
2.3237086926140663e-06,4,1.7437276354165792e-06,0.9934101830095098,2.602825995826542e-12,1.6133276157763315e-06
2.3237086926140663e-06,5,3.1233802700318944e-06,0.9784400468071568,3.1389536231560316e-12,1.7717092377577172e-06
2.431115294298422e-06,0,0.9999618896227392,1.0,1e-12,1e-06
2.431115294298422e-06,1,2.5981614376570432e-05,0.9999439710207106,2.100618709383851e-12,1.4493511339160883e-06
2.431115294298422e-06,2,5.212360908879871e-06,0.9988117897505514,2.4755215791404667e-12,1.57337903225525e-06
2.431115294298422e-06,3,1.824326318107955e-06,0.996329605867133,2.5497256996081892e-12,1.5967860531731198e-06
2.431115294298422e-06,4,1.824326318107955e-06,0.9931055880958185,2.720494582702153e-12,1.6493921858376052e-06
2.431115294298422e-06,5,3.267749339028534e-06,0.9774435013656919,3.3093852006432124e-12,1.8191715698754784e-06
2.543486450327321e-06,0,0.9999601280826101,1.0,1e-12,1e-06
2.543486450327321e-06,1,2.718253810480308e-05,0.9999413812458906,2.1739361384302576e-12,1.47442739340744e-06
2.543486450327321e-06,2,5.453286965469754e-06,0.9987568682255833,2.5814445626019635e-12,1.6066874501912198e-06
2.543486450327321e-06,3,1.908650437914414e-06,0.9961599526907661,2.6624559207842514e-12,1.631703380147339e-06
2.543486450327321e-06,4,1.908650437914414e-06,0.9927869141778727,2.8493000452083394e-12,1.6879869801655282e-06
2.543486450327321e-06,5,3.4187914437368075e-06,0.9764008935414369,3.4976078262969162e-12,1.870189248791928e-06
2.661051632627572e-06,0,0.999958285120468,1.0,1e-12,1e-06
2.661051632627572e-06,1,2.8438971001177827e-05,0.9999386717663444,2.2533830486549373e-12,1.5011272593137923e-06
2.661051632627572e-06,2,5.705349120606664e-06,0.9986994081146149,2.697118015252019e-12,1.6422904783417637e-06
2.661051632627572e-06,3,1.9968721922123323e-06,0.9959824577951697,2.7857353550184627e-12,1.6690522325614805e-06
2.661051632627572e-06,4,1.9968721922123323e-06,0.9924535104950983,2.990591678078197e-12,1.7293327262496935e-06
2.661051632627572e-06,5,3.5768150256111e-06,0.9753100942361892,3.705999298741776e-12,1.925097217997516e-06
2.784050919791061e-06,0,0.9999563569728203,1.0,1e-12,1e-06
2.784050919791061e-06,1,2.975347881377298e-05,0.9999358370490732,2.3396116994172215e-12,1.5295789287961643e-06
2.784050919791061e-06,2,5.96906210770137e-06,0.9986392920789726,2.8236901121879737e-12,1.6803839180937116e-06
2.784050919791061e-06,3,2.0891717376954794e-06,0.9957967587199302,2.920827390331303e-12,1.7090428287001187e-06
2.784050919791061e-06,4,2.0891717376954794e-06,0.9921046962074277,3.1459194206565486e-12,1.773673989395049e-06
2.784050919791061e-06,5,3.7421427829050895e-06,0.974168875940442,3.9373254044613796e-12,1.9842694888702443e-06
2.9127354873366424e-06,0,0.9999543397022168,1.0,1e-12,1e-06
2.9127354873366424e-06,1,3.112874588482725e-05,0.9999328713053313,2.4333600317116418e-12,1.5599230851909467e-06
2.9127354873366424e-06,2,6.244964452202997e-06,0.998576397356348,2.9624752097475454e-12,1.7211842463105294e-06
2.9127354873366424e-06,3,2.185737558271049e-06,0.9956024762509673,3.069181231135508e-12,1.7519078831763694e-06
2.9127354873366424e-06,4,2.185737558271049e-06,0.9917397590049629,3.3170690598137265e-12,1.8212822570413754e-06
2.9127354873366424e-06,5,3.91511232965034e-06,0.9729749081846116,4.1948142956694405e-12,2.0481245801145597e-06
3.047368120632988e-06,0,0.9999522291892112,1.0,1e-12,1e-06
3.047368120632988e-06,1,3.2567580632406476e-05,0.9999297684788054,2.535465025975616e-12,1.5923143615428506e-06
3.047368120632988e-06,2,6.533619571316114e-06,0.9985105955101056,3.1149822596406436e-12,1.764931233686073e-06
3.047368120632988e-06,3,2.28676684996064e-06,0.9953992136461446,3.2324641596870113e-12,1.7979054924236177e-06
3.047368120632988e-06,4,2.28676684996064e-06,0.9913579536533753,3.506104527529171e-12,1.8724594862183724e-06
3.047368120632988e-06,5,4.096076885094333e-06,0.97172575278001,4.482247201478871e-12,2.1171318337502914e-06
3.1882237515297443e-06,0,0.9999500211239479,1.0,1e-12,1e-06
3.1882237515297443e-06,1,3.407292128544375e-05,0.999926522233247,2.6468784610321656e-12,1.6269230040269778e-06
3.1882237515297443e-06,2,6.8356169245489e-06,0.9984417521670043,3.2829488083082453e-12,1.811890948238399e-06
3.1882237515297443e-06,3,2.392465923592115e-06,0.9951865558250873,3.4126002337265502e-12,1.8473224498518256e-06
3.1882237515297443e-06,4,2.392465923592115e-06,0.9909585004720708,3.715418906189936e-12,1.9275421931023807e-06
3.1882237515297443e-06,5,4.285405995005656e-06,0.9704188588398467,4.804069510861337e-12,2.1918187677956718e-06
3.335590019792879e-06,0,0.9999477109973602,1.0,1e-12,1e-06
3.335590019792879e-06,1,3.564784188386477e-05,0.9999231259395327,2.7686855623356458e-12,1.6639367663272682e-06
3.335590019792879e-06,2,7.151573217442006e-06,0.9983697267427951,3.468381820739953e-12,1.8623592083000402e-06
3.335590019792879e-06,3,2.5030506261047026e-06,0.9949640685215505,3.6118168691977356e-12,1.9004780633297863e-06
3.335590019792879e-06,4,2.5030506261047026e-06,0.9905405837420124,3.947796162969769e-12,1.9869061787034055e-06
3.335590019792879e-06,5,4.483486286319412e-06,0.9690515575700894,5.1655273760212415e-12,2.272779658484571e-06
3.4897678604907843e-06,0,0.9999452940919638,1.0,1e-12,1e-06
3.4897678604907843e-06,1,3.729555855605217e-05,0.999919572662128,2.9021271384010334e-12,1.703563071447909e-06
3.4897678604907843e-06,2,7.482133660936392e-06,0.9982943721551354,3.673606874239968e-12,1.916665561395615e-06
3.4897678604907843e-06,3,2.618746781327737e-06,0.9947312973966093,3.832701120134324e-12,1.957728561403323e-06
3.4897678604907843e-06,4,2.618746781327737e-06,0.9901033500399491,4.206486156893776e-12,2.050972002952204e-06
3.4897678604907843e-06,5,4.690722256663968e-06,0.9676210568195496,5.572836430907417e-12,2.3606855849323553e-06
3.6510721185305217e-06,0,0.999942765472222,1.0,1e-12,1e-06
3.6510721185305217e-06,1,3.9019436086466336e-05,0.9999158551449234,3.048625942723558e-12,1.7460314838866905e-06
3.6510721185305217e-06,2,7.82797328895158e-06,0.9982155345232336,3.9013276573341345e-12,1.975177879922245e-06
3.6510721185305217e-06,3,2.739790651133053e-06,0.9944877671108576,4.078267931378244e-12,2.0194721912861895e-06
3.6510721185305217e-06,4,2.739790651133053e-06,0.9896459064956498,4.49529613310049e-12,2.1202113416120787e-06
3.6510721185305217e-06,5,4.907537100381182e-06,0.9661244353780595,6.03339111273037e-12,2.4562962184415724e-06
3.819832191599188e-06,0,0.9999401199744677,1.0,1e-12,1e-06
3.819832191599188e-06,1,4.082299478683528e-05,0.9999119657964171,3.2098181722289905e-12,1.7915965428156505e-06
3.819832191599188e-06,2,8.189798336865103e-06,0.9981330528536114,4.154698207022827e-12,2.0383076821281977e-06
3.819832191599188e-06,3,2.866429417902786e-06,0.9942329803537235,4.3520432340449194e-12,2.086155131826231e-06
3.819832191599188e-06,4,2.866429417902786e-06,0.9891673189685819,4.818702784650989e-12,2.195154387429501e-06
3.819832191599188e-06,5,5.134373572726968e-06,0.9645586370111014,6.55602556548915e-12,2.5604736994332026e-06
3.996392702823431e-06,0,0.9999373521963587,1.0,1e-12,1e-06
3.996392702823431e-06,1,4.270991768494581e-05,0.9999078966742121,3.3875912321900793e-12,1.8405410161661922e-06
3.996392702823431e-06,2,8.568347683708265e-06,0.99804675871134,4.4374109568180074e-12,2.1065163082250295e-06
3.996392702823431e-06,3,2.9989216892978926e-06,0.9939664168279158,4.6581655188690754e-12,2.158278369179721e-06
3.996392702823431e-06,4,2.9989216892978926e-06,0.9886666101403138,5.181990084900314e-12,2.27639848991786e-06
3.996392702823431e-06,5,5.371694894017104e-06,0.9629204642187035,7.151340399905586e-12,2.6741990202499116e-06
4.181114204520594e-06,0,0.999934456485845,1.0,1e-12,1e-06
4.181114204520594e-06,1,4.468405804571455e-05,0.9999036394687981,3.584129174445868e-12,1.8931796466383924e-06
4.181114204520594e-06,2,8.964394361022981e-06,0.9979564758760813,4.753804492234121e-12,2.1803221074497503e-06
4.181114204520594e-06,3,3.1375380263580435e-06,0.9936875321869307,5.0015105125007864e-12,2.236405712857304e-06
4.181114204520594e-06,4,3.1375380263580435e-06,0.9881427575187429,5.591419556180813e-12,2.3646182685966064e-06
4.181114204520594e-06,5,5.6199856955644076e-06,0.9612065717058591,7.832113967296184e-12,2.798591425573977e-06
4.3743739144787e-06,0,0.9999314269296272,1.0,1e-12,1e-06
4.3743739144787e-06,1,4.6749447239898527e-05,0.9998991854865819,3.801967567483085e-12,1.949863474062501e-06
4.3743739144787e-06,2,9.378747131461125e-06,0.9978620199822302,5.10899597814803e-12,2.260308823623009e-06
4.3743739144787e-06,3,3.282561496011394e-06,0.9933957569234484,5.3878448685948515e-12,2.321173166438655e-06
4.3743739144787e-06,4,3.282561496011394e-06,0.9875946913500759,6.054441555885265e-12,2.4605774842270796e-06
4.3743739144787e-06,5,5.8797530093390894e-06,0.9594134595511372,8.613822667692692e-12,2.934931458772537e-06
4.576566486268877e-06,0,0.9999282573410816,1.0,1e-12,1e-06
4.576566486268877e-06,1,4.8910302976514446e-05,0.999894525632134,4.044060005593277e-12,2.0109848347496997e-06
4.576566486268877e-06,2,9.812252140350122e-06,0.9977631981424241,5.509044612316736e-12,2.347135405620378e-06
4.576566486268877e-06,3,3.4342882491225423e-06,0.9930904952063474,5.824016466391361e-12,2.4132999122345654e-06
4.576566486268877e-06,4,3.4342882491225423e-06,0.9870212924342958,6.5799586819395076e-12,2.5651430139349946e-06
4.576566486268877e-06,5,6.151527303373344e-06,0.9575374660595293,9.51530270005498e-12,3.0846884283594963e-06
4.78810481516314e-06,0,0.9999249412476251,1.0,1e-12,1e-06
4.78810481516314e-06,1,5.1171037915776525e-05,0.9998896503896162,4.313859039116206e-12,2.0769831581205e-06
4.78810481516314e-06,2,1.0265794643597142e-05,0.9976598085536486,5.961154277514072e-12,2.4415475169478212e-06
4.78810481516314e-06,3,3.5930281252590002e-06,0.9927711236639648,6.3181911162543236e-12,2.5136012245888016e-06
4.78810481516314e-06,4,3.5930281252590002e-06,0.9864213898396555,7.178655735190554e-12,2.6793013520674663e-06
4.78810481516314e-06,5,6.435863565024362e-06,0.9555747602849418,1.0559596337654336e-11,3.249553252010857e-06
5.009420881303348e-06,0,0.9999214718774994,1.0,1e-12,1e-06
5.009420881303348e-06,1,5.353626868014216e-05,0.9998845498033481,4.615415047493051e-12,2.148351704794411e-06
5.009420881303348e-06,2,1.0740300815460619e-05,0.9975516400851386,6.473925955381055e-12,2.544391077523472e-06
5.009420881303348e-06,3,3.7591052854112164e-06,0.9924369901111155,6.880148384026007e-12,2.6230036950080736e-06
5.009420881303348e-06,4,3.7591052854112164e-06,0.9857937585115313,7.863415113816679e-12,2.8041781530096617e-06
5.009420881303348e-06,5,6.733342434308002e-06,0.9535213342070632,1.1775040349412057e-11,3.4314778666650404e-06
5.240966631843249e-06,0,0.9999178421459407,1.0,1e-12,1e-06
5.240966631843249e-06,1,5.601082528186736e-05,0.9998792134574775,4.95349753319963e-12,2.225645419468166e-06
5.240966631843249e-06,2,1.1236739639880798e-05,0.9974384718472302,7.057673625008586e-12,2.6566282436593543e-06
5.240966631843249e-06,3,3.93285887395828e-06,0.9920874122172719,7.52165311041997e-12,2.742563237269101e-06
5.240966631843249e-06,4,3.93285887395828e-06,0.9851371167707513,8.649842451926098e-12,2.9410614498724942e-06
5.240966631843249e-06,5,7.0445713896175765e-06,0.9513729945466275,1.3196674112288319e-11,3.6327226858498735e-06
5.483214903864875e-06,0,0.9999140446407138,1.0,1e-12,1e-06
5.483214903864875e-06,1,5.859976098632261e-05,0.9998736304547101,5.3337445569415455e-12,2.309490107565206e-06
5.483214903864875e-06,2,1.1756124889231388e-05,0.9973200727402844,7.724821568765539e-12,2.779356322741929e-06
5.483214903864875e-06,3,4.114643711230986e-06,0.991721676113184,8.256924357704655e-12,2.8734864464104674e-06
5.483214903864875e-06,4,4.114643711230986e-06,0.9844501236962928,9.556935303993165e-12,3.091429330260222e-06
5.483214903864875e-06,5,7.370185988248908e-06,0.9491253542023648,1.4868072446984855e-11,3.855913957414617e-06
5.7366603899540054e-06,0,0.9999100716069739,1.0,1e-12,1e-06
5.7366603899540054e-06,1,6.13083626312111e-05,0.9998677893940561,5.762847656196821e-12,2.4005931884009047e-06
5.7366603899540054e-06,2,1.229951719453309e-05,0.9971962009827606,8.490406620276071e-12,2.91383023188999e-06
5.7366603899540054e-06,3,4.3048310180865815e-06,0.9913390349330947,9.10323043482948e-12,3.0171560176479905e-06
5.7366603899540054e-06,4,4.3048310180865815e-06,0.9837313763870015,1.0607938492818074e-11,3.2569830353899717e-06
5.7366603899540054e-06,5,7.710851164264976e-06,0.946773823292149,1.6843746388728573e-11,4.10411334988796e-06
6.001820648406641e-06,0,0.9999059149314315,1.0,1e-12,1e-06
6.001820648406641e-06,1,6.414216142276378e-05,0.9998616783475482,6.2487817168502124e-12,2.4997563314951745e-06
6.001820648406641e-06,2,1.2868026211356932e-05,0.9970666036174779,9.372716433518384e-12,3.0614892509232142e-06
6.001820648406641e-06,3,4.503809173974926e-06,0.9909387072895739,1.008164799160638e-11,3.1751610969534097e-06
6.001820648406641e-06,4,4.503809173974926e-06,0.9829794070967424,1.1831444472111143e-11,3.439686682259177e-06
6.001820648406641e-06,5,8.067262586350691e-06,0.9443135997800487,1.919230850992106e-11,4.3809027049138015e-06
6.279237160129188e-06,0,0.9999015661257847,1.0,1e-12,1e-06
6.279237160129188e-06,1,6.710694423095576e-05,0.9998552848358846,6.8010920736728336e-12,2.6078903492426276e-06
6.279237160129188e-06,2,1.346281288583989e-05,0.9969310159950528,1.0394105053186084e-11,3.2239889970634336e-06
6.279237160129188e-06,3,4.711984510043962e-06,0.9905198756778544,1.1218035856426044e-11,3.3493336436410816e-06
6.279237160129188e-06,4,4.711984510043962e-06,0.982192680237131,1.3262817252944193e-11,3.641815104167727e-06
6.279237160129188e-06,5,8.440148078430391e-06,0.9417396596701412,2.200067465815916e-11,4.690487678073482e-06
6.569476434390742e-06,0,0.9998970163093838,1.0,1e-12,1e-06
6.569476434390742e-06,1,7.020876540681057e-05,0.9998485958029437,7.431254835914865e-12,2.7260328016945917e-06
6.569476434390742e-06,2,1.408509182544039e-05,0.996789161233463,1.1582040945634967e-11,3.403239771987123e-06
6.569476434390742e-06,3,4.929782138904137e-06,0.9900816848064155,1.2544291626514265e-11,3.541792148971233e-06
6.569476434390742e-06,4,4.929782138904137e-06,0.9813695892417255,1.494604631625156e-11,3.866011680821924e-06
6.569476434390742e-06,5,8.830269105949167e-06,0.9390467467470655,2.5379680793324052e-11,5.0378250062228295e-06
6.8731311656856365e-06,0,0.9998922561910986,1.0,1e-12,1e-06
6.8731311656856365e-06,1,7.345395914592604e-05,0.9998415975891236,8.153131394665198e-12,2.8553688719087063e-06
6.8731311656856365e-06,2,1.4736133779275287e-05,0.9966407496526283,1.2970461653236203e-11,3.601452714285751e-06
6.8731311656856365e-06,3,5.1576468227463506e-06,0.9896232398504005,1.4099982864410834e-11,3.75499438939805e-06
6.8731311656856365e-06,4,5.1576468227463506e-06,0.9805084532852735,1.6936175660372382e-11,4.115358509336991e-06
6.8731311656856365e-06,5,9.238422330853352e-06,0.9362293618423602,2.947164643101299e-11,5.428779460524529e-06
7.190821444068451e-06,0,0.9998872760503418,1.0,1e-12,1e-06
7.190821444068451e-06,1,7.684915242346641e-05,0.9998342759034472,8.98354471986413e-12,2.99725619856964e-06
7.190821444068451e-06,2,1.541726823310283e-05,0.9964854781828589,1.4601535425764102e-11,3.821195549270424e-06
7.190821444068451e-06,3,5.396043881585991e-06,0.9891436046243048,1.5934477774770723e-11,3.991801319551202e-06
7.190821444068451e-06,4,5.396043881585991e-06,0.9796075138513183,1.930250731979738e-11,4.393461883275804e-06
7.190821444068451e-06,5,9.665441238445234e-06,0.9332817516046717,3.44606366009954e-11,5.870318270843192e-06
7.52319602143318e-06,0,0.9998820657172224,1.0,1e-12,1e-06
7.52319602143318e-06,1,8.040127852703654e-05,0.9998266157943791,9.943014025865972e-12,3.15325451333475e-06
7.52319602143318e-06,2,1.612988612425116e-05,0.9963230297459595,1.6527966524002328e-11,4.065460186006294e-06
7.52319602143318e-06,3,5.645460143487905e-06,0.9886417996702023,1.810974628050706e-11,4.255554755905164e-06
7.52319602143318e-06,4,5.645460143487905e-06,0.9786649311411503,2.2132855064222344e-11,4.704556840364706e-06
7.52319602143318e-06,5,1.0112197839434379e-05,0.9301978967508978,4.0586494742730685e-11,6.370753075008533e-06
7.87093363632259e-06,0,0.9998766145517749,1.0,1e-12,1e-06
7.87093363632259e-06,1,8.411759121507476e-05,0.9998186016192931,1.1056696557923122e-11,3.3251611326254737e-06
7.87093363632259e-06,2,1.6875442682036604e-05,0.9961530726077278,1.88160316710007e-11,4.337744998383458e-06
7.87093363632259e-06,3,5.906404938712811e-06,0.9881168002576032,2.0704067085258988e-11,4.5501722039126155e-06
7.87093363632259e-06,4,5.906404938712811e-06,0.9776787803167744,2.553923244146495e-11,5.053635566744495e-06
7.87093363632259e-06,5,1.0579604450661408e-05,0.9269714997742731,4.8164189083072585e-11,6.940042441013786e-06
8.234744399972759e-06,0,0.9998709114222332,1.0,1e-12,1e-06
8.234744399972759e-06,1,8.800567952967363e-05,0.9998102170125287,1.2355601874854468e-11,3.5150536091010716e-06
8.234744399972759e-06,2,1.765546039947156e-05,0.9959752597005231,2.154960659651003e-11,4.642155382633161e-06
8.234744399972759e-06,3,6.179411139815047e-06,0.9875675342908647,2.3816967806733537e-11,4.880263087860483e-06
8.234744399972759e-06,4,6.179411139815047e-06,0.9766470475702191,2.9665514541974464e-11,5.446605781766701e-06
8.234744399972759e-06,5,1.1068615558130247e-05,0.9235959720842999,5.761071077354788e-11,7.590171985768694e-06
8.61537124642371e-06,0,0.9998649446822979,1.0,1e-12,1e-06
8.61537124642371e-06,1,9.207348329408234e-05,0.9998014448519705,1.3878166848934691e-11,3.725341172152517e-06
8.61537124642371e-06,2,1.8471532142331336e-05,0.995789227914524,2.483554296412945e-11,4.983527160970375e-06
8.61537124642371e-06,3,6.465036249815967e-06,0.9869928801198751,2.757585571781021e-11,5.2512718190749e-06
8.61537124642371e-06,4,6.465036249815967e-06,0.9755676260111606,3.469783679018868e-11,5.890486973942704e-06
8.61537124642371e-06,5,1.1580229766153873e-05,0.9200644205522572,6.948280120688882e-11,8.335634421379625e-06
9.013591449656873e-06,0,0.9998587021473534,1.0,1e-12,1e-06
9.013591449656873e-06,1,9.63293093265327e-05,0.9997922672240843,1.5672311212561806e-11,3.958826999574723e-06
9.013591449656873e-06,2,1.932532440192786e-05,0.9955945973562247,2.881090078989765e-11,5.367578671048767e-06
9.013591449656873e-06,3,6.76386354067475e-06,0.9863916642495444,3.214498410139704e-11,5.669654672146888e-06
9.013591449656873e-06,4,6.76386354067475e-06,0.9744383113644652,4.087881982709279e-11,6.393654653411677e-06
9.013591449656873e-06,5,1.2115491836593232e-05,0.9163696334348183,8.453035287611571e-11,9.194038986001512e-06
9.430218210858026e-06,0,0.9998521710695872,1.0,1e-12,1e-06
9.430218210858026e-06,1,0.00010078184840350467,0.999782665387335,1.7798137516217086e-11,4.218783890674786e-06
9.430218210858026e-06,2,2.0218580698233963e-05,0.9953909705726596,3.3652750065592e-11,5.801099039457265e-06
9.430218210858026e-06,3,7.076503244381887e-06,0.9857626589434223,3.7737670844978976e-11,6.143099449380498e-06
9.430218210858026e-06,4,7.076503244381887e-06,0.9732567974688626,4.8527187545033484e-11,6.9661458170952384e-06
9.430218210858026e-06,5,1.2675494822354367e-05,0.9125040656470257,1.037727144489558e-10,1.0186889341155905e-05
9.866102319046629e-06,0,0.999845338111955,1.0,1e-12,1e-06
9.866102319046629e-06,1,0.00010544019300706644,0.9997726197339152,2.0331501147593475e-11,4.509046589645474e-06
9.866102319046629e-06,2,2.115312514030654e-05,0.9951779317397683,3.959155827775175e-11,6.292182314408233e-06
9.866102319046629e-06,3,7.403593799107289e-06,0.9851045797165516,4.463308279184419e-11,6.680799562316189e-06
9.866102319046629e-06,4,7.403593799107289e-06,0.9720206715675584,5.806505299490649e-11,7.620042847314343e-06
9.866102319046629e-06,5,1.3261382299499868e-05,0.9084598233545554,1.2860880229649232e-10,1.134058209689839e-05
1.0322133888462842e-05,0,0.9998381893209476,1.0,1e-12,1e-06
1.0322133888462842e-05,1,0.00011031385589253378,0.9997621097497041,2.336876339357833e-11,4.834124883945214e-06
1.0322133888462842e-05,2,2.2130866151279927e-05,0.9949550458132459,4.6929624339078564e-11,6.850520005012653e-06
1.0322133888462842e-05,3,7.745803152947975e-06,0.9844160827124346,5.3199484408819245e-11,7.2937976671154816e-06
1.0322133888462842e-05,4,7.745803152947975e-06,0.9707274093811704,7.005620426702904e-11,8.369958438787437e-06
1.0322133888462842e-05,5,1.3874350702533182e-05,0.9042286478538037,1.6097763011274046e-10,1.2687696012781063e-05
1.079924417626035e-05,0,0.9998307100980967,1.0,1e-12,1e-06
1.079924417626035e-05,1,0.00011541278951436628,0.9997511139723766,2.7033164911325108e-11,5.199342738397336e-06
1.079924417626035e-05,2,2.3153800365536443e-05,0.9947218576401436,5.606667538147776e-11,7.487768384604171e-06
1.079924417626035e-05,3,8.103830127937756e-06,0.9836957619587586,6.392671958298125e-11,7.995418662145295e-06
1.079924417626035e-05,4,8.103830127937756e-06,0.969374369952924,8.526031755778927e-11,9.233651366484944e-06
1.079924417626035e-05,5,1.4515651767624769e-05,0.8998018987068759,2.0359484490756793e-10,1.4268666542728089e-05
1.1298407484216499e-05,0,0.9998228851701612,1.0,1e-12,1e-06
1.1298407484216499e-05,1,0.00012074740634996668,0.999739609947574,3.148343553316879e-11,5.611010206118752e-06
1.1298407484216499e-05,2,2.4224016706011835e-05,0.9944778910294061,6.753572119493692e-11,8.218011997736248e-06
1.1298407484216499e-05,3,8.478405847104142e-06,0.9829421464962745,7.747200208679412e-11,8.801818112571636e-06
1.1298407484216499e-05,4,8.478405847104142e-06,0.9679587902555833,1.047104548883245e-10,1.0232812657736118e-05
1.1298407484216499e-05,5,1.5186595088768957e-05,0.8951705360970418,2.6030513346916884e-10,1.6133974509375203e-05
1.1820643148343387e-05,0,0.9998146985579401,1.0,1e-12,1e-06
1.1820643148343387e-05,1,0.00012632860016288807,0.9997275741830515,3.6925514754096644e-11,6.076636796295846e-06
1.1820643148343387e-05,2,2.5343700649962112e-05,0.9942226477794466,8.205373422178615e-11,9.058351628292322e-06
1.1820643148343387e-05,3,8.87029522748674e-06,0.9821536973749677,9.472507156337131e-11,9.732680594952826e-06
1.1820643148343387e-05,4,8.87029522748674e-06,0.9664777795491027,1.2982494479407646e-10,1.1394074986328485e-05
1.1820643148343387e-05,5,1.588855079209163e-05,0.8903251023686243,3.3661333740899474e-10,1.8347025301366832e-05
1.2367017620463086e-05,0,0.9998061335436411,1.0,1e-12,1e-06
1.2367017620463086e-05,1,0.0001321677682488726,0.9997149821007036,4.3628634428109726e-11,6.60519753134679e-06
1.2367017620463086e-05,2,2.6515138691903454e-05,0.9939556066607746,1.0059396309935046e-10,1.0029654186428884e-05
1.2367017620463086e-05,3,9.280298542166209e-06,0.9813288045113838,1.1690180649267679e-10,1.0812113877160044e-05
1.2367017620463086e-05,4,9.280298542166209e-06,0.9649283134774782,1.6257056414346463e-10,1.2750316236998385e-05
1.2367017620463086e-05,5,1.662295233377024e-05,0.8852557027136213,4.4049454465864927e-10,2.0987961898637257e-05
1.2938646645997354e-05,0,0.9997971726367407,1.0,1e-12,1e-06
1.2938646645997354e-05,1,0.00013827683471014551,0.9997018079863752,5.1947570526169425e-11,7.207466304199377e-06
1.2938646645997354e-05,2,2.7740723012837834e-05,0.9936762223515997,1.2449012899399456e-10,1.1157514463086954e-05
1.2938646645997354e-05,3,9.709253054493241e-06,0.9804657834006952,1.456800823165436e-10,1.2069800425713078e-05
1.2938646645997354e-05,4,9.709253054493241e-06,0.9633072278927418,2.0570309393533447e-10,1.4342353151952942e-05
1.2938646645997354e-05,5,1.73912994272791e-05,0.8799519849656255,5.836451906169859e-10,2.4158749773466876e-05
1.3536697542419253e-05,0,0.9997877975382676,1.0,1e-12,1e-06
1.3536697542419253e-05,1,0.0001446682748054949,0.999688024937349,6.235369584603878e-11,7.896435641860116e-06
1.3536697542419253e-05,2,2.9022956365299902e-05,0.9933839243242347,1.5558809663369745e-10,1.247349576637189e-05
1.3536697542419253e-05,3,1.0158034727854966e-05,0.9795628716767919,1.8339901133910674e-10,1.3542489111648078e-05
1.3536697542419253e-05,4,1.0158034727854966e-05,0.9616112123934903,2.631258881575588e-10,1.6221155574050783e-05
1.3536697542419253e-05,5,1.8195161105938016e-05,0.8744031184597776,7.834404861919352e-10,2.7990006898747545e-05
1.4162391583019734e-05,0,0.999777989103434,1.0,1e-12,1e-06
1.4162391583019734e-05,1,0.00015135514042586494,0.9996736048074093,7.547870282725174e-11,8.68784799747623e-06
1.4162391583019734e-05,2,3.03644571842013e-05,0.9930781156800277,1.9646899801675408e-10,1.4016739921135515e-05
1.4162391583019734e-05,3,1.0627560014470455e-05,0.9786182255133722,2.333543283366937e-10,1.5275939523862147e-05
1.4162391583019734e-05,4,1.0627560014470455e-05,0.959836803564749,3.4043054831872134e-10,1.8450760101381225e-05
1.4162391583019734e-05,5,1.9036178927018505e-05,0.8685977719155806,1.0660385977282123e-09,3.265024651864381e-05
1.4817006490856596e-05,0,0.999767727302541,1.0,1e-12,1e-06
1.4817006490856596e-05,1,0.00015835108674748099,0.999658518149364,9.217673914693085e-11,9.600871790984966e-06
1.4817006490856596e-05,2,3.176796493390823e-05,0.9927581719304417,2.507811003627391e-10,1.5836069599579913e-05
1.4817006490856596e-05,3,1.1118787726867878e-05,0.9776299158586854,3.002412994129238e-10,1.7327472389616548e-05
1.4817006490856596e-05,4,1.1118787726867878e-05,0.9579803779053696,4.457220277991327e-10,2.1112129873585296e-05
1.4817006490856596e-05,5,1.9916070323950155e-05,0.8625240902974157,1.4713731617813302e-09,3.835848226639488e-05
1.550187904797888e-05,0,0.9997569911800753,1.0,1e-12,1e-06
1.550187904797888e-05,1,0.00016567040011693677,0.9996427341549114,1.13613564380504e-10,1.0658966384246833e-05
1.550187904797888e-05,2,3.323634570247188e-05,0.9924234397217935,3.237390970150978e-10,1.799275123529189e-05
1.550187904797888e-05,3,1.163272099586516e-05,0.976595924496236,3.9082669214673244e-10,1.9769337170141352e-05
1.550187904797888e-05,4,1.163272099586516e-05,0.9560381444285185,5.908936137828211e-10,2.430830339169768e-05
1.550187904797888e-05,5,2.0836632113472756e-05,0.8561696706055014,2.0613014254605807e-09,4.540155752240864e-05
1.621840782525526e-05,0,0.9997457588119175,1.0,1e-12,1e-06
1.621840782525526e-05,1,0.00017332802722519073,0.9996262205917265,1.4139576490109148e-10,1.1890995118201482e-05
1.621840782525526e-05,2,3.4772598054436416e-05,0.992073235501047,4.2288427963025655e-10,2.0564150350312473e-05
1.621840782525526e-05,3,1.2170409319052745e-05,0.9755141399234051,5.149808335593165e-10,2.2693189144748178e-05
1.621840782525526e-05,4,1.2170409319052745e-05,0.9540061369201422,7.936228511063218e-10,2.8171312555618026e-05
1.621840782525526e-05,5,2.1799744164896672e-05,0.8495215365478606,2.9331072925958186e-09,5.4158169213848234e-05
1.696805603838046e-05,0,0.9997340072605689,1.0,1e-12,1e-06
1.696805603838046e-05,1,0.00018133960563004162,0.9996089437376398,1.7775998344515744e-10,1.3332666029161514e-05
1.696805603838046e-05,2,3.637985915417502e-05,0.9917068441199368,5.59256331413695e-10,2.3648601045594535e-05
1.696805603838046e-05,3,1.2732950703961257e-05,0.9743823530395735,6.872830512824607e-10,2.621608382810943e-05
1.696805603838046e-05,4,1.2732950703961257e-05,0.9518802058396049,1.0805386425257422e-09,3.2871547613791204e-05
1.696805603838046e-05,5,2.2807373238963567e-05,0.8425661120415744,4.24223759936267e-09,6.513246194765457e-05
1.7752354535892152e-05,0,0.9997217125283135,1.0,1e-12,1e-06
1.7752354535892152e-05,1,0.00018972149568941576,0.9995908683117738,2.258530513724287e-10,1.5028408144990895e-05
1.7752354535892152e-05,2,3.806141117225934e-05,0.9913235173745717,7.492230752766498e-10,2.7371939560006517e-05
1.7752354535892152e-05,3,1.3321493910290769e-05,0.9731982526349426,9.295524214212075e-10,3.0488562140927662e-05
1.7752354535892152e-05,4,1.3321493910290769e-05,0.9496560098459563,1.4923180974650387e-09,3.8630533227811374e-05
1.7752354535892152e-05,5,2.3861577004147198e-05,0.8352891934892119,6.241225879126009e-09,7.900142960178638e-05
1.8572904925300463e-05,0,0.9997088495082113,1.0,1e-12,1e-06
1.8572904925300463e-05,1,0.00019849081397067968,0.9995719574024962,2.901513839410054e-10,1.7033830571571546e-05
1.8572904925300463e-05,2,3.9820687987945004e-05,0.990922472477536,1.0173762436579652e-09,3.189633589705823e-05
1.8572904925300463e-05,3,1.3937240795780751e-05,0.9719594206708357,1.2748926549011615e-09,3.5705638979034694e-05
1.8572904925300463e-05,4,1.3937240795780751e-05,0.947329006932526,2.092010292084494e-09,4.573849901433686e-05
1.8572904925300463e-05,5,2.4964508238596286e-05,0.8276759207738137,9.347491785388889e-09,9.668242749015401e-05
1.9431382843713306e-05,0,0.999695391932827,1.0,1e-12,1e-06
1.9431382843713306e-05,1,0.00020766546820419685,0.9995521723920427,3.7709626382560115e-10,1.9418966600352377e-05
1.9431382843713306e-05,2,4.166128220145925e-05,0.9905028904593669,1.4011788904028644e-09,3.74323241384083e-05
1.9431382843713306e-05,3,1.4581448770510738e-05,0.9706633273418488,1.7742507836244098e-09,4.212185636488983e-05
1.9431382843713306e-05,4,1.4581448770510738e-05,0.9448944451517404,2.9788395782696e-09,5.457874658023579e-05
1.9431382843713306e-05,5,2.611841922629945e-05,0.8197107469132087,1.4263588377905474e-08,0.00011943026575330674
2.0329541379636756e-05,0,0.9996813123205913,1.0,1e-12,1e-06
2.0329541379636756e-05,1,0.00021726419385250984,0.999531472877657,4.960679374938325e-10,2.2272582640857628e-05
2.0329541379636756e-05,2,4.3586952470410925e-05,0.9900639144961466,1.958533479473509e-09,4.425532148198123e-05
2.0329541379636756e-05,3,1.5255433364643825e-05,0.9693073259097615,2.5072126535359197e-09,5.007207458789699e-05
2.0329541379636756e-05,4,1.5255433364643825e-05,0.9423473529112221,4.311463643711401e-09,6.566173652677335e-05
2.0329541379636756e-05,5,2.732566635644992e-05,0.8113774063116902,2.219452262911736e-08,0.00014897826227043112
2.126921465293841e-05,0,0.9996665819196797,1.0,1e-12,1e-06
2.126921465293841e-05,1,0.00022730659236982855,0.9995098165890836,6.6089828077654e-10,2.5707941978628708e-05
2.126921465293841e-05,2,4.560163118530511e-05,0.9896046481597913,2.7802946929733674e-09,5.27284998172086e-05
2.126921465293841e-05,3,1.596057091485679e-05,0.9678886472986619,3.600052115917129e-09,6.000043429773762e-05
2.126921465293841e-05,4,1.596057091485679e-05,0.9396825288213544,6.347819499725115e-09,7.96732044022651e-05
2.126921465293841e-05,5,2.8588714935402815e-05,0.8026588815442166,3.5248305284597664e-08,0.0001877453202734962
2.2252321560283717e-05,0,0.9996511706492992,1.0,1e-12,1e-06
2.2252321560283717e-05,1,0.0002378131712299478,0.999487159302249,8.922510191886874e-10,2.9870571122572924e-05
2.2252321560283717e-05,2,4.7709432499835215e-05,0.9891241535874643,4.011287612599311e-09,6.33347267508064e-05
2.2252321560283717e-05,3,1.6698301374942324e-05,0.966404394440246,5.2564036064675834e-09,7.250105934720943e-05
2.2252321560283717e-05,4,1.6698301374942324e-05,0.9368945310735798,9.514581894684764e-09,9.754271830682577e-05
2.2252321560283717e-05,5,2.9910144221050534e-05,0.7935373686053114,5.7189504799612104e-08,0.00023914327253680398
2.328086969369402e-05,0,0.9996350470382609,1.0,1e-12,1e-06
2.328086969369402e-05,1,0.00024880538580433715,0.9994634547489519,1.22141891464815e-09,3.494880419482403e-05
2.328086969369402e-05,2,4.991466073235159e-05,0.9886214495663775,5.8861998192236995e-09,7.67215733625406e-05
2.328086969369402e-05,3,1.7470131256323055e-05,0.964851536357746,7.810279927387942e-09,8.83757881288079e-05
2.328086969369402e-05,4,1.7470131256323055e-05,0.9339776663277414,1.4530450348675253e-08,0.00012054231766759444
2.328086969369402e-05,5,3.129265268989734e-05,0.7839942405516973,9.488756354092187e-08,0.00030803825012637936
2.4356959440228856e-05,0,0.9996181781607119,1.0,1e-12,1e-06
2.4356959440228856e-05,1,0.0002603056831759259,0.9994386545223796,1.6964688220569957e-09,4.118821217359399e-05
2.4356959440228856e-05,2,5.222181915566415e-05,0.9880955095300666,8.791936427469103e-09,9.376532636038283e-05
2.4356959440228856e-05,3,1.8277636704482453e-05,0.9632269019764056,1.1819352010252311e-08,0.00010871684326842971
2.4356959440228856e-05,4,1.8277636704482453e-05,0.930925978085774,2.2629147136230993e-08,0.00015042987448053992
2.4356959440228856e-05,5,3.2739063547589445e-05,0.7740100094644132,1.6116330314343583e-07,0.0004014514953807444
2.548278827116363e-05,0,0.9996005295688992,1.0,1e-12,1e-06
2.548278827116363e-05,1,0.00027233754797804894,0.9994127079782564,2.392335830259918e-09,4.8911510202200034e-05
2.548278827116363e-05,2,5.4635619193127105e-05,0.9875452594620511,1.3377909379961627e-08,0.00011566291272470025
2.548278827116363e-05,3,1.9122466717594487e-05,0.9615271736478617,1.8232126877758645e-08,0.0001350263932635344
2.548278827116363e-05,4,1.9122466717594487e-05,0.927733234528004,3.597078525316716e-08,0.0001896596563667855
2.548278827116363e-05,5,3.425233049415276e-05,0.7635642866527466,2.805154117499832e-07,0.0005296370566246127
2.666065522942185e-05,0,0.9995820652228244,1.0,1e-12,1e-06
2.666065522942185e-05,1,0.00028492555035216125,0.9993855621314245,3.427664158952768e-09,5.85462565750601e-05
2.666065522942185e-05,2,5.716099003978544e-05,0.9869695757025965,2.0754793341104287e-08,0.00014406523987799515
2.666065522942185e-05,3,2.0006346513924906e-05,0.959748880375211,2.8693399935153192e-08,0.00016939126286545357
2.666065522942185e-05,4,2.0006346513924906e-05,0.9243929157872176,5.8416469673064244e-08,0.0002416949930657734
2.666065522942185e-05,5,3.583554375571164e-05,0.7526357410187084,5.00924769795632e-07,0.0007077603901007968
2.789296562442627e-05,0,0.9995627474166449,1.0,1e-12,1e-06
2.789296562442627e-05,1,0.00029809539612226234,0.9993571615476423,4.993363286024758e-09,7.06637338811413e-05
2.789296562442627e-05,2,5.980308872823165e-05,0.9863672826541012,3.2859769902367214e-08,0.0001812726396960314
2.789296562442627e-05,3,2.0931081054881076e-05,0.9578883907249246,4.611369019201468e-08,0.00021474098395978043
2.789296562442627e-05,4,2.0931081054881076e-05,0.9208982006345096,9.701846218383632e-08,0.00031147786788765
2.789296562442627e-05,5,3.749193639500676e-05,0.7412020554970259,9.188142705497536e-07,0.0009585480011714352
2.9182235943954925e-05,0,0.9995425367016765,1.0,1e-12,1e-06
2.9182235943954925e-05,1,0.0003118739792884787,0.999327448230384,7.401853974982199e-09,8.603402800626156e-05
2.9182235943954925e-05,2,6.256731065972567e-05,0.9857371503804214,5.314153006155148e-08,0.00023052446738155904
2.9182235943954925e-05,3,2.1898558730903984e-05,0.9559419054111364,7.575332503761829e-08,0.00027523321935699963
2.9182235943954925e-05,4,2.1898558730903984e-05,0.9172419525497262,1.649518030643466e-07,0.0004061425895721189
2.9182235943954925e-05,5,3.922489091359724e-05,0.7292398814817065,1.733246769620783e-06,0.0013165283018685102
3.053109899303406e-05,0,0.9995213918058362,1.0,1e-12,1e-06
3.053109899303406e-05,1,0.00032628943694701503,0.9992963615024043,1.1173504309080707e-08,0.00010570479794730562
3.053109899303406e-05,2,6.545930062208634e-05,0.9850778920952314,8.787257418884839e-08,0.0002964330855165266
3.053109899303406e-05,3,2.2910755217730223e-05,0.9539054495371628,1.2733203977925784e-07,0.0003568361525676145
3.053109899303406e-05,4,2.2910755217730223e-05,0.9134167051480535,2.8741806182108464e-07,0.0005361138515474905
3.053109899303406e-05,5,4.1037946159231055e-05,0.7167247911460988,3.366924490704184e-06,0.0018349181155310947
3.19423092703608e-05,0,0.9994992695493603,1.0,1e-12,1e-06
3.19423092703608e-05,1,0.0003413712067486144,0.9992638378818312,1.7191154862393428e-08,0.00013111504437856637
3.19423092703608e-05,2,6.848496431685166e-05,0.9843881615342912,1.4871967689006247e-07,0.0003856419024043711
3.19423092703608e-05,3,2.3969737510898083e-05,0.9517748644784084,2.192292159794476e-07,0.0004682191965089082
3.19423092703608e-05,4,2.3969737510898083e-05,0.9094146469329937,5.138280614264966e-07,0.0007168180113714336
3.19423092703608e-05,5,4.293480455248777e-05,0.7036312275590916,6.744279291589962e-06,0.002596975027140223
3.341874859323499e-05,0,0.999476124756627,1.0,1e-12,1e-06
3.341874859323499e-05,1,0.00035715008701286456,0.9992298109525295,2.698171652164963e-08,0.00016426112297695286
3.341874859323499e-05,2,7.165048041924752e-05,0.9836665502062548,2.5789680106322173e-07,0.0005078354074532631
3.341874859323499e-05,3,2.507766814673663e-05,0.9495457993900842,3.870488276112323e-07,0.000622132483970442
3.341874859323499e-05,4,2.507766814673663e-05,0.9052276053445926,9.435905440216666e-07,0.0009713858883171336
3.341874859323499e-05,5,4.4919339647451326e-05,0.6899324524955825,1.3950282831237841e-05,0.003735007741790884
3.496343198248776e-05,0,0.9994519101639046,1.0,1e-12,1e-06
3.496343198248776e-05,1,0.00037365829962111976,0.9991942112284736,4.323970647274854e-08,0.00020794159389777827
3.496343198248776e-05,2,7.496231319559502e-05,0.9829115845164056,4.5874794591803936e-07,0.000677309342854533
3.496343198248776e-05,3,2.6236809618458258e-05,0.9472137023223939,7.015260429782339e-07,0.0008375715151425781
3.496343198248776e-05,4,2.6236809618458258e-05,0.9008470300703422,1.7821751461391234e-06,0.0013349813280114158
3.496343198248776e-05,5,4.6995604041853794e-05,0.6756004918346328,2.984147973732009e-05,0.005462735554401302
3.65795138194225e-05,0,0.999426576322834,1.0,1e-12,1e-06
3.65795138194225e-05,1,0.0003909295558164517,0.9991569660118507,7.082111913455005e-08,0.000266122376237982
3.65795138194225e-05,2,7.842722570391778e-05,0.9821217227574437,8.380380732113567e-07,0.0009154441944823052
3.65795138194225e-05,3,2.7449528996371224e-05,0.9447738109250465,1.3069530391373933e-06,0.0011432204682988287
3.65795138194225e-05,4,2.7449528996371224e-05,0.8962639755846808,3.4664279991842983e-06,0.0018618345788990755
3.65795138194225e-05,5,4.916783765284076e-05,0.6606060784338201,6.611834076516319e-05,0.00813131851332631
3.8270294287343414e-05,0,0.9994000714994518,1.0,1e-12,1e-06
3.8270294287343414e-05,1,0.00040899912504502084,0.9991179992446051,1.1867173685365567e-07,0.0003444876439782067
3.8270294287343414e-05,2,8.205229360471097e-05,0.9812953519611829,1.5741611856984568e-06,0.001254655803676234
3.8270294287343414e-05,3,2.8718302761648843e-05,0.9422211427221122,2.5059137346139567e-06,0.0015830078125561972
3.8270294287343414e-05,4,2.8718302761648843e-05,0.8914690828814306,6.952948426689842e-06,0.0026368444069929196
3.8270294287343414e-05,5,5.1440476375261106e-05,0.64491859236312,0.000151982412335499,0.012328114711321395
4.003922611082412e-05,0,0.9993723415685434,1.0,1e-12,1e-06
4.003922611082412e-05,1,0.00042790390697943035,0.9990772313531215,2.0365453334912404e-07,0.0004512809915663677
4.003922611082412e-05,2,8.584491961007091e-05,0.9804307846047251,3.044314927415989e-06,0.0017447965289442747
4.003922611082412e-05,3,3.0045721863524818e-05,0.9395504849373612,4.951531083082938e-06,0.0022252036048602247
4.003922611082412e-05,4,3.0045721863524818e-05,0.8864525603618723,1.4402177255425348e-05,0.003795020059950322
4.003922611082412e-05,5,5.381816114015983e-05,0.6285059983762759,0.00036305520933402054,0.01905400769743784
4.1889921606479e-05,0,0.9993433299031157,1.0,1e-12,1e-06
4.1889921606479e-05,1,0.00044768250687114675,0.999034579085728,3.583291180065982e-07,0.0005986059789265375
4.1889921606479e-05,2,8.981284860069302e-05,0.9795262551643885,6.069736234459291e-06,0.0024636834688042397
4.1889921606479e-05,3,3.143449701024256e-05,0.9367563838493108,1.0096809405562935e-05,0.003177547703113666
4.1889921606479e-05,4,3.143449701024256e-05,0.8812041638394275,3.085357155136946e-05,0.005554599135074417
4.1889921606479e-05,5,5.6305747391972927e-05,0.6113347804919729,0.0009028845878239835,0.03004803800290434
4.3826160059636535e-05,0,0.9993129772587593,1.0,1e-12,1e-06
4.3826160059636535e-05,1,0.00046837531438587366,0.9989899553426889,6.471611810076474e-07,0.0008044632875449614
4.3826160059636535e-05,2,9.396418344161045e-05,0.9785799165103501,1.2494011417863414e-05,0.0035346868910645273
4.3826160059636535e-05,3,3.288746420456366e-05,0.9338331336542386,2.12780573898823e-05,0.004612814475987767
4.3826160059636535e-05,4,3.288746420456366e-05,0.875713175620115,6.846625401296148e-05,0.008274433757844792
4.3826160059636535e-05,5,5.890831500377886e-05,0.5933698735512075,0.002341962877902284,0.04839383099014051
4.5851895441976906e-05,0,0.999281221652667,1.0,1e-12,1e-06
4.5851895441976906e-05,1,0.0004900245860828505,0.9989432689983394,1.2011836803162632e-06,0.0010959852555195546
4.5851895441976906e-05,2,9.830740152896691e-05,0.9775898361346425,2.6590473847701092e-05,0.0051565951797383795
4.5851895441976906e-05,3,3.440759053513842e-05,0.9307747648144222,4.641347488962485e-05,0.0068127435655266555
4.5851895441976906e-05,4,3.440759053513842e-05,0.8699683826160631,0.00015763346857086534,0.012555216787091546
4.5851895441976906e-05,5,6.163117865085232e-05,0.5745745916111066,0.006348356284241562,0.07967657299508785
4.797126448589469e-05,0,0.999247998237057,1.0,1e-12,1e-06
4.797126448589469e-05,1,0.0005126745317065126,0.9988944247149989,2.294148319795486e-06,0.0015146446183166157
4.797126448589469e-05,2,0.00010285137210161518,0.9765539922047995,5.860196893045384e-05,0.0076551922856616635
4.797126448589469e-05,3,3.599798023556531e-05,0.9275750318678117,0.0001049571825942704,0.010244861277453707
4.797126448589469e-05,4,3.599798023556531e-05,0.8639580534473853,0.0003771903960569653,0.019421390167981417
4.797126448589469e-05,5,6.44798986637049e-05,0.5549105530289618,0.0180202365184431,0.1342394745164145
5.018859513207603e-05,0,0.9992135611419312,1.0,1e-12,1e-06
5.018859513207603e-05,1,0.0005361472919281405,0.998847206415851,4.262962389500151e-06,0.0020646942605383857
5.018859513207603e-05,2,0.0001075960930052574,0.9755708860853055,0.00012468731951553605,0.011166347635441772
5.018859513207603e-05,3,3.758336367672645e-05,0.9245215167532422,0.00022842665827278575,0.015113790334419284
5.018859513207603e-05,4,3.768728616684564e-05,0.8582099166823659,0.0008687061144786614,0.029473820832709514
5.018859513207603e-05,5,6.742482329184382e-05,0.5362950263366811,0.048797176889773156,0.22090083044156525
5.2508415367539415e-05,0,0.9991812300235245,1.0,1e-12,1e-06
5.2508415367539415e-05,1,0.0005581222052618296,0.9988416371868928,4.274198667457604e-06,0.0020674135211557467
5.2508415367539415e-05,2,0.00011245284643570085,0.9756719692881066,0.00012263718528970083,0.011074167476144689
5.2508415367539415e-05,3,3.834784534649152e-05,0.9246340513855851,0.00021927756352332063,0.014808023619758331
5.2508415367539415e-05,4,3.974965345558146e-05,0.8582718872745779,0.0008592511687243305,0.02931298634947198
5.2508415367539415e-05,5,7.009742597582718e-05,0.5387855578671965,0.047351171434901924,0.21760324316264665
5.4935462472188876e-05,0,0.9991475458064066,1.0,1e-12,1e-06
5.4935462472188876e-05,1,0.0005809970105605062,0.9988360410839408,4.2854645618955065e-06,0.0020701363631160886
5.4935462472188876e-05,2,0.000117528668371397,0.9757726446142881,0.00012062075978709665,0.01098274828023918
5.4935462472188876e-05,3,3.912782427681685e-05,0.9247464318915617,0.0002104949143339649,0.014508442863862577
5.4935462472188876e-05,4,4.192482317312822e-05,0.858333835252934,0.0008498991300380243,0.029153029517325027
5.4935462472188876e-05,5,7.287586721151226e-05,0.541274154634722,0.045948015421510544,0.21435488196332395
5.747469269276281e-05,0,0.9991124511812585,1.0,1e-12,1e-06
5.747469269276281e-05,1,0.0006048084921153221,0.9988304179776195,4.2967601508767364e-06,0.0020728627911361466
5.747469269276281e-05,2,0.00012283342584951416,0.9758729136238511,0.0001186374887620512,0.010892083765838894
5.747469269276281e-05,3,3.9923611244209785e-05,0.9248586584415557,0.00020206403358614044,0.0142149229187548
5.747469269276281e-05,4,4.421895946349648e-05,0.8583957606217782,0.0008406488783853293,0.028993945547050495
5.747469269276281e-05,5,7.576433006908119e-05,0.543760694149834,0.044586439093230505,0.2111550120012085
6.0131291363931785e-05,0,0.9990758863908175,1.0,1e-12,1e-06
6.0131291363931785e-05,1,0.000629594932093245,0.9988247677379339,4.308085512669897e-06,0.002075592809938861
6.0131291363931785e-05,2,0.00012837742904752474,0.9759727778715399,0.00011668682708191206,0.010802167702915562
6.0131291363931785e-05,3,4.0735523040667996e-05,0.9249707312058851,0.00019397083201887384,0.013927341168323329
6.0131291363931785e-05,4,4.6638562749672196e-05,0.8584576633854578,0.0008314993059222142,0.028835729675564206
6.0131291363931785e-05,5,7.876716225123186e-05,0.5462450543318509,0.04326521032035024,0.20800290940357116
6.291068349721418e-05,0,0.9990377891247775,1.0,1e-12,1e-06
6.291068349721418e-05,1,0.0006553961710398296,0.9988190902342658,4.319440725749896e-06,0.0020783264242533934
6.291068349721418e-05,2,0.00013417145106994045,0.976072238906853,0.00011476823857720923,0.010712993912870913
6.291068349721418e-05,3,4.156388257602212e-05,0.9250826503548011,0.00018620178468354092,0.013645577477100077
6.291068349721418e-05,4,4.9190488022655675e-05,0.8585195435483215,0.0008224493168623616,0.028678377165773546
6.291068349721418e-05,5,8.188888251391828e-05,0.5487271135325317,0.04198313348482565,0.204897861103589
6.58185448593345e-05,0,0.9989980944101755,1.0,1e-12,1e-06
6.58185448593345e-05,1,0.0006822536707834673,0.998813385335372,4.330825868798497e-06,0.0020810636388151364
6.58185448593345e-05,2,0.00014022674860813384,0.976171298274056,0.00011288119589427935,0.010624556268112064
6.58185448593345e-05,3,4.240901898106917e-05,0.9251944160584876,0.0001787439083416526,0.013369514140074522
6.58185448593345e-05,4,5.1881964119532047e-05,0.8585814011147223,0.0008134978273459256,0.028521883306435528
6.58185448593345e-05,5,8.513418733252126e-05,0.5512067505595968,0.0407390483983303,0.20183916467903423
6.886081356264504e-05,0,0.9989567344970788,1.0,1e-12,1e-06
6.886081356264504e-05,1,0.0007102105798327621,0.9988076529093795,4.342241020704818e-06,0.002083804458365712
6.886081356264504e-05,2,0.00014655508351082028,0.9762699575121918,0.0001110251803503151,0.010536848691630487
6.886081356264504e-05,3,4.32712677114287e-05,0.9253060284870622,0.00017158473976792784,0.013099035833523315
6.886081356264504e-05,4,5.4720614043489075e-05,0.8586432360890145,0.0008046437653097227,0.028366243412015674
6.886081356264504e-05,5,8.850795782240934e-05,0.5536838447000544,0.03953182925236788,0.19882612819337372
7.204370219128079e-05,0,0.9989136387393772,1.0,1e-12,1e-06
7.204370219128079e-05,1,0.0007393118013618424,0.9988018928237841,4.35368626056596e-06,0.0020865488876529972
7.204370219128079e-05,2,0.00015316874530431164,0.976368218155094,0.00010919968179079801,0.010449865156584462
7.204370219128079e-05,3,4.415097065204926e-05,0.9254174878105739,0.00016471231492238148,0.012834029566834474
7.204370219128079e-05,4,5.771447638147317e-05,0.8587050484755557,0.0007958860703588476,0.02821145282254793
7.204370219128079e-05,5,9.201526692313388e-05,0.556158275743328,0.03836038359949577,0.19585807003923983
7.53737104878113e-05,0,0.998868733470459,1.0,1e-12,1e-06
7.53737104878113e-05,1,0.0007696040638816694,0.9987961049454468,4.365161667687477e-06,0.002089296931431116
7.53737104878113e-05,2,0.00016008057470323197,0.9764660817313976,0.00010740419844927237,0.010363599685884841
7.53737104878113e-05,3,4.5048476222284385e-05,0.9255287941990042,0.00015811514895662545,0.012574384635306232
7.53737104878113e-05,4,6.0872027878089915e-05,0.8587668382787066,0.0007872236936396649,0.028057506903494917
7.53737104878113e-05,5,9.566138685579888e-05,0.5586299240041749,0.03722365136473716,0.1929343187842359
7.885763862629455e-05,0,0.9988219418735749,1.0,1e-12,1e-06
7.885763862629455e-05,1,0.0008011359946987299,0.9987902891405911,4.376667321583961e-06,0.002092048594460454
7.885763862629455e-05,2,0.0001673039881540252,0.976563549764552,0.00010563823680942966,0.010278046351784451
7.885763862629455e-05,3,4.596413948144963e-05,0.9256399478222663,0.00015178221702097358,0.012319992573900911
7.885763862629455e-05,4,6.420220722740895e-05,0.8588286055028294,0.0007786555977142033,0.027904401045609335
7.885763862629455e-05,5,9.945179686344787e-05,0.5610986703453835,0.03612060388628938,0.19005421301904724
8.25026010988387e-05,0,0.998773183846652,1.0,1e-12,1e-06
8.25026010988387e-05,1,0.0008339581962659187,0.9987844452747991,4.388203301979583e-06,0.002094803881507666
8.25026010988387e-05,2,0.00017485300345528617,0.9766606237728315,0.00010390131146945623,0.010193199275470691
8.25026010988387e-05,3,4.689832223476454e-05,0.9257509488502038,0.00014570293584026996,0.012070747111934288
8.25026010988387e-05,4,6.771444014755017e-05,0.8588903501522902,0.0007701807564359056,0.027752130664795913
8.25026010988387e-05,5,0.00010339219124461512,0.5635643962002448,0.03505024298465777,0.1872171012078164
8.63160412440306e-05,0,0.9987223758613291,1.0,1e-12,1e-06
8.63160412440306e-05,1,0.0008681233255339045,0.9987785732130099,4.3997696888086725e-06,0.002097562797345689
8.63160412440306e-05,2,0.0001827422665006908,0.9767573052693487,0.00010219294500861409,0.010109052626661615
8.63160412440306e-05,3,4.7851393139574504e-05,0.9258617974525923,0.00013986714602765582,0.011826544128681709
8.63160412440306e-05,4,7.14186658063007e-05,0.8589520722314568,0.0007617981548267277,0.02760069120197405
8.63160412440306e-05,5,0.00010748848769050598,0.5660269835947873,0.03401160005937417,0.18442234154075304
9.030574644689691e-05,0,0.998669430815975,1.0,1e-12,1e-06
9.030574644689691e-05,1,0.0009036861764148,0.9987726728195152,4.411366562216233e-06,0.0021003253467537434
9.030574644689691e-05,2,0.0001909870791921206,0.976853595762065,0.00010051266785601278,0.010025600623205214
9.030574644689691e-05,3,4.882372781173801e-05,0.9259724937991368,0.00013426509510671585,0.01158728160988227
9.030574644689691e-05,4,7.532536466954318e-05,0.8590137717447004,0.0007535067889555898,0.02745007812294147
9.030574644689691e-05,5,0.0001117468359365794,0.5684863151697653,0.033003735212482566,0.18166930178894442
9.447986404143859e-05,0,0.9986142578824344,1.0,1e-12,1e-06
9.447986404143859e-05,1,0.0009407037654736263,0.998766743957957,4.422994002558492e-06,0.002103091534517338
9.447986404143859e-05,2,0.00019960342857244063,0.9769494967538039,9.886001816154307e-05,0.009942837530682229
9.447986404143859e-05,3,4.981570893205537e-05,0.9260830380594732,0.0001288874212136351,0.011352859605123068
9.447986404143859e-05,4,7.944558784799368e-05,0.8590754486963945,0.0007453056658181399,0.027300286918238423
9.447986404143859e-05,5,0.00011617362673963298,0.5709422742023957,0.03202573639799837,0.1789573591613331
9.884691794821494e-05,0,0.998556762346238,1.0,1e-12,1e-06
9.884691794821494e-05,1,0.0009792354209667308,0.9987607864913237,4.4346520904035304e-06,0.0021058613654282967
9.884691794821494e-05,2,0.00020860801722932218,0.9770450097422623,9.723454166892832e-05,0.009860757662011999
9.884691794821494e-05,3,5.082772635260377e-05,0.9261934304031666,0.00012372513745212435,0.011123180186085468
9.884691794821494e-05,4,8.379098802164235e-05,0.8591371030909152,0.0007371938032178225,0.027151313103012577
9.884691794821494e-05,5,0.00012077550119181713,0.5733947446278308,0.03107671859657149,0.176285900163829
0.00010341582608094938,0,0.9984968454400149,1.0,1e-12,1e-06
0.00010341582608094938,1,0.0010193428753500907,0.9987548002819485,4.446340906531732e-06,0.0021086348442847405
0.00010341582608094938,2,0.0002180182950234923,0.9771401362200224,9.56357915908658e-05,0.009779355377061712
0.00010341582608094938,3,5.186017720283221e-05,0.9263036709997117,0.00011876961687497574,0.010898147405636232
0.00010341582608094938,4,8.837385202536495e-05,0.8591987349326413,0.0007291702296482534,0.027003152216884856
0.00010341582608094938,5,0.0001255593603833242,0.5758436110603627,0.030155823014606804,0.17365432046052526
0.00010819591855770446,0,0.9984344041698144,1.0,1e-12,1e-06
0.00010819591855770446,1,0.0010610903613842248,0.9987487851915049,4.458060531936458e-06,0.0021114119758911237
0.00010819591855770446,2,0.00022785249219683495,0.9772348776745641,9.40633284862207e-05,0.00969862508225886
0.00010819591855770446,3,5.2913465995258175e-05,0.926413760018532,0.0001140125780671446,0.01067766725774617
0.00010819591855770446,4,9.320713518345962e-05,0.8592603442259544,0.0007212339841768661,0.026855799823815824
0.00010819591855770446,5,0.0001305323754258417,0.5782887588143499,0.02926221630711732,0.1710620247369863
0.0001131969567538162,0,0.9983693311340506,1.0,1e-12,1e-06
0.0001131969567538162,1,0.0011045447119663527,0.9987427410810041,4.469811047824493e-06,0.0021141927650582134
0.0001131969567538162,2,0.00023812965391789058,0.9773292355882771,9.251672013923853e-05,0.009618561230206862
0.0001131969567538162,3,5.3988004730594855e-05,0.9265236976289802,0.00010944607130626812,0.010461647638219714
0.0001131969567538162,4,9.830449748535005e-05,0.8593219309752388,0.0007133841163298265,0.026709251511972898
0.0001131969567538162,5,0.0001357019978491796,0.5807300739248571,0.02839508982360594,0.16850842656557546
0.00011842915323549343,0,0.9983015143347659,1.0,1e-12,1e-06
0.00011842915323549343,1,0.001149775463824319,0.9987366678107918,4.4815925356167265e-06,0.0021169772166031277
0.00011842915323549343,2,0.00024886967632445486,0.9774232114384727,9.099554144074371e-05,0.009539158319303843
0.00011842915323549343,3,5.508421300212458e-05,0.9266334840003363,0.00010506246527749202,0.010249998306218984
0.00011842915323549343,4,0.00010368034169938538,0.8593834951848809,0.0007056196859782015,0.02656350289359823
0.00011842915323549343,5,0.00014107597038382595,0.5831674431680033,0.02755365887629439,0.16599294827279376
0.0001239031926147886,0,0.9982308369808958,1.0,1e-12,1e-06
0.0001239031926147886,1,0.0011968549652107475,0.9987305652405452,4.493405076948593e-06,0.0021197653353493147
0.0001239031926147886,2,0.00026009334412522097,0.9775168066973957,8.949937427129205e-05,0.009460410893364624
0.0001239031926147886,3,5.620251809911614e-05,0.926743119301809,0.00010085443432040349,0.010042630846566227
0.0001239031926147886,4,0.00010934985352660181,0.8594450368592702,0.0006979397632253656,0.026418549604877356
0.0001239031926147886,5,0.00014666233814250798,0.5856007540810093,0.026737162030036607,0.16351502080859914
0.00012963025336852922,0,0.9981571772832106,1.0,1e-12,1e-06
0.00012963025336852922,1,0.001245858487739911,0.9987244332292696,4.505248753670766e-06,0.0021225571261265894
0.00012963025336852922,2,0.0002718223698246892,0.9776100228322374,8.802780738624462e-05,0.009382313541245817
0.00012963025336852922,3,5.7343355109074026e-05,0.9268526037025341,9.681494618675876e-05,0.009839458632808959
0.00012963025336852922,4,0.00011532904390145054,0.859506556002799,0.0006903434282956325,0.02627438730580853
0.00012963025336852922,5,0.00015246946021417725,0.5880298949819375,0.02594486041327426,0.16107408361767656
0.00013562203066576546,0,0.9980804082405936,1.0,1e-12,1e-06
0.00013562203066576546,1,0.0012968643425137968,0.9987182716352953,4.517123647849595e-06,0.002125352593771112
0.00013562203066576546,2,0.00028407943463792294,0.9777028613051466,8.658043630272988e-05,0.009304860896473944
0.00013562203066576546,3,5.8507167018586096e-05,0.9269619373715748,9.293725028854515e-05,0.009640396791032263
0.00013562203066576546,4,0.00012163479355190228,0.8595680526198617,0.0006828297714241005,0.02613101168007279
0.00013562203066576546,5,0.0001585060216841645,0.5904547549891179,0.02517603704941014,0.15866958451262844
0.00014189076025034782,0,0.9980003974173041,1.0,1e-12,1e-06
0.00014189076025034782,1,0.001349954000687793,0.9987120803162745,4.529029841767795e-06,0.0021281517431254275
0.00014189076025034782,2,0.0002968882311641151,0.977795323573243,8.515686318846581e-05,0.009228047636876709
0.00014189076025034782,3,5.9694404812517574e-05,0.9270711204779212,8.921486641674151e-05,0.009445362164403306
0.00014189076025034782,4,0.00012828489993696208,0.8596295267148556,0.0006753978927476945,0.0259884184349047
0.00014189076025034782,5,0.00016478104609457056,0.5928752240402525,0.0244299962079959,0.15630097954906072
0.00014844924342740856,0,0.9979170067108629,1.0,1e-12,1e-06
0.00014844924342740856,1,0.0014052122186305692,0.9987058591291775,4.54096741792493e-06,0.0021309545790384483
0.00014844924342740856,2,0.0003102735078904197,0.9778874110886281,8.375669675240984e-05,0.009151868484217299
0.00014844924342740856,3,6.0905527571287336e-05,0.9271801531904893,8.564157391191952e-05,0.009254273278433025
0.00014844924342740856,4,0.00013529812668555184,0.8596909782921808,0.0006680469021973957,0.025846603300963857
0.00014844924342740856,5,0.0001713039083592959,0.5952911929111931,0.02370606277514502,0.15396773290253066
0.00015531087320476853,0,0.9978300921101824,1.0,1e-12,1e-06
0.00015531087320476853,1,0.0014627271678365429,0.998699607930291,4.552936459038034e-06,0.002133761106365479
0.00015531087320476853,2,0.00032426111559997106,0.9779791252983983,8.237955213720619e-05,0.009076318203831672
0.00015531087320476853,3,6.214100256593256e-05,0.9272890356781218,8.221140126859461e-05,0.009067050306940765
0.00015531087320476853,4,0.00014269425566685584,0.8597524073562397,0.000660775919391644,0.025705562032207037
0.00015531087320476853,5,0.00017808434814840668,0.597702553234385,0.023003581642603063,0.15166931674733378
0.00016248966164265482,0,0.9977395034435499,1.0,1e-12,1e-06
0.00016248966164265482,1,0.0015225905697534444,0.9986933265752131,4.564937048042127e-06,0.00213657132996821
0.00016248966164265482,2,0.0003388780557606192,0.9780704676446564,8.102505081340156e-05,0.00900139160426884
0.00016248966164265482,3,6.340130535065532e-05,0.9273977681095871,7.891861615594614e-05,0.00888361503870728
0.00016248966164265482,4,0.00015049414182869274,0.8598138139114375,0.0006535840735309004,0.025565290405761096
0.00016248966164265482,5,0.00018513248375685544,0.6001091975169716,0.022321917114921142,0.14940521113709904
0.00017000026846757688,0,0.9976450841160628,1.0,1e-12,1e-06
0.00017000026846757688,1,0.0015848978356912658,0.998687014918851,4.5769692680908835e-06,0.0021393852547147473
0.00017000026846757688,2,0.0003541525309734711,0.9781614395645251,7.969282047540079e-05,0.008927083536934154
0.00017000026846757688,3,6.468691985251523e-05,0.9275063506535783,7.575771583823815e-05,0.00870389084480258
0.00017000026846757688,4,0.00015871977094718666,0.8598751979621818,0.0006464705032933536,0.025425784221796456
0.00017000026846757688,5,0.000192458826472866,0.6025110191585527,0.021660452334196827,0.14717490388716695
0.00017785803100879672,0,0.9975466708360965,1.0,1e-12,1e-06
0.00017785803100879672,1,0.001649748211982769,0.9986806728154173,4.589033202557117e-06,0.0021422028854795982
0.00017785803100879672,2,0.00037011399756301514,0.9782520424901577,7.838249493913337e-05,0.00885338889573554
0.00017785803100879672,3,6.59983384579115e-05,0.9276147834787148,7.272341797892545e-05,0.00852780264657464
0.00017785803100879672,4,0.0001673943204380404,0.8599365595128831,0.0006394343567317719,0.025287039303401492
0.00017785803100879672,5,0.00020007429546156375,0.6049079124685927,0.021018588721861707,0.14497789045872375
0.00018607899551852406,0,0.997444093330375,1.0,1e-12,1e-06
0.00018607899551852406,1,0.0017172449305695337,0.9986743001184271,4.601128935033406e-06,0.002145024227143695
0.00018607899551852406,2,0.00038679322039327944,0.9783422778487509,7.709371404140116e-05,0.00878030261673259
0.00018607899551852406,3,6.733606209547233e-05,0.9277230667535394,6.981065181307973e-05,0.008355276884285747
0.00018607899551852406,4,0.0001765422233870408,0.8599978985679544,0.0006324747911714642,0.02514905149645736
0.00018607899551852406,5,0.0002079902331797215,0.6072997726834723,0.020395745437010213,0.1428136738446645
0.00019467994993979415,0,0.9973371740471941,1.0,1e-12,1e-06
0.00019467994993979415,1,0.0017874953651909442,0.9986678966806947,4.613256549332658e-06,0.0021478492845943956
0.00019467994993979415,2,0.00040422232999717334,0.9784321470625575,7.58261235408825e-05,0.008707819677788609
0.00019467994993979415,3,6.870060031493837e-05,0.9278312006465202,6.701454967338541e-05,0.008186241486383444
0.00019467994993979415,4,0.00018618923596505068,0.8600592151318112,0.0006255909731093597,0.025011816669513624
0.00019467994993979415,5,0.000216218421337707,0.6096864959831794,0.01979135885078001,0.14068176445716057
0.0002036784581889459,0,0.9972257278473465,1.0,1e-12,1e-06
0.0002036784581889459,1,0.0018606111933572567,0.9986614623543295,4.625416129488696e-06,0.0021506780627254967
0.0002036784581889459,2,0.0004224348821089465,0.9785216515488985,7.457937502076385e-05,0.008635935098225545
0.0002036784581889459,3,7.009247136160233e-05,0.9279391853260487,6.433043885553878e-05,0.008020625839393008
0.0002036784581889459,4,0.00019636250840071492,0.8601205092088717,0.0006187820781141882,0.024875330713664656
0.0002036784581889459,5,0.00022477109742497403,0.6120679795076317,0.019204882036308005,0.13858168001690557
0.0002130928960227059,0,0.9971095616822626,1.0,1e-12,1e-06
0.0002130928960227059,1,0.0019367085642909704,0.998654996990734,4.6376077597568385e-06,0.002153510566437239
0.0002130928960227059,2,0.0004414659196924405,0.9786107927201748,7.335312579297128e-05,0.008564643938481697
0.0002130928960227059,3,7.151220224583317e-05,0.9280470209604403,6.175383380946252e-05,0.007858360758419183
0.0002130928960227059,4,0.00020709065969237887,0.8601817808035566,0.0006120472907277395,0.024739589542426516
0.0002130928960227059,5,0.00023366097181562397,0.6144441213726317,0.018635784273800377,0.13651294544401413
0.00022294248856312394,0,0.9969884742588884,1.0,1e-12,1e-06
0.00022294248856312394,1,0.002015908273023902,0.9986485004405994,4.649831524614482e-06,0.0021563468006363176
0.00022294248856312394,2,0.00046135203756057677,0.9786995719838806,7.214703880397764e-05,0.008493941299772306
0.00022294248856312394,3,7.296032880718232e-05,0.9281547077179336,5.928042864328097e-05,0.007699378458244598
0.00022294248856312394,4,0.00021840385624934174,0.8602430299202892,0.0006053858043672,0.024604589091614597
0.00022294248856312394,5,0.00024290124547073904,0.6168148206854436,0.018083550570268933,0.13447509275054967
0.00023324734955698645,0,0.9969083756314722,1.0,1e-12,1e-06
0.00023324734955698645,1,0.0020615701868192155,0.9986399798132548,4.678516531636848e-06,0.0021629878713568525
0.00023324734955698645,2,0.00047627819217381414,0.9786075084122487,7.336087105463923e-05,0.008565096091383869
0.00023324734955698645,3,7.768469776642046e-05,0.928118863209512,6.132842726981895e-05,0.007831246852821008
0.00023324734955698645,4,0.00022204201759815648,0.8601362866214457,0.0005960676780988415,0.024414497293592623
0.00023324734955698645,5,0.0002540492741702938,0.6159720068857435,0.01855960875034078,0.13623365498415133
0.00024402852244988254,0,0.9968291567349583,1.0,1e-12,1e-06
0.00024402852244988254,1,0.002105636119741543,0.9986312640820644,4.708545878521694e-06,0.0021699184036552376
0.00024402852244988254,2,0.0004912629302167499,0.9785022233754915,7.477023005597308e-05,0.00864697808809373
0.00024402852244988254,3,8.296411511823741e-05,0.9280728808946038,6.378277091686423e-05,0.007986411642087092
0.00024402852244988254,4,0.00022515761555904698,0.8600176213182412,0.0005867040299556572,0.02422197411351224
0.00024402852244988254,5,0.0002658224844061414,0.614901802747032,0.019123625727773506,0.1382881980784098
0.0002553080233587983,0,0.9967475840802766,1.0,1e-12,1e-06
0.0002553080233587983,1,0.0021506388670209896,0.9986224925728882,4.738767970621429e-06,0.0021768711424017336
0.0002553080233587983,2,0.0005067179206188948,0.9783964316081488,7.620666470084926e-05,0.008729642873614548
0.0002553080233587983,3,8.860210952650132e-05,0.9280268714458829,6.633533659577897e-05,0.008144650796429455
0.0002553080233587983,4,0.00022831638965159804,0.8598988717341909,0.0005774874756908537,0.024030969095957276
0.0002553080233587983,5,0.00027814063290572774,0.613830485944084,0.019704782891462914,0.14037372578749527
0.00026710888603099055,0,0.9966635733019189,1.0,1e-12,1e-06
0.00026710888603099055,1,0.0021965980481388563,0.9986136649297548,4.769184045083127e-06,0.0021838461587490835
0.00026710888603099055,2,0.0005226578385003757,0.9782901307841995,7.767069514805836e-05,0.008813097931377953
0.00026710888603099055,3,9.462301315055273e-05,0.9279808348502567,6.899005512022738e-05,0.008306025229929619
0.00026710888603099055,4,0.0002315189108056688,0.8597800378372642,0.0005684157046015178,0.023841470269291655
0.00026710888603099055,5,0.00029102888748592365,0.6127580657104381,0.020303601122865958,0.14249070539114458
0.0002794552088809549,0,0.9965770363781454,1.0,1e-12,1e-06
0.0002794552088809549,1,0.002243533674667658,0.9986047807944342,4.799795346994531e-06,0.0021908435240780046
0.0002794552088809549,2,0.0005390978109332809,0.9781833185680584,7.916285154932618e-05,0.008897350816356866
0.0002794552088809549,3,0.00010105280682834396,0.9279347710946301,7.175101461375351e-05,0.008470597063593186
0.0002794552088809549,4,0.00023476575594475762,0.8596611195954673,0.0005594864422836462,0.023653465756282868
0.0002794552088809549,5,0.00030451357348020046,0.6116845513212493,0.020920617132759375,0.1446396112161512
0.00029237220420153784,0,0.9964878814468128,1.0,1e-12,1e-06
0.00029237220420153784,1,0.0022914661568042526,0.9985958398064225,4.83060312943507e-06,0.002197863309997933
0.00029237220420153784,2,0.0005560534303927525,0.9780759926145494,8.068367424129204e-05,0.008982409155749478
0.00029237220420153784,3,0.00010791923151145768,0.9278886801659055,7.462246680527238e-05,0.008638429649263365
0.00029237220420153784,4,0.00023805750794778075,0.8595421169768428,0.0005506974500619312,0.02346694377335769
0.00029237220420153784,5,0.00031862222653083387,0.6106099520930024,0.0215563839422849,0.14682092474264322
0.00030588624964968927,0,0.9963960126109703,1.0,1e-12,1e-06
0.00030588624964968927,1,0.002340416309911221,0.998586841602929,4.861608653527143e-06,0.0022049055883477512
0.00030588624964968927,2,0.000573540768569564,0.9779681505688761,8.223371394117455e-05,0.009068280649669734
0.00030588624964968927,3,0.00011525190720023888,0.9278425620509828,7.760883357650228e-05,0.008809587594008149
0.00030588624964968927,4,0.00024139475560234146,0.8594230299494704,0.0005420465244284934,0.02328189262986352
0.00030588624964968927,5,0.00033338364774637366,0.6095342773832257,0.022211471378612676,0.14903513471196206
0.00032002494211198985,0,0.9963013297336375,1.0,1e-12,1e-06
0.00032002494211198985,1,0.00239040536105697,0.998577785818861,4.892813188487719e-06,0.00221197043119652
0.00032002494211198985,2,0.0005915763905504394,0.9778597900665943,8.381353194619492e-05,0.009154973071844336
0.00032002494211198985,3,0.00012308245988004862,0.9277964167367592,8.071471377142518e-05,0.008984136784990819
0.00032002494211198985,4,0.00024477809354882956,0.8593038584814657,0.0005335314964904368,0.023098300727335697
0.00032002494211198985,5,0.00034882796132610326,0.6084575365901992,0.022886466585667814,0.1512827372361692
0.0003348171540599565,0,0.9962037282211195,1.0,1e-12,1e-06
0.0003348171540599565,1,0.0024414549555438598,0.9985686720868094,4.92421801168034e-06,0.002219057910844226
0.0003348171540599565,2,0.0006101773693720982,0.9777509087335835,8.542370033683415e-05,0.009242494270316544
0.0003348171540599565,3,0.00013144465699264584,0.9277502442101294,8.394489027825802e-05,0.009162144414833135
0.0003348171540599565,4,0.0002482081222146243,0.8591846025409825,0.0005251502314260783,0.02291615655877046
0.0003348171540599565,5,0.0003649866747571593,0.6073797391526612,0.023581974550377815,0.1535642359092045
0.0003502930925102067,0,0.996103098794189,1.0,1e-12,1e-06
0.0003502930925102067,1,0.002493587163412709,0.9985595000370342,4.9558244086673735e-06,0.002226168099822512
0.0003502930925102067,2,0.0006293613009547281,0.9776415041860195,8.706480218399301e-05,0.009330852168156616
0.0003502930925102067,3,0.00014037455201181155,0.9277040444579856,8.730433739484433e-05,0.00934367900748117
0.0003502930925102067,4,0.00025168544773763036,0.8590652620962106,0.0005169006279497252,0.022735448707903814
0.0003502930925102067,5,0.000381892741693993,0.6063008945495099,0.024298618644912142,0.1558801419197203
0.00036648436070987894,0,0.9959993272464269,1.0,1e-12,1e-06
0.00036648436070987894,1,0.0025468244859109023,0.99855026929745,4.987633673262651e-06,0.002233301070895425
0.00036648436070987894,2,0.0006491463194202372,0.9775315740303461,8.873743176013272e-05,0.009420054764179066
0.00036648436070987894,3,0.0001499106387297032,0.9276578174672174,9.079822848880366e-05,0.009528810444583504
0.00036648436070987894,4,0.0002552106818783221,0.8589458371153775,0.0005087806177848565,0.02255616584849598
0.00036648436070987894,5,0.000399580627634009,0.6052210122995036,0.02503704118540036,0.15823097416561765
0.0003834240226732851,0,0.9958922941889632,1.0,1e-12,1e-06
0.0003834240226732851,1,0.002601189861909936,0.9985409794936121,5.019647107584428e-06,0.002240456897060157
0.0003834240226732851,2,0.000669551112800226,0.9774211158632469,9.044219475447112e-05,0.009510110133666755
0.0003834240226732851,3,0.00016009401590016053,0.9276115632247123,9.443194396423933e-05,0.009717609992392127
0.0003834240226732851,4,0.00025878444191939715,0.8588263275667477,0.0005007881651455776,0.022378296743621434
0.0003834240226732851,5,0.0004180863785074265,0.6041401019609575,0.025797904007629244,0.1606172593703094
0.0004011466707015768,0,0.9957818747808213,1.0,1e-12,1e-06
0.0004011466707015768,1,0.002656706674257202,0.9985316302486997,5.051866022108684e-06,0.0022476356515477957
0.0004011466707015768,2,0.0006905949391381871,0.9773101272716179,9.217970849231447e-05,0.009601026429101968
0.0004011466707015768,3,0.00017096856292744307,0.9275652817173546,9.82110795472714e-05,0.009910150329196394
0.0004011466707015768,4,0.000262407350552103,0.858706733418623,0.0004929212662262303,0.02220183024496472
0.0004011466707015768,5,0.0004374476923037444,0.6030581731314356,0.02658188906023524,0.16303953220073725
0.00041968849602331247,0,0.9956679384440219,1.0,1e-12,1e-06
0.00041968849602331247,1,0.002713398756044944,0.9985222211835031,5.084291735722771e-06,0.0022548374078240696
0.00041968849602331247,2,0.0007122976429898542,0.9771986058325397,9.395060215860169e-05,0.00969281188090441
0.00041968849602331247,3,0.00018258112733381105,0.9275189729320266,0.00010214145490315387,0.01010650557330049
0.00041968849602331247,4,0.0002660800357481916,0.8585870546393427,0.000485177948699004,0.022026755292121534
0.00041968849602331247,5,0.0004577039938615747,0.6019752354474422,0.027389699015923596,0.16549833538716816
0.0004390873627001726,0,0.9955503485625402,1.0,1e-12,1e-06
0.0004390873627001726,1,0.0027712903967781377,0.9985127519164073,5.1169255757794e-06,0.0022620622395901047
0.0004390873627001726,2,0.0007346796723250368,0.9770865491132493,9.57555170257429e-05,0.00978547479817627
0.0004390873627001726,3,0.00019498172478710647,0.9274726368556077,0.0001062291225982441,0.010306751311555165
0.0004390873627001726,4,0.0002698031306164192,0.8584672911972836,0.0004775562712194609,0.021853060911905704
0.0004390873627001726,5,0.00047889651295307637,0.6008912985841081,0.028222057901262174,0.16799421984479757
0.0004593828849487534,0,0.9954289621641839,1.0,1e-12,1e-06
0.0004593828849487534,1,0.0028304063484210855,0.9985032220633783,5.149768878150988e-06,0.002269310220783176
0.0004593828849487534,2,0.0007577620958335982,0.976973954671112,9.759510668583679e-05,0.009879023569454463
0.0004593828849487534,3,0.00020822375252025014,0.9274262734749751,0.00011048037742063074,0.010510964628454933
0.0004593828849487534,4,0.0002735772732424071,0.8583474430608601,0.00047005432293980865,0.02168073621766126
0.0004593828849487534,5,0.0005010683657987836,0.5998063722548748,0.029079711745614294,0.17052774479718627
0.0004806165080363332,0,0.9953036295843696,1.0,1e-12,1e-06
0.0004806165080363332,1,0.0028907718313008024,0.9984936312379462,5.182822987284302e-06,0.00227658142557746
0.0004806165080363332,2,0.0007815666206373846,0.9768608200535954,9.947003728734728e-05,0.009973466663469993
0.0004806165080363332,3,0.0002223642170284463,0.9273798827770033,0.00011490176607376755,0.010719224135811676
0.0004806165080363332,4,0.0002774031065105956,0.8582275101985244,0.00046267022302982864,0.02150977040858011
0.0004806165080363332,5,0.0005242646401531763,0.5987204662111758,0.029963429249792575,0.17309947790155975
0.000502831592915803,0,0.9951741941107479,1.0,1e-12,1e-06
0.000502831592915803,1,0.0029524125398431808,0.9984839790511916,5.216089256255543e-06,0.0022838759283848025
0.000502831592915803,2,0.0008061156104090751,0.9767471427982398,0.00010138098777632812,0.010068812629914617
0.000502831592915803,3,0.00023746397698715373,0.9273334647485648,0.00011950009725804414,0.010931610003016214
0.000502831592915803,4,0.000281281277906941,0.8581074925787662,0.00045540212020533434,0.02134015276902521
0.000502831592915803,5,0.0005485324841059827,0.5976335902421143,0.0308740024750324,0.1757099953759956
0.0005260735047726026,0,0.995040491607542,1.0,1e-12,1e-06
0.0005260735047726026,1,0.003015354648115848,0.998474265111729,5.249569046825742e-06,0.0022911938038554795
0.0005260735047726026,2,0.0008314321038978761,0.9766329204326316,0.00010332865014228138,0.010165070100214823
0.0005260735047726026,3,0.0002535880023946236,0.927287019376529,0.0001242824521558178,0.011148203987899476
0.0005260735047726026,4,0.0002852124393008857,0.8579873901701137,0.0004482481922640242,0.021171872667858745
0.0005260735047726026,5,0.000573921198748839,0.5965457541741376,0.03181224755290336,0.17835988212853068
0.0005503897056644789,0,0.9949023501184159,1.0,1e-12,1e-06
0.0005503897056644789,1,0.0030796248151492575,0.9984644890256924,5.283263729496423e-06,0.0022985351268789483
0.0005503897056644789,2,0.0008575398338608695,0.9765181504743762,0.00010531372966873953,0.010262247788313217
0.0005503897056644789,3,0.00027080565100730806,0.9272405466477628,0.00012925619533605393,0.01136908946820518
0.0005503897056644789,4,0.0002891972467050608,0.8578672029411325,0.0004412066456286389,0.021004919557775958
0.0005503897056644789,5,0.000600482334861594,0.5954569678707099,0.032779005416794266,0.18104973188821424
0.0005758298514432386,0,0.9947595894466044,1.0,1e-12,1e-06
0.0005758298514432386,1,0.0031452501900049233,0.9984546503967191,5.317174683565794e-06,0.0023058999725846293
0.0005758298514432386,2,0.0008844632463975363,0.9764028304310693,0.00010733694518866046,0.01036035449145735
0.0005758298514432386,3,0.0002891909632048178,0.9271940465491311,0.0001344289860953634,0.011594351473685944
0.0005758298514432386,4,0.0002932363600110174,0.8577469308604266,0.00043427571489728636,0.020839282974643977
0.0005758298514432386,5,0.0006282697937771203,0.5943672412319808,0.03377514255562765,0.18378014733813783
0.0006024458931564313,0,0.9946120207109782,1.0,1e-12,1e-06
0.0006024458931564313,1,0.0032122584165571776,0.9984447488259344,5.351303297185175e-06,0.0023132884163426693
0.0006024458931564313,2,0.0009122275206835756,0.9762869578002713,0.00010939902934473114,0.010459399090996153
0.0006024458931564313,3,0.00030882297649368034,0.9271475190674962,0.00013980879025290906,0.011824076718835558
0.0006024458931564313,4,0.00029733044269921073,0.8576265738966385,0.00042745366240083476,0.020674952536845998
0.0006024458931564313,5,0.0006573399325881424,0.5932765841944514,0.03480155179047938,0.1865517402504715
0.0006302921831360214,0,0.9944594458766283,1.0,1e-12,1e-06
0.0006302921831360214,1,0.003280677637951671,0.9984347839119352,5.385650967415782e-06,0.002320700533764704
0.0006302921831360214,2,0.000940858589098537,0.9761705300694778,0.00011150072885466926,0.010559390553183895
0.0006302921831360214,3,0.00032978606093598265,0.9271009641897174,0.0001454038924173368,0.012058353636269621
0.0006302921831360214,4,0.0003014801615212933,0.8575061320184483,0.0004207387777672596,0.020511917944630618
0.0006302921831360214,5,0.0006877516738640235,0.5921850067306372,0.035859153074799206,0.18936513162353624
0.0006594255859907035,0,0.9943016572584862,1.0,1e-12,1e-06
0.0006594255859907035,1,0.0033505365007007247,0.9984247552507755,5.4202191002860215e-06,0.002328136400704654
0.0006594255859907035,2,0.0009703831577400216,0.9760535447160944,0.00011364280478162434,0.010660337929991916
0.0006594255859907035,3,0.00035217027687044976,0.9270543819026523,0.00015122290874462822,0.01229727241076769
0.0006594255859907035,4,0.00030568618615265465,0.8573856051945752,0.000414129377492828,0.02035016897946619
0.0006594255859907035,5,0.000719566620049884,0.5910925188487286,0.03694889431894987,0.1922209518209445
0.0006899055947285018,0,0.9941384369963953,1.0,1e-12,1e-06
0.0006899055947285018,1,0.003421864158372151,0.9984146624359493,5.4550091108489046e-06,0.002335596093259471
0.0006899055947285018,2,0.0010008287273152443,0.9759359992074079,0.00011582603280977169,0.010762250359928062
0.0006899055947285018,3,0.00037607175637973024,0.9270077721931557,0.00015727480020651406,0.01254092501398976
0.0006899055947285018,4,0.0003099491888129807,0.8572649933937766,0.00040762380452002907,0.020189695503400468
0.0006899055947285018,5,0.0007528491727246336,0.5899991305922484,0.038071752239803025,0.19511984071283736
0.0007217944522468036,0,0.9939695564999772,1.0,1e-12,1e-06
0.0007217944522468036,1,0.0034946902748244388,0.9984045050583754,5.490022423240112e-06,0.002343079687769947
0.0007217944522468036,2,0.0010322236143985696,0.9758178910005607,0.00011805120352520178,0.010865137068863962
0.0007217944522468036,3,0.00040159311004893275,0.9269611350480798,0.00016356888638989077,0.012789405239880812
0.0007217944522468036,4,0.00031426984385246007,0.8571442965848484,0.00040122042782212493,0.020030487458425093
0.0007217944522468036,5,0.000787666656898589,0.5889048520397051,0.03922873323615442,0.19806244781925325
0.000755157278437911,0,0.9937947758615284,1.0,1e-12,1e-06
0.000755157278437911,1,0.0035690450269371455,0.9983942827063801,5.525260470736202e-06,0.0023505872608214746
0.000755157278437911,2,0.001064596973041209,0.9756992175425225,0.00012031912270220561,0.010969007370870238
0.000755157278437911,3,0.00042884386065696224,0.9269144704542744,0.00017011485984848106,0.0130428087407767
0.000755157278437911,4,0.0003186488273010705,0.8570235147366252,0.00039491764199423555,0.01987253486584526
0.000755157278437911,5,0.0008240894505351056,0.5878096933042464,0.04042087429074234,0.20104943245565837
0.0007900622031696669,0,0.9936138432350962,1.0,1e-12,1e-06
0.0007900622031696669,1,0.003644959106780909,0.9983839949656828,5.560724695813285e-06,0.002358118889244833
0.0007900622031696669,2,0.0010979788167165792,0.975579976270064,0.0001226306115950601,0.011073870669059672
0.0007900622031696669,3,0.00045794090554423156,0.9268677783985872,0.0001769228010288447,0.013301233064225463
0.0007900622031696669,4,0.0003230868163782221,0.856902647817981,0.00038871386685084165,0.01971582782565423
0.0007900622031696669,5,0.0008621911194841906,0.5867136645333063,0.0416492438996779,0.20408146388067167
0.0008265805054127272,0,0.993426494179764,1.0,1e-12,1e-06
0.0008265805054127272,1,0.0037224637231668615,0.9983736414193777,5.596416550206122e-06,0.0023656746501169853
0.0008265805054127272,2,0.001132400040581889,0.9754601646097297,0.00012498650723541922,0.011179736456438463
0.0008265805054127272,3,0.0004890090095080958,0.926821058867863,0.00018400319379372385,0.013564777690538236
0.0008265805054127272,4,0.00032758448895980734,0.8567816957978279,0.00038260754702961364,0.019560356515912834
0.0008265805054127272,5,0.000902048558019208,0.5856167759082519,0.042914943030120146,0.20715922144601756
0.0008647867587985768,0,0.9932324509650955,1.0,1e-12,1e-06
0.0008647867587985768,1,0.00380159060251007,0.9983632216479195,5.632337494967513e-06,0.0023732546207618586
0.0008647867587985768,2,0.0011678924440331987,0.9753397799778114,0.00012738766273541735,0.011286614316765562
0.0008647867587985768,3,0.0005221813301910949,0.9267743118489444,0.00019136694156662512,0.013833544071084065
0.0008647867587985768,4,0.00033214252299951995,0.8566606586451175,0.00037659715160146576,0.01940611119213393
0.0008647867587985768,5,0.0009437421351705008,0.5845190376440268,0.044219106107054686,0.21028339474874064
0.0009047589839055421,0,0.9930314218365363,1.0,1e-12,1e-06
0.0009047589839055421,1,0.0038823719889360814,0.9983527352291051,5.66848900052812e-06,0.0023808588787511365
0.0009047589839055421,2,0.001204488753527634,0.9752188197803211,0.00012983494759659795,0.011394513925420336
0.0009047589839055421,3,0.0005575999780470553,0.9267275373286715,0.00019902538412250843,0.01410763566734371
0.0009047589839055421,4,0.0003367615959010622,0.8565395363288405,0.0003706811736867283,0.019253082186671523
0.0009047589839055421,5,0.0009873558470519408,0.5834204599887913,0.04556290203005982,0.21345468378571555
0.0009465788075837687,0,0.9928231002384915,1.0,1e-12,1e-06
0.0009465788075837687,1,0.003964840643553824,0.9983421817380578,5.704872546756649e-06,0.0023884875019050547
0.0009465788075837687,2,0.0012422226456423816,0.975097281412965,0.00013232924802477402,0.011503445050278375
0.0009465788075837687,3,0.0005954166130965188,0.9266807352938822,0.00020699031505042476,0.014387157990736905
0.0009465788075837687,4,0.0003414423838376299,0.8564183288180265,0.00036485813007735814,0.019101259908114912
0.0009465788075837687,5,0.0010329774753780351,0.5823210532235603,0.04694753522097156,0.21667379911048673
0.0009903316296445343,0,0.9926071639926515,1.0,1e-12,1e-06
0.0009903316296445343,1,0.0040490298428115905,0.9983315607472107,5.741489623020437e-06,0.002396140568293195
0.0009903316296445343,2,0.0012811287703358035,0.9749751622611161,0.0001348714672509407,0.01161341755259582
0.0009903316296445343,3,0.0006357930808160631,0.9266339057314117,0.00021527399991501156,0.01467221864323905
0.0009903316296445343,4,0.0003461855610147954,0.8562970360817446,0.00035912656086508173,0.018950634840687573
0.0009903316296445343,5,0.001080698752370126,0.5812208276618384,0.04837424670338695,0.21994146199247414
0.0010361067972542864,0,0.9921340407744725,1.0,1e-12,1e-06
0.0010361067972542864,1,0.004304137525183963,0.9983353210700072,5.7009903351754446e-06,0.0023876746711341233
0.0010361067972542864,2,0.0013589058781116146,0.9749331096468723,0.00013485108535129896,0.011612540004292729
0.0010361067972542864,3,0.0006735574147159334,0.9267804609339446,0.0002165642171608353,0.014716120995725583
0.0010361067972542864,4,0.0003730692559216566,0.856393076391474,0.0003660038104718326,0.019131226057726478
0.0010361067972542864,5,0.0011562891515942825,0.5796917407842301,0.04868743335618343,0.2206522906207489
0.0010839977873895225,0,0.9915562891009436,1.0,1e-12,1e-06
0.0010839977873895225,1,0.00462567218015313,0.998343000069856,5.639919324337358e-06,0.0023748514320557734
0.0010839977873895225,2,0.0014524908196573809,0.9749130705672704,0.00013412422645057352,0.011581201425179235
0.0010839977873895225,3,0.0007119954554205952,0.9269795434561366,0.00021588620534501314,0.01469306657389849
0.0010839977873895225,4,0.00040879945629517965,0.8565485340131668,0.00037658552374497515,0.01940581159717303
0.0010839977873895225,5,0.0012447529875298415,0.5780437406540946,0.04868846396380837,0.22065462597418703
0.0011341023977251192,0,0.9909360804174238,1.0,1e-12,1e-06
0.0011341023977251192,1,0.0049710119653244384,0.9983506437057569,5.579502527617415e-06,0.0023620970614302485
0.0011341023977251192,2,0.0015524537134543848,0.9748930158804913,0.00013340128538158168,0.011549947418996403
0.0011341023977251192,3,0.0007525945470640554,0.9271781272095971,0.00021521031622530548,0.014670048269358403
0.0011341023977251192,4,0.0004479323240909599,0.8567038515071322,0.0003874731700510297,0.01968433819184759
0.0011341023977251192,5,0.001339927032642584,0.5763940006704709,0.04868949459324902,0.22065696135234217
0.0011865229463459096,0,0.9902703232555039,1.0,1e-12,1e-06
0.0011865229463459096,1,0.005341886057715249,0.9983582521400323,5.519732936844232e-06,0.00234941118939283
0.0011865229463459096,2,0.0016592192565275754,0.9748729455750389,0.00013268224102687556,0.011518777757508631
0.0011865229463459096,3,0.0007954717621054326,0.9273762132128085,0.0002145365431560486,0.01464706602552363
0.0011865229463459096,4,0.0004907884707603759,0.856859028938721,0.0003986755943679509,0.019966862406696522
0.0011865229463459096,5,0.0014423111973872517,0.5747425558325531,0.04869052524450588,0.22065929675521465
0.0012413664806893456,0,0.9895557077533624,1.0,1e-12,1e-06
0.0012413664806893456,1,0.005740144079451457,0.998365825534264,5.460603618920376e-06,0.002336793448065185
0.0012413664806893456,2,0.0017732389395814364,0.9748528596394104,0.00013196707238283107,0.0114876922130962
0.0012413664806893456,3,0.0008407499093204192,0.9275738024834381,0.00021386487951238406,0.0146241197859011
0.0012413664806893456,4,0.000537718108104786,0.8570140663733898,0.00041020189739513174,0.02025344161852824
0.0012413664806893456,5,0.00155244121017948,0.5730894412898998,0.048691555917579385,0.22066163218280468
0.0012987449961459094,0,0.9887886914425934,1.0,1e-12,1e-06
0.0012987449961459094,1,0.006167763681737062,0.9983733640492978,5.402107715018204e-06,0.0023242434715447097
0.0012987449961459094,2,0.001894992513794769,0.9748327580620952,0.00013125575855903586,0.011456690558753686
0.0012987449961459094,3,0.0008885577301786495,0.9277708960383316,0.00021319531869019533,0.014601209494086281
0.0012987449961459094,4,0.0005891036730441544,0.8571689638767004,0.0004220614429466889,0.020544134027665632
0.0012987449961459094,5,0.0016708909586518601,0.5714346923395637,0.04869258661247,0.22066396763511256
0.001358775664763697,0,0.9879654843161095,1.0,1e-12,1e-06
0.001358775664763697,1,0.006626858477904252,0.9983808678452452,5.344238439784248e-06,0.0023117608958939176
0.001358775664763697,2,0.0020249895031994383,0.9748126408315755,0.00013054827877767854,0.011425772568088275
0.001358775664763697,3,0.0009390300891914695,0.9279674948935052,0.0002125278541060408,0.014578335093762964
0.001358775664763697,4,0.0006453626658561391,0.8573237215143203,0.0004342638655585008,0.0208389986697658
0.001358775664763697,5,0.001798274947739048,0.5697783444231912,0.04869361732917823,0.22066630311213858
0.001421581074524199,0,0.9870820331766059,1.0,1e-12,1e-06
0.001421581074524199,1,0.00711968631963252,0.9983883370814879,5.286989080552086e-06,0.0022993453591298734
0.001421581074524199,2,0.0021637707580419246,0.9747925079363262,0.00012984461237294196,0.011394938015318115
0.001421581074524199,3,0.000992308155744315,0.928163600064139,0.0002118624791970904,0.014555496528703183
0.001421581074524199,4,0.0007069507157507401,0.8574783393520218,0.0004468190783151726,0.021138095427809304
0.001421581074524199,5,0.0019352508742245277,0.5681204331240978,0.048694648067704474,0.22066863861388294
0.0014872894796778887,0,0.9861340052727867,1.0,1e-12,1e-06
0.0014872894796778887,1,0.007648657905550247,0.9983957719166809,5.230352996563818e-06,0.0022869965012137245
0.0014872894796778887,2,0.0023119100432001296,0.9747723593648142,0.0001291447387903993,0.011364186675270664
0.0014872894796778887,3,0.0010485395745445554,0.9283592125645708,0.0002111991874210607,0.014532693742767056
0.0014872894796778887,4,0.0007743648878776202,0.8576328174556819,0.0004597372809032976,0.021441485044261688
0.0014872894796778887,5,0.002082522316040675,0.5664609941643153,0.04869567882804924,0.22067097414034598
0.00155603506265085,0,0.9851167712398302,1.0,1e-12,1e-06
0.00155603506265085,1,0.008216345705638905,0.9984031725087553,5.174323618199613e-06,0.0022747139640402294
0.00155603506265085,2,0.0024700156541947555,0.9747521951054997,0.00012844863758641455,0.011333518323381074
0.00155603506265085,3,0.0011078786213886747,0.9285543334082879,0.00021053797225615035,0.014509926679902637
0.00155603506265085,4,0.0008481472459453186,0.8577871558912816,0.000473028967897543,0.021749229133409372
0.00155603506265085,5,0.002240841533002451,0.5648000634016141,0.048696709610212954,0.22067330969152785
0.0016279582080572614,0,0.9840253873716629,1.0,1e-12,1e-06
0.0016279582080572614,1,0.008825493178027343,0.9984105390149222,5.1188944462157315e-06,0.002262497391427387
0.0016279582080572614,2,0.002638732051570788,0.9747320151468349,0.00012775628842754384,0.011302932735690496
0.0016279582080572614,3,0.001170486340478858,0.9287489636079215,0.00020987882720097765,0.014487195284145847
0.0016279582080572614,4,0.0009288886845248643,0.8579413547249062,0.00048670493728630317,0.022061390193872713
0.0016279582080572614,5,0.002411012373735302,0.5631376768264997,0.048697740414196125,0.22067564526742892
0.0017032057893773096,0,0.982854577265784,1.0,1e-12,1e-06
0.0017032057893773096,1,0.009479024246756822,0.9984178715916748,5.064059050990615e-06,0.0022503464291061086
0.0017032057893773096,2,0.00281874150240537,0.9747118194772652,0.0001270676710899427,0.01127242968884449
0.0017032057893773096,3,0.0012365306589956404,0.9289431041752394,0.00020922174577451261,0.014464499499620186
0.0017032057893773096,4,0.001017233044769563,0.8580954140227443,0.0005007762992438385,0.022378031621298564
0.0017032057893773096,5,0.0025938932812885618,0.5614738705591844,0.048698771239999154,0.22067798086804935
0.0017819314688859312,0,0.9815987128968529,1.0,1e-12,1e-06
0.0017819314688859312,1,0.010180052999774756,0.9984251703947937,5.009811071779071e-06,0.002238260724709941
0.0017819314688859312,2,0.0030107657153978615,0.9746916080852278,0.0001263827654587748,0.011242008960091377
0.0017819314688859312,3,0.0013061864740573396,0.9291367561211394,0.00020856672151601846,0.014441839270536785
0.0017819314688859312,4,0.0011138815266554271,0.8582493338510876,0.0005152544851560356,0.022699217721235145
0.0017819314688859312,5,0.0027904003872617797,0.5598086808465346,0.04869980208762256,0.2206803164933895
0.0018642960114448933,0,0.9802517951933825,1.0,1e-12,1e-06
0.0018642960114448933,1,0.01093189355562407,0.9984324355793477,4.9561442159744435e-06,0.00222623992776485
0.0018642960114448933,2,0.0032155674533891334,0.974671380959153,0.00012570155152762433,0.011211670327280602
0.0018642960114448933,3,0.0013796357065668126,0.9293299204556433,0.00020791374798498395,0.01441921454119412
0.0018642960114448933,4,0.0012195974098724632,0.8584031142763309,0.0005301512569071081,0.023025013722191526
0.0018642960114448933,5,0.003001510681164906,0.5581421440589945,0.04870083295706676,0.22068265214344956
0.0019504676127989908,0,0.9788074342129116,1.0,1e-12,1e-06
0.0019504676127989908,1,0.011738070034875021,0.9984396672996982,4.903052258378688e-06,0.002214283689679055
0.0019504676127989908,2,0.0034339521042137796,0.9746511380874635,0.00012502400939791268,0.01118141356886117
0.0019504676127989908,3,0.0014570673157597504,0.929522598187889,0.00020726281876106198,0.014396625255977943
0.0019504676127989908,4,0.0013352110941065392,0.8585567553649713,0.0005454787164347971,0.02335548578888474
0.0019504676127989908,5,0.0032282652381331557,0.5564742966874866,0.048701863848332236,0.2206849878182298
0.002040622243046753,0,0.9772588290353185,1.0,1e-12,1e-06
0.002040622243046753,1,0.012602326558134008,0.9984468657095034,4.850529040480269e-06,0.002202391663732922
0.002040622243046753,2,0.0036667691874846314,0.9746308794585745,0.00012435011927831462,0.011151238463879902
0.002040622243046753,3,0.0015386772675262549,0.9297147903261248,0.00020661392744400603,0.014374071359361133
0.002040622243046753,4,0.0014616254675665385,0.8587102571836087,0.0005612493155618215,0.023690701035676876
0.002040622243046753,5,0.0034717724839701913,0.5548051753402895,0.04870289476141947,0.22068732351773057
0.0021349440059870942,0,0.9755987475218207,1.0,1e-12,1e-06
0.0021349440059870942,1,0.013528637176291932,0.9984540309617191,4.79856846973979e-06,0.0021905635050689103
0.0021349440059870942,2,0.003914913771219649,0.9746106050608936,0.00012367986148418357,0.011121144791979986
0.0021349440059870942,3,0.0016246684487793619,0.9299064978777036,0.0002059670676536072,0.014351552795903557
0.0021349440059870942,4,0.001599821610143532,0.858863619798944,0.000577475866111573,0.024030727540205125
0.0021349440059870942,5,0.003733211471744817,0.5531348167398925,0.048703925696328906,0.22068965924195202
0.002233625515075692,0,0.9738195061190015,1.0,1e-12,1e-06
0.002233625515075692,1,0.014521215620379748,0.9984611632086039,4.747164518883274e-06,0.0021787988706815677
0.002233625515075692,2,0.004179327768125311,0.9745903148828216,0.00012301321643697386,0.01109113233339923
0.002233625515075692,3,0.0017152505192931048,0.9300977218490749,0.00020532223302963164,0.014329069510251936
0.002233625515075692,4,0.001750864834439149,0.8590168432777799,0.0005941715503162658,0.024375634357207316
0.002233625515075692,5,0.0040138351387612025,0.5514632577198308,0.04870495665306098,0.22069199499089445
0.0023368682867588586,0,0.9719129499232401,1.0,1e-12,1e-06
0.0023368682867588586,1,0.015584524737826587,0.9984682626017215,4.696311225203023e-06,0.002167097419407587
0.0023368682867588586,2,0.004461001076831267,0.974570008912751,0.00012235016466367014,0.01106120086896853
0.0023368682867588586,3,0.0018106396915333965,0.9302884632457799,0.00020467941723175745,0.014306621447139694
0.0023368682867588586,4,0.00191591106396034,0.8591699276870207,0.0006113499315260132,0.024725491532546186
0.0023368682867588586,5,0.004314973506608305,0.5497905352214969,0.048705987631616196,0.22069433076455813
0.0024448831519880915,0,0.9698704332615398,1.0,1e-12,1e-06
0.0024448831519880915,1,0.016723285458928865,0.9984753292919435,4.646002689865948e-06,0.0021554588119159102
0.0024448831519880915,2,0.004760972528418318,0.9745496871390674,0.00012169068679621832,0.011031350180110245
0.0024448831519880915,3,0.001911058428064522,0.9304787230724437,0.00020403861393951392,0.014284208551386875
0.0024448831519880915,4,0.002096213542927929,0.859322873093671,0.0006290249652275038,0.025080370117434546
0.0024448831519880915,5,0.004638036780120554,0.5481166862909341,0.04870701863199498,0.22069666656294332
0.002557890686755694,0,0.9676828010901699,1.0,1e-12,1e-06
0.002557890686755694,1,0.01794248511182664,0.9984823634294534,4.596233077229358e-06,0.0021438827106978957
0.002557890686755694,2,0.005080330593194149,0.9745293495501489,0.00012103476357095968,0.011001580048836607
0.002557890686755694,3,0.0020167350451431847,0.9306685023327707,0.00020339981685221713,0.01426183076789993
0.002557890686755694,4,0.0022931298662586578,0.859475679564836,0.0006472110103812549,0.02544034218286489
0.002557890686755694,5,0.004984518293407222,0.5464417480756086,0.04870804965419783,0.22069900238605028
0.0026761216625306406,0,0.9653403715630235,1.0,1e-12,1e-06
0.0026761216625306406,1,0.01924738487617498,0.9984893651637491,4.546996614163996e-06,0.00213236878005752
0.0026761216625306406,2,0.005420213796860032,0.9745089961343658,0.00012038237582806836,0.010971890257748132
0.0026761216625306406,3,0.0021279032101251486,0.930857802029537,0.00020276301968890956,0.014239488041671636
0.0026761216625306406,4,0.002508129311217567,0.8596283471677209,0.0006659228410866409,0.025805480834246063
0.0026761216625306406,5,0.005355997242598774,0.5447657578211621,0.048709080698225146,0.2207013382338792
0.002799817517514489,0,0.9628329201772402,1.0,1e-12,1e-06
0.002799817517514489,1,0.020643526134975703,0.9984963346436463,4.498287589384375e-06,0.002120916686101643
0.002799817517514489,2,0.00578181078900255,0.9744886268800813,0.00011973350451099155,0.010942280590032022
0.002799817517514489,3,0.002244801319325877,0.9310466231645851,0.0002021282161882978,0.014217180317780942
0.002799817517514489,4,0.0027428004438574743,0.8597808759696312,0.000685175658584173,0.026175860226249927
0.002799817517514489,5,0.005754141135598064,0.5430887528681474,0.04871011176407748,0.2207036741064305
0.0029292308496797407,0,0.9601496659645008,1.0,1e-12,1e-06
0.0029292308496797407,1,0.022136735450759032,0.9985032720172807,4.450100352786347e-06,0.0021095260967303408
0.0029292308496797407,2,0.006166360000284363,0.9744682417756507,0.00011908813066589292,0.010912750829460596
0.0029292308496797407,3,0.002367671742021074,0.9312349667388169,0.00020149540010869115,0.014194907541392835
0.0029292308496797407,4,0.0029988589635196686,0.859933266037971,0.0007049851036047784,0.02655155557787111
0.0029292308496797407,5,0.00618070787891505,0.5414107706487435,0.04871114285175525,0.22070601000370435
0.0030646259325974447,0,0.9572792602622823,1.0,1e-12,1e-06
0.0030646259325974447,1,0.023733127856620375,0.998510177432113,4.402429314791635e-06,0.0020981966816272573
0.0030646259325974447,2,0.0065751488178660365,0.9744478408094226,0.00011844623544109893,0.010883300760389696
0.0030646259325974447,3,0.0024967599153767174,0.9314228337521887,0.00020086456522793982,0.014172669657758196
0.0030646259325974447,4,0.003278155737220541,0.8600855174402445,0.0007253672690761304,0.026932643187703102
0.0030646259325974447,5,0.006637547410634247,0.5397318486834556,0.04871217396125888,0.22070834592570096
0.0032062792551073942,0,0.9546309622522842,1.0,1e-12,1e-06
0.0032062792551073942,1,0.02522350646398071,0.9985104666156798,4.385069393971708e-06,0.002094055728478043
0.0032062792551073942,2,0.006971319197249744,0.974459396592263,0.00011811926991795923,0.010868268947627272
0.0032062792551073942,3,0.002631431644502337,0.931494757200806,0.00020010092196083625,0.014145703303860018
0.0032062792551073942,4,0.0035149598723806983,0.8601685735254567,0.0007415763768136818,0.027231899985378945
0.0032062792551073942,5,0.007027820569602131,0.538381879576397,0.048684193727074145,0.22064494947103172
0.0033544800859330163,0,0.9528219342383001,1.0,1e-12,1e-06
0.0033544800859330163,1,0.026291158169202068,0.9984957040672404,4.4359115345462506e-06,0.0021061603772140076
0.0033544800859330163,2,0.007299322744324258,0.9745433460385062,0.00011850131565262848,0.01088583095829751
0.0033544800859330163,3,0.002770904143550867,0.9313040932062673,0.00019903573389431573,0.01410800247711616
0.0033544800859330163,4,0.0036086261199951,0.8600948075460001,0.000747211030510358,0.02733516106611333
0.0033544800859330163,5,0.007208054584627836,0.537780273968682,0.04859047820073106,0.2204324799133083
0.0035095310643939097,0,0.9509416258428125,1.0,1e-12,1e-06
0.0035095310643939097,1,0.027401848298271036,0.9984807954319392,4.487343157983189e-06,0.0021183349966384423
0.0035095310643939097,2,0.007642158610213135,0.974627026735951,0.00011888459707850653,0.010903421347380213
0.0035095310643939097,3,0.0029175398263658514,0.9311129377989129,0.00019797621609460788,0.014070402129811638
0.0035095310643939097,4,0.0037044973399075394,0.8600210089850716,0.0007528884974940714,0.027438813704205058
0.0035095310643939097,5,0.007392330082429977,0.5371785583223977,0.04849694307379905,0.22022021495266744
0.003671748818422352,0,0.948987445536536,1.0,1e-12,1e-06
0.003671748818422352,1,0.028557125753700122,0.9984657392685672,4.5393710989681215e-06,0.002130579991215566
0.003671748818422352,2,0.008000442791086991,0.9747104394977841,0.00011926911819232046,0.010921040160731964
0.003671748818422352,3,0.003071684320366513,0.9309212899308255,0.0001969223383774417,0.014032901994150807
0.003671748818422352,4,0.003802604718913795,0.8599471778349619,0.0007586091030692087,0.027542859384406853
0.003671748818422352,5,0.0075806968793966575,0.5365767343704483,0.048403587999015014,0.22000815439209295
0.003841464611145766,0,0.9469567306903335,1.0,1e-12,1e-06
0.003841464611145766,1,0.02975857902660421,0.9984505341217863,4.592002271430538e-06,0.0021428957677475913
0.003841464611145766,2,0.008374811880711644,0.974793585135041,0.00011965488300372537,0.010938687444283494
0.003841464611145766,3,0.0032336977760702088,0.9307291485530784,0.00019587407071922422,0.01399550180305173
0.003841464611145766,4,0.003902978310250183,0.8598733140879673,0.0007643731750118821,0.02764729959710138
0.003841464611145766,5,0.007773202316030392,0.5359748038469968,0.04831041262978429,0.21979629803475828
0.004019025017355594,0,0.9448467478361186,1.0,1e-12,1e-06
0.004019025017355594,1,0.031007835737814612,0.9984351785219912,4.64524366946259e-06,0.0021552827353882344
0.004019025017355594,2,0.00876592329401448,0.9748764644566105,0.00012004189553534424,0.010956363244039705
0.004019025017355594,3,0.0034039552674555375,0.9305365126157407,0.00019483138325618584,0.013958201290144294
0.004019025017355594,4,0.004005646887251039,0.85979941773639,0.0007701810435887185,0.02775213583832276
0.004019025017355594,5,0.007969890977346008,0.5353727684874444,0.04821741662017933,0.21958464568402622
0.004204792631243958,0,0.9426546931800731,1.0,1e-12,1e-06
0.004204792631243958,1,0.0323065620094148,0.9984196709851724,4.6991023682486335e-06,0.0021677413056563353
0.004204792631243958,2,0.009174455443284756,0.9749590782692377,0.00012043015982281206,0.010974067606079892
0.004204792631243958,3,0.0035828471816061174,0.9303433810678856,0.00019379424628352928,0.013921000189768308
0.004204792631243958,4,0.004110637788195063,0.8597254887725371,0.0007760330415757808,0.02785736960977796
0.004204792631243958,5,0.008170804397426342,0.5347706300284117,0.04812459962493862,0.2193731971434492
0.004399146806853323,0,0.9403776933924023,1.0,1e-12,1e-06
0.004399146806853323,1,0.03365646165172556,0.9984040100127759,4.7535855250053e-06,0.0021802718924494946
0.004399146806853323,2,0.00960110786119628,0.9750414273775283,0.00012081967991481588,0.010991800576557777
0.004399146806853323,3,0.003770779594735997,0.9301497528575957,0.00019276263025458352,0.013883898236971615
0.004399146806853323,4,0.004217976752122671,0.859651527188721,0.0007819295042776347,0.027963002418868305
0.004399146806853323,5,0.00837598074781708,0.5341683902077179,0.04803196129946519,0.21916195221676865
0.004602484432751323,0,0.9380128066990702,1.0,1e-12,1e-06
0.004602484432751323,1,0.0350592751500956,0.9983881940915639,4.808700379932722e-06,0.00219287491205785
0.004602484432751323,2,0.010046601264466085,0.9751235125839511,0.00012121045987313825,0.011009562201701677
0.004602484432751323,3,0.003968174631430478,0.9299556269319705,0.0001917365057799619,0.013846895167508198
0.004602484432751323,4,0.004327687745435338,0.8595775329772606,0.0007878707695465595,0.028069035778711022
0.004602484432751323,5,0.008585454509502106,0.5335660507643614,0.047939501299825375,0.21895091070791503
0.004815220742512612,0,0.9355570243021527,1.0,1e-12,1e-06
0.004815220742512612,1,0.03651677843521217,0.9983722216934708,4.864454257176603e-06,0.00220555078317789
0.004815220742512612,2,0.010511677551584596,0.9752053346888434,0.00012160250377269858,0.01102735252781458
0.004815220742512612,3,0.004175470803657544,0.9297610022371332,0.00019071584362672503,0.013809990717836309
0.004815220742512612,4,0.00443979277912204,0.8595035061304793,0.0007938571778019078,0.028175471208160968
0.004815220742512612,5,0.00879925612827094,0.5329636134384996,0.04784721928274763,0.21874007242100754
0.005037790162662902,0,0.9330072721565844,1.0,1e-12,1e-06
0.005037790162662902,1,0.03803078142005285,0.9983560912754623,4.920854565801539e-06,0.0022182999269263703
0.005037790162662902,2,0.010997099727677364,0.9752868944904125,0.00012199581570159684,0.011045171601274325
0.005037790162662902,3,0.004393123325816281,0.9295658777182367,0.00018970061471754816,0.013773184625116595
0.005037790162662902,4,0.0045543117164980286,0.8594294466407063,0.0007998890720496102,0.028282310231832374
0.005037790162662902,5,0.009017411653371207,0.5323610799714293,0.047755114905621183,0.21852943716035417
0.00527064719981663,0,0.9303604131321397,1.0,1e-12,1e-06
0.00527064719981663,1,0.03960312628606084,0.9983398012793882,4.97790880077564e-06,0.0022311227668543117
0.00527064719981663,2,0.011503651749188208,0.9753681927847413,0.00012239039976115536,0.011063019468533686
0.00527064719981663,3,0.004621604401791144,0.9293702523194713,0.00018869079012989157,0.01373647662721018
0.00527064719981663,4,0.004671262071387678,0.8593553545002766,0.0008059667979018282,0.02838955438012066
0.00527064719981663,5,0.00923994235943226,0.5317584521055662,0.047663187826494764,0.21831900473045118
0.005514267368820088,0,0.9276132495904595,1.0,1e-12,1e-06
0.005514267368820088,1,0.04123568550066074,0.9983233501318383,5.035624543966426e-06,0.0022440197289610503
0.005514267368820088,2,0.012032138280714134,0.9754492303657909,0.00012278626006596204,0.011080896176120505
0.005514267368820088,3,0.004861403479676697,0.9291741249840723,0.00018768634109517847,0.01369986646267687
0.005514267368820088,4,0.004790658796736456,0.8592812297015302,0.0008120907035967589,0.028497205189224415
0.005514267368820088,5,0.009466864351752143,0.5311557315844253,0.047571437704075355,0.21810877493598316
0.0057691481637951346,0,0.9247625264077838,1.0,1e-12,1e-06
0.0057691481637951346,1,0.042930359547852605,0.9983067362439942,5.094009465148489e-06,0.002256991241708414
0.0057691481637951346,2,0.012583384355978276,0.9755300080254042,0.00012318340074391235,0.011098801770637781
0.0057691481637951346,3,0.005113027469527676,0.9289774946543243,0.00018668723899797435,0.01366335387077325
0.0057691481637951346,4,0.004912514063697887,0.859207072236813,0.0008182611400185862,0.02860526420116735
0.0057691481637951346,5,0.009698188155159737,0.5305529201526007,0.04747986419772692,0.2178987475818228
0.006035810074066545,0,0.9218049344747618,1.0,1e-12,1e-06
0.006035810074066545,1,0.044689074353347874,0.9982899580114803,5.153071323022659e-06,0.002270037736034945
0.006035810074066545,2,0.013158234934605051,0.9756105265533108,0.0001235818259362538,0.01111673629876385
0.006035810074066545,3,0.005377000919177677,0.9287803602715716,0.0001856934553751721,0.013626938591450836
0.006035810074066545,4,0.00503683703130974,0.8591328820984767,0.000824478460717585,0.028713732963820376
0.006035810074066545,5,0.009933918286797879,0.5299500195557455,0.04738846696746914,0.21768892247303062
0.00631479764704772,0,0.9187371147052348,1.0,1e-12,1e-06
0.00631479764704772,1,0.04651377838556309,0.9982730138142146,5.212817966247027e-06,0.0022831596453702107
0.00631479764704772,2,0.013757554346069473,0.9756907867371286,0.000123981539797628,0.01113469980725246
0.00631479764704772,3,0.005653866142859207,0.9285827207762234,0.00018470496191517972,0.013590620365354177
0.00631479764704772,4,0.005163633606950877,0.8590586592788776,0.0008307430219303796,0.02882261303092382
0.00631479764704772,5,0.010174052813322572,0.5293470315405516,0.04729724567397615,0.217479299414855
0.00660668060025506,0,0.9155556625862045,1.0,1e-12,1e-06
0.00660668060025506,1,0.048406439413777556,0.9982559020162557,5.273257334480007e-06,0.002296357405649218
0.00660668060025506,2,0.014382225611934063,0.9757707893623698,0.00012438254649611448,0.011152692342932915
0.00660668060025506,3,0.00594418329705043,0.9283845751077607,0.00018372173045711734,0.013554398933819137
0.00660668060025506,4,0.005292906197855336,0.8589844037703787,0.0008370551826003574,0.028931905962109677
0.00660668060025506,5,0.010418582893178173,0.5287439578547298,0.047206199978575204,0.21726987821273155
0.006912054984721925,0,0.9122571333012813,1.0,1e-12,1e-06
0.006912054984721925,1,0.050369040904922883,0.9982386209656511,5.334397459435361e-06,0.00230963145532688
0.006912054984721925,2,0.015033149637275199,0.9758505352124435,0.00012478485021327423,0.011170713952710194
0.006912054984721925,3,0.006248530397676043,0.928185922204745,0.00018274373299001026,0.013518274038870874
0.006912054984721925,4,0.005424653454055005,0.8589101155653476,0.0008434153043982306,0.029041613322923893
0.006912054984721925,5,0.01066749230478968,0.5281408002469896,0.04711532954324562,0.21706065867228364
0.007231544402188102,0,0.9086656063358696,1.0,1e-12,1e-06
0.007231544402188102,1,0.05232829830791859,0.9982181715023472,5.40409004453701e-06,0.0023246698786143828
0.007231544402188102,2,0.0157069400133395,0.9758419562437759,0.0001249614313009492,0.011178614909770764
0.007231544402188102,3,0.006560400414669215,0.928057469595533,0.00018393190776582084,0.013562149820947299
0.007231544402188102,4,0.005647364461483835,0.8588474682534708,0.0008432571128706292,0.029038889663184943
0.007231544402188102,5,0.0110913904667191,0.5286455424397685,0.04684163095870787,0.21642927472665954
0.007565801278550164,0,0.9047564626562,1.0,1e-12,1e-06
0.007565801278550164,1,0.054275155793019655,0.9981944066233288,5.482758411790879e-06,0.002341529075580929
0.007565801278550164,2,0.01640351392550064,0.9757437631573326,0.00012490826422135667,0.01117623658578131
0.007565801278550164,3,0.006879087125107163,0.9280005223707063,0.00018735861531977085,0.013687900325461567
0.007565801278550164,4,0.0059730475706374665,0.8587966326839513,0.0008364965449152136,0.028922249997453752
0.007565801278550164,5,0.011712732929535114,0.5302727655780696,0.04638584503397807,0.21537373338914398
0.007915508196173315,0,0.9006937141313256,1.0,1e-12,1e-06
0.007915508196173315,1,0.05628379590182336,0.9981703253646553,5.562571969438607e-06,0.0023585105404552694
0.007915508196173315,2,0.017127738832507674,0.9756451809151018,0.00012485511976265086,0.01117385876779597
0.007915508196173315,3,0.007211890206048734,0.9279435335683363,0.00019084916348083934,0.013814816809528795
0.007915508196173315,4,0.006316317677172665,0.8587457818173349,0.0008297901778415727,0.02880607883488436
0.007915508196173315,5,0.012366543251121815,0.531899345348294,0.045934494070305996,0.21432334000361697
0.008281379287785573,0,0.8964727120129423,1.0,1e-12,1e-06
0.008281379287785573,1,0.05835528373550298,0.998145923529993,5.643547388234653e-06,0.0023756151599606057
0.008281379287785573,2,0.017880418412642186,0.9755462080559129,0.00012480199791520684,0.011171481455707065
0.008281379287785573,3,0.0075593056816510365,0.9278865031636091,0.0001944047416190136,0.013942910084304982
0.008281379287785573,4,0.006678000701456557,0.8586949156511874,0.0008231375771099454,0.028690374293653707
0.008281379287785573,5,0.013054279455804764,0.5335252474570029,0.0454875349139247,0.2132780694631417
0.008664161694800474,0,0.8920887995155563,1.0,1e-12,1e-06
0.008664161694800474,1,0.06049062337963378,0.9981211968677681,5.7257015816129035e-06,0.0023928438272509353
0.008664161694800474,2,0.018662352665696057,0.9754468431137701,0.00012474889866940448,0.011169104649406974
0.008664161694800474,3,0.00792183474328381,0.9278294311317049,0.00019802656126260507,0.014072191061188911
0.008664161694800474,4,0.007058948698680189,0.8586440341830758,0.0008165383116643646,0.028575134499497366
0.008664161694800474,5,0.01377744099714989,0.5351504376682229,0.04504492483096883,0.21223789678322963
0.009064637093046446,0,0.8875373261524832,1.0,1e-12,1e-06
0.009064637093046446,1,0.06269074963792534,0.9980961410704517,5.809051709219277e-06,0.002410197441957666
0.009064637093046446,2,0.019474334919976348,0.9753470846178421,0.0001246958220156275,0.011166728348788086
0.009064637093046446,3,0.008299982506146658,0.9277723174477983,0.00020171585651106844,0.014202670752751697
0.009064637093046446,4,0.007460039359137288,0.8585931374105686,0.0008099919539047305,0.02846035758567925
0.009064637093046446,5,0.014537567424331172,0.5367748818063106,0.04460662150338902,0.21120279710124348
0.009483623289018701,0,0.8828136634017247,1.0,1e-12,1e-06
0.009483623289018701,1,0.06495651932715617,0.9980707517738349,5.893615180495938e-06,0.002427676910236603
0.009483623289018701,2,0.020317148585379967,0.9752469310924509,0.0001246427679442637,0.011164352553742814
0.009483623289018701,3,0.008694256626344554,0.927715162087057,0.0002054738844555073,0.014334360273674835
0.009483623289018701,4,0.00788217533589056,0.8585422253312354,0.0008034980796591037,0.02834604169296136
0.009483623289018701,5,0.015336236723503963,0.5383985457588065,0.044172583024905704,0.21017274567580285
0.00992197588991302,0,0.8779132217397765,1.0,1e-12,1e-06
0.00992197588991302,1,0.06728870214582558,0.9980450245562935,5.979409658317599e-06,0.0024452831448152582
0.00992197588991302,2,0.0211915636471219,0.9751463810570615,0.00012458973644570505,0.011161977264163597
0.00992197588991302,3,0.0091051657725747,0.9276579650246435,0.0002093019256070164,0.014467270841697006
0.00992197588991302,4,0.00832628338524041,0.8584912979426468,0.000797056268156218,0.02823218496957361
0.00992197588991302,5,0.016175063309460964,0.5400213954792772,0.04374276789700253,0.20914771788619288
0.010380590050851915,0,0.8728314690733615,1.0,1e-12,1e-06
0.010380590050851915,1,0.06968797113464781,0.9980189549380462,6.066453062680825e-06,0.0024630170650405217
0.010380590050851915,2,0.022098332896465005,0.975045433026273,0.0001245367275103475,0.01115960247994289
0.010380590050851915,3,0.009533217947208928,0.9276007262357142,0.0002132012843330017,0.014601413778569584
0.010380590050851915,4,0.008793313305318278,0.8584403552423749,0.0007906661019982164,0.028118785571183837
0.010380590050851915,5,0.017055695642998605,0.5416433969901454,0.04331713502495863,0.20812768923177577
0.010860402302871414,0,0.8675639505895064,1.0,1e-12,1e-06
0.010860402302871414,1,0.07215489275319738,0.9979925383804014,6.154763574446982e-06,0.0024808795969266588
0.010860402302871414,2,0.023038187896859373,0.9749440855098058,0.0001244837411285911,0.011157228200973176
0.010860402302871414,3,0.009978918652340733,0.9275434456954197,0.00021717328930163335,0.014736800511021154
0.010860402302871414,4,0.009284236658200589,0.8583893972279929,0.0007843271671336112,0.028005841660868027
0.010860402302871414,5,0.017979813449895396,0.543264516385509,0.04289564371391952,0.20711263533140492
0.011362392465400814,0,0.8621063100331955,1.0,1e-12,1e-06
0.011362392465400814,1,0.07468991660377011,0.9979657702849966,6.24435963913967e-06,0.0024988716732036623
0.011362392465400814,2,0.02401183468627044,0.9748423370124936,0.0001244307772908401,0.011154854427146959
0.011362392465400814,3,0.010442768897316965,0.9274861233789043,0.00022121929393457295,0.01487344257173076
0.011362392465400814,4,0.009800045261204097,0.8583384238970754,0.0007780390528304492,0.02789335140908043
0.011362392465400814,5,0.018949124518242863,0.5448847198339446,0.04247825366500634,0.20610253192284259
0.011887585647141544,0,0.8564543124089343,1.0,1e-12,1e-06
0.011887585647141544,1,0.07729336484084907,0.9979386459930247,6.33525997079749e-06,0.0025169942333659588
0.011887585647141544,2,0.025019949219174713,0.9747401860342711,0.00012437783598750267,0.011152481158356766
0.011887585647141544,3,0.010925263045405724,0.927428759261307,0.0002253406768681429,0.015011351600310443
0.011887585647141544,4,0.010341749433509982,0.858287435247198,0.0007718013516497018,0.027781312993624
0.011887585647141544,5,0.01996536105212618,0.5465039735813016,0.042064924971462817,0.2050973548621796
0.012437054339430528,0,0.8510440447760687,1.0,1e-12,1e-06
0.012437054339430528,1,0.08009670935088356,0.9979153031107977,6.40314745245634e-06,0.00253044412158347
0.012437054339430528,2,0.025984464679662776,0.974775487972573,0.00012377959252544925,0.011125627736242538
0.012437054339430528,3,0.01120450215253372,0.9273100832894945,0.00022619691357548006,0.015039844200505538
0.012437054339430528,4,0.010755633965693928,0.8582440906645276,0.0007695636429224529,0.027741010128011796
0.012437054339430528,5,0.020914645075157483,0.5444804451584465,0.042644489450575696,0.20650542232729796
0.01301192060636311,0,0.846323842271893,1.0,1e-12,1e-06
0.01301192060636311,1,0.08324740643893527,0.9978998050436115,6.424278746097351e-06,0.002534616094420879
0.01301192060636311,2,0.026822038698947,0.9750759169382045,0.00012213748198604035,0.011051582781938537
0.01301192060636311,3,0.011058197203184322,0.9270719713466966,0.000220682962385762,0.01485540179146165
0.01301192060636311,4,0.01087765993657852,0.8582156067735377,0.0007750362835099825,0.027839473477599797
0.01301192060636311,5,0.021670855450461785,0.5353678569770565,0.04524660339587017,0.21271248998559106
0.013613358376148204,0,0.8414550062216863,1.0,1e-12,1e-06
0.013613358376148204,1,0.0865040685081703,0.9978841920048774,6.445479776000739e-06,0.0025387949456387253
0.013613358376148204,2,0.027680860042554406,0.9753728581353557,0.00012051715635453586,0.010978030622772732
0.013613358376148204,3,0.01091153577126892,0.9268331409582751,0.00021530342354165023,0.01467322130759467
0.013613358376148204,4,0.010998785315681445,0.858187118104823,0.0007805478419898466,0.027938286310900434
0.013613358376148204,5,0.02244974414063861,0.5262315939292797,0.04800749511225614,0.21910612750960695
0.014242595838374362,0,0.8364350167468553,1.0,1e-12,1e-06
0.014242595838374362,1,0.08986888230187731,0.9978684631453305,6.466750772306097e-06,0.0025429806865774848
0.014242595838374362,2,0.028561062446164208,0.9756663499123899,0.000118918326623466,0.010904967979020663
0.014242595838374362,3,0.01076451371728597,0.926593590360087,0.00021005502050368524,0.014493275009592733
0.014242595838374362,4,0.011118877803783423,0.8581586246579621,0.0007860985951210112,0.028037449868363762
0.014242595838374362,5,0.023251646984033893,0.5170777320183745,0.05093685302273237,0.22569194275102594
0.014900917952082414,0,0.831261468813938,1.0,1e-12,1e-06
0.014900917952082414,1,0.09334397343582204,0.9978526176094875,6.4880919659124274e-06,0.0025471733285963145
0.014900917952082414,2,0.029462749616459116,0.9759564302468526,0.00011734070761945196,0.010832391592785592
0.014900917952082414,3,0.010617128831378084,0.9263533177863212,0.0002049345566038714,0.014315535498327382
0.014900917952082414,4,0.011237800721154706,0.8581301264325338,0.000791688821630572,0.028136965394842634
0.014900917952082414,5,0.024076878581248136,0.5079123943873449,0.0540449567258728,0.23247571212036924
0.01558966906976665,0,0.8259320860184947,1.0,1e-12,1e-06
0.01558966906976665,1,0.09693139673074819,0.9978366545356012,6.509503588480767e-06,0.0025513728830731048
0.01558966906976665,2,0.030385993086829273,0.9762431367478277,0.00011578401795234077,0.010760298227853203
0.01558966906976665,3,0.010469380941182504,0.926112321469515,0.00019993891309866898,0.01413997571068172
0.01558966906976665,4,0.011355413127022778,0.8581016234281174,0.0007973188022277519,0.028236834139608355
0.01558966906976665,5,0.024925730095722774,0.4987417349910278,0.05734271306862886,0.2394633856534833
0.01631025568266247,0,0.8204447348279029,1.0,1e-12,1e-06
0.01631025568266247,1,0.10063312613973042,0.997820573055616,6.530985872436703e-06,0.002555579361404514
0.01631025568266247,2,0.03133083005426835,0.9765265066583124,0.00011424797996501599,0.010688684669547324
0.01631025568266247,3,0.010321272018988335,0.9258705996405739,0.00019506504726944516,0.013966568915429628
0.01631025568266247,4,0.011471569965524139,0.8580731156442913,0.0008029888196179981,0.028337057356366383
0.01631025568266247,5,0.025798466993585775,0.4895719220926298,0.06084169442024854,0.24666109223030805
0.017064149292926895,0,0.8147974392363871,1.0,1e-12,1e-06
0.017064149292926895,1,0.10445104429655018,0.9978043722951221,6.552539050972789e-06,0.0025597927750059747
0.017064149292926895,2,0.03229726120887479,0.976806576857607,0.00011273231968387406,0.010617547724586599
0.017064149292926895,3,0.01017280628749677,0.9256281505287888,0.0001903099905692361,0.013795288709165753
0.017064149292926895,4,0.011586122239493018,0.8580446030806351,0.0008086991585171763,0.02843763630327205
0.017064149292926895,5,0.026695326731198062,0.48040912167858835,0.06455417928162227,0.2540751449505092
0.017852889418577447,0,0.8080723621460915,1.0,1e-12,1e-06
0.017852889418577447,1,0.1091121087205599,0.9977747484276391,6.458638184259605e-06,0.002541385091689098
0.017852889418577447,2,0.03336861967841092,0.9771775251452157,0.00010451679857137297,0.010223345762096329
0.017852889418577447,3,0.010420622826168263,0.9260088011990596,0.00019052720834808573,0.013803159361105911
0.017852889418577447,4,0.01085028433127434,0.85864678394197,0.0006642244779546117,0.025772552802441045
0.017852889418577447,5,0.02817600229749538,0.48338690031293274,0.06515431711783301,0.2552534370343189
0.018678086737325208,0,0.8005269514529156,1.0,1e-12,1e-06
0.018678086737325208,1,0.11429494129245191,0.9977380555030783,6.3107342421027255e-06,0.0025121174817477636
0.018678086737325208,2,0.03449954543994341,0.9775881846005369,9.397108728486586e-05,0.009693868540725414
0.018678086737325208,3,0.010874642660153255,0.9266917177146644,0.00019318594146651525,0.013899134558184378
0.018678086737325208,4,0.009785949800056476,0.8595555182933674,0.0004934324388734415,0.022213339210335793
0.018678086737325208,5,0.030017969354479302,0.49234903861408735,0.06416107371205952,0.253300362637047
0.01954142637572232,0,0.7925767905859633,1.0,1e-12,1e-06
0.01954142637572232,1,0.11965221880604679,0.9977007589307341,6.16621732604662e-06,0.0024831869293403227
0.01954142637572232,2,0.03564742726812152,0.9779916212202217,8.448943486792376e-05,0.009191813470035375
0.01954142637572232,3,0.011341643729697086,0.9273688254987204,0.0001958817761719376,0.013995777083532647
0.01954142637572232,4,0.008820730148821582,0.860459359966611,0.00036655615656072535,0.019145656336640053
0.01954142637572232,5,0.03196118946134978,0.5013160969631971,0.06318297178127584,0.2513622322093672
0.020444671350340986,0,0.7842277478601071,1.0,1e-12,1e-06
0.020444671350340986,1,0.12518432893910902,0.9976628488261471,6.025009872602175e-06,0.0024545895527770373
0.020444671350340986,2,0.036811072573521175,0.9783879561009386,7.596447812358943e-05,0.008715760329632144
0.020444671350340986,3,0.011821496779431518,0.9280401648585527,0.00019861523020257445,0.014093091577172642
0.020444671350340986,4,0.007945871728541037,0.861358323104303,0.0002723035725404175,0.016501623330461082
0.020444671350340986,5,0.03400948211929012,0.5102823087871414,0.06221978050163389,0.24943893140733644
0.021389666168010343,0,0.7754858128471572,1.0,1e-12,1e-06
0.021389666168010343,1,0.13089105645398375,0.9976243151445442,5.887036094497722e-06,0.0024263215150712655
0.021389666168010343,2,0.03798914771331186,0.9787773085214622,6.829968676687298e-05,0.008264362453745176
0.021389666168010343,3,0.012314016578038831,0.9287057759906868,0.00020138682852148402,0.01419108271138901
0.021389666168010343,4,0.007153348144078181,0.8622524219702568,0.0002022861553165358,0.014222733749759074
0.021389666168010343,5,0.03616661826343031,0.5192419096897104,0.06127127256807435,0.24753034676191596
0.022378340592464237,0,0.7663572266255864,1.0,1e-12,1e-06
0.022378340592464237,1,0.1367715372179403,0.9975851476782921,5.752221940003346e-06,0.0023983790234246433
0.022378340592464237,2,0.03918017544946233,0.979159795962243,6.140827038742459e-05,0.007836342921760418
0.022378340592464237,3,0.012818958669916386,0.9293656989776651,0.0002041971034173785,0.01428975519095336
0.022378340592464237,4,0.006435805669337436,0.8631416709470073,0.00015027231648483816,0.012258560946735884
0.022378340592464237,5,0.038436296367757056,0.5281891522646494,0.06033722414068427,0.24563636567227637
0.02341271358509084,0,0.7568486074878716,1.0,1e-12,1e-06
0.02341271358509084,1,0.14282421385942717,0.997545336054308,5.620495053186665e-06,0.00237075832871819
0.02341271358509084,2,0.04038253346707247,0.9795355341250676,5.521219569932244e-05,0.0074304909460494225
0.02341271358509084,3,0.013336016364646824,0.9300199737849438,0.00020704659460685362,0.014389113753350261
0.02341271358509084,4,0.005786511771579843,0.8640260845333392,0.00011163279595869123,0.010565642240710748
0.02341271358509084,5,0.04082211704940201,0.5371183208160031,0.05941741479187278,0.2437568763991547
0.02449489742783178,0,0.7469670710571925,1.0,1e-12,1e-06
0.02449489742783178,1,0.1490467937608319,0.9975048697314329,5.491784735078831e-06,0.002343455725009293
0.02449489742783178,2,0.041594454072790304,0.9799046369527912,4.96413029500431e-05,0.007045658446876566
0.02449489742783178,3,0.013864818024263433,0.9306686402578711,0.00020993584933803877,0.014489163169004577
0.02449489742783178,4,0.005199306759098788,0.8649056773418282,8.292865529102578e-05,0.009106517187763155
0.02449489742783178,5,0.04332755632582323,0.5460237459058205,0.05851162745435223,0.24189176805826243
