tx0,component,weight,mean_z,variance_z,sigma_z
0.0,0,1.0,1.0,1e-12,1e-06
0.0,1,0.0,1.0,1e-12,1e-06
0.0,2,0.0,1.0,1e-12,1e-06
0.0,3,0.0,1.0,1e-12,1e-06
0.0,4,0.0,1.0,1e-12,1e-06
5e-07,0,0.999965097820933,0.9999999811391315,1.0356998998941565e-12,1.017693421367239e-06
5e-07,1,3.218504545735667e-05,0.9999938688500061,1.1527513262058955e-12,1.073662575582243e-06
5e-07,2,1.224565526625023e-06,0.999761796357903,1.2045743814416144e-12,1.0975310389422316e-06
5e-07,3,7.957614364937018e-07,0.9989269820354134,1.236570057421925e-12,1.1120117164049688e-06
5e-07,4,6.968066464633969e-07,0.9954228065295083,1.2789078796470559e-12,1.1308880933350815e-06
5.231110298002808e-07,0,0.9999634845703321,0.9999999802673433,1.0373804950719776e-12,1.018518775021834e-06
5.231110298002808e-07,1,3.36727045467334e-05,0.9999935854556256,1.1603504593849863e-12,1.0771956458253006e-06
5.231110298002808e-07,2,1.2811674673814782e-06,0.9997507860949609,1.2149822100942827e-12,1.1022623145577838e-06
5.231110298002808e-07,3,8.325431690391422e-07,0.9988773849351018,1.248766574831983e-12,1.1174822481059745e-06
5.231110298002808e-07,4,7.290144848062956e-07,0.995211239220112,1.2935332419850713e-12,1.137336028614706e-06
5.472902989974217e-07,0,0.9999617967519656,0.9999999793552593,1.03914168992573e-12,1.0193829947206938e-06
5.472902989974217e-07,1,3.522912630320469e-05,0.9999932889621732,1.1683544671084798e-12,1.0809044671516904e-06
5.472902989974217e-07,2,1.3403856664170883e-06,0.9997392669149889,1.225967380024328e-12,1.107234112563521e-06
5.472902989974217e-07,3,8.710250290185119e-07,0.9988254953546636,1.2616556254409836e-12,1.1232344481189062e-06
5.472902989974217e-07,4,7.627110357726866e-07,0.9949898928339311,1.3090136780212798e-12,1.1441213563347552e-06
5.725871838164898e-07,0,0.999960030919158,0.9999999784010168,1.040987491457533e-12,1.020287945365196e-06
5.725871838164898e-07,1,3.685748907886713e-05,0.9999929787641828,1.1767875407803948e-12,1.0847983871579064e-06
5.725871838164898e-07,2,1.4023410525779578e-06,0.9997272152947937,1.2375666358679456e-12,1.1124597232565077e-06
5.725871838164898e-07,3,9.112855998233866e-07,0.9987712073309457,1.2752828562009134e-12,1.1292842229487284e-06
5.725871838164898e-07,4,7.979651107261779e-07,0.994758315361896,1.3254079939594958e-12,1.1512636509329631e-06
5.990533427533734e-07,0,0.9999581834659211,0.9999999774026673,1.0429221193065065e-12,1.0212355846260482e-06
5.990533427533734e-07,1,3.856111813579758e-05,0.9999926542282024,1.1856755701277726e-12,1.0888873082774787e-06
5.990533427533734e-07,2,1.4671601442905304e-06,0.9997146066238916,1.2498195205656561e-12,1.1179532729795356e-06
5.990533427533734e-07,3,9.534070971315567e-07,0.9987144100029599,1.2896975427368813e-12,1.1356485119687699e-06
5.990533427533734e-07,4,8.34848701633332e-07,0.9945160339021462,1.34277991167844e-12,1.1587838071350669e-06
6.267428220660369e-07,0,0.9999562506195905,0.9999999763581721,1.0449500182893175e-12,1.0222279678669124e-06
6.267428220660369e-07,1,4.0343492436534796e-05,0.9999923146915005,1.1950462862649892e-12,1.093181726093603e-06
6.267428220660369e-07,2,1.534975307923499e-06,0.9997014151542515,1.2627686324152163e-12,1.1237297862098416e-06
6.267428220660369e-07,3,9.97475536798772e-07,0.9986549873854949,1.304952937687246e-12,1.142345367079171e-06
6.267428220660369e-07,4,8.734371280776812e-07,0.9942625536943237,1.3611985650702552e-12,1.166704146332846e-06
6.557121661417975e-07,0,0.999954228433122,0.9999999752653981,1.0470758717944597e-12,1.0232672533578214e-06
6.557121661417975e-07,1,4.220825174843113e-05,0.9999919594607131,1.2049294190263784e-12,1.0976927707816874e-06
6.557121661417975e-07,2,1.6059250280917302e-06,0.9996876139477154,1.27645990997294e-12,1.129805253117961e-06
6.557121661417975e-07,3,1.0435809105107874e-06,0.9985928181322636,1.321106658392712e-12,1.1493940396542483e-06
6.557121661417975e-07,4,9.138091910690314e-07,0.9939973571092277,1.3807390551967589e-12,1.1750485331239552e-06
6.860205329660185e-07,0,0.9999521127770297,0.9999999741221138,1.0493046160983045e-12,1.024355707797982e-06
6.860205329660185e-07,1,4.4159204076382714e-05,0.9999915878104269,1.2153568702056947e-12,1.1024322519800002e-06
6.860205329660185e-07,2,1.6801541904542232e-06,0.9996731748209884,1.2909429482626342e-12,1.1361967031560311e-06
6.860205329660185e-07,3,1.0918173695544276e-06,0.9985277752881043,1.3382211190217326e-12,1.156815075550856e-06
6.860205329660185e-07,4,9.560473339621673e-07,0.9937199025917695,1.4014830722269383e-12,1.1838425031341536e-06
7.177298149279829e-07,0,0.9999498993309552,0.9999999729259846,1.0516414556771883e-12,1.0254957121690897e-06
7.177298149279829e-07,1,4.620033343911463e-05,0.9999911989816991,1.2263629045527596e-12,1.1074127074188555e-06
7.177298149279829e-07,2,1.7578143775835313e-06,0.9996580682880851,1.3062713502342293e-12,1.142922285299499e-06
7.177298149279829e-07,3,1.1422834170829007e-06,0.9984597260297257,1.3563640129582615e-12,1.164630419042136e-06
7.177298149279829e-07,4,1.0002378108135244e-06,0.9934296235550689,1.4235195933293291e-12,1.1931134033818114e-06
7.509047652106843e-07,0,0.9999475835748448,0.9999999716745679,1.0540918795967005e-12,1.0266897679419526e-06
7.509047652106843e-07,1,4.8335808004903224e-05,0.9999907921805066,1.2379843606198884e-12,1.112647455674927e-06
7.509047652106843e-07,2,1.8390641785109222e-06,0.9996422635001176,1.3225031179719484e-12,1.1500013556391786e-06
7.509047652106843e-07,3,1.1950821092680402e-06,0.9983885313944705,1.375608852135681e-12,1.1728635266456541e-06
7.509047652106843e-07,4,1.046470862519683e-06,0.9931259272234332,1.4469456671071225e-12,1.2028905466031073e-06
7.856131300226e-07,0,0.9999451607797173,0.9999999703653081,1.0566616790669516e-12,1.027940503661059e-06
7.856131300226e-07,1,5.056998860334728e-05,0.9999903665761252,1.2502608838281146e-12,1.1181506534578043e-06
7.856131300226e-07,2,1.924069512579316e-06,0.9996257281822988,1.3397010887971313e-12,1.157454573103036e-06
7.856131300226e-07,3,1.2503212657501951e-06,0.9983140459965413,1.396035570998535e-12,1.181539491933526e-06
7.856131300226e-07,4,1.0948409010973212e-06,0.9928081934218561,1.4718672968196785e-12,1.2132053811369608e-06
8.219257869414885e-07,0,0.9999426259980089,0.9999999689955317,1.0593569662609882e-12,1.029250681933701e-06
8.219257869414885e-07,1,5.290743763057092e-05,0.9999899212994326,1.2632351844415074e-12,1.123937357881438e-06
8.219257869414885e-07,2,2.013003968265381e-06,0.9996084285680342,1.3579334221588192e-12,1.1653040041803765e-06
8.219257869414885e-07,3,1.3081136898155504e-06,0.9982361177301096,1.4177312039368207e-12,1.190685182546932e-06
8.219257869414885e-07,4,1.1454467024809742e-06,0.9924757733095655,1.4984004365772162e-12,1.2240916781749707e-06
8.599168896527366e-07,0,0.9999399740534693,0.9999999675624412,1.0621841945028485e-12,1.03062320685246e-06
8.599168896527366e-07,1,5.535292836604418e-05,0.9999894554411344,1.2769533235036075e-12,1.130023594224301e-06
8.599168896527366e-07,2,2.1060491576627107e-06,0.999590329329968,1.3772741440738348e-12,1.1735732376267937e-06
8.599168896527366e-07,3,1.3685773987505155e-06,0.9981545874587023,1.4407906463960104e-12,1.2003293907907155e-06
8.599168896527366e-07,4,1.1983916082323167e-06,0.992127988055032,1.5266721169803531e-12,1.235585738417352e-06
8.996640193777969e-07,0,0.9999371995305911,0.9999999660631105,1.065150179942017e-12,1.032061131882224e-06
8.996640193777969e-07,1,5.791145472004521e-05,0.999988968049906,1.2914650302109213e-12,1.1364264297397e-06
8.996640193777969e-07,2,2.203395087349914e-06,0.9995713935078412,1.3978037568887429e-12,1.1822875102481388e-06
8.996640193777969e-07,3,1.4318358648435464e-06,0.9980692886902308,1.4653175114557617e-12,1.2105029993584327e-06
8.996640193777969e-07,4,1.2537837365728463e-06,0.9917641274497354,1.5568217193689985e-12,1.2477266204457603e-06
9.412483433019584e-07,0,0.9999342967635512,0.9999999644944776,1.0682621248424737e-12,1.0335676682455163e-06
9.412483433019584e-07,1,6.0588241431670375e-05,0.9999884581304512,1.3068240546837808e-12,1.1431640541426155e-06
9.412483433019584e-07,2,2.3052405464009865e-06,0.9995515824330155,1.4196099233143243e-12,1.1914738449980025e-06
9.412483433019584e-07,3,1.498018267526567e-06,0.9979800472369992,1.491425095534767e-12,1.2212391639375013e-06
9.412483433019584e-07,4,1.3117362031709315e-06,0.9913834484578544,1.5890024210258911e-12,1.260556393433428e-06
9.847547803249915e-07,0,0.9999312598246402,0.9999999628533391,1.0715276426271603e-12,1.0351461938427637e-06
9.847547803249915e-07,1,6.338875473821826e-05,0.9999879246414691,1.3230885606554286e-12,1.150255867472724e-06
9.847547803249915e-07,2,2.4117935123303646e-06,0.9995308556495083,1.4427882350595346e-12,1.2011612027781843e-06
9.847547803249915e-07,3,1.5672597571709101e-06,0.9978866808599974,1.519237469070503e-12,1.2325735146718442e-06
9.847547803249915e-07,4,1.372367352134113e-06,0.990985173698922,1.6233828374458547e-12,1.2741204171685871e-06
1.0302721744731134e-06,0,0.9999280825121578,0.999999961136344,1.0749547848327554e-12,1.0368002627472445e-06
1.0302721744731134e-06,1,6.631871353773372e-05,0.9999873664935274,1.3403215632488058e-12,1.1577225761160597e-06
1.0302721744731134e-06,2,2.5232715758015523e-06,0.9995091708313787,1.4674430780029514e-12,1.2113806495082176e-06
1.0302721744731134e-06,3,1.6397017310764292e-06,0.9977889988967532,1.5488907106036578e-12,1.244544378720043e-06
1.0302721744731134e-06,4,1.435800997678324e-06,0.9905684898603448,1.66014889225072e-12,1.2884676527762426e-06
1.07789347632641e-06,0,0.9999247583377484,0.9999999593399858,1.0785520701452456e-12,1.0385336153178893e-06
1.07789347632641e-06,1,6.938410106750743e-05,0.9999867825468383,1.3585914177624132e-12,1.1655862978614724e-06
1.07789347632641e-06,2,2.639902384966655e-06,0.9994864836962929,1.493688607729455e-12,1.2221655402315412e-06
1.07789347632641e-06,3,1.7154921222173882e-06,0.9976868018719821,1.5805343057439735e-12,1.2571930264458094e-06
1.07789347632641e-06,4,1.5021666769675575e-06,0.9901325460365464,1.6995059506460603e-12,1.3036510079948776e-06
1.127715932832226e-06,0,0.9999212805131514,0.9999999574605962,1.0823285157041595e-12,1.0403501889768462e-06
1.127715932832226e-06,1,7.259117712238116e-05,0.9999861716089304,1.3779723662598257e-12,1.1738706769741826e-06
1.127715932832226e-06,2,2.7619241103442484e-06,0.9994627479150971,1.5216498514812836e-12,1.2335517222562187e-06
1.127715932832226e-06,3,1.7947857013348144e-06,0.9975798810902409,1.6143327360994118e-12,1.270563944120646e-06
1.127715932832226e-06,4,1.5715999146403296e-06,0.9896764519913419,1.74168125865566e-12,1.3197277214091018e-06
1.1798412858921028e-06,0,0.9999176419363385,0.9999999554943373,1.08629367088266e-12,1.042254129702857e-06
1.1798412858921028e-06,1,7.594649083780696e-05,0.9999855324322142,1.3985451497735108e-12,1.1826010103891805e-06
1.1798412858921028e-06,2,2.889585931184815e-06,0.9994379150172082,1.5514639551895314e-12,1.2455777595917212e-06
1.1798412858921028e-06,3,1.8777443929921523e-06,0.9974680182097536,1.6504672875262177e-12,1.2847051364131062e-06
1.1798412858921028e-06,4,1.6442424995630763e-06,0.9891992763399964,1.7869267379492086e-12,1.3367597906689177e-06
1.2343759801278108e-06,0,0.9999138351770114,0.999999953437194,1.090457653772257e-12,1.0442498042960108e-06
1.2343759801278108e-06,1,7.945689406376559e-05,0.9999848637114338,1.420397695118222e-12,1.191804386264047e-06
1.2343759801278108e-06,2,3.023148544316984e-06,0.999411934291633,1.583281597342106e-12,1.258285181245534e-06
1.2343759801278108e-06,3,1.9645376062396564e-06,0.9973509847965373,1.68913811214063e-12,1.299668462393633e-06
1.2343759801278108e-06,4,1.7202427743756574e-06,0.9887000446472546,1.8355221951643045e-12,1.3548144504559672e-06
1.2914313802507804e-06,0,0.9999098524614277,0.9999999512849651,1.0948311906249536e-12,1.0463418134744276e-06
1.2914313802507804e-06,1,8.312955535685647e-05,0.9999841640810015,1.4436258866931617e-12,1.201509836286479e-06
1.2914313802507804e-06,2,3.1628846965137553e-06,0.9993847526834119,1.6172685951009112e-12,1.271718756290443e-06
1.2914313802507804e-06,3,2.05534258056281e-06,0.99722854185792,1.730566584590969e-12,1.3155100093085452e-06
1.2914313802507804e-06,4,1.7997559384202846e-06,0.9881777374374563,1.887779015543639e-12,1.373964706804232e-06
1.3511239984787704e-06,0,0.9999056856565269,0.9999999490332558,1.0994256585325128e-12,1.0485350058689089e-06
1.3511239984787704e-06,1,8.697197461912947e-05,0.9999834321122097,1.4683344352720783e-12,1.2117485033091967e-06
1.3511239984787704e-06,2,3.3090797414657253e-06,0.9993563146852754,1.6536077324187094e-12,1.285926799012568e-06
1.3511239984787704e-06,3,2.1503447478211614e-06,0.9971004393544963,1.7749980003267596e-12,1.332290508983217e-06
1.3511239984787704e-06,4,1.8829443646724158e-06,0.9876312881126769,1.9440444238682695e-12,1.3942899353679168e-06
1.4135757324642056e-06,0,0.9999013262533217,0.9999999466774679,1.1042531316525846e-12,1.0508344929876372e-06
1.4135757324642056e-06,1,9.099199841355342e-05,0.9999826663103129,1.4946378576808883e-12,1.2225538260873786e-06
1.4135757324642056e-06,2,3.462032222498766e-06,0.9993265622242942,1.6925008450641e-12,1.3009615079102457e-06
1.4135757324642056e-06,3,2.249738110916706e-06,0.9969664156895244,1.822704672271757e-12,1.3500758024169447e-06
1.4135757324642056e-06,4,1.969977931320846e-06,0.9870595807746388,2.0047064115725785e-12,1.4158765523775647e-06
1.4789141142200737e-06,0,0.9998967653495217,0.9999999442127907,1.1093264313250792e-12,1.0532456652296648e-06
1.4789141142200737e-06,1,9.51978359873989e-05,0.999981865111475,1.522661583496492e-12,1.2339617431251635e-06
1.4789141142200737e-06,2,3.6220544822261687e-06,0.9992954345432883,1.734171203611445e-12,1.3168793428448352e-06
1.4789141142200737e-06,3,2.353725639965153e-06,0.9968261971747223,1.873989492721098e-12,1.3689373589471134e-06
1.4789141142200737e-06,4,2.0610343686741493e-06,0.9864614479459479,2.070199448203235e-12,1.4388187683663413e-06
1.5472725705516692e-06,0,0.9998919936313545,0.999999941634191,1.1146591804598827e-12,1.0557742090332965e-06
1.5472725705516692e-06,1,9.959807603625316e-05,0.9999810268795768,1.5525432075325583e-12,1.2460109179026315e-06
1.5472725705516692e-06,2,3.7894733003801166e-06,0.9992628680767557,1.7788662428001254e-12,1.33374144525846e-06
1.5472725705516692e-06,3,2.4625196867789978e-06,0.9966794974713719,1.929190039823642e-12,1.3889528573078505e-06
1.5472725705516692e-06,4,2.156299622101817e-06,0.9858356681860002,2.1410111188170917e-12,1.463219436317428e-06
1.6187906955260228e-06,0,0.9998870013545458,0.9999999389364032,1.1202658626193213e-12,1.0584261252535867e-06
1.6187906955260228e-06,1,0.00010420170424290214,0.9999801499028738,1.5844339099861412e-12,1.2587429880583809e-06
1.6187906955260228e-06,2,3.964630561125024e-06,0.999228796321066,1.8268606944709424e-12,1.3516141070849114e-06
1.6187906955260228e-06,3,2.5763424185088535e-06,0.9965260170055897,1.9886833231558996e-12,1.410206837012181e-06
1.6187906955260228e-06,4,2.255968231751276e-06,0.9851809635966914,2.2176898574838414e-12,1.4891910077232676e-06
1.6936145355354649e-06,0,0.9998817783244208,0.9999999361139179,1.1261618862663385e-12,1.06120774887217e-06
1.6936145355354649e-06,1,0.0001090181216268979,0.9999792323905013,1.6185000697975431e-12,1.2722028414516072e-06
1.6936145355354649e-06,2,4.147883951215563e-06,0.9991931496986541,1.878460191863242e-12,1.3705692948053528e-06
1.6936145355354649e-06,3,2.6954262713286307e-06,0.9963654423565708,2.0528912812366887e-12,1.432791429775e-06
1.6936145355354649e-06,4,2.3602437298162623e-06,0.9844959972128347,2.3008539820030824e-12,1.5168566122093025e-06
1.7718968875373627e-06,0,0.9998763138750861,0.9999999331609716,1.1323636547027978e-12,1.0641257701525688e-06
1.7718968875373627e-06,1,0.00011405716374227764,0.9999782724688173,1.654925101139702e-12,1.2864389224287728e-06
1.7718968875373627e-06,2,4.33960769042486e-06,0.9991558554159365,1.9340054257956714e-12,1.3906852360601485e-06
1.7718968875373627e-06,3,2.820014425090902e-06,0.9961974456165545,2.122287166111858e-12,1.456807182200808e-06
1.7718968875373627e-06,4,2.4693390561676808e-06,0.983779370271959,2.3912022778198246e-12,1.5463512789207454e-06
1.8537976110791646e-06,0,0.9998705968476485,0.9999999300715341,1.1388886422825725e-12,1.06718725736516e-06
1.8537976110791646e-06,1,0.00011932912076264422,0.999977268177576,1.693911548143015e-12,1.3015035720823108e-06
1.8537976110791646e-06,2,4.540193295734734e-06,0.9991168373146605,1.993876948642248e-12,1.412047077346307e-06
1.8537976110791646e-06,3,2.9503612999218976e-06,0.9960216837212086,2.1974029772830827e-12,1.4823639827259305e-06
1.8537976110791646e-06,4,2.5834769931958584e-06,0.9830296193579109,2.48952643189984e-12,1.5778233208758959e-06
1.9394839547458488e-06,0,0.999864615567428,0.9999999268392964,1.1457554775519717e-12,1.0703996812181755e-06
1.9394839547458488e-06,1,0.00012484475849461807,0.9999762174659251,1.735683479148039e-12,1.3174534068224345e-06
1.9394839547458488e-06,2,4.750050380848266e-06,0.9990760157163817,2.058500740657301e-12,1.43474762263518e-06
1.9394839547458488e-06,3,3.0867330757700845e-06,0.9958377977490603,2.2788381404272166e-12,1.5095821078786064e-06
1.9394839547458488e-06,4,2.702890620752043e-06,0.982245213412428,2.5967256825114707e-12,1.6114359070442332e-06
2.0291308976964444e-06,0,0.9998583578201167,0.999999923457658,1.1529840340467307e-12,1.0737709411446795e-06
2.0291308976964444e-06,1,0.00013061534036257403,0.9999751181882176,1.7804892291724585e-12,1.334349740200244e-06
2.0291308976964444e-06,2,4.969607492657505e-06,0.9990333072597544,2.1283546758523694e-12,1.4588881642718092e-06
2.0291308976964444e-06,3,3.229408235969355e-06,0.9956454121885479,2.367269667020561e-12,1.5385934053610659e-06
2.0291308976964444e-06,4,2.8278237921182434e-06,0.981424550608582,2.713824131649144e-12,1.6473688511226452e-06
2.122921506987111e-06,0,0.9998518108268362,0.9999999199197133,1.1605955295614776e-12,1.0773093936105252e-06
2.122921506987111e-06,1,0.0001366526504095606,0.9999739680996305,1.828604548138453e-12,1.352259053635232e-06
2.122921506987111e-06,2,5.199312986374519e-06,0.9989886247302993,2.2039760522294244e-12,1.4845794193068368e-06
2.122921506987111e-06,3,3.3786781359268755e-06,0.995444134171191,2.463464081000866e-12,1.5695426343367886e-06
2.122921506987111e-06,4,2.9585316319774195e-06,0.9805659550797047,2.8419912673153144e-12,1.6858206509932528e-06
2.221047311410388e-06,0,0.9998449612180421,0.9999999162182375,1.1686126348056998e-12,1.0810238826250323e-06
2.221047311410388e-06,1,0.00014296901736136634,0.99997276485158,1.8803362230509313e-12,1.3712535225299994e-06
2.221047311410388e-06,2,5.439635941112709e-06,0.9989418768823046,2.285970384914383e-12,1.5119425865139135e-06
2.221047311410388e-06,3,3.53484759809681e-06,0.9952335526693197,2.5682914603240467e-12,1.602588986709957e-06
2.221047311410388e-06,4,3.095281057400834e-06,0.9796676734971187,2.982566368307195e-12,1.7270108188159085e-06
2.3237086926140663e-06,0,0.9998377950062219,0.9999999123456719,1.1770595924714758e-12,1.0849237726547777e-06
2.3237086926140663e-06,1,0.00014957733980287713,0.9999715059869266,1.9360262551404986e-12,1.3914116052198567e-06
2.3237086926140663e-06,2,5.6910671177881765e-06,0.9988929682524937,2.375021702109007e-12,1.5411105418200886e-06
2.3237086926140663e-06,3,3.6982355344549426e-06,0.995013237656718,2.6827420177033557e-12,1.6379078172178542e-06
2.3237086926140663e-06,4,3.238351322916504e-06,0.9787278714896844,3.137087621313411e-12,1.77118254883945e-06
2.431115294298422e-06,0,0.9998302975573321,0.9999999082941082,1.1859623478645014e-12,1.0890189841616636e-06
2.431115294298422e-06,1,0.00015649111251813956,0.999970188934956,1.9960566884766365e-12,1.4128187033291414e-06
2.431115294298422e-06,2,5.954119961297393e-06,0.9988417989650809,2.4719046346804404e-12,1.5722291927961523e-06
2.431115294298422e-06,3,3.869175597745443e-06,0.994782739230473,2.807945739792859e-12,1.6756926149484753e-06
2.431115294298422e-06,4,3.3880345907719163e-06,0.9777446298978498,3.3073269777969772e-12,1.8186057785559181e-06
2.543486450327321e-06,0,0.9998224535609127,0.9999999040552731,1.1953486923934606e-12,1.0933200320095944e-06
2.543486450327321e-06,1,0.0001637244540479112,0.9999688110061308,2.060855205325036e-12,1.4355679034183775e-06
2.543486450327321e-06,2,6.229331649017374e-06,0.9987882645278153,2.5774986530388183e-12,1.6054590163061835e-06
2.543486450327321e-06,3,4.048016862829471e-06,0.9945415866922322,2.9451957225201492e-12,1.7161572546011479e-06
2.543486450327321e-06,4,3.54463652755534e-06,0.9767159408545557,3.4953320277519125e-12,1.8695807090767472e-06
2.661051632627572e-06,0,0.9998142469988234,0.9999998996205102,1.205248421376223e-12,1.0978380670099861e-06
2.661051632627572e-06,1,0.0001712921355209832,0.9999673693865974,2.130901626328839e-12,1.4597608113416522e-06
2.661051632627572e-06,2,6.517264187769922e-06,0.9987322556185999,2.6928048827777608e-12,1.6409768075075774e-06
2.661051632627572e-06,3,4.235124539527255e-06,0.9942892875869961,3.095975988534493e-12,1.7595385726191095e-06
2.661051632627572e-06,4,3.708476928394332e-06,0.975639703684992,3.703476483902464e-12,1.924441862957274e-06
2.784050919791061e-06,0,0.9998056611125318,0.9999998949807635,1.2156935078076046e-12,1.1025849209052355e-06
2.784050919791061e-06,1,0.0001792096108181419,0.9999658611324398,2.2067354813879065e-12,1.485508492533081e-06
2.784050919791061e-06,2,6.818505561489641e-06,0.9986736578622446,2.818966027286814e-12,1.6789776732544165e-06
2.784050919791061e-06,3,4.430880718409093e-06,0.9940253266974806,3.2619947590305253e-12,1.8060993214744656e-06
2.784050919791061e-06,4,3.87989037000589e-06,0.9745137206168323,3.934521272859284e-12,1.9835627726037016e-06
2.9127354873366424e-06,0,0.9997966783688926,0.999999890126558,1.2267182939461808e-12,1.1075731551216745e-06
2.9127354873366424e-06,1,0.00018749304813037154,0.9999642831636688,2.288964851090047e-12,1.512932533555296e-06
2.9127354873366424e-06,2,7.133670931939579e-06,0.9986123515969025,2.9572900462208564e-12,1.7196773087474453e-06
2.9127354873366424e-06,3,4.635685151058379e-06,0.9937491649919976,3.445224387211514e-12,1.8561315651675973e-06
2.9127354873366424e-06,4,4.059226893931948e-06,0.9733356922921869,4.191688744990015e-12,2.047361410447607e-06
3.047368120632988e-06,0,0.9997872804243416,0.9999998850479812,1.2383597028208852e-12,1.112816113659793e-06
3.047368120632988e-06,1,0.00019615936297574457,0.9999626322579311,2.3782767202211364e-12,1.5421662427316766e-06
3.047368120632988e-06,2,7.463403894926485e-06,0.99854821162971,3.109278389814655e-12,1.7633146031876035e-06
3.047368120632988e-06,3,4.849956066400038e-06,0.9934602385237045,3.64794945830295e-12,1.9099605907722153e-06
3.047368120632988e-06,4,4.246852721355474e-06,0.9721032130721087,4.478753176519253e-12,2.1163064939935456e-06
3.1882237515297443e-06,0,0.9997774480874373,0.9999998797346622,1.2506574720367533e-12,1.118327980530199e-06
3.1882237515297443e-06,1,0.0002052262527424181,0.9999609050439301,2.4754491361558737e-12,1.5733560106205695e-06
3.1882237515297443e-06,2,7.808377794580857e-06,0.998481106981131,3.2766597789577654e-12,1.8101546284662438e-06
3.1882237515297443e-06,3,5.074131024761297e-06,0.9931579572789736,3.872824939581715e-12,1.9679494250568828e-06
3.1882237515297443e-06,4,4.443151000956784e-06,0.9708137661240634,4.8001515911873446e-12,2.1909248255445336e-06
3.335590019792879e-06,0,0.9997671612796706,0.9999998741757505,1.2636544125788412e-12,1.124123842189481e-06
3.335590019792879e-06,1,0.00021471223282827807,0.9999590979945405,2.581365528231162e-12,1.6066628545625749e-06
3.335590019792879e-06,2,8.169297098385677e-06,0.9984109006174859,3.4614307606115286e-12,1.8604920748585652e-06
3.335590019792879e-06,3,5.308667811408873e-06,0.9928417039725328,4.12294674740076e-12,2.0305040623945475e-06
3.335590019792879e-06,4,4.648522591337304e-06,0.9694647182823339,5.16112003558779e-12,2.2718098590304143e-06
3.4897678604907843e-06,0,0.9997563989944622,0.9999998683598946,1.2773966956806671e-12,1.1302197554815024e-06
3.4897678604907843e-06,1,0.00022463667445103645,0.9999572074196064,2.6970316226185123e-12,1.6422641756485199e-06
3.4897678604907843e-06,2,8.546898835761957e-06,0.9983374491711161,3.665904571806462e-12,1.914655209641272e-06
3.4897678604907843e-06,3,5.554045371387398e-06,0.9925108327869127,4.401937718483196e-12,2.0980795310195455e-06
3.4897678604907843e-06,4,4.863386879608654e-06,0.96805331467086,5.567861883968892e-12,2.359631726343942e-06
3.6510721185305217e-06,0,0.9997451392542656,0.9999998622752178,1.2919341712463375e-12,1.1366328216474913e-06
3.6510721185305217e-06,1,0.0002350198442059847,0.999955229458405,2.823595484692133e-12,1.680355761347023e-06
3.6510721185305217e-06,2,8.941954103148534e-06,0.9982606026476145,3.892770231792593e-12,1.973010448982111e-06
3.6510721185305217e-06,3,5.8107647875679015e-06,0.9921646680536308,4.714052772131111e-12,2.171186950064667e-06
3.6510721185305217e-06,4,5.0881826378185255e-06,0.966576673077536,6.027756635516039e-12,2.455149004748192e-06
3.819832191599188e-06,0,0.9997333590656863,0.9999998559092947,1.3073207218030513e-12,1.1433812670334648e-06
3.819832191599188e-06,1,0.00024588294545218844,0.999953160071763,2.9623713425113425e-12,1.7211540728567395e-06
3.819832191599188e-06,2,9.355269638649752e-06,0.9981802041195235,4.1451642755459555e-12,2.0359676509085197e-06
3.819832191599188e-06,3,6.079350303903711e-06,0.9918025028734155,5.064308084949943e-12,2.2504017607862695e-06
3.819832191599188e-06,4,5.3233689189623165e-06,0.9650317780684768,6.5496201503366906e-12,2.5592225675655273e-06
3.996392702823431e-06,0,0.9997210343725285,0.9999998492491255,1.3236146565238084e-12,1.1504845311970988e-06
3.996392702823431e-06,1,0.00025724816161164124,0.9999509950338084,3.114867997343891e-12,1.7648988632054504e-06
3.996392702823431e-06,2,9.78768946946675e-06,0.9980960894058752,4.426758175342967e-12,2.1039862583541195e-06
3.996392702823431e-06,3,6.360350395983442e-06,0.9914235976726551,5.458640446095528e-12,2.336373353318242e-06
3.996392702823431e-06,4,5.569425994410372e-06,0.9634154748302324,7.144030555070001e-12,2.6728319354329037e-06
4.181114204520594e-06,0,0.9997081400066689,0.9999998422811096,1.3408791505117497e-12,1.1579633631992636e-06
4.181114204520594e-06,1,0.00026913870146978995,0.9999487299233404,3.282822818624069e-12,1.8118561804470213e-06
4.181114204520594e-06,2,1.0240096635476251e-05,0.9980080867369194,4.741865313829531e-12,2.177582447079681e-06
4.181114204520594e-06,3,6.654338891067058e-06,0.9910271786931222,5.904104721304834e-12,2.4298363568983066e-06
4.181114204520594e-06,4,5.8268563346649355e-06,0.961724462727377,7.823738417673634e-12,2.7970946386694954e-06
4.3743739144787e-06,0,0.9996946496366622,0.9999998349910176,1.359182735292969e-12,1.1658399269595159e-06
4.3743739144787e-06,1,0.0002815788465699444,0.9999463601148012,3.4682425623834362e-12,1.862321820304814e-06
4.3743739144787e-06,2,1.0713414992476747e-05,0.9979160164033543,5.095572429841492e-12,2.2573374647671738e-06
4.3743739144787e-06,3,6.961916139892296e-06,0.9906124364118905,6.409119667019002e-12,2.5316239189538012e-06
4.3743739144787e-06,4,6.096185635449731e-06,0.9599552885623183,8.60418563393987e-12,2.9332892175746785e-06
4.576566486268877e-06,0,0.999680535713969,0.9999998273639626,1.3785998473420002e-12,1.1741379166614116e-06
4.576566486268877e-06,1,0.0002945940007983578,0.9999438807688307,3.67345255839785e-12,1.916625304642994e-06
4.576566486268877e-06,2,1.120861109878456e-05,0.9978196903893435,5.493901834959143e-12,2.343907386173597e-06
4.576566486268877e-06,3,7.283710242644511e-06,0.9901785238882168,6.983775391330151e-12,2.6426833694807537e-06
4.576566486268877e-06,4,6.377963891227577e-06,0.9581043395235584,9.504165328680223e-12,3.082882632971976e-06
4.78810481516314e-06,0,0.9996657694166998,0.9999998193843694,1.3992114424851048e-12,1.1828826833144126e-06
4.78810481516314e-06,1,0.00030821074226122807,0.9999412868223828,3.901156200929733e-12,1.975134476669812e-06
4.78810481516314e-06,2,1.1726696189032122e-05,0.997718911988572,5.9440124994287e-12,2.4380345566518738e-06
4.78810481516314e-06,3,7.620378331593263e-06,0.9897245550340125,7.64021981642838e-12,2.7640947553273893e-06
4.78810481516314e-06,4,6.672766518338142e-06,0.9561678358080115,1.0546665712268561e-11,3.247563042077638e-06
5.009420881303348e-06,0,0.9996503205907582,0.999999811035943,1.4211056852169017e-12,1.1921013737165568e-06
5.009420881303348e-06,1,0.00032245687755956,0.9999385729783876,4.154507175868606e-12,2.0382608213544715e-06
5.009420881303348e-06,2,1.2268728239199246e-05,0.9976134754025536,6.454450473239599e-12,2.5405610548143886e-06
5.009420881303348e-06,3,7.972607913014997e-06,0.9892496028043722,8.393146916767417e-12,2.897092838824365e-06
5.009420881303348e-06,4,6.981195530049401e-06,0.9541418229023078,1.175995531884801e-11,3.429279125246006e-06
5.240966631843249e-06,0,0.9996341576882629,0.9999998023016351,1.4443787233565876e-12,1.2018230832184026e-06
5.240966631843249e-06,1,0.00033736149857272884,0.9999357336949336,4.4371974961914035e-12,2.1064656408760633e-06
5.240966631843249e-06,2,1.2835814127094602e-05,0.9975031653203723,7.035462236441002e-12,2.652444577449452e-06
5.240966631843249e-06,3,8.341118271142283e-06,0.9887526973044662,9.260416786918228e-12,3.043093292509815e-06
5.240966631843249e-06,4,7.303880765922516e-06,0.952022163507325,1.3178986903944462e-11,3.6302874409534656e-06
5.483214903864875e-06,0,0.9996172477031255,0.9999997931636095,1.4691355600980874e-12,1.2120790238668794e-06
5.483214903864875e-06,1,0.0003529550418666931,0.9999327631739505,4.7535652417444495e-12,2.180267240900631e-06
5.483214903864875e-06,2,1.3429111892698933e-05,0.9973877564789978,7.699388729422292e-12,2.7747772396036213e-06
5.483214903864875e-06,3,8.726661937006375e-06,0.9882328238089277,1.0263847429732992e-11,3.203723994000262e-06
5.483214903864875e-06,4,7.6414811780004e-06,0.9498045290894546,1.4847224663756273e-11,3.853209657383864e-06
5.7366603899540054e-06,0,0.9995995561036474,0.9999997836032055,1.4954910374184907e-12,1.2229027097109937e-06
5.7366603899540054e-06,1,0.00036926935084817433,0.9999296553493695,5.108726966895151e-12,2.2602493152073183e-06
5.7366603899540054e-06,2,1.4049833102985878e-05,0.9972670132032788,8.461163367875184e-12,2.9088078946322983e-06
5.7366603899540054e-06,3,9.13002622517264e-06,0.9876889206896936,1.1430231528715283e-11,3.3808625421207653e-06
5.7366603899540054e-06,4,7.994686176446509e-06,0.9474843910413491,1.6819037472300077e-11,4.10110198267491e-06
6.001820648406641e-06,0,0.9995810467620033,0.9999997736009,1.523570947054685e-12,1.2343301612837162e-06
6.001820648406641e-06,1,0.00038633774079173926,0.9999264038747354,5.50874112921085e-12,2.347070755049973e-06
6.001820648406641e-06,2,1.4699245326050035e-05,0.9971406889246732,9.338944811163523e-12,3.055968718943884e-06
6.001820648406641e-06,3,9.552034841507259e-06,0.9871198772480654,1.2792649765216923e-11,3.5766813899503156e-06
6.001820648406641e-06,4,8.364217037382005e-06,0.9450570114341025,1.9162854029584187e-11,4.377539723358794e-06
6.279237160129188e-06,0,0.9995616818804668,0.9999997631362673,1.5535132879038713e-12,1.246400131540378e-06
6.279237160129188e-06,1,0.00040419506687256227,0.9999230021102471,5.96081071014247e-12,2.4414771574074723e-06
6.279237160129188e-06,2,1.537867471959403e-05,0.9970085256777329,1.0354925343557455e-11,3.217906981806257e-06
6.279237160129188e-06,3,9.993549565258072e-06,0.9865245314465629,1.4392177437783366e-11,3.793702339111935e-06
6.279237160129188e-06,4,8.750828375795927e-06,0.9425174333419765,2.1965350761230133e-11,4.686720683082162e-06
6.569476434390742e-06,0,0.9995414219142218,0.9999997521879377,1.585469691828128e-12,1.259154355838921e-06
6.569476434390742e-06,1,0.00042287779534379896,0.9999194431091978,6.4735355888521355e-12,2.5443143651781978e-06
6.569476434390742e-06,2,1.608950873906076e-05,0.9968702535733156,1.1536369453653032e-11,3.3965231419280855e-06
6.569476434390742e-06,3,1.04554720088846e-05,0.9859016675359404,1.6280116074457012e-11,4.034862584333822e-06
6.569476434390742e-06,4,9.155309686536257e-06,0.939860470719916,2.5337049695682453e-11,5.033592126472153e-06
6.8731311656856365e-06,0,0.9995202254906094,0.9999997407335538,1.6196070435413832e-12,1.2726378288976731e-06
6.8731311656856365e-06,1,0.0004424240780039341,0.9999157196037899,7.057228389612071e-12,2.656544445254412e-06
6.8731311656856365e-06,2,1.6833198970941383e-05,0.9967255902474467,1.2916955986546653e-11,3.5940166925804135e-06
6.8731311656856365e-06,3,1.0938745459231268e-05,0.9852500135725182,1.8520930500223496e-11,4.303595066943857e-06
6.8731311656856365e-06,4,9.578486956528934e-06,0.9370806978131823,2.9419855733317314e-11,5.424007350042707e-06
7.190821444068451e-06,0,0.9994980493246415,0.9999997287497246,1.6561093246446923e-12,1.2868991120692766e-06
7.190821444068451e-06,1,0.00046287383010615654,0.9999118239902931,7.724311721834878e-12,2.7792646009034256e-06
7.190821444068451e-06,2,1.761126409704439e-05,0.9965742402847075,1.4538523132703684e-11,3.812941532819994e-06
7.190821444068451e-06,3,1.1444356803803253e-05,0.9845682388207596,2.1196140404387696e-11,4.60392662891012e-06
7.190821444068451e-06,4,1.0021224351516839e-05,0.9341724380774773,3.4397282186168015e-11,5.864919623163477e-06
7.52319602143318e-06,0,0.9994748481306085,0.9999997162119784,1.695179717093823e-12,1.3019906747338181e-06
7.52319602143318e-06,1,0.0004842688118688635,0.9999077483135171,8.489820343011687e-12,2.9137296276442136e-06
7.52319602143318e-06,2,1.8425292995779206e-05,0.99641589461497,1.64533514319294e-11,4.056273096319995e-06
7.52319602143318e-06,3,1.1973338546078741e-05,0.9838549510357911,2.4409512614154872e-11,4.940598406484267e-06
7.52319602143318e-06,4,1.048442598076325e-05,0.9311297525869348,4.0508432586703845e-11,6.364623522778378e-06
7.87093363632259e-06,0,0.9994505745296022,0.9999997030947114,1.7370430076042525e-12,1.317969274150294e-06
7.87093363632259e-06,1,0.0005066527137537605,0.9999034842505663,9.372039317293256e-12,3.0613786628402007e-06
7.87093363632259e-06,2,1.9276947986787966e-05,0.9962502298822485,1.8727170141593663e-11,4.327490051010362e-06
7.87093363632259e-06,3,1.2526770913973324e-05,0.9831086936203134,2.8294038993112017e-11,5.319214133038077e-06
7.87093363632259e-06,4,1.096903774332379e-05,0.9279464279063024,4.806727479592715e-11,6.933056670468456e-06
8.234744399972759e-06,0,0.9994251789527633,0.9999996893711375,1.7819483419343474e-12,1.3348963787254603e-06
8.234744399972759e-06,1,0.0005300712456856731,0.9998990230938435,1.0393319441396258e-11,3.2238671562885867e-06
8.234744399972759e-06,2,2.0167968225550206e-05,0.9960769077843774,2.1443142911995406e-11,4.6306741314840334e-06
8.234744399972759e-06,3,1.3105784065761578e-05,0.9823279426501001,3.302138449775702e-11,5.746423626722714e-06
8.234744399972759e-06,4,1.1476049259656512e-05,0.9246159634025543,5.7489436006312484e-11,7.582178842939045e-06
8.61537124642371e-06,0,0.9993986095400583,0.9999996750132317,1.8301723868981706e-12,1.3528386403773993e-06
8.61537124642371e-06,1,0.0005545722303963015,0.9998943557332689,1.158112508561618e-11,3.4031052122460422e-06
8.61537124642371e-06,2,2.110017325489387e-05,0.9958955743821684,2.470718878594517e-11,4.97063263437816e-06
8.61537124642371e-06,3,1.3711560397961334e-05,0.9815111037620086,3.881477955519377e-11,6.230150845300118e-06
8.61537124642371e-06,4,1.2006495892515365e-05,0.921131557970016,6.93297815355813e-11,8.32645071657674e-06
9.013591449656873e-06,0,0.9993708120343757,0.999999659991674,1.8820229686656094e-12,1.3718684225047274e-06
9.013591449656873e-06,1,0.0005802057010824957,0.9998894726376756,1.2969388596913381e-11,3.6013037357203543e-06
9.013591449656873e-06,2,2.2075466720663752e-05,0.9957058593766349,2.865513750419296e-11,5.35304936500617e-06
9.013591449656873e-06,3,1.4345336959892605e-05,0.9806565088981475,4.596675475769102e-11,6.779878668360594e-06
9.013591449656873e-06,4,1.256146086125311e-05,0.9174860961419026,8.433559977552032e-11,9.18344160843419e-06
9.430218210858026e-06,0,0.9993417296707287,0.9999996442757888,1.93784326880681e-12,1.3920643910418835e-06
9.430218210858026e-06,1,0.0006070240035785166,0.9998843638353467,1.460027159578538e-11,3.821030174676115e-06
9.430218210858026e-06,2,2.3095840259136485e-05,0.9955073753528085,3.346242397160433e-11,5.78467146617717e-06
9.430218210858026e-06,3,1.50084079798429e-05,0.9797624128995547,5.486374158185501e-11,7.407006249616306e-06
9.430218210858026e-06,4,1.3142077453852072e-05,0.9136721335598986,1.0352259031014829e-10,1.0174605167285278e-05
9.866102319046629e-06,0,0.9993113030603358,0.9999996278334832,1.9980166751223053e-12,1.4135121772104779e-06
9.866102319046629e-06,1,0.0006350819032508956,0.9998790188936522,1.6526469831596646e-11,4.065276107670504e-06
9.866102319046629e-06,2,2.4163377564119396e-05,0.9952997169886031,3.935732566011157e-11,6.273541715818232e-06
9.866102319046629e-06,3,1.5702127507996776e-05,0.9788269899424263,6.602049506264779e-11,8.125299690635897e-06
9.866102319046629e-06,4,1.374953134119925e-05,0.9096818817721147,1.282845054059614e-10,1.1326275001339205e-05
1.0322133888462842e-05,0,0.9992794700693439,0.9999996106311803,2.0629724031832126e-12,1.436305121895488e-06
1.0322133888462842e-05,1,0.0006644366968341967,0.9998734268977439,1.8814249029019824e-11,4.3375395132517035e-06
1.0322133888462842e-05,2,2.5280258642039e-05,0.9950824602271108,4.663918447161424e-11,6.8292887236969445e-06
1.0322133888462842e-05,3,1.6427912181527023e-05,0.9778483298096219,8.012869642703519e-11,8.95146336791003e-06
1.0322133888462842e-05,4,1.4385062998331954e-05,0.9055071923283748,1.6055297518989156e-10,1.2670950050800909e-05
1.079924417626035e-05,0,0.9992461656919451,0.9999995926337514,2.1331920274525736e-12,1.460545113117898e-06
1.079924417626035e-05,1,0.0006951483294360673,0.9998675764282677,2.1547470610702925e-11,4.6419253129173594e-06
1.079924417626035e-05,2,2.644876426370894e-05,0.9948551614106401,5.570370132511767e-11,7.46349122898377e-06
1.079924417626035e-05,3,1.718724411749436e-05,0.9768244339898302,9.812622318837454e-11,9.90586811886644e-06
1.079924417626035e-05,4,1.5049970237598687e-05,0.9011395401403526,2.0303297628021504e-10,1.4248964042351116e-05
1.1298407484216499e-05,0,0.9992113219176293,0.9999995738044444,2.2092170888280046e-12,1.4863435298839916e-06
1.1298407484216499e-05,1,0.0007272795169504936,0.9998614555380425,2.4832967499714953e-11,4.983268756520658e-06
1.1298407484216499e-05,2,2.767128062186736e-05,0.9946173563747275,6.707835603679353e-11,8.190137730025884e-06
1.1298407484216499e-05,3,1.7981673939462626e-05,0.9757532115964314,1.2129684151989254e-10,1.1013484531241351e-05
1.1298407484216499e-05,4,1.5745610858907686e-05,0.8965700060725807,2.595536024906243e-10,1.6110667350877314e-05
1.1820643148343387e-05,0,0.9991748675923003,0.999999554104808,2.291657979642356e-12,1.513822307816329e-06
1.1820643148343387e-05,1,0.0007608958741292472,0.9998550517276646,2.8807774987187447e-11,5.367287488777496e-06
1.1820643148343387e-05,2,2.8950304203995187e-05,0.9943685595002716,8.1472456559628e-11,9.026209423652212e-06
1.1820643148343387e-05,3,1.881282394401034e-05,0.9746324750977194,1.5141514184696759e-10,1.2305086015423362e-05
1.1820643148343387e-05,4,1.6473405422475376e-05,0.8917892587287819,3.3559664321995143e-10,1.831929701762465e-05
1.2367017620463086e-05,0,0.9991367282729733,0.9999995334946139,2.381204349102301e-12,1.543115144473121e-06
1.2367017620463086e-05,1,0.0007960660485730707,0.9998483519199818,3.3648930200100655e-11,5.800769793751572e-06
1.2367017620463086e-05,2,3.028844689036664e-05,0.994108262721856,9.984852805650007e-11,9.992423532682152e-06
1.2367017620463086e-05,3,1.9682391413605255e-05,0.9734599358497674,1.9095948001892976e-10,1.381880892186189e-05
1.2367017620463086e-05,4,1.7234840149737243e-05,0.8867875353963226,4.3910269257753863e-10,2.0954777321115552e-05
1.2938646645997354e-05,0,0.9990968260757551,0.9999995119317742,2.4786373237572388e-12,1.5743688652146417e-06
1.2938646645997354e-05,1,0.0008328618609162006,0.9998413424333888,3.958685660022084e-11,6.291808690688302e-06
1.2938646645997354e-05,2,3.1688441287741685e-05,0.9938359344902349,1.2352514054071496e-10,1.1114186454289624e-05
1.2938646645997354e-05,3,2.0592152082606544e-05,0.9722331994228126,2.434282766975978e-10,1.560218820222336e-05
1.2938646645997354e-05,4,1.803146995834459e-05,0.8815546221098848,5.817159180651842e-10,2.411878765745045e-05
1.3536697542419253e-05,0,0.999055079516799,0.9999994893722555,2.584843901314891e-12,1.6077449739666087e-06
1.3536697542419253e-05,1,0.000871358451490504,0.9998340089538889,4.692379364839826e-11,6.850094426239558e-06
1.3536697542419253e-05,2,3.315314630959258e-05,0.9935510186868607,1.543265321930189e-10,1.2422823036372164e-05
1.3536697542419253e-05,3,2.1543963763472616e-05,0.970949760711617,3.13815223852074e-10,1.7714830618780242e-05
1.3536697542419253e-05,4,1.886492163744493e-05,0.8760798327936368,7.807312844621795e-10,2.7941569112384855e-05
1.4162391583019732e-05,0,0.9990114033459068,0.9999994657699894,2.7008339550678785e-12,1.6434214173692268e-06
1.4162391583019732e-05,1,0.0009116344337687512,0.9998263365058624,5.6059387515879364e-11,7.487281717411157e-06
1.4162391583019732e-05,2,3.468555301426071e-05,0.9932529334882418,1.9480263594308277e-10,1.395717148791555e-05
1.4162391583019732e-05,3,2.253977014058019e-05,0.9696069988198187,4.0933174146154167e-10,2.0231948533483908e-05
1.4162391583019732e-05,4,1.973689716973084e-05,0.8703519874393126,1.0621820617521468e-09,3.2591134711024515e-05
1.4817006490856596e-05,0,0.9989657083724404,0.9999994410767781,2.8277603843500303e-12,1.6815945957186085e-06
1.4817006490856596e-05,1,0.0009537720549003371,0.9998183094214859,6.752653677652135e-11,8.217453180671086e-06
1.4817006490856596e-05,2,3.62887907129644e-05,0.9929410701778064,2.4855620981690976e-10,1.576566553675771e-05
1.4817006490856596e-05,3,2.3581604739401107e-05,0.9682021717078284,5.405189557056045e-10,2.324906354470228e-05
1.4817006490856596e-05,4,2.0649177207040344e-05,0.8643593892756379,1.4658047055904554e-09,3.828582904405304e-05
1.5501879047978878e-05,0,0.9989179012831868,0.9999994152421956,2.966943068918544e-12,1.7224816599658017e-06
1.5501879047978878e-05,1,0.0009978573636672903,0.999809911308737,8.204205970330548e-11,9.057707199026997e-06
1.5501879047978878e-05,2,3.796613336013134e-05,0.9926147919028488,3.2073479518159923e-10,1.7909070193106042e-05
1.5501879047978878e-05,3,2.4671595079142583e-05,0.9667324105933391,7.229813238161266e-10,2.688831202987883e-05
1.5501879047978878e-05,4,2.160362470660672e-05,0.8580898008824799,2.0531405016972083e-09,4.5311593457935335e-05
1.621840782525526e-05,0,0.9988678844518046,0.9999993882134856,3.1198974385553494e-12,1.766323141034887e-06
1.621840782525526e-05,1,0.0010439803862035792,0.99980112501792,1.005789891972358e-10,1.0028907677171817e-05
1.621840782525526e-05,2,3.9721006239106204e-05,0.9922734323740198,4.18779400287963e-10,2.046410028044143e-05
1.621840782525526e-05,3,2.581196701733164e-05,0.9651947140930175,9.801257989996292e-10,3.1306960871340246e-05
1.621840782525526e-05,4,2.2602188735383663e-05,0.8515304192009423,2.9209591508599013e-09,5.4045898557243926e-05
1.696805603838046e-05,0,0.9988155557394611,0.9999993599354527,3.2883686620412355e-12,1.813385966098016e-06
1.696805603838046e-05,1,0.0010922353098365009,0.9997919326066452,1.244707415584434e-10,1.1156645623055498e-05
1.696805603838046e-05,2,4.155699295688454e-05,0.9919162945047039,5.535780632763819e-10,2.352823969778406e-05
1.696805603838046e-05,3,2.700504929521453e-05,0.9635859420934103,1.347550431689146e-09,3.6708996604226954e-05
1.696805603838046e-05,4,2.364690845021376e-05,0.8446678493883775,4.223857022598873e-09,6.49912072714369e-05
1.7752354535892152e-05,0,0.998760808286257,0.9999993303503512,3.4743727030887088e-12,1.8639669265007652e-06
1.7752354535892152e-05,1,0.0011427206754256016,0.9997823153031886,1.5556274627389007e-10,1.2472479555962002e-05
1.7752354535892152e-05,2,4.347784276215779e-05,0.9915426489875069,7.412662878761945e-10,2.722620590306689e-05
1.7752354535892152e-05,3,2.8253278293254044e-05,0.9619028093385535,1.8801783359748317e-09,4.3361023234868796e-05
1.7752354535892152e-05,4,2.4739917261968568e-05,0.8374880774649236,6.212937089263696e-09,7.882218652932496e-05
1.8572904925300463e-05,0,0.998703530293008,0.9999992993977651,3.680245799331425e-12,1.91839667413479e-06
1.8572904925300463e-05,1,0.0011955395785919183,0.9997722534681585,1.9643550733197422e-10,1.401554520280871e-05
1.8572904925300463e-05,2,4.548747820161411e-05,0.9911517328049446,1.0060750294602523e-09,3.17186858091607e-05
1.8572904925300463e-05,3,2.9559203006436097e-05,0.9601418787211863,2.6640309599272835e-09,5.161425151958792e-05
1.8572904925300463e-05,4,2.5883447192164253e-05,0.8299764416957055,9.303169936105625e-09,9.645294156274149e-05
1.9431382843713306e-05,0,0.9986436047929409,0.9999992670144869,3.908704313089689e-12,1.9770443376641023e-06
1.9431382843713306e-05,1,0.0012507998802484266,0.9997617265543899,2.507363757114834e-10,1.5834657423243592e-05
1.9431382843713306e-05,2,4.759000313012845e-05,0.990742747671293,1.3848990902412581e-09,3.7214232361305774e-05
1.9431382843713306e-05,3,3.092549024954475e-05,0.9582995542638704,3.835965988527244e-09,6.193517569626524e-05
1.9431382843713306e-05,4,2.7079833430948508e-05,0.8221176026502645,1.419283815947976e-08,0.0001191336986728766
2.0329541379636756e-05,0,0.9985809094128384,0.9999992331343869,4.162917404440485e-12,2.0403228676953275e-06
2.0329541379636756e-05,1,0.001308614426861645,0.9997507130649856,3.236786925013007e-10,1.79910725778454e-05
2.0329541379636756e-05,2,4.978971109120018e-05,0.9903148584024181,1.9347325843203833e-09,4.398559519115756e-05
2.0329541379636756e-05,3,3.23549301030358e-05,0.956372073775685,5.6173155397629794e-09,7.494875275655346e-05
2.0329541379636756e-05,4,2.8331519105767097e-05,0.8138955118780742,2.207935808257454e-08,0.0001485912449728265
2.126921465293841e-05,0,0.9985153161231399,0.9999991976882787,4.446595621315917e-12,2.1086952414504845e-06
2.126921465293841e-05,1,0.001369101280894199,0.9997391905094178,4.228017294961935e-10,2.0562143115351412e-05
2.126921465293841e-05,2,5.209109408475238e-05,0.9898671912102548,2.744955670672985e-09,5.2392324539697466e-05
2.126921465293841e-05,3,3.385044161063033e-05,0.9543555011694959,8.372203280632781e-09,9.149974470255521e-05
2.126921465293841e-05,4,2.9641060270448317e-05,0.8052933791361705,3.505697534356599e-08,0.00018723508042983288
2.2252321560283717e-05,0,0.9984466909764957,0.9999991606037786,4.7640993321007e-12,2.1826816836407224e-06
2.2252321560283717e-05,1,0.0014323839618988988,0.9997271353575997,5.591421148565575e-10,2.3646186053073284e-05
2.2252321560283717e-05,2,5.449885174019638e-05,0.9893988319184541,3.957961090373805e-09,6.291232860396923e-05
2.2252321560283717e-05,3,3.541507874026229e-05,0.9522457184241144,1.271046672579255e-08,0.00011274070571799943
2.2252321560283717e-05,4,3.1011131124892884e-05,0.7962936381019781,5.686476888233352e-08,0.00023846334913846514
2.328086969369402e-05,0,0.9983748938342333,0.9999991218051564,5.120572002541602e-12,2.2628680921656926e-06
2.328086969369402e-05,1,0.0014985916987566787,0.9997145229918358,7.490629900987049e-10,2.7369015146670968e-05
2.328086969369402e-05,2,5.7017900913493926e-05,0.9889088240955533,5.804356296952719e-09,7.618632618096714e-05
2.328086969369402e-05,3,3.705203662055329e-05,0.9500384171749319,1.9672714777253336e-08,0.0001402594552151595
2.328086969369402e-05,4,3.244452947602853e-05,0.7868779105013142,9.432393878668897e-08,0.00030712202588985537
2.4356959440228852e-05,0,0.998299778080182,0.9999990812131819,5.522104720055836e-12,2.3499158963792376e-06
2.4356959440228852e-05,1,0.0015678596935735168,0.9997013276565498,1.017148815989604e-09,3.1892770591304924e-05
2.4356959440228852e-05,2,5.965338572781636e-05,0.9883961671018576,8.664081484897424e-09,9.308104793617993e-05
2.4356959440228852e-05,3,3.876465806555069e-05,0.9477290899158531,3.106959175583057e-08,0.00017626568513420465
2.4356959440228852e-05,4,3.39441824511817e-05,0.7770269685783097,1.6016189513422623e-07,0.00040020231775219175
2.548278827116363e-05,0,0.99822119032127,0.9999990387449629,5.975940201894598e-12,2.4445736237418988e-06
2.548278827116363e-05,1,0.0016403293977751937,0.9996875224056898,1.4008511900407168e-09,3.742794664472948e-05
2.548278827116363e-05,2,6.241068807830292e-05,0.9878598140460447,1.317444029139983e-08,0.00011477996467763802
2.548278827116363e-05,3,4.0556440401052055e-05,0.9453130207945679,5.011647862382996e-08,0.00022386710036052633
2.548278827116363e-05,4,3.551315247553263e-05,0.7667206958306179,2.78692091286921e-07,0.0005279129580593007
2.666065522942185e-05,0,0.9981389700742817,0.9999989943137753,6.490726934616554e-12,2.5476905099749764e-06
2.666065522942185e-05,1,0.0017161488009637123,0.9996730790477018,1.9580542584518515e-09,4.424990687506417e-05
2.666065522942185e-05,2,6.529543862237031e-05,0.987298669647319,2.0424652655072068e-08,0.00014291484406831948
2.666065522942185e-05,3,4.243104260645612e-05,0.9427852759823598,8.264628360466902e-08,0.0002874826666160397
2.666065522942185e-05,4,3.715464352586054e-05,0.7559380459297231,4.975188275457075e-07,0.0007053501453503129
2.789296562442627e-05,0,0.9980529494381366,0.9999989478288867,7.076837279691817e-12,2.6602325612043427e-06
2.789296562442627e-05,1,0.0017954727331252931,0.99965796808796,2.7795829599640453e-09,5.2721750349965103e-05
2.789296562442627e-05,2,6.831352827801845e-05,0.986711587998751,3.231312094023588e-08,0.0001797585072819528
2.789296562442627e-05,3,4.439229278672579e-05,0.9401406935987866,1.3947858055789104e-07,0.00037346831265569377
2.789296562442627e-05,4,3.887200767335056e-05,0.7446569997424567,9.122792346250542e-07,0.0009551330978586461
2.9182235943954925e-05,0,0.9979629527510209,0.9999988991953708,7.74676761673715e-12,2.7833015676956656e-06
2.9182235943954925e-05,1,0.0018784631808069943,0.9996421586685363,4.010213298233212e-09,6.332624494025532e-05
2.9182235943954925e-05,2,7.14711202536097e-05,0.9860973702272324,5.2216972316629487e-08,0.00022851033306314506
2.9182235943954925e-05,3,4.6444195989719426e-05,0.9373738731706615,2.411555449242774e-07,0.0004910759054609352
2.9182235943954925e-05,4,4.0668751928821675e-05,0.7328545203659662,1.7203514246642778e-06,0.0013116216774147482
3.053109899303406e-05,0,0.9978687962316694,0.9999988483139136,8.515644258959996e-12,2.9181576823331523e-06
3.053109899303406e-05,1,0.0019652896179077157,0.9996256185051859,5.884550503624685e-09,7.671082390135491e-05
3.053109899303406e-05,2,7.477466263369095e-05,0.985454762045271,8.627374681673515e-08,0.0002937239295950113
3.053109899303406e-05,3,4.8590942384856397e-05,0.9344791646038034,4.276397988025542e-07,0.0006539417396087775
3.053109899303406e-05,4,4.2548545404356125e-05,0.7205065060843013,3.340721253070184e-06,0.001827764003658619
3.19423092703608e-05,0,0.9977702876040686,0.9999987950806106,9.401866488956526e-12,3.066246319028614e-06
3.19423092703608e-05,1,0.0020561293517590154,0.9996083138214192,8.789359071737591e-09,9.375158170259098e-05
3.19423092703608e-05,2,7.823090154655746e-05,0.9847824511896233,1.4588986996103095e-07,0.00038195532456169654
3.19423092703608e-05,3,5.08369158198168e-05,0.9314506566450417,7.78678430533858e-07,0.0008824275780673777
3.19423092703608e-05,4,4.4515226805953565e-05,0.70758774115056,6.689375456165608e-06,0.0025863826971594148
3.341874859323499e-05,0,0.9976672257048118,0.9999987393867549,1.0427928360071264e-11,3.229230304588272e-06
3.341874859323499e-05,1,0.0021511678852024854,0.9995902092795282,1.3373806403686222e-08,0.00011564517458020555
3.341874859323499e-05,2,8.184689494044813e-05,0.9840790647415355,2.527650449299763e-07,0.0005027574414466446
3.341874859323499e-05,3,5.3186702772749116e-05,0.9282821648109094,1.457702344106141e-06,0.0012073534462228286
3.341874859323499e-05,4,4.6572812272510884e-05,0.6940718442940863,1.383148949111213e-05,0.003719071052173127
3.496343198248776e-05,0,0.9975594000723049,0.9999986811186142,1.162147492085957e-11,3.4090284423658847e-06
3.496343198248776e-05,1,0.002250599295403133,0.9995712679084228,2.074813371321161e-08,0.0001440421247872011
3.496343198248776e-05,2,8.563002699650661e-05,0.983343166323122,4.492020429183009e-07,0.0006702253672596262
3.496343198248776e-05,3,5.5645101718268594e-05,0.9249672187583758,2.809094317437563e-06,0.0016760352971932195
3.496343198248776e-05,4,4.872550357713675e-05,0.679931214847557,2.9575672012745466e-05,0.005438351957417382
3.65795138194225e-05,0,0.9974465905169859,0.9999986201572002,1.301666770980205e-11,3.607861930534766e-06
3.65795138194225e-05,1,0.0023546266301722393,0.9995514510281333,3.2848738855742955e-08,0.00018124221046914805
3.65795138194225e-05,2,8.958802320793686e-05,0.9825732531641528,8.198024670420265e-07,0.0009054294379144222
3.65795138194225e-05,3,5.8217132926369736e-05,0.9214990490718296,5.579976090508614e-06,0.0023621973013507177
3.65795138194225e-05,4,5.097769670754656e-05,0.6651369763839614,6.550230858938238e-05,0.008093349651990971
3.8270294287343414e-05,0,0.9973285666716775,0.9999985563780242,1.4655960820139097e-11,3.82831043936344e-06
3.8270294287343414e-05,1,0.0024634623226091304,0.9995307181708218,5.3122865974136705e-08,0.00023048398203375588
3.8270294287343414e-05,2,9.372896615615062e-05,0.9817677530332624,1.5383425087072856e-06,0.0012402993625360314
3.8270294287343414e-05,3,6.0908048714266216e-05,0.917870573439327,1.1441305447478912e-05,0.0033824998813716035
3.8270294287343414e-05,4,5.3333990843062125e-05,0.6496589177483566,0.00015050124252350268,0.012267894787758114
4.003922611082412e-05,0,0.9972050875211567,0.9999984896508431,1.6592425547415268e-11,4.073380113298447e-06
4.003922611082412e-05,1,0.002577328624908513,0.9995090269981441,8.784028579800186e-08,0.0002963786189960434
4.003922611082412e-05,2,9.806131201611945e-05,0.9809250210273136,2.9718807260471883e-06,0.0017239143615757682
4.003922611082412e-05,3,6.372334417209108e-05,0.9140743821898794,2.4251179102320738e-05,0.004924548619144778
4.003922611082412e-05,4,5.579919774654607e-05,0.633465431363995,0.00035935428734121185,0.018956642301346825
4.1889921606479e-05,0,0.9970759009099812,0.9999984198393944,1.8892812942403935e-11,4.346586355107182e-06
4.1889921606479e-05,1,0.0026964580622192685,0.9994863332147901,1.4866250511580377e-07,0.0003855677698094121
4.1889921606479e-05,2,0.00010259390782463781,0.9800433362123586,5.918725756089333e-06,0.0024328431425164536
4.1889921606479e-05,3,6.666876838436058e-05,0.9101027231622449,5.321945482566847e-05,0.007295166538583507
4.1889921606479e-05,4,5.8378351590450455e-05,0.6165234486868354,0.0008932575936182455,0.029887415305078584
4.3826160059636535e-05,0,0.9969407430275646,0.9999983468011167,2.164161582418035e-11,4.652055010872114e-06
4.3826160059636535e-05,1,0.0028210939074815827,0.9994625904780293,2.577930770752457e-07,0.0005077332735553636
4.3826160059636535e-05,2,0.00010733600954676277,0.9791208981093379,1.2168990546331329e-05,0.0034884080246340636
4.3826160059636535e-05,3,6.975033617011856e-05,0.905947485874322,0.0001211114793203507,0.011005066075237836
4.3826160059636535e-05,4,6.107671923704681e-05,0.5987983726766204,0.002315843973658204,0.048123216576390695
4.5851895441976906e-05,0,0.9967993378694512,0.9999982703868594,2.494649425650495e-11,4.99464655971821e-06
4.5851895441976906e-05,1,0.002951490678211984,0.9994377503030748,4.585549148475324e-07,0.0006771668294058211
4.5851895441976906e-05,2,0.00011229730097731992,0.9781558230173414,2.5867211376891476e-05,0.005085981849838974
4.5851895441976906e-05,3,7.297434036573314e-05,0.9016001849608221,0.00028629039778528916,0.01692011813745073
4.5851895441976906e-05,4,6.38998109938285e-05,0.580254007146636,0.0062743024141768515,0.07921049434372224
4.797126448589469e-05,0,0.9966513966736916,0.9999981904405777,2.8945574923359896e-11,5.3801091925127224e-06
4.797126448589469e-05,1,0.0030879146562508004,0.9994117619640732,8.376691495712171e-07,0.000915242672503428
4.797126448589469e-05,2,0.00011748791351607581,0.9771461401669238,5.6935372497688385e-05,0.0075455531604838874
4.797126448589469e-05,3,7.634736467542973e-05,0.8970519428453969,0.0007042028997788255,0.02653682158395812
4.797126448589469e-05,4,6.685339186604987e-05,0.5608524828478708,0.01780037293980879,0.1334180382849665
5.018859513207603e-05,0,0.9964775667015634,0.9999981028007356,3.3574401871797114e-11,5.794342229433563e-06
5.018859513207603e-05,1,0.0032494603273576774,0.9993875899224487,1.4864630175595759e-06,0.0012192058962946233
5.018859513207603e-05,2,0.00012314213877287125,0.9761924561808281,0.00012093267351225523,0.010996939279283816
5.018859513207603e-05,3,7.989234200554155e-05,0.8926700625519244,0.0016654809496693792,0.040810304454504856
5.018859513207603e-05,4,6.99384903005509e-05,0.542455437882731,0.04816975637465902,0.21947609522373734
5.2508415367539415e-05,0,0.9960664595082713,0.9999979642077255,3.6090433543640953e-11,6.00753140180232e-06
5.2508415367539415e-05,1,0.003644975986288385,0.9993959875395046,1.429696302350868e-06,0.0011956990852011503
5.2508415367539415e-05,2,0.00013167310434030325,0.9763458036498736,0.00011822758052191018,0.010873250687899648
5.2508415367539415e-05,3,8.378480373906911e-05,0.8923318043209216,0.0016502265615593388,0.04062298070746827
5.2508415367539415e-05,4,7.310659736084991e-05,0.5445523988223886,0.04666052460392531,0.21601047336628218
5.4935462472188876e-05,0,0.9956065033559972,0.9999978154903278,3.879501408071506e-11,6.2285643675501225e-06
5.4935462472188876e-05,1,0.004088431464683995,0.9994042700736478,1.3750974580663041e-06,0.0011726454954786225
5.4935462472188876e-05,2,0.00014078814122124513,0.9764981871676368,0.00011558299663860681,0.010750953289760253
5.4935462472188876e-05,3,8.786258550945465e-05,0.8919926090288551,0.0016351118906623103,0.04043651679685468
5.4935462472188876e-05,4,7.64144525881008e-05,0.5466477811456454,0.04519857936127941,0.2125995751672129
5.747469269276281e-05,0,0.9950918870016179,0.9999976559089473,4.1702273144016496e-11,6.457729720576458e-06
5.747469269276281e-05,1,0.0045855858092790774,0.9994124391001318,1.3225836956220666e-06,0.0011500363888251827
5.747469269276281e-05,2,0.00015052586370794754,0.976649612488106,0.00011299756835913951,0.010630031437354243
5.747469269276281e-05,3,9.213375116583391e-05,0.8916524748933438,0.0016201356572875282,0.040250908775921176
5.747469269276281e-05,4,7.986757422947675e-05,0.5487415118807625,0.04378243908783689,0.20924253651644756
6.0131291363931785e-05,0,0.9945161180264194,0.9999974846699606,4.482739925702568e-11,6.695326672913405e-06
6.0131291363931785e-05,1,0.005142876643201574,0.9994204961726988,1.2720753875766188e-06,0.0011278631954171653
6.0131291363931785e-05,2,0.00016092716500157298,0.9768000853348494,0.00011046997245625565,0.010510469659166313
6.0131291363931785e-05,3,9.660658006344861e-05,0.8913114001338293,0.001605296593465099,0.04006615271604074
6.0131291363931785e-05,4,8.347158531380697e-05,0.5508335182888694,0.04241066864420766,0.20593850694857352
6.291068349721418e-05,0,0.993871946252168,0.9999973009217706,4.818671915579083e-11,6.941665445394991e-06
6.291068349721418e-05,1,0.005767496711379807,0.9994284428238729,1.223495947390393e-06,0.0011061175106607765
6.291068349721418e-05,2,0.00017203529581513068,0.9769496114011265,0.0001079989153014269,0.010392252657697797
6.291068349721418e-05,3,0.00010128954679195019,0.8909693829716151,0.0015905934428386683,0.039882244706619364
6.291068349721418e-05,4,8.72321938450588e-05,0.5529237278739241,0.041081877856102934,0.20268664942739306
6.58185448593345e-05,0,0.9931512794262333,0.9999971037505712,5.1797783085422416e-11,7.197067672699932e-06
6.58185448593345e-05,1,0.006467478177702118,0.9994362805652471,1.1767717132963987e-06,0.001084791092006382
6.58185448593345e-05,2,0.00018389593316176794,0.9770981963499963,0.00010558313220276601,0.010275365307509315
6.58185448593345e-05,3,0.00010619129478891801,0.8906264216299092,0.0015760249605590237,0.03969918085501291
6.58185448593345e-05,4,9.115516811390208e-05,0.5550120683926024,0.039794720105509704,0.1994861401338692
6.886081356264504e-05,0,0.9923450906302759,0.9999968921758021,5.56794564886259e-11,7.461866823297365e-06
6.886081356264504e-05,1,0.007251785224847092,0.9994440108877691,1.1318318366057306e-06,0.0010638758558242265
6.886081356264504e-05,2,0.0001965572358376528,0.9772458458144287,0.00010322138675775643,0.010159792653285619
6.886081356264504e-05,3,0.00011132060273798237,0.8902825143338636,0.0015615899131787142,0.03951695728644494
6.886081356264504e-05,4,9.524630630148712e-05,0.5570984678641111,0.03854789096600657,0.19633616825742162
7.204370219128079e-05,0,0.9914433168960698,0.9999966651452739,5.985201856527448e-11,7.736408634843074e-06
7.204370219128079e-05,1,0.008130415479621421,0.9994516352620216,1.088608174278613e-06,0.0010433638743404014
7.204370219128079e-05,2,0.00021006988238786195,0.9773925653974141,0.00010091247022045864,0.01004551990792207
7.204370219128079e-05,3,0.00011668634248760468,0.8899376593106171,0.001547287078547624,0.03933557014392475
7.204370219128079e-05,4,9.951139943332911e-05,0.5591828545799228,0.037340126880837196,0.193235935790518
7.53737104878113e-05,0,0.9904347485665714,0.9999964215299348,6.433726821794209e-11,8.021051565595505e-06
7.53737104878113e-05,1,0.009114510733264724,0.9994591551384987,1.0470351855980037e-06,0.0010232473726318595
7.53737104878113e-05,2,0.0002244870865045381,0.9775383606720739,9.865520088287037e-05,0.009932532450632636
7.53737104878113e-05,3,0.00012229742704558314,0.8895918547893362,0.001533115245709487,0.039155015588165545
7.53737104878113e-05,4,0.00010395618661370087,0.5612651571134316,0.0361702038824009,0.19018465732650702
7.885763862629455e-05,0,0.9893069090279714,0.9999961601182566,6.915863793688356e-11,8.316167262440285e-06
7.885763862629455e-05,1,0.010216477339854148,0.9994665719478797,1.0070498327892117e-06,0.0010035187256794023
7.885763862629455e-05,2,0.00023986458383596209,0.9776832371817723,9.644842347012813e-05,0.009820815825079305
7.885763862629455e-05,3,0.00012816274700589046,0.889245099001258,0.0015190732147993679,0.03897528979750334
7.885763862629455e-05,4,0.00010858630133275327,0.5633453043295243,0.035036936351864785,0.1871815598606465
8.25026010988387e-05,0,0.9880459245685635,0.9999958796102096,7.434131621943933e-11,8.622141046134616e-06
8.25026010988387e-05,1,0.011450116547324857,0.9994738871012987,9.685914854347116e-07,0.0009841704554774601
8.25026010988387e-05,2,0.0002562605830707827,0.9778272004402262,9.42910085492347e-05,0.009710355737522425
8.25026010988387e-05,3,0.00013429109354973337,0.888897390179731,0.0015051597969420719,0.03879638896781596
8.25026010988387e-05,4,0.00011340720749117555,0.5654232253940659,0.033939175817638265,0.1842258825942714
8.631604124403059e-05,0,0.9866363843041234,0.9999955786107984,7.991237916343142e-11,8.939372414405355e-06
8.631604124403059e-05,1,0.012830764833416514,0.9994811019906099,9.316018285392967e-07,0.0009651952281996098
8.631604124403059e-05,2,0.00027373567289283677,0.977970255931618,9.218185195101186e-05,0.009601138054991807
8.631604124403059e-05,3,0.00014069106593424675,0.8885487265602587,0.0014913738141514902,0.03861830931244259
8.631604124403059e-05,4,0.00011842412363301611,0.5674988497832967,0.03287580979149324,0.1813168767420541
9.030574644689691e-05,0,0.9850611903605834,0.9999952556231236,8.59009319220282e-11,9.268275563557021e-06
9.030574644689691e-05,1,0.01437544406958017,0.9994882179886502,8.960247741061298e-07,0.0009465858514187341
9.030574644689691e-05,2,0.00029235267497179195,0.9781124091107068,9.011987420498578e-05,0.009493148803478527
9.030574644689691e-05,3,0.00014737096114433542,0.8881991063805407,0.0014777140992308637,0.0384410470621036
9.030574644689691e-05,4,0.00012364193372028413,0.5695721072931382,0.031845760641150765,0.17845380534230915
9.447986404143859e-05,0,0.9833013988390044,0.99999490904094,9.233826075909838e-11,9.60927992927141e-06
9.447986404143859e-05,1,0.016103021003662104,0.999495236449498,8.618063760896511e-07,0.0009283352713807932
9.447986404143859e-05,2,0.0003121764315617946,0.9782536654029401,8.81040199869113e-05,0.009386374166146974
9.447986404143859e-05,3,0.0001543386431427819,0.887848527880517,0.0014641794956739627,0.038264598464820755
9.447986404143859e-05,4,0.0001290650826290658,0.5716429280484052,0.030847984498191306,0.1756359430702933
9.884691794821494e-05,0,0.9813360525235126,0.9999945371406678,9.925799649943964e-11,9.962830747304685e-06
9.884691794821494e-05,1,0.018034375118630562,0.999502158708729,8.288947485963225e-07,0.0009104365703311365
9.884691794821494e-05,2,0.00033327351453151926,0.9783940302045662,8.613325757865544e-05,0.009280800481567063
9.884691794821494e-05,3,0.00016160138892084446,0.8874969893024097,0.00145076885756717,0.03808895978583781
9.884691794821494e-05,4,0.00013469745440446588,0.5737112425119221,0.029881470200181236,0.1728625760544521
0.00010341582608094938,0,0.9791420068508617,0.9999941380728227,1.0669629022779715e-10,1.0329389634813721e-05
0.00010341582608094938,1,0.02019257336884145,0.999508986083667,7.972399872092454e-07,0.0008928829638923824
0.00010341582608094938,2,0.0003557118407639751,0.9785335088827466,8.420657834016169e-05,0.009176414241966286
0.00010341582608094938,3,0.0001691657083405552,0.8871444888907669,0.0014374810494924618,0.03791412730754147
0.00010341582608094938,4,0.00014054223119235425,0.5757769814935401,0.02894523826594476,0.1701330016955698
0.00010819591855770446,0,0.9766937513636306,0.9999937098528185,1.1469200215459345e-10,1.0709435193071269e-05
0.00010819591855770446,1,0.022603049594214015,0.9995157198736324,7.667940933173097e-07,0.0008756677984928473
0.00010819591855770446,2,0.00037956017687998324,0.9786721067756682,8.232299619322564e-05,0.009073202091501415
0.00010819591855770446,3,0.00017703713459035487,0.8867910248925054,0.0014243149464312763,0.03774009732938266
0.00010819591855770446,4,0.00014660173068518624,0.5778400761590539,0.028038339902941977,0.16744652848877453
0.0001131969567538162,0,0.9739632297425241,0.9999932503510996,1.232869046350606e-10,1.1103463632356374e-05
0.0001131969567538162,1,0.02529378554138879,0.9995223613601881,7.375109013341506e-07,0.0008587845488445577
0.0001131969567538162,2,0.0004048875142156754,0.9788098291926565,8.048154711681911e-05,0.008971150824549719
0.0001131969567538162,3,0.0001852199819737538,0.886436595556955,0.001411269433669269,0.03756686616779831
0.0001131969567538162,4,0.00015287721989749406,0.5799004580390151,0.02715985604574705,0.16480247584835322
0.00011842915323549343,0,0.9709196625820371,0.9999927572825509,1.3252590040242734e-10,1.1511989419836492e-05
0.00011842915323549343,1,0.028295489354049175,0.9995289118073809,7.093460086965326e-07,0.0008422268154698784
0.00011842915323549343,2,0.00043176229301299774,0.9789466814142884,7.868128865370187e-05,0.008870247384019335
0.00011842915323549343,3,0.00019371706775049495,0.8860811991359017,0.0013983434067019215,0.03739443015613317
0.00011842915323549343,4,0.0001593687031501992,0.5819580590374398,0.02630889642465257,0.1622001739353339
0.0001239031926147886,0,0.9675293783619635,0.9999922281951354,1.4245725715526964e-10,1.1935545951286419e-05
0.0001239031926147886,1,0.031641766107823044,0.9995353724619794,6.822567085360611e-07,0.0008259883222758426
0.0001239031926147886,2,0.00046025145299437233,0.9790826686925053,7.692129942806984e-05,0.008770478859678634
0.0001239031926147886,3,0.00020252939489471874,0.885724833883632,0.0013855357711410445,0.03722278564456245
0.0001239031926147886,4,0.00016607468232456815,0.5840128114404087,0.02548459866345571,0.15963896348778925
0.00012963025336852922,0,0.9637556595951143,0.9999916604577022,1.5313285972461006e-10,1.2374686247521998e-05
0.00012963025336852922,1,0.03536927343805004,0.9995417445537106,6.562019249220821e-07,0.0008100629141752399
0.00012963025336852922,2,0.0004904192860697836,0.979217796250726,7.520067867399367e-05,0.008671832486504433
0.00012963025336852922,3,0.0002116557929790091,0.885367498056977,0.0013728454426221136,0.03705192900001447
0.00012963025336852922,4,0.00017299188778681157,0.586064647924557,0.02468612740551269,0.157118195653822
0.00013562203066576546,0,0.9595586129116405,0.9999910512469025,1.646084811381598e-10,1.2829983676457262e-05
0.00013562203066576546,1,0.03951785352831594,0.9995480292954902,6.311421505775998e-07,0.000794444554753571
0.00013562203066576546,2,0.0005223260661092375,0.9793520692839601,7.351854577440462e-05,0.00857429564304874
0.00013562203066576546,3,0.00022109251500280314,0.8850091899153565,0.0013602713467124516,0.03688185660609362
0.00013562203066576546,4,0.00018011497893137123,0.5881135015654528,0.02391267346717433,0.15463723182718425
0.00014189076025034782,0,0.9548950738721663,0.999990397533153,1.7694407399783775e-10,1.3302032701727874e-05
0.00014189076025034782,1,0.04413063069397631,0.9995542278836533,6.070393869737861e-07,0.0007791273239809948
0.00014189076025034782,2,0.0005560264308201128,0.9794854929589221,7.187403981039345e-05,0.008477855849823907
0.00014189076025034782,3,0.00023083278893612226,0.8846499077208241,0.0013478124188202772,0.03671256486300402
0.00014189076025034782,4,0.00018743621410105795,0.5901593058458603,0.023163453017746725,0.15219544348549574
0.00014844924342740856,0,0.9497185595651368,0.9999896960655701,1.9020408369283132e-10,1.3791449658858612e-05
0.00014844924342740856,1,0.04925406152775697,0.9995603414981789,5.838570867121989e-07,0.000764105415968372
0.00014844924342740856,2,0.0005915674921938135,0.9796180724141444,7.026631912059006e-05,0.008382500767705903
0.00014844924342740856,3,0.00024086632413393858,0.8842896497381119,0.001335467604104565,0.03654405018747327
0.00014844924342740856,4,0.00019494509077854004,0.592201994663888,0.022437706785144382,0.14979221203101442
0.00015531087320476853,0,0.9439792844892652,0.9999889433558079,2.0445778508452007e-10,1.4298873559987866e-05
0.00015531087320476853,1,0.05493792212235933,0.9995663713029131,5.615600981074014e-07,0.000749373136766592
0.00015531087320476853,2,0.0006289866552118805,0.9797498127600912,6.869456087039976e-05,0.008288218196355581
0.00015531087320476853,3,0.0002511787746899368,0.883928414234675,0.0013232358573857337,0.03637630901267656
0.00015531087320476853,4,0.00020262795847363706,0.594241502341018,0.021734699286431756,0.14742692863392276
0.00016248966164265482,0,0.9376242577610712,0.9999881356607129,2.1977964442223738e-10,1.482496692820046e-05
0.00016248966164265482,1,0.061235214335767243,0.9995723184457903,5.401146118859056e-07,0.0007349249022083179
0.00016248966164265482,2,0.0006683091300977587,0.9798807190792721,6.715796063087448e-05,0.00819499607265766
0.00016248966164265482,3,0.0002617511643417087,0.8835661994807377,0.0013111161430571533,0.03620933778816113
0.00016248966164265482,4,0.00021046760872210475,0.5962777636300162,0.02105371808247278,0.14509899407808718
0.00017000026846757688,0,0.9305974821798166,0.9999872689637136,2.362497083806196e-10,1.5370416662557318e-05
0.00017000026846757688,1,0.06820197055824331,0.9995781840590472,5.194881099206378e-07,0.0007207552357913453
0.00017000026846757688,2,0.0007095451320081079,0.9800107964263566,6.565573196700526e-05,0.008102822469177345
0.00017000026846757688,3,0.0002725592808075556,0.883203003749338,0.0012991074349974765,0.036043132979771283
0.00017000026846757688,4,0.00021844284912439594,0.5983107137227196,0.020394073055933794,0.1428078186092547
0.00017785803100879672,0,0.9228402779223603,0.9999863389548511,2.5395402225102584e-10,1.593593493495207e-05
0.00017785803100879672,1,0.07589693418034252,0.9995839692594393,4.996493159231978e-07,0.000706858766602776
0.00017785803100879672,2,0.0007526867743623092,0.9801400498282875,6.418710603522236e-05,0.008011685592634196
0.00017785803100879672,3,0.0002835730515044458,0.8828388253163736,0.0012872087164837497,0.03587769106957344
0.00017785803100879672,4,0.00022652807143033968,0.6003402882577006,0.019755095711907377,0.14055282178564532
0.00018607899551852406,0,0.9142917553461157,0.9999853410093505,2.7298507947180734e-10,1.652226011996565e-05
0.00018607899551852406,1,0.0843810912303649,0.9995896751484502,4.805681480191324e-07,0.000693230227283211
0.00018607899551852406,2,0.0007977046786849305,0.9802684842843951,6.275133118990052e-05,0.007921573782393276
0.00018607899551852406,3,0.0002947559175057001,0.8824736624606481,0.0012754189801053371,0.0357130085557817
0.00018607899551852406,4,0.00023469282732871413,0.6023664233278062,0.019136138500448867,0.13833343233090425
0.00019467994993979415,0,0.9048894621807927,0.9999842701646284,2.934423048459049e-10,1.7130157758932196e-05
0.00019467994993979415,1,0.09371702781563258,0.9995953028125012,4.6221567313431004e-07,0.0006798644520301896
0.00019467994993979415,2,0.0008445443454632912,0.9803961047665111,6.134767259866437e-05,0.00783247550897316
0.00019467994993979415,3,0.00030606422832159285,0.882107513463916,0.0012637372276786277,0.03554908195268378
0.00019467994993979415,4,0.0002429014297898797,0.6043890554875693,0.018536574160338735,0.13614908798937558
0.0002036784581889459,0,0.8945702298319035,0.999983121095621,3.154325739702911e-10,1.7760421559475752e-05
0.0002036784581889459,1,0.1039680885217015,0.9996008533231546,4.445640631232549e-07,0.0006667563746401341
0.0002036784581889459,2,0.0008931223574646089,0.9805229162190836,5.9975411866300547e-05,0.007744379372570829
0.0002036784581889459,3,0.0003174466865080709,0.8817403766109302,0.0012521624701625224,0.03538590779056717
0.0002036784581889459,4,0.0002511126024222598,0.6064081217604926,0.01795579508340611,0.1339992353836622
0.0002130928960227059,0,0.8832712410653705,0.9999818880883119,3.3907077159093324e-10,1.8413874431822684e-05
0.0002130928960227059,1,0.11519731333331938,0.9996063277373187,4.275865525728907e-07,0.0006539010265880385
0.0002130928960227059,2,0.0009433225192005276,0.9806489235592903,5.863384666708139e-05,0.007657274101603088
0.0002130928960227059,3,0.0003288438779808158,0.8813722501894881,0.0012406937275746953,0.03522348261564571
0.0002130928960227059,4,0.0002592792041285217,0.6084235596462013,0.017393212698768673,0.1318833298744336
0.00022294248856312394,0,0.8709313364057076,0.9999805650113254,3.6448039180030897e-10,1.909136956324268e-05
0.00022294248856312394,1,0.1274661355292418,0.9996117270974455,4.112573982177224e-07,0.0006412935351441821
0.00022294248856312394,2,0.0009949920731804976,0.9807741316771531,5.7322290385312426e-05,0.00757114855126436
0.00022294248856312394,3,0.0003401879308198205,0.8810031324904777,0.001229330028908629,0.03506180298998654
0.00022294248856312394,4,0.00026734806105017874,0.6104353071274651,0.016848256876365538,0.1298008354224484
0.00023324734955698645,0,0.8740933598019434,0.9999806226167947,3.5725034556904657e-10,1.8901067312960043e-05
0.00023324734955698645,1,0.12425421138996834,0.9996029846600752,4.330797852415566e-07,0.0006580879768249505
0.00023324734955698645,2,0.0010198921187982058,0.9806885628004288,5.847754373397047e-05,0.007647061117447046
0.00023324734955698645,3,0.00035296550224935805,0.881635800791453,0.001232202016653909,0.03510273517340079
0.00023324734955698645,4,0.00027957118704067564,0.6094445031735001,0.017349441489580786,0.13171727862957383
0.00024402852244988254,0,0.8782650383398366,0.9999807798502826,3.4789295137258177e-10,1.8651888681111675e-05
0.00024402852244988254,1,0.12003289723824986,0.9995930118301513,4.589832206535476e-07,0.0006774830039591751
0.00024402852244988254,2,0.0010431945144637968,0.9805876694315212,5.983538029979746e-05,0.007735333237798968
0.00024402852244988254,3,0.0003662590624655472,0.8823356378644518,0.00123608532101013,0.0351580050772243
0.00024402852244988254,4,0.0002926108449841299,0.6082409103367556,0.017942701977875033,0.13395037132414017
0.0002553080233587983,0,0.882311078284507,0.9999809358079585,3.3878065372321355e-10,1.8405995048440428e-05
0.0002553080233587983,1,0.1159358695971786,0.9995827885922064,4.864359963695867e-07,0.0006974496371563948
0.0002553080233587983,2,0.0010668533301857325,0.9804862594298711,6.122474555205306e-05,0.007824624307406271
0.0002553080233587983,3,0.00037999060707414396,0.8830318860730741,0.0012399808636621168,0.03521336200453056
0.0002553080233587983,4,0.0003062081810543602,0.6070359999683561,0.01855624888329586,0.1362213231593933
0.00026710888603099055,0,0.8862338143666926,0.9999810905001743,3.2990703285106395e-10,1.8163343107783432e-05
0.00026710888603099055,1,0.11196075175360241,0.9995723086640587,5.155307817726972e-07,0.000718004722667405
0.00026710888603099055,2,0.0010908739893738773,0.9803843302598729,6.264637158036629e-05,0.007914946088279204
0.00026710888603099055,3,0.00039417383301106176,0.8837245573362822,0.001243888683179055,0.035268806092339657
0.00026710888603099055,4,0.0003203860573202047,0.6058297853164746,0.019190775895593374,0.1385307759871191
0.0002794552088809549,0,0.8900356234233169,0.9999812439371972,3.212658371381355e-10,1.792389012290958e-05
0.0002794552088809549,1,0.10810512329718812,0.9995615656061906,5.463657890014309e-07,0.0007391656032320707
0.0002794552088809549,2,0.0011152621022172326,0.9802818793746272,6.410100747333714e-05,0.008006310478200126
0.0002794552088809549,3,0.00040882289396265974,0.884413663611758,0.001247808818251678,0.035324337477887366
0.0002794552088809549,4,0.00033516828331506406,0.6046222796913309,0.019847000425092052,0.1408793825408532
0.00029237220420153784,0,0.8937189166705394,0.9999813961292123,3.12850978713939e-10,1.768759392099273e-05
0.00029237220420153784,1,0.10436652779315538,0.9995505528178222,5.790451044740444e-07,0.0007609501327117595
0.00029237220420153784,2,0.0011400234655456044,0.9801789042159031,6.558941971324952e-05,0.008098729512290771
0.00029237220420153784,3,0.0004239524152658464,0.8850992168947461,0.0012517413076926596,0.035379956298625635
0.00029237220420153784,4,0.00035057965549411385,0.6034134964646582,0.020525664413811068,0.14326780662036767
0.00030588624964968927,0,0.8972861323761847,0.9999815470863207,3.0465652916648583e-10,1.7454412885184246e-05
0.00030588624964968927,1,0.10074248005373801,0.9995392635328879,6.136790402418104e-07,0.0007833766911529921
0.00030588624964968927,2,0.0011651640625886437,0.9800754022140991,6.711239257994834e-05,0.008192215364597561
0.00030588624964968927,3,0.000439577509217861,0.8857812292169073,0.001255686190436988,0.03543566269222276
0.00030588624964968927,4,0.00036664599827070034,0.6022034490691675,0.021227535174320262,0.145696723279284
0.00032002494211198985,0,0.900739728932195,0.9999816968185425,2.966767153656155e-10,1.72243059472832e-05
0.00032002494211198985,1,0.0972304730076507,0.9995276908159118,6.503845063575526e-07,0.0008064642002950611
0.00032002494211198985,2,0.0011906900626485382,0.979971370788206,6.867072856409571e-05,0.008286780349695273
0.00032002494211198985,3,0.00045571379081039694,0.8864597126451824,0.0012596435055423577,0.03549145679656384
0.00032002494211198985,4,0.00038339420669538353,0.6009921509980024,0.021953406257280688,0.148166819015867
0.0003348171540599565,0,0.9040821783253266,0.9999818453358166,2.88905915395733e-10,1.69972325805036e-05
0.0003348171540599565,1,0.09382798416922533,0.9995158275577832,6.892854055163432e-07,0.0008302321395346865
0.0003348171540599565,2,0.0012166078207015358,0.9798668073457681,7.026524879002206e-05,0.008382436924309187
0.0003348171540599565,3,0.0004723773939030877,0.8871346792806651,0.0012636132921895506,0.03554733874975102
0.0003348171540599565,4,0.0004008522908436181,0.59977961580419,0.02270409834865076,0.15067879196705408
0.0003502930925102067,0,0.907315960002199,0.9999819926480003,2.8133865459506887e-10,1.6773152792336594e-05
0.0003502930925102067,1,0.09053248171102607,0.9995036664714254,7.305130513005083e-07,0.0008547005623611747
0.0003502930925102067,2,0.0012429238769424214,0.9797617092828464,7.189679344839672e-05,0.008479197688955997
0.0003502930925102067,3,0.0004895849878517951,0.8878061412574852,0.0012675955896828317,0.03560330869010395
0.0003502930925102067,4,0.00041904942198068787,0.5985658571000855,0.02348046019757196,0.1532333521057735
0.00036648436070987894,0,0.9104435551228885,0.999982138764872,2.739696016986877e-10,1.6552027117507018e-05
0.00036648436070987894,1,0.08734143014564362,0.9994912000873585,7.742066114407613e-07,0.0008798901132759484
0.00036648436070987894,2,0.0012696449562850205,0.9796560739839789,7.356622223894355e-05,0.008577075389603589
0.00036648436070987894,3,0.0005073537946074898,0.8884741107417018,0.0012715904374503352,0.03565936675616009
0.00036648436070987894,4,0.00043801598057519216,0.59735088855681,0.024283369575983434,0.15583122144160788
0.0003834240226732851,0,0.9134674411955948,0.9999822836961297,2.6679356508251615e-10,1.6333816611022548e-05
0.0003834240226732851,1,0.08425229562403731,0.9994784207491516,8.205135775897517e-07,0.000905822045210731
0.0003834240226732851,2,0.0012967779678307169,0.9795498988221437,7.527441482343756e-05,0.008676082919350042
0.0003834240226732851,3,0.0005257016063018803,0.8891385999302074,0.0012755978750444462,0.0357155130866749
0.0003834240226732851,4,0.00045778360623517444,0.596134723903684,0.02511373427105038,0.15847313422485965
0.0004011466707015768,0,0.916390087083462,0.999982427451394,2.5980548910576443e-10,1.611848284131495e-05
0.0004011466707015768,1,0.08126255085924185,0.9994653206087646,8.695902631937765e-07,0.0009325182374590733
0.0004011466707015768,2,0.0013243300043158843,0.9794431811587206,7.702227128922009e-05,0.008776233320122026
0.0004011466707015768,3,0.0005446468033362892,0.8897996210496403,0.0012796179421422093,0.03577174782062248
0.0004011466707015768,4,0.0004783852496438134,0.5949173769276535,0.02597249311152849,0.1611598371540766
0.00041968849602331247,0,0.9192139483733999,0.9999825700402061,2.530004505491319e-10,1.5905987883471177e-05
0.00041968849602331247,1,0.07836967968548704,0.9994518916217721,9.216023311432725e-07,0.0009600012141363533
0.00041968849602331247,2,0.0013523083415480377,0.9793359183434532,7.88107126234753e-05,0.008877539784392706
0.00041968849602331247,3,0.0005642083729905755,0.8904571863553088,0.0012836506785457024,0.035828071097195595
0.00041968849602331247,4,0.0004998552265745523,0.5936988614727116,0.026860617029224522,0.16389208958709545
0.0004390873627001726,0,0.9219414630956959,0.9999827114720311,2.4637365514631496e-10,1.5696294312553996e-05
0.0004390873627001726,1,0.07557118126382666,0.9994381255424709,9.767253529832218e-07,0.0009882941631838276
0.0004390873627001726,2,0.0013807204378395244,0.9792281077144115,8.064068119852134e-05,0.00898001565691961
0.0004390873627001726,3,0.0005844059285692549,0.8911113081301235,0.0012876961241824498,0.035884483055806306
0.0004390873627001726,4,0.0005222292740685522,0.5924791914393133,0.027779110156753304,0.16667066375566308
0.0004593828849487534,0,0.9245750477823654,0.9999828517562562,2.3992043420637393e-10,1.5489365197010945e-05
0.0004593828849487534,1,0.07286457394622528,0.9994240139188674,1.0351454015711375e-06,0.001017420955932763
0.0004593828849487534,2,0.001409573933446467,0.979119746597953,8.251314126836776e-05,0.009083674436502431
0.0004593828849487534,3,0.0006052597291022231,0.8917619986835421,0.0012917543191057997,0.035940983836086064
0.0004593828849487534,4,0.0005455446088604872,0.5912583807837857,0.028729010962832414,0.16949634498369695
0.0004806165080363332,0,0.9271170938514747,0.9999829909021931,2.336362413245447e-10,1.5285164092169398e-05
0.0004806165080363332,1,0.07024739881074565,0.999409548087539,1.0970596791832003e-06,0.001047406167245162
0.0004806165080363332,2,0.0014388766500197088,0.9790108323086851,8.442907947680455e-05,0.009188529777761214
0.0004806165080363332,3,0.0006267906996178115,0.8924092703505222,0.0012958253034953341,0.03599757357788625
0.0004806165080363332,4,0.0005698399881418748,0.5900364435177312,0.029711393426397958,0.17236993190924557
0.000502831592915803,0,0.9295699643041531,0.9999831289190774,2.2751664917923321e-10,1.5083655033818335e-05
0.000502831592915803,1,0.06771722288101283,0.9993947191683709,1.1626771831887778e-06,0.0010782750962480669
0.000502831592915803,2,0.0014686365900735084,0.9789013621494281,8.63895053772878e-05,0.00929459549293501
0.000502831592915803,3,0.000649020452006153,0.8930531354904842,0.0012999091176572597,0.0360542524212784
0.000502831592915803,4,0.0005951557727544521,0.5888133937074271,0.030727368250869004,0.17529223671021202
0.0005260735047726026,0,0.9319359907206017,0.9999832658160706,2.2155734641288388e-10,1.4884802531874042e-05
0.0005260735047726026,1,0.06527164204352104,0.9993795180591626,1.2322194115403662e-06,0.0011100537876789422
0.0005260735047726026,2,0.0014988619364767958,0.9787913334111765,8.83954519648981e-05,0.009401885553701347
0.0005260735047726026,3,0.0006719713064911098,0.8936936064862863,0.0013040058020248099,0.03611102050655464
0.0005260735047726026,4,0.0006215339929095023,0.5875892454732177,0.031778084119933436,0.1782640853339041
0.0005503897056644789,0,0.9342174705411517,0.9999834016022588,2.1575413459455587e-10,1.4688571564129572e-05
0.0005503897056644789,1,0.06290828367661558,0.9993639354301008,1.3059211104604331e-06,0.0011427690538601547
0.0005503897056644789,2,0.0015295610519709042,0.9786807433730612,9.044797622064989e-05,0.009510414093016659
0.0005503897056644789,3,0.0006956663137292805,0.894330695743207,0.0013081153971586429,0.03616787797422794
0.0005503897056644789,4,0.0006490184165325138,0.5863640129889012,0.03286472899627541,0.18128631773047688
0.0005758298514432385,0,0.9364166646182647,0.9999835362866556,2.1010292526205661e-10,1.4494927570086599e-05
0.0005758298514432385,1,0.060624809005127595,0.999347961718096,1.3840310668489528e-06,0.0011764484973210484
0.0005758298514432385,2,0.0015607424787167498,0.9785695893023125,9.2548159668439e-05,0.009620195406977916
0.0005758298514432385,3,0.0007201292775548019,0.8949644156879396,0.0013122379437472457,0.03622482496503255
0.0005758298514432385,4,0.0006776546203361425,0.5851377104811133,0.03398853146471206,0.18435978809033185
0.0006024458931564311,0,0.9385357950253288,0.9999836698782004,2.0459973704155013e-10,1.4303836444868563e-05
0.0006024458931564311,1,0.058418915194680246,0.9993315871209819,1.4668129480866454e-06,0.0012111205340867791
0.0006024458931564311,2,0.0015924149378736773,0.9784578684542213,9.469710894492528e-05,0.00973124395670591
0.0006024458931564311,3,0.000745384778388948,0.895594778767595,0.0013163734826073332,0.03628186161992426
0.0006024458931564311,4,0.0007074900637281632,0.5839103522287024,0.03515076212125909,0.1874853650855423
0.0006302921831360214,0,0.94057704310815,0.9999838023857605,1.9924069284261093e-10,1.4115264533214067e-05
0.0006302921831360214,1,0.0562883371996401,0.9993148015915686,1.5545461920685643e-06,0.0012468144176534712
0.0006302921831360214,2,0.00162458732921129,0.9783455780721023,9.689595638264395e-05,0.009843574370250064
0.0006302921831360214,3,0.0007714581973336853,0.896221797448716,0.0013205220546842595,0.03633898808008087
0.0006302921831360214,4,0.0007385741656648567,0.5826819525621014,0.03635273500969453,0.19066393211537028
0.0006594255859907035,0,0.9425425477651609,0.9999839338181314,1.9402201712674732e-10,1.3929178623549464e-05
0.0006594255859907035,1,0.05423084937855152,0.9992975948315527,1.6475269504725748e-06,0.0012835602636699901
0.0006594255859907035,2,0.0016572687307548689,0.9782327153872565,9.914586060665997e-05,0.00995720144451542
0.0006594255859907035,3,0.0007983757409685976,0.8968454842163007,0.0013246837010524159,0.03639620448690242
0.0006594255859907035,4,0.0007709583845642,0.5814525258626939,0.03759580910724602,0.19389638755594704
0.0006899055947285018,0,0.9444344039425725,0.9999840641840373,1.8894003324746978e-10,1.3745545942139576e-05
0.0006899055947285018,1,0.05224426689069527,0.9992799562852756,1.7460690884467129e-06,0.0013213890753471186
0.0006899055947285018,2,0.001690468398464204,0.9781192776189326,0.00010144800714507389,0.010072140147211708
0.0006899055947285018,3,0.0008261644668707266,0.8974658515728368,0.0013288584629156377,0.036453510982011564
0.0006899055947285018,4,0.0008046963013972202,0.5802220865621747,0.03888138986108049,0.19718364501418592
0.0007217944522468036,0,0.9462546613309516,0.9999841934921309,1.8399116086003067e-10,1.356433414731555e-05
0.0007217944522468036,1,0.05032644688714617,0.99926187513333,1.8505052440900113e-06,0.0013603327696155862
0.0007217944522468036,2,0.0017241957659449806,0.9780052619742908,0.0001038036090537062,0.010188405618825067
0.0007217944522468036,3,0.0008548523098771129,0.8980829120373446,0.0013330463816076173,0.03651090770725397
0.0007217944522468036,4,0.0008398437060799876,0.5789906491419057,0.04021093077733396,0.20052663358600015
0.000755157278437911,0,0.9480053232500134,0.9999843217509954,1.791719133990104e-10,1.3385511323778797e-05
0.000755157278437911,1,0.04847528950939256,0.9992433402860079,1.9611879513031903e-06,0.0014004242040550393
0.000755157278437911,2,0.0017584604441911536,0.977890665648364,0.00010621390755528407,0.010306013174612386
0.000755157278437911,3,0.000884468109109905,0.8986966781444307,0.0013372474985923132,0.03656839480469868
0.000755157278437911,4,0.0008764586872929366,0.5777582281322661,0.041585935064477955,0.20392629811889873
0.0007900622031696669,0,0.949688345708779,0.9999844489691443,1.7447889562196991e-10,1.320904597697994e-05
0.0007900622031696669,1,0.046688738708222204,0.9992243403765896,2.078490829799413e-06,0.0014416972046166327
0.0007900622031696669,2,0.0017932722213560895,0.9777754858240214,0.00010868017269347186,0.010424978306618765
0.0007900622031696669,3,0.0009150416357840936,0.8993071624433523,0.001341461855464355,0.03662597241663837
0.0007900622031696669,4,0.0009146017258585014,0.5765248381119985,0.0430079573328802,0.20738359947903354
0.0008265805054127272,0,0.9513056366286355,0.9999845751550219,1.6990880121744803e-10,1.3034907027572081e-05
0.0008265805054127272,1,0.044964782895184276,0.9992048637544662,2.2028098462921737e-06,0.0014841865941626659
0.0008265805054127272,2,0.0018286410625496692,0.9776597196719309,0.00011120370400208726,0.010545316685718228
0.0008265805054127272,3,0.0009466036218180213,0.89991437749709,0.00134568949394946,0.03668364068558981
0.0008265805054127272,4,0.0009543357918125366,0.575290493707549,0.04447860535248161,0.21089951482277433
0.0008647867587985768,0,0.9528590552172498,0.9999847003170037,1.6545841047560633e-10,1.2863063805936995e-05
0.0008647867587985768,1,0.04330145543851603,0.9991848984780952,2.334564651117573e-06,0.0015279282218473396
0.0008647867587985768,2,0.001864577109657891,0.9775433643505216,0.00011378583118985625,0.010667044163677971
0.0008647867587985768,3,0.0009791857892669118,0.9005183358814316,0.0013499304559048413,0.03674139975429408
0.0008647867587985768,4,0.0009957264453094548,0.574055209592403,0.045999541870576865,0.2144750378728883
0.0009047589839055421,0,0.9543504114817372,0.999984824463398,1.6112458801988614e-10,1.269348604678345e-05
0.0009047589839055421,1,0.04169683501497636,0.9991644323077826,2.474199994802833e-06,0.0015729589933634101
0.0009047589839055421,2,0.001901090681180951,0.9774264170059467,0.00011642791484106923,0.010790176775246513
0.0009047589839055421,3,0.001012820880599715,0.9011190501840658,0.0013541847833196316,0.03679924976571712
0.0009047589839055421,4,0.0010388419415056987,0.5728190004864154,0.047572486491753226,0.218111179199401
0.0009465788075837687,0,0.9557814658699362,0.9999849476024447,1.5690428059808838e-10,1.2526143883817094e-05
0.0009465788075837687,1,0.04014904582856801,0.9991434526982893,2.622187229362812e-06,0.0016193169020802605
0.0009465788075837687,2,0.0019381922720852365,0.9773088747720462,0.00011913134713250385,0.010914730740265829
0.0009465788075837687,3,0.0010475426898396332,0.9017165330036846,0.0013584525183152887,0.03685719086304989
0.0009465788075837687,4,0.0010837533395708756,0.5715818811551375,0.04919921762211373,0.22180896650521983
0.0009903316296445343,0,0.9571539290291111,0.9999850697423176,1.5279451493129696e-10,1.2361007844480036e-05
0.0009903316296445343,1,0.038656257706655504,0.9991219467912557,2.779025899392307e-06,0.001667041061099668
0.0009903316296445343,2,0.0019758925536640676,0.9771907347703098,0.0001218975525669976,0.011040722465808004
0.0009903316296445343,3,0.0010833860945886628,0.9023107969490968,0.0013627337031460194,0.03691522318970887
0.0009903316296445343,4,0.0011305346159807268,0.5703438664091378,0.050881574479982504,0.2255694449165988
0.0010361067972542864,0,0.9539080995493098,0.9999842735463589,1.4775759108955013e-10,1.2155558032832147e-05
0.0010361067972542864,1,0.04154585936601526,0.9991345758747967,2.7565332757706466e-06,0.0016602810833622863
0.0010361067972542864,2,0.0021462317597410368,0.9771198958228418,0.00012249794442411598,0.011067878948746954
0.0010361067972542864,3,0.0011789285029199495,0.9023366885114825,0.00136899534788077,0.03699993713347051
0.0010361067972542864,4,0.0012208808220141713,0.5692645987633199,0.051125129470763996,0.2261086673941625
0.0010839977873895225,0,0.9490012739433302,0.9999831599391712,1.4261383458067853e-10,1.1942103440377602e-05
0.0010839977873895225,1,0.04599689385694044,0.9991561527602052,2.6850779868228674e-06,0.0016386207574734513
0.0010839977873895225,2,0.002371075339785073,0.9770619851531774,0.0001224944892486191,0.011067722857418283
0.0010839977873895225,3,0.0013003288994016726,0.9022072987692904,0.0013758274947400621,0.037092148694030415
0.0010839977873895225,4,0.001330427960542722,0.5682284191534512,0.05096554955662346,0.2257555083638569
0.001134102397725119,0,0.9436026041883231,0.9999819674776763,1.3764914319345135e-10,1.1732397163131298e-05
0.001134102397725119,1,0.05089690097238072,0.9991771921304573,2.6154749731091664e-06,0.0016172430160953444
0.001134102397725119,2,0.0026180393295803226,0.9770039313583279,0.00012249103417057887,0.01106756676829098
0.001134102397725119,3,0.0014334450127659964,0.902077756207345,0.0013826937383044887,0.037184590065032164
0.001134102397725119,4,0.0014490104969495758,0.5671916420424363,0.05080646774878137,0.22540290093248883
0.0011865229463459096,0,0.9376695833495636,0.9999806905784246,1.3285728328953072e-10,1.1526373379755262e-05
0.0011865229463459096,1,0.056284982644066624,0.9991977073541093,2.547676219659713e-06,0.0015961441725795677
0.0011865229463459096,2,0.0028889853624350964,0.9769457341020434,0.00012248757918999274,0.01106741068136503
0.0011865229463459096,3,0.0015792366832118434,0.9019480606944614,0.0013895942487380294,0.03727726181921131
0.0011865229463459096,4,0.0015772119607228012,0.5661542761729831,0.05064788249246881,0.22505084423851604
0.0012413664806893456,0,0.9311575220840038,0.9999793232626494,1.2823223823680275e-10,1.1323967424750159e-05
0.0012413664806893456,1,0.062202288522216535,0.9992177114683023,2.4816349561562728e-06,0.0015753205883744022
0.0012413664806893456,2,0.003185863368832567,0.9768873930473727,0.00012248412430685733,0.011067254596640368
0.0012413664806893456,3,0.001738705544025072,0.9018182120994739,0.001396529197053888,0.03737016453073077
0.0012413664806893456,4,0.0017156204809222811,0.5651163303082456,0.05048979223776989,0.22469933742174206
0.0012987449961459094,0,0.9240197781903519,0.9999778591282805,1.2376820085493921e-10,1.1125115768158964e-05
0.0012987449961459094,1,0.06869181219815142,0.9992372171869247,2.4173056246681627e-06,0.001554768672397332
0.0012987449961459094,2,0.003510700127581825,0.9768289078566624,0.0001224806695211705,0.011067098514116991
0.0012987449961459094,3,0.0019128884198150499,0.9016882102912374,0.0014034987551187347,0.03746329877518442
0.0012987449961459094,4,0.001864821064099743,0.564077813231536,0.05033219543960659,0.22434837962331394
0.001358775664763697,0,0.9162080810063881,0.9999762913199814,1.19459566123928e-10,1.0929755995626252e-05
0.001358775664763697,1,0.0757981007806833,0.9992562369085779,2.354643848224545e-06,0.001534484880415752
0.001358775664763697,2,0.0038655835389487573,0.9767702781915558,0.00012247721483292935,0.011066942433794863
0.001358775664763697,3,0.002102848459883516,0.901558055138627,0.0014105030956569626,0.037556665129600666
0.001358775664763697,4,0.0020253862140960964,0.5630387337460373,0.05017509055772362,0.22399796998572025
0.001421581074524199,0,0.907672965392714,0.9999746124970627,1.153009241464435e-10,1.0737826788808037e-05
0.001421581074524199,1,0.0835668641712743,0.9992747827243458,2.2936064002013726e-06,0.0015144657144357454
0.001421581074524199,2,0.00425264199014648,0.9767115037129916,0.00012247376024213105,0.011066786355673947
0.001421581074524199,3,0.0023096636907693085,0.9014277465105395,0.001417542392254961,0.03765026417244587
0.001421581074524199,4,0.002197864755095858,0.5619991006745116,0.05001847605667334,0.22364810765278864
0.0014872894796778887,0,0.8983643297568421,0.9999728147991256,1.1128705335521047e-10,1.0549267906125546e-05
0.0014872894796778887,1,0.09204447059396806,0.9992928664253774,2.2341511745019672e-06,0.0014947077220988615
0.0014872894796778887,2,0.004674018205634479,0.9766525840812035,0.0001224703057487729,0.011066630279754217
0.0014872894796778887,3,0.0025344126882350495,0.9012972842758924,0.0014246168193654321,0.03774409648362817
0.0014872894796778887,4,0.0023827687553202993,0.5609589228590104,0.04986235040580083,0.2232987917696843
0.00155603506265085,0,0.8882321313546063,0.9999708898092763,1.0741291395683473e-10,1.0364020163857012e-05
0.00155603506265085,1,0.10127731599486528,0.9993104995102837,2.1762371565105005e-06,0.001475207496086737
0.00155603506265085,2,0.005131837039384321,0.9765935189557186,0.00012246685135285218,0.011066474206035641
0.00155603506265085,3,0.002778157108061722,0.9011666683036257,0.0014317265523117039,0.037838162644500906
0.00155603506265085,4,0.0025805585030822874,0.55991820916058,0.0497067120792289,0.22295002148290746
0.0016279582080572614,0,0.8772272296866439,0.9999688285147357,1.0367364160386615e-10,1.0182025417561388e-05
0.0016279582080572614,1,0.11131105708238284,0.9993276931923543,2.119824394798463e-06,0.0014559616735334976
0.0016279582080572614,2,0.005628166785336992,0.9765343079953567,0.0001224633970543661,0.011066318134518187
0.0016279582080572614,3,0.0030419208829567867,0.9010358984627015,0.001438871767292079,0.03793246323786631
0.0016279582080572614,4,0.002791625562679217,0.5588769684589685,0.049551559555843186,0.22260179594029153
0.0017032057893773096,0,0.8653023849114821,0.9999666212646638,1.0006454128715029e-10,1.000322654382826e-05
0.0017032057893773096,1,0.12218970128849005,0.999344458406598,2.0648739735645604e-06,0.001436966935445823
0.0017032057893773096,2,0.006164973767379784,0.9764749508582289,0.0001224599428533117,0.011066162065201815
0.0017032057893773096,3,0.0033266659954911773,0.9009049746221047,0.0014460526413841981,0.03802699884797903
0.0017032057893773096,4,0.0030162740371567124,0.5578352096523291,0.0493968913192772,0.2222541142910007
0.0017819314688859312,0,0.8524134125747685,0.9999642577249992,9.658108144080549e-11,9.827567422348497e-06
0.0017819314688859312,1,0.1339545520249917,0.999360805816612,2.011347985789011e-06,0.001418220006130576
0.0017819314688859312,2,0.006744070231571806,0.9764154472017378,0.00012245648874968686,0.011066005998086522
0.0017819314688859312,3,0.0036332648792202515,0.9007738966508437,0.0014532693525494318,0.03812177006054981
0.0017819314688859312,4,0.0032547002894476066,0.5567929416569242,0.04924270585789766,0.22190697568552833
0.0018642960114448933,0,0.8385204884251248,0.9999617268301045,9.321888825240972e-11,9.654992918299304e-06
0.0018642960114448933,1,0.1466430144598584,0.9993767458212829,1.959209507083762e-06,0.0013997176526299017
0.0018642960114448933,2,0.0073670559080207506,0.9763557966825749,0.00012245303474348824,0.011065849933172247
0.0018642960114448933,3,0.003962469685112015,0.90064266441795,0.0014605220796372897,0.03821677746274913
0.0018642960114448933,4,0.0035069715218841602,0.5557501734068258,0.049089001664789564,0.2215603792756944
0.0019504676127989908,0,0.8235895875900414,0.9999590167309916,8.99737401712695e-11,9.485448865038993e-06
0.0019504676127989908,1,0.16028727570986123,0.999392288561324,1.90842257022055e-06,0.0013814566841636948
0.0019504676127989908,2,0.008035254039092554,0.9762959989567207,0.00012244958083471326,0.011065693870458972
0.0019504676127989908,3,0.004314878878110512,0.9005112777924799,0.00146781100238985,0.038312021643210764
0.0019504676127989908,4,0.0037730037828943726,0.5547069138536163,0.04893577723774158,0.2212143242146439
0.002040622243046753,0,0.807594031040742,0.9999561147398855,8.684156260786336e-11,9.318882047105402e-06
0.002040622243046753,1,0.17491288373553787,0.9994074439256536,1.8589521403192644e-06,0.0013634339515793438
0.002040622243046753,2,0.008749643177542033,0.9762360536794431,0.00012244612702335918,0.011065537809946662
0.002040622243046753,3,0.004690901894649171,0.9003797366435136,0.0014751363014462245,0.0384075031920356
0.002040622243046753,4,0.004052540151528951,0.5536631719660879,0.04878303107923132,0.2208688096568443
0.0021349440059870942,0,0.7905160994480737,0.9999530072708653,8.38184228178129e-11,9.155240183513096e-06
0.0021349440059870942,1,0.19053726100749085,0.9994222215576162,1.8107640906794643e-06,0.0013456463468086495
0.0021349440059870942,2,0.00951078662469474,0.9761759605052971,0.00012244267330942328,0.01106538175163529
0.0021349440059870942,3,0.005090722885921935,0.9002480408401569,0.0014824981583470205,0.038503222700795064
0.0021349440059870942,4,0.004345130033818612,0.5526189567299402,0.04863076169641068,0.22052383475808388
0.002233625515075692,0,0.7723486608861388,0.9999496797763118,8.09005249639475e-11,8.994471911343516e-06
0.002233625515075692,1,0.20716820158970897,0.9994366308610524,1.7638251792383963e-06,0.0013280908023318271
0.002233625515075692,2,0.01031876197374533,0.9761157190881228,0.0001224392196929028,0.011065225695524823
0.002233625515075692,3,0.005514264876538331,0.9001161902515401,0.001489896755538849,0.03859918076253496
0.002233625515075692,4,0.004650110673868288,0.551574277147476,0.04847896760109132,0.22017939867546946
0.0023368682867588586,0,0.753096745370498,0.9999461166788557,7.808420535027489e-11,8.836526769623621e-06
0.0023368682867588586,1,0.22480241275232385,0.9994506810062186,1.7181030256392875e-06,0.0013107642906485084
0.0023368682867588586,2,0.011173093800921968,0.9760553290810456,0.00012243576617379496,0.011065069641615228
0.0023368682867588586,3,0.005961155959270709,0.8999841847468206,0.0014973322763788433,0.03869537797177905
0.0023368682867588586,4,0.004966592116985336,0.5505291422372973,0.048327647309729924,0.2198355005674241
0.0024448831519880915,0,0.7327789872386382,0.9999423012985206,7.536592782186553e-11,8.681355183487514e-06
0.0024448831519880915,1,0.24342417338148006,0.9994643809355653,1.673566088894058e-06,0.001293663823755638
0.0024448831519880915,2,0.012072693048357827,0.9759947901364742,0.00012243231275209704,0.011064913589906477
0.0024448831519880915,3,0.006430699392523458,0.8998520241951812,0.0015048049051392073,0.03879181492453282
0.0024448831519880915,4,0.005293446939000449,0.5494835610339992,0.04817679934341407,0.21949213959368583
0.002557890686755694,0,0.7114288474628819,0.9999382157747095,7.274227932487589e-11,8.528908448616146e-06
0.002557890686755694,1,0.26300418985693896,0.9994777393693688,1.6301836456250975e-06,0.0012767864526321924
0.002557890686755694,2,0.013015806997220871,0.9759341019061,0.0001224288594278063,0.011064757540398538
0.002557890686755694,3,0.006921849631496989,0.8997197084658318,0.0015123148270117757,0.03888849221828709
0.002557890686755694,4,0.005629306051461172,0.5484375425878627,0.048026422227847365,0.21914931491530465
0.0026761216625306406,0,0.6890955238221994,0.9999338409826826,7.020996562113668e-11,8.379138715950267e-06
0.0026761216625306406,1,0.2834987341598974,0.9994907648112288,1.5879257688710027e-06,0.0012601292667306012
0.0026761216625306406,2,0.013999983864037394,0.9758732640408962,0.00012242540620091997,0.011064601493091379
0.0026761216625306406,3,0.0074331963688131575,0.8995872374280094,0.0015198622281126066,0.03898541045202175
0.0026761216625306406,4,0.005972561785052726,0.5473910959645463,0.04787651449333533,0.2188070256946411
0.002799817517514489,0,0.6658444590578665,0.9999291564441263,6.776580715192792e-11,8.231998976671943e-06
0.002799817517514489,1,0.30484914726451495,0.9995034655534304,1.5467633074417712e-06,0.0012436893934748222
0.002799817517514489,2,0.015022055898437265,0.9758122761911172,0.0001224219530714351,0.01106444544798496
0.002799817517514489,3,0.007962958551074885,0.8994546109509787,0.001527447295486598,0.039082570226209506
0.002799817517514489,4,0.006321379228106285,0.5463442302447764,0.047727074674770914,0.21846527109536407
0.0029292308496797407,0,0.6417573669618937,0.9999241402314079,6.540673504574095e-11,8.087443047449604e-06
0.0029292308496797407,1,0.32698178217543883,0.999515849682172,1.5066678658091374e-06,0.0012274639977649599
0.0029292308496797407,2,0.01607814436482543,0.9757511380062964,0.00012241850003934961,0.01106428940507928
0.0029292308496797407,3,0.008508990049457068,0.8993218289040323,0.0015350702171121155,0.03917997214281954
0.0029292308496797407,4,0.006673716448384979,0.5452969545240377,0.04757810131162013,0.21812405028244852
0.0030646259325974447,0,0.6169317144299961,0.999918768865061,6.312978726502284e-11,7.945425555942416e-06
0.0030646259325974447,1,0.3498084446895002,0.999527925082669,1.4676117845181833e-06,0.0012114502814883422
0.0030646259325974447,2,0.017163688931117825,0.9756898491352461,0.00012241504710466006,0.011064133364374278
0.0030646259325974447,3,0.009068798185922176,0.8991888911564919,0.0015427311819056547,0.039277616805321255
0.0030646259325974447,4,0.007027353763463865,0.5442492779122601,0.047429592947907946,0.2177833624221739
0.0032062792551073942,0,0.5715559945734788,0.9999149097411257,6.205000950140562e-11,7.877182840419894e-06
0.0032062792551073942,1,0.39160412611790524,0.9995360677587525,1.4335859382315286e-06,0.0011973244916193473
0.0032062792551073942,2,0.019060676554465052,0.975666714314368,0.00012234604007133144,0.011061014423249409
0.0032062792551073942,3,0.010058765919567085,0.8990865320438916,0.0015498823298466756,0.039368544929253804
0.0032062792551073942,4,0.007720436834583752,0.5434382627374772,0.047296287268360125,0.2174770959626786
0.0033544800859330163,0,0.4785045140940664,0.9999152086678437,6.3558239798809e-11,7.972342177729767e-06
0.0033544800859330163,1,0.47756228464914663,0.9995358637625189,1.4092985968733162e-06,0.001187138827969718
0.0033544800859330163,2,0.022752388793285803,0.9757303699718091,0.00012212848371853294,0.011051175671327143
0.0033544800859330163,3,0.012002927740402168,0.8990538772410871,0.0015558175565125423,0.0394438532158376
0.0033544800859330163,4,0.009177884723099078,0.5431651863627952,0.04719673577906787,0.21724809729677236
0.0035095310643939097,0,0.38691201987562324,0.9999155065445042,6.510313018133217e-11,8.068651075696121e-06
0.0035095310643939097,1,0.5624859913188383,0.9995356596766276,1.3854227236625812e-06,0.0011770398139666224
0.0035095310643939097,2,0.026230986049671272,0.9757938632380205,0.0001219113142255514,0.01104134567095657
0.0035095310643939097,3,0.013833389617952201,0.8990212130582355,0.001561775511946198,0.039519305560019626
0.0035095310643939097,4,0.010537613137914834,0.5428920840414201,0.04709739383051532,0.21701933976149526
0.003671748818422352,0,0.3026679610182945,0.9999158033747957,6.668557173427135e-11,8.166123421444923e-06
0.003671748818422352,1,0.640946008207348,0.9995354555010393,1.3619513476413323e-06,0.0011670267124797669
0.003671748818422352,2,0.029257032841992103,0.975857194505686,0.00012169453090447052,0.011031524414353192
0.003671748818422352,3,0.015424037523172196,0.8989885394934101,0.0015677562831867605,0.03959490223736839
0.003671748818422352,4,0.01170496040919311,0.542618955935072,0.04699826098165115,0.21679082310294215
0.003841464611145766,0,0.2298821377863688,0.9999160991623931,6.830647720225571e-11,8.264773269863833e-06
0.003841464611145766,1,0.7091134620787121,0.9995352512357142,1.338877615951243e-06,0.001157098792649635
0.003841464611145766,2,0.031683305783499094,0.9759203641666526,0.00012147813306859746,0.011021711893739442
0.003841464611145766,3,0.016697524295587816,0.8989558565446848,0.0015737599576066586,0.039670643523979525
0.003841464611145766,4,0.012623570055832442,0.5423458022055334,0.046899336792352316,0.216562547067475
0.004019025017355594,0,0.17031944531549262,0.9999163939109585,6.996678151571438e-11,8.364614845628839e-06
0.004019025017355594,1,0.7652974110314292,0.9995350468806133,1.3161947918328731e-06,0.001147255329834154
0.004019025017355594,2,0.0334696313751015,0.9759833726119322,0.00012126212003246023,0.011011908101344663
0.004019025017355594,3,0.017633004799420218,0.8989231642101335,0.0015797866229129095,0.03974652969647677
0.004019025017355594,4,0.01328050747855643,0.5420726230146478,0.04680062082342211,0.21633451140172275
0.004204792631243958,0,0.12370651965210505,0.9999166876241412,7.166744233014039e-11,8.465662545255415e-06
0.004204792631243958,1,0.8096812937011357,0.999534842435697,1.2938962526587415e-06,0.0011374956055557935
0.004204792631243958,2,0.03466097038751518,0.9760462202317022,0.00012104649111180641,0.011002113029405142
0.004204792631243958,3,0.018254498875458925,0.8988904624878306,0.0015858363671484089,0.03982256103201311
0.004204792631243958,4,0.013696717383785174,0.5417994185243198,0.04670211263658837,0.21610671585258143
0.004399146806853323,0,0.0884871447703503,0.9999169803055776,7.340944057846128e-11,8.567930939174362e-06
0.004399146806853323,1,0.8436400834615917,0.9995346379009259,1.271975487999737e-06,0.0011278189074491246
0.004399146806853323,2,0.03535002652337584,0.9761089074153065,0.00012083124562359966,0.01099232667016404
0.004399146806853323,3,0.018611130019522148,0.8988577513758497,0.001591909278693206,0.039898737808271655
0.004399146806853323,4,0.01391161522516002,0.5415261888965146,0.046603811794501425,0.2158791601672135
0.004602484432751323,0,0.06257667683870882,0.9999172719588914,7.519378103683586e-11,8.67143477383275e-06
0.004602484432751323,1,0.8690505267619834,0.9995344332762608,1.2504260977243032e-06,0.0011182245292088273
0.004602484432751323,2,0.03564375842874028,0.9761714345512582,0.00012061638288601848,0.010982549015871429
0.004602484432751323,3,0.01875945824109002,0.8988250308722655,0.0015980054462657969,0.03997506030346667
0.004602484432751323,4,0.013969579729477547,0.5412529342932576,0.04650571786073208,0.21565184409304752
0.004815220742512612,0,0.04388648757063428,0.9999175625876936,7.702149290420474e-11,8.776188973820284e-06
0.004815220742512612,1,0.8878076069847497,0.9995342285616616,1.2292417901298046e-06,0.0011087117705381342
0.004815220742512612,2,0.03564209741198692,0.9762338020272383,0.00012040190221845372,0.010972780058784269
0.004815220742512612,3,0.018752270309910137,0.8987923009751522,0.0016041249589244212,0.040051528796344604
0.004815220742512612,4,0.013911537722718928,0.5409796548766345,0.04640783039976984,0.2154247673777782
0.005037790162662902,0,0.030595433198227717,0.9999178521955823,7.889363039592792e-11,8.882208644021369e-06
0.005037790162662902,1,0.9015714528596921,0.9995340237570894,1.2084163801055622e-06,0.0010992799370977177
0.005037790162662902,2,0.03542831270542634,0.9762960102300995,0.00012018780294150631,0.010963019791166406
0.005037790162662902,3,0.018633518651977255,0.8987595616825843,0.001610267906068373,0.04012814356618523
0.005037790162662902,4,0.013771282584676697,0.54070635080879,0.04631014897702085,0.2151979297693657
0.00527064719981663,0,0.021239485528379894,0.9999181407861434,8.081127335185051e-11,8.989509071793104e-06
0.00527064719981663,1,0.9116812962145614,0.9995338188625046,1.1879437873270098e-06,0.0010899283404550088
0.00527064719981663,2,0.035067054550050436,0.9763580595458651,0.00011997408437698598,0.010953268205288592
0.00527064719981663,3,0.01843730726402941,0.8987268129926365,0.0016164343774392894,0.040204904892802436
0.00527064719981663,4,0.013574856442978898,0.540433022251928,0.046212673158805985,0.2149713310160357
0.005514267368820088,0,0.014700694040856839,0.9999184283629499,8.27755278591483e-11,9.098105729169577e-06
0.005514267368820088,1,0.919162712441655,0.9995336138778674,1.167818034480435e-06,0.001080656298033947
0.005514267368820088,2,0.03460625219865751,0.9764199503597322,0.00011976074584790747,0.010943525293428414
0.005514267368820088,3,0.01818890582039632,0.8986940549033834,0.0016226244631224718,0.04028181305654541
0.005514267368820088,4,0.013341435498434565,0.5401596693683115,0.04611540251235905,0.21474497086627908
0.0057691481637951346,0,0.01015373656404861,0.9999187149295622,8.478752689031549e-11,9.208014275092947e-06
0.0057691481637951346,1,0.9247747382024472,0.9995334088031386,1.1480332455178061e-06,0.0010714631330651589
0.0057691481637951346,2,0.0340803506547959,0.9764816830560715,0.00011954778667849028,0.01093379104787037
0.0057691481637951346,3,0.017906465145881158,0.8986612874128997,0.0016288382535482038,0.040358868338299624
0.0057691481637951346,4,0.013084709432827198,0.5398862923202613,0.046018336605824585,0.21451884906885124
0.0060358100740665445,0,0.007002953110701858,0.9999190004895285,8.684843095665541e-11,9.319250557671223e-06
0.0060358100740665445,1,0.9290664806872132,0.9995332036382784,1.1285836439411766e-06,0.0010623481745365671
0.0060358100740665445,2,0.033513579407552486,0.9765432580184286,0.00011933520619415488,0.010924065460905793
0.0060358100740665445,3,0.017602746044851,0.898628510519261,0.0016350758394930668,0.04043607101948787
0.0060358100740665445,4,0.012814240749681332,0.5396128912701564,0.045921475008256316,0.2142929653727726
0.00631479764704772,0,0.004824971430825834,0.9999192850463842,8.895942877765986e-11,9.431830616463585e-06
0.00631479764704772,1,0.9324291161436977,0.9995329983832472,1.1094635511161136e-06,0.001053310757144402
0.00631479764704772,2,0.032922725136329004,0.9766046756295262,0.00011912300372152156,0.010914348524832876
0.00631479764704772,3,0.017286584202885376,0.8985957242205415,0.001641337312081269,0.040513421382071264
0.00631479764704772,4,0.012536603086262064,0.5393394663804337,0.04582481728961492,0.21406731952732747
0.00660668060025506,0,0.0033219976173877457,0.9999195686036524,9.112173796665596e-11,9.545770684793133e-06
0.00660668060025506,1,0.9351384276973216,0.9995327930380055,1.0906673846137487e-06,0.0010443502212446496
0.00660668060025506,2,0.032319287666009854,0.9766659362712643,0.00011891117858840796,0.010904640231956668
0.00660668060025506,3,0.01696402841435462,0.8985629285148166,0.0016476227627859768,0.0405909197085503
0.00660668060025506,4,0.012256258604926072,0.539066017813587,0.045728363020766244,0.21384191128206426
0.006912054984721925,0,0.0022860570095698455,0.9999198511648443,9.33366057331189e-11,9.661087192087592e-06
0.006912054984721925,1,0.9373874846909301,0.9995325876025136,1.0721896565808868e-06,0.001035465912804901
0.006912054984721925,2,0.031711074183009016,0.9767270403247219,0.00011869973012382704,0.010894940574589061
0.006912054984721925,3,0.016639181766774317,0.8985301234001618,0.0016539322834306467,0.040668566281965815
0.006912054984721925,4,0.0119762023497166,0.5387925457321668,0.04563211177347947,0.21361674038679523
0.007231544402188102,0,0.0007922335271632387,0.9999495537378251,7.845197297315675e-11,8.857311836734481e-06
0.007231544402188102,1,0.938585784417062,0.9995262937235957,1.0810378829207615e-06,0.0010397297162824393
0.007231544402188102,2,0.03166323618032669,0.9766977865406525,0.00011891805749460272,0.01090495563927716
0.007231544402188102,3,0.016812986910028173,0.8983418003398803,0.0016581609504494085,0.04072052247269684
0.007231544402188102,4,0.012145758965420143,0.5391865415224832,0.045390202773131764,0.2130497659541821
0.0075658012785501634,0,0.00013680187006441175,0.9999800698465808,5.396554345476625e-11,7.3461243832898884e-06
0.0075658012785501634,1,0.9374665590134825,0.9995135794825919,1.1182754915093689e-06,0.001057485456878424
0.0075658012785501634,2,0.03213805017283659,0.9765766140551487,0.00011957438286236577,0.010935007218212788
0.0075658012785501634,3,0.017484945185299847,0.8979950812687167,0.0016602642297907629,0.0407463400784753
0.0075658012785501634,4,0.012773643758316675,0.540256775226595,0.04500300178150758,0.21213910950484255
0.007915508196173315,0,2.360836995171156e-05,0.999992126201913,3.7121818228392884e-11,6.09276769854168e-06
0.007915508196173315,1,0.935777822907023,0.9995005241628377,1.1567957928835886e-06,0.001075544416973836
0.007915508196173315,2,0.03260009757126587,0.9764548266574646,0.00012023433058149808,0.010965141612468947
0.007915508196173315,3,0.01817267362622598,0.8976473143971351,0.0016623701770178759,0.04077217405311956
0.007915508196173315,4,0.0134257975255334,0.541326637771681,0.04461910380680677,0.2112323455505969
0.008281379287785573,0,4.073510932849113e-06,0.9999968893242895,2.5535356458272436e-11,5.05325206755733e-06
0.008281379287785573,1,0.9339392525031266,0.999487118623656,1.1966429708899347e-06,0.001093911774728627
0.008281379287785573,2,0.03306337566740389,0.9763324213854514,0.00012089792064426231,0.010995359050265812
0.008281379287785573,3,0.01888436104035744,0.8972984974783536,0.001664478795514806,0.040798024407007825
0.008281379287785573,4,0.014108937278179275,0.5423961194277277,0.04423848067265316,0.2103294574534275
0.008664161694800474,0,7.028022182217251e-07,0.9999987710790411,1.75652610936038e-11,4.191093066683654e-06
0.008664161694800474,1,0.9320213523925267,0.9994733534799104,1.2378627313389551e-06,0.0011125927967315604
0.008664161694800474,2,0.03353025347193515,0.9762093952643417,0.00012156517315326192,0.01102565976045252
0.008664161694800474,3,0.019622173708137614,0.8969486282671382,0.0016665900886699003,0.04082389115052484
0.008664161694800474,4,0.014825517625182184,0.5434652104787151,0.04386110444302906,0.20943042864643396
0.009064637093046446,0,1.212448365088859e-07,0.9999995144961594,1.2082791865101329e-11,3.476031050652645e-06
0.009064637093046446,1,0.9300343448221138,0.9994592190954948,1.280502354431052e-06,0.0011315928395103302
0.009064637093046446,2,0.0340010534325954,0.9760857453067141,0.0001222361083220494,0.011056043972508856
0.009064637093046446,3,0.020387211508116194,0.8965977045198554,0.0016687040598758033,0.04084977429406193
0.009064637093046446,4,0.015577268992337984,0.5445339012229659,0.043486947420224895,0.2085352426335292
0.009483623289018701,0,2.0915052250307916e-08,0.9999998081944396,8.311510912213023e-12,2.8829691139887406e-06
0.009483623289018701,1,0.9279780086198385,0.9994447055766513,1.324610748988201e-06,0.001150917351067487
0.009483623289018701,2,0.03447573087980734,0.9759614685124566,0.00012291074647573797,0.01108651191654697
0.009483623289018701,3,0.021180397871856084,0.8962457239945262,0.0016708207125294657,0.04087567384801706
0.009483623289018701,4,0.01636584171344584,0.5456021819734933,0.04311598214280635,0.20764388298913683
0.00992197588991302,0,3.6076054059254143e-09,0.9999999242243556,5.7173221565921466e-12,2.391092251794595e-06
0.00992197588991302,1,0.9258502656373315,0.999429802765111,1.3702385085536791e-06,0.0011705718724425592
0.00992197588991302,2,0.03495416762820211,0.9758365618687301,0.00012358910805161874,0.011117063823313183
0.00992197588991302,3,0.022002638986213997,0.8958926844508805,0.0016729400500321491,0.04090158982279478
0.00992197588991302,4,0.017192924140647065,0.5466700430583485,0.04274818138359874,0.2067563333578895
0.010380590050851915,0,6.22217299686111e-10,0.9999999700637046,3.932831585918802e-12,1.9831368046402652e-06
0.010380590050851915,1,0.9236486593923773,0.9994145002310553,1.4174379694242807e-06,0.0011905620393008844
0.010380590050851915,2,0.03543622290811617,0.9757110223499337,0.00012427121359977902,0.0111476999241897
0.010380590050851915,3,0.022854851804308716,0.8955385836504117,0.0016750620757894198,0.04092752222880613
0.010380590050851915,4,0.01806026527298049,0.5477374748209661,0.04238351814768881,0.20587257745432927
0.010860402302871414,0,1.0730664986528634e-10,0.9999999881732217,2.7053162056586782e-12,1.644784546881043e-06
0.010860402302871414,1,0.921370609643138,0.9993987872658903,1.4662632706814833e-06,0.001210893583549555
0.010860402302871414,2,0.03592174181117689,0.9755848469176668,0.00012495708378372427,0.011178420451196327
0.010860402302871414,3,0.0237379684331776,0.8951834193564319,0.001677186793211175,0.0409534710764689
0.010860402302871414,4,0.01896968000520081,0.5488044676205086,0.042021965670443175,0.20499259906260806
0.011362392465400814,0,1.8504235883618822e-11,0.9999999953276555,1.860932921410579e-12,1.3641601524053469e-06
0.011362392465400814,1,0.9190134563583208,0.999382652874831,1.5167704162904504e-06,0.0012315723349809586
0.011362392465400814,2,0.03641055629067793,0.9754580325206959,0.00012564673938100562,0.011209225636992308
0.011362392465400814,3,0.024652936182553556,0.8948271893341261,0.0016793142057116303,0.0409794363762074
0.011362392465400814,4,0.019923051149943367,0.5498710118322095,0.04166349741554428,0.204116382036191
0.011887585647141544,0,3.190612371206863e-12,0.999999998154121,1.2800985447638281e-12,1.131414400104501e-06
0.011887585647141544,1,0.9165744676352575,0.9993660857692911,1.5690173393381415e-06,0.0012526042229443989
0.011887585647141544,2,0.03690248485014145,0.9753305760949171,0.00012634020128384749,0.011240115714878004
0.011887585647141544,3,0.025600716724995237,0.8944698913506093,0.0016814443167093333,0.04100541813845255
0.011887585647141544,4,0.020922330786415266,0.5509370978477165,0.041308087073042364,0.2032439102975594
0.012437054339430528,0,1.0008389797959661e-12,0.9999999989999999,9.999999999999974e-13,9.999999999999987e-07
0.012437054339430528,1,0.9126688179660869,0.9993316296280069,1.663143050240171e-06,0.0012896290359014763
0.012437054339430528,2,0.03833849463897766,0.9753229019730543,0.00012645117065064474,0.01124505094033125
0.012437054339430528,3,0.026871772961159446,0.8943076057252866,0.0016746862846190476,0.04092293103651115
0.012437054339430528,4,0.02212091443277518,0.5496961003489486,0.04167427280039013,0.204142775528281
0.01301192060636311,0,1.0029222794716683e-12,0.9999999989999999,1.000000000000001e-12,1.0000000000000006e-06
0.01301192060636311,1,0.9057330411098204,0.9992581796906037,1.8484054148367124e-06,0.0013595607433420224
0.01301192060636311,2,0.0417817529221082,0.9755474528266217,0.00012543075314773382,0.011199587186487447
0.01301192060636311,3,0.028793171810625302,0.894525350453724,0.0016508985268681457,0.040631250619051165
0.01301192060636311,4,0.023692034156443165,0.5439685938713229,0.04348750935767135,0.2085365899732499
0.013613358376148204,0,1.0043963034340417e-12,0.9999999989999999,1.000000000000001e-12,1.0000000000000006e-06
0.013613358376148204,1,0.8983011764119551,0.9991766646911432,2.054304695620914e-06,0.001433284582914682
0.013613358376148204,2,0.04550645614893861,0.9757700111273013,0.00012441857006349126,0.011154307242652555
0.013613358376148204,3,0.030833118708358063,0.8947426993880481,0.001627448657726,0.04034164916963609
0.013613358376148204,4,0.02535924872974393,0.5382294349279498,0.04537963935667882,0.21302497355164446
0.014242595838374362,0,1.0052142041709081e-12,0.9999999989999999,1.000000000000001e-12,1.0000000000000006e-06
0.014242595838374362,1,0.8903472267008323,0.9990862005989884,2.2831396989945336e-06,0.001511006187609612
0.014242595838374362,2,0.049530767722807775,0.9759905936358724,0.00012341455494898753,0.011109210365682501
0.014242595838374362,3,0.032995984104460065,0.894959653030239,0.0016043318777191568,0.04005411187030811
0.014242595838374362,4,0.02712602147089474,0.532480125234407,0.04735409543013909,0.2176099616978485
0.014900917952082414,0,1.0053279121027612e-12,0.9999999989999999,1.000000000000001e-12,1.0000000000000006e-06
0.014900917952082414,1,0.8818454223374225,0.9989858068401029,2.537465302122222e-06,0.001592942341116659
0.014900917952082414,2,0.053873192951507304,0.9762092169888253,0.00012241864189151304,0.011064295815437738
0.014900917952082414,3,0.035285829327286994,0.8951762118825507,0.001581543455547349,0.039768624008725134
0.014900917952082414,4,0.02899555538277786,0.5267221772534372,0.049414459563718115,0.2222936336553931
0.01558966906976665,0,1.004688470855289e-12,0.9999999989999999,1.000000000000001e-12,1.0000000000000006e-06
0.01558966906976665,1,0.8727705304372095,0.9988743958365395,2.820120977402201e-06,0.0016793215824856776
0.01558966906976665,2,0.058552430433885215,0.976425897698974,0.00012143076551025117,0.011019562854771108
0.01558966906976665,3,0.03770631808808387,0.8953923764475059,0.0015590787271151576,0.03948517097740818
0.01558966906976665,4,0.030970721039816726,0.5209571126161147,0.051564469594328435,0.2270781134198724
0.01631025568266247,0,1.003246442935694e-12,0.9999999989999999,1.000000000000001e-12,1.0000000000000006e-06
0.01631025568266247,1,0.8630982069545627,0.9987507614317546,3.134262494360951e-06,0.0017703848435752468
0.01631025568266247,2,0.06358719527975075,0.9766406521560723,0.000120450860951986,0.010975010749515738
0.01631025568266247,3,0.040260619808954116,0.8956081472278917,0.0015369330945773961,0.03920373827299376
0.01631025568266247,4,0.033053977955729036,0.5151864605223885,0.0538080259911753,0.23196557070215248
0.017064149292926895,0,1.000952389945022e-12,0.9999999989999999,1.000000000000001e-12,1.0000000000000006e-06
0.017064149292926895,1,0.8528053916471331,0.9986135660875448,3.4833971529146522e-06,0.0018663861210678385
0.017064149292926895,2,0.06899601284659139,0.9768534966274327,0.00011947886388684477,0.010930638768472993
0.017064149292926895,3,0.04295130547627271,0.8958235247267549,0.0015151020253980916,0.03892431149549201
0.017064149292926895,4,0.03524729002900189,0.5094117561245509,0.05614919893184441,0.2369582219123118
0.017852889418577447,0,1.0164853607390157e-12,0.9999999989999999,1.000000000000001e-12,1.0000000000000006e-06
0.017852889418577447,1,0.8324034481477925,0.9984753350151574,3.835488965887814e-06,0.001958440442262111
0.017852889418577447,2,0.08097228038148052,0.9770580723604304,0.00011606577821235448,0.010773382858339087
0.017852889418577447,3,0.046981289523014315,0.8963307363235403,0.0015381742989532103,0.03921956525706539
0.017852889418577447,4,0.03964298194669603,0.5087209659277057,0.05701717837166647,0.23878270115665093
0.018678086737325208,0,1.0369543634890722e-12,0.9999999989999999,9.999999999999974e-13,9.999999999999987e-07
0.018678086737325208,1,0.8042508411126917,0.998330879985403,4.203816163741514e-06,0.0020503209904162603
0.018678086737325208,2,0.0983583208157733,0.9772577686088638,0.00011159656234100736,0.010563927410816838
0.018678086737325208,3,0.05180910023650882,0.8969788123862965,0.0015843911453056025,0.03980441112873801
0.018678086737325208,4,0.04558173783398928,0.5105349947133367,0.05712666565581485,0.23901185254253574
0.01954142637572232,0,1.0514522120074353e-12,0.9999999989999999,1.000000000000001e-12,1.0000000000000006e-06
0.01954142637572232,1,0.7723613935617394,0.9981727635492443,4.607514321044021e-06,0.0021465121292562083
0.01954142637572232,2,0.1187564541361677,0.9774557667240741,0.00010729943759602328,0.010358544183234595
0.01954142637572232,3,0.05678825810445674,0.8976232998162783,0.001631996648904585,0.04039797827744088
0.01954142637572232,4,0.052093894196584785,0.5123487460781285,0.0572363631830116,0.23924122383697086
0.020444671350340986,0,1.0588428861278475e-12,0.9999999989999999,1.000000000000001e-12,1.0000000000000006e-06
0.020444671350340986,1,0.7366508253056677,0.9979996986885227,5.049980158916164e-06,0.0022472160908368743
0.020444671350340986,2,0.14240178278597593,0.977652080450738,0.00010316777745574171,0.010157154003742471
0.020444671350340986,3,0.06181916485678116,0.8982642127073026,0.0016810325341234283,0.04100039675568309
0.020444671350340986,4,0.059128227050516256,0.5141621723140911,0.0573462713569761,0.23947081525099484
0.021389666168010343,0,1.0580805013217542e-12,0.9999999989999999,1.000000000000001e-12,1.0000000000000006e-06
0.021389666168010343,1,0.6971849538129531,0.9978102781226552,5.534936590206471e-06,0.0023526445949625437
0.021389666168010343,2,0.16944112837440076,0.9778467234343572,9.91952105586052e-05,0.009959679239744883
0.021389666168010343,3,0.06677792555933712,0.8989015651711527,0.001731541779009281,0.041611798555329
0.021389666168010343,4,0.06659599225225112,0.5159752257474645,0.05745639058220299,0.2397006269958487
0.022378340592464237,0,1.0483141222713185e-12,0.9999999989999999,1.000000000000001e-12,1.0000000000000006e-06
0.022378340592464237,1,0.6542140536533836,0.9976029632664892,6.066464044124381e-06,0.002463019294306153
0.022378340592464237,2,0.19989769237941477,0.9780397092217595,9.537561087799142e-05,0.00976604376797439
0.022378340592464237,3,0.07152012271108694,0.8995353713364419,0.0017835686529517696,0.04223231763651824
0.022378340592464237,4,0.07436813125506649,0.5177878587437261,0.05756672126396366,0.2399306592829763
0.023412713585090835,0,1.0289994522514778e-12,0.9999999989999999,1.000000000000001e-12,1.0000000000000006e-06
0.023412713585090835,1,0.6081948167538826,0.9973760722131949,6.649034799020386e-06,0.0025785722404114233
0.023412713585090835,2,0.23364027476614943,0.9782310512616034,9.170308827537335e-05,0.009576172945147416
0.023412713585090835,3,0.07588825386160986,0.900165645347489,0.0018371587554833976,0.04286208995701677
0.023412713585090835,4,0.08227665461732922,0.5196000237125911,0.057677263808307636,0.2401609123240242
0.02449489742783178,0,0.0,1.0,1e-12,1e-06
0.02449489742783178,1,0.5597920277296361,0.9971277666639162,7.287550612189442e-06,0.002699546371557533
0.02449489742783178,2,0.2703639514731369,0.9784207629048831,8.817197941723975e-05,0.00938999357919055
0.02449489742783178,3,0.07972270363951472,0.9007924013632066,0.0018923590562457404,0.04350125350200544
0.02449489742783178,4,0.09012131715771231,0.5214116731129995,0.05778801862206423,0.2403913863308422
