entry_index,file_index,event_id,tracking_file,material_step_file,primary_tracker_ebrem_count,tracker_cumulative_frac_loss,max_tracker_single_frac_loss,tracker_sum_loss_GeV
0,1,0,trk-e--2.0-85-1.root,gsf_material_steps-e--2.0-85-1.root,2,0.0013217387993852414,0.0007223422097704102,0.0026531219482421875
1,1,1,trk-e--2.0-85-1.root,gsf_material_steps-e--2.0-85-1.root,1,0.0006474345894872391,0.0006474345894872391,0.0012981891632080078
2,1,2,trk-e--2.0-85-1.root,gsf_material_steps-e--2.0-85-1.root,2,0.011986523011667138,0.009637877873602263,0.02401578426361084
4,1,4,trk-e--2.0-85-1.root,gsf_material_steps-e--2.0-85-1.root,1,3.6170827680148676e-05,3.6170827680148676e-05,7.2479248046875e-05
5,1,5,trk-e--2.0-85-1.root,gsf_material_steps-e--2.0-85-1.root,2,0.04092444024381703,0.04051673566153702,0.0821307897567749
6,1,6,trk-e--2.0-85-1.root,gsf_material_steps-e--2.0-85-1.root,2,0.015159969602083323,0.013473550216668628,0.030414223670959473
7,1,7,trk-e--2.0-85-1.root,gsf_material_steps-e--2.0-85-1.root,2,0.007529134301931584,0.0075278363855634245,0.015093207359313965
8,1,8,trk-e--2.0-85-1.root,gsf_material_steps-e--2.0-85-1.root,1,0.00024103439411049532,0.00024103439411049532,0.00048351287841796875
10,1,10,trk-e--2.0-85-1.root,gsf_material_steps-e--2.0-85-1.root,1,3.505385579338771e-05,3.505385579338771e-05,7.033348083496094e-05
12,1,12,trk-e--2.0-85-1.root,gsf_material_steps-e--2.0-85-1.root,1,0.015127483688529453,0.015127483688529453,0.03026866912841797
13,1,13,trk-e--2.0-85-1.root,gsf_material_steps-e--2.0-85-1.root,1,0.0037826258385732503,0.0037826258385732503,0.007589221000671387
15,1,15,trk-e--2.0-85-1.root,gsf_material_steps-e--2.0-85-1.root,1,4.7097105668747474e-05,4.7097105668747474e-05,9.441375732421875e-05
16,1,16,trk-e--2.0-85-1.root,gsf_material_steps-e--2.0-85-1.root,1,0.09808640906927435,0.09808640906927435,0.19672930240631104
18,1,18,trk-e--2.0-85-1.root,gsf_material_steps-e--2.0-85-1.root,1,0.06017817715801044,0.06017817715801044,0.12062060832977295
19,1,19,trk-e--2.0-85-1.root,gsf_material_steps-e--2.0-85-1.root,1,0.011310889630258614,0.011310889630258614,0.022680163383483887
20,1,20,trk-e--2.0-85-1.root,gsf_material_steps-e--2.0-85-1.root,1,0.0008002048600527223,0.0008002048600527223,0.0016047954559326172
22,1,22,trk-e--2.0-85-1.root,gsf_material_steps-e--2.0-85-1.root,1,0.00010868849923628687,0.00010868849923628687,0.0002181529998779297
24,1,24,trk-e--2.0-85-1.root,gsf_material_steps-e--2.0-85-1.root,1,0.013678554765011675,0.013678554765011675,0.027448296546936035
26,1,26,trk-e--2.0-85-1.root,gsf_material_steps-e--2.0-85-1.root,2,0.07259457680846426,0.06820865978108304,0.14575159549713135
29,1,29,trk-e--2.0-85-1.root,gsf_material_steps-e--2.0-85-1.root,3,0.010606822564125151,0.0060666886777076545,0.02127838134765625
30,1,30,trk-e--2.0-85-1.root,gsf_material_steps-e--2.0-85-1.root,1,0.018777358782905207,0.018777358782905207,0.03767812252044678
31,1,31,trk-e--2.0-85-1.root,gsf_material_steps-e--2.0-85-1.root,1,0.000630149626638099,0.000630149626638099,0.0012631416320800781
33,1,33,trk-e--2.0-85-1.root,gsf_material_steps-e--2.0-85-1.root,3,0.04748995439731074,0.04702286554666257,0.09517478942871094
36,1,36,trk-e--2.0-85-1.root,gsf_material_steps-e--2.0-85-1.root,1,0.014197136581404202,0.014197136581404202,0.028499603271484375
37,1,37,trk-e--2.0-85-1.root,gsf_material_steps-e--2.0-85-1.root,1,0.00020453754655314071,0.00020453754655314071,0.0004100799560546875
44,1,44,trk-e--2.0-85-1.root,gsf_material_steps-e--2.0-85-1.root,2,0.03955093842230406,0.03894112760765289,0.07934951782226562
45,1,45,trk-e--2.0-85-1.root,gsf_material_steps-e--2.0-85-1.root,1,0.0027515432630756953,0.0027515432630756953,0.005518674850463867
47,1,47,trk-e--2.0-85-1.root,gsf_material_steps-e--2.0-85-1.root,1,0.0013630977870573435,0.0013630977870573435,0.002735137939453125
48,1,48,trk-e--2.0-85-1.root,gsf_material_steps-e--2.0-85-1.root,1,0.03339443583737922,0.03339443583737922,0.06699323654174805
52,1,52,trk-e--2.0-85-1.root,gsf_material_steps-e--2.0-85-1.root,2,0.00021145668678090868,0.0001170757960589075,0.0004241466522216797
54,1,54,trk-e--2.0-85-1.root,gsf_material_steps-e--2.0-85-1.root,1,0.03391315411167806,0.03391315411167806,0.06799983978271484
55,1,55,trk-e--2.0-85-1.root,gsf_material_steps-e--2.0-85-1.root,2,0.002635871955530278,0.0025519786211781748,0.0052890777587890625
58,1,58,trk-e--2.0-85-1.root,gsf_material_steps-e--2.0-85-1.root,1,0.0018835161391376198,0.0018835161391376198,0.0037801265716552734
60,1,60,trk-e--2.0-85-1.root,gsf_material_steps-e--2.0-85-1.root,2,0.010480228965624505,0.007205236695707495,0.021007895469665527
62,1,62,trk-e--2.0-85-1.root,gsf_material_steps-e--2.0-85-1.root,1,0.0006045876625364599,0.0006045876625364599,0.0012125968933105469
63,1,63,trk-e--2.0-85-1.root,gsf_material_steps-e--2.0-85-1.root,1,0.03377685986969714,0.03377685986969714,0.0677255392074585
64,1,64,trk-e--2.0-85-1.root,gsf_material_steps-e--2.0-85-1.root,4,0.024365051613826516,0.01985623110418,0.04884743690490723
67,1,67,trk-e--2.0-85-1.root,gsf_material_steps-e--2.0-85-1.root,2,0.015292775363974553,0.011186308314526494,0.030690908432006836
68,1,68,trk-e--2.0-85-1.root,gsf_material_steps-e--2.0-85-1.root,1,0.0013251701804996019,0.0013251701804996019,0.002660036087036133
69,1,69,trk-e--2.0-85-1.root,gsf_material_steps-e--2.0-85-1.root,1,0.00025187946318994126,0.00025187946318994126,0.0005049705505371094
71,1,71,trk-e--2.0-85-1.root,gsf_material_steps-e--2.0-85-1.root,1,0.0004026721274866807,0.0004026721274866807,0.0008082389831542969
72,1,72,trk-e--2.0-85-1.root,gsf_material_steps-e--2.0-85-1.root,1,0.00044805245621926115,0.00044805245621926115,0.0008995532989501953
74,1,74,trk-e--2.0-85-1.root,gsf_material_steps-e--2.0-85-1.root,1,0.004996330737883636,0.004996330737883636,0.010020256042480469
75,1,75,trk-e--2.0-85-1.root,gsf_material_steps-e--2.0-85-1.root,2,0.01563108165200011,0.01556194036805425,0.03135180473327637
76,1,76,trk-e--2.0-85-1.root,gsf_material_steps-e--2.0-85-1.root,2,0.08376421492490249,0.0837491843368422,0.16799569129943848
77,1,77,trk-e--2.0-85-1.root,gsf_material_steps-e--2.0-85-1.root,1,0.009901383061272306,0.009901383061272306,0.019865989685058594
78,1,78,trk-e--2.0-85-1.root,gsf_material_steps-e--2.0-85-1.root,2,0.0009580615757832645,0.0008304785694579486,0.0019174814224243164
79,1,79,trk-e--2.0-85-1.root,gsf_material_steps-e--2.0-85-1.root,1,0.0001724957847233366,0.0001724957847233366,0.00034618377685546875
80,1,80,trk-e--2.0-85-1.root,gsf_material_steps-e--2.0-85-1.root,1,0.006344868030169426,0.006344868030169426,0.012722253799438477
81,1,81,trk-e--2.0-85-1.root,gsf_material_steps-e--2.0-85-1.root,2,0.06150244487405521,0.06149899479728993,0.12335860729217529
82,1,82,trk-e--2.0-85-1.root,gsf_material_steps-e--2.0-85-1.root,1,0.03886329455544124,0.03886329455544124,0.07793545722961426
85,1,85,trk-e--2.0-85-1.root,gsf_material_steps-e--2.0-85-1.root,2,0.0025681725457722404,0.002065461387026013,0.00034905970096588135
87,1,87,trk-e--2.0-85-1.root,gsf_material_steps-e--2.0-85-1.root,1,6.990282674901316e-05,6.990282674901316e-05,0.00014019012451171875
88,1,88,trk-e--2.0-85-1.root,gsf_material_steps-e--2.0-85-1.root,3,0.09552922146129761,0.09060054184811328,0.1915034055709839
89,1,89,trk-e--2.0-85-1.root,gsf_material_steps-e--2.0-85-1.root,2,0.001824402757139132,0.001805767014552817,0.003657817840576172
90,1,90,trk-e--2.0-85-1.root,gsf_material_steps-e--2.0-85-1.root,2,0.014419935505477932,0.011660439311054427,0.028929591178894043
91,1,91,trk-e--2.0-85-1.root,gsf_material_steps-e--2.0-85-1.root,1,0.00019386346120398024,0.00019386346120398024,0.00038909912109375
92,1,92,trk-e--2.0-85-1.root,gsf_material_steps-e--2.0-85-1.root,1,0.046438249316423486,0.046438249316423486,0.09310317039489746
93,1,93,trk-e--2.0-85-1.root,gsf_material_steps-e--2.0-85-1.root,1,0.00011843478395157092,0.00011843478395157092,0.0002377033233642578
94,1,94,trk-e--2.0-85-1.root,gsf_material_steps-e--2.0-85-1.root,1,0.08354739017761237,0.08354739017761237,0.16767120361328125
97,1,97,trk-e--2.0-85-1.root,gsf_material_steps-e--2.0-85-1.root,2,0.09175142310422824,0.0832617803970297,0.18412625789642334
98,1,98,trk-e--2.0-85-1.root,gsf_material_steps-e--2.0-85-1.root,1,0.0004693997004964201,0.0004693997004964201,0.000942230224609375
0,2,0,trk-e--2.0-85-2.root,gsf_material_steps-e--2.0-85-2.root,3,0.004117034545685128,0.004079294651918031,0.008248090744018555
3,2,3,trk-e--2.0-85-2.root,gsf_material_steps-e--2.0-85-2.root,4,0.02985055567904904,0.017061418787661098,0.05969405174255371
4,2,4,trk-e--2.0-85-2.root,gsf_material_steps-e--2.0-85-2.root,1,0.0015975299527947184,0.0015975299527947184,0.0032029151916503906
5,2,5,trk-e--2.0-85-2.root,gsf_material_steps-e--2.0-85-2.root,2,0.05218765827783878,0.052180737360565166,0.10472643375396729
7,2,7,trk-e--2.0-85-2.root,gsf_material_steps-e--2.0-85-2.root,1,0.07387627697350285,0.07387627697350285,0.14832627773284912
8,2,8,trk-e--2.0-85-2.root,gsf_material_steps-e--2.0-85-2.root,2,0.06205127546324196,0.05191396878323973,0.12440574169158936
9,2,9,trk-e--2.0-85-2.root,gsf_material_steps-e--2.0-85-2.root,1,0.0011995801826024666,0.0011995801826024666,0.0024056434631347656
10,2,10,trk-e--2.0-85-2.root,gsf_material_steps-e--2.0-85-2.root,3,0.05046443173482207,0.03227095707767447,0.10122406482696533
11,2,11,trk-e--2.0-85-2.root,gsf_material_steps-e--2.0-85-2.root,1,0.04115678066296968,0.04115678066296968,0.0825800895690918
12,2,12,trk-e--2.0-85-2.root,gsf_material_steps-e--2.0-85-2.root,1,8.679307781256362e-06,8.679307781256362e-06,1.7404556274414062e-05
18,2,18,trk-e--2.0-85-2.root,gsf_material_steps-e--2.0-85-2.root,1,0.0006721936183929911,0.0006721936183929911,0.0013480186462402344
20,2,20,trk-e--2.0-85-2.root,gsf_material_steps-e--2.0-85-2.root,1,8.543474282840524e-05,8.543474282840524e-05,0.00017142295837402344
21,2,21,trk-e--2.0-85-2.root,gsf_material_steps-e--2.0-85-2.root,2,0.018775920169265436,0.013390387600310083,0.03765261173248291
23,2,23,trk-e--2.0-85-2.root,gsf_material_steps-e--2.0-85-2.root,1,0.0012069364205808952,0.0012069364205808952,0.0024216175079345703
27,2,27,trk-e--2.0-85-2.root,gsf_material_steps-e--2.0-85-2.root,1,0.010853865195161738,0.010853865195161738,0.0217820405960083
28,2,28,trk-e--2.0-85-2.root,gsf_material_steps-e--2.0-85-2.root,2,0.0021723212558377725,0.0011830605510171344,0.00435638427734375
29,2,29,trk-e--2.0-85-2.root,gsf_material_steps-e--2.0-85-2.root,1,0.001961551281700502,0.001961551281700502,0.003922224044799805
30,2,30,trk-e--2.0-85-2.root,gsf_material_steps-e--2.0-85-2.root,1,0.0010283404005237973,0.0010283404005237973,0.002062559127807617
32,2,32,trk-e--2.0-85-2.root,gsf_material_steps-e--2.0-85-2.root,1,0.001301076434762849,0.001301076434762849,0.0026090145111083984
34,2,34,trk-e--2.0-85-2.root,gsf_material_steps-e--2.0-85-2.root,1,5.778411474255396e-05,5.778411474255396e-05,0.00011587142944335938
35,2,35,trk-e--2.0-85-2.root,gsf_material_steps-e--2.0-85-2.root,1,0.004935481557372223,0.004935481557372223,0.009909629821777344
40,2,40,trk-e--2.0-85-2.root,gsf_material_steps-e--2.0-85-2.root,1,0.007885648523987099,0.007885648523987099,0.015810728073120117
42,2,42,trk-e--2.0-85-2.root,gsf_material_steps-e--2.0-85-2.root,1,0.0004337798418194705,0.0004337798418194705,0.0008704662322998047
44,2,44,trk-e--2.0-85-2.root,gsf_material_steps-e--2.0-85-2.root,2,0.06871914800698553,0.06269651438953316,0.13782358169555664
49,2,49,trk-e--2.0-85-2.root,gsf_material_steps-e--2.0-85-2.root,1,0.0029517958378376674,0.0029517958378376674,0.005917668342590332
51,2,51,trk-e--2.0-85-2.root,gsf_material_steps-e--2.0-85-2.root,3,0.009137675848494453,0.006429059369724599,0.01833939552307129
54,2,54,trk-e--2.0-85-2.root,gsf_material_steps-e--2.0-85-2.root,1,0.07820889048653179,0.07820889048653179,0.156913161277771
65,2,65,trk-e--2.0-85-2.root,gsf_material_steps-e--2.0-85-2.root,3,0.022996640778519595,0.022913535976155863,0.04615068435668945
70,2,70,trk-e--2.0-85-2.root,gsf_material_steps-e--2.0-85-2.root,1,0.05282782987270762,0.05282782987270762,0.10604691505432129
71,2,71,trk-e--2.0-85-2.root,gsf_material_steps-e--2.0-85-2.root,1,0.0015466100737621113,0.0015466100737621113,0.0031011104583740234
73,2,73,trk-e--2.0-85-2.root,gsf_material_steps-e--2.0-85-2.root,1,0.006674613115489447,0.006674613115489447,0.013396024703979492
74,2,74,trk-e--2.0-85-2.root,gsf_material_steps-e--2.0-85-2.root,1,1.8058360343631286e-05,1.8058360343631286e-05,3.62396240234375e-05
75,2,75,trk-e--2.0-85-2.root,gsf_material_steps-e--2.0-85-2.root,1,0.00010592432870459856,0.00010592432870459856,0.00021266937255859375
79,2,79,trk-e--2.0-85-2.root,gsf_material_steps-e--2.0-85-2.root,2,0.0015798652633434163,0.0015641752175743484,0.0031692981719970703
83,2,83,trk-e--2.0-85-2.root,gsf_material_steps-e--2.0-85-2.root,2,0.012269735759033895,0.012261946972523585,0.024602651596069336
89,2,89,trk-e--2.0-85-2.root,gsf_material_steps-e--2.0-85-2.root,1,0.0024145141439715356,0.0024145141439715356,0.004842042922973633
94,2,94,trk-e--2.0-85-2.root,gsf_material_steps-e--2.0-85-2.root,1,0.0003844899280381897,0.0003844899280381897,0.0007719993591308594
95,2,95,trk-e--2.0-85-2.root,gsf_material_steps-e--2.0-85-2.root,1,0.013604990519439641,0.013604990519439641,0.02728569507598877
98,2,98,trk-e--2.0-85-2.root,gsf_material_steps-e--2.0-85-2.root,1,0.0008741435258381447,0.0008741435258381447,0.0017545223236083984
1,3,1,trk-e--2.0-85-3.root,gsf_material_steps-e--2.0-85-3.root,2,0.002762715729791143,0.0026580196232222075,0.005541801452636719
4,3,4,trk-e--2.0-85-3.root,gsf_material_steps-e--2.0-85-3.root,1,2.1751750481024956e-05,2.1751750481024956e-05,4.363059997558594e-05
7,3,7,trk-e--2.0-85-3.root,gsf_material_steps-e--2.0-85-3.root,1,0.016296647123771546,0.016296647123771546,0.0326918363571167
8,3,8,trk-e--2.0-85-3.root,gsf_material_steps-e--2.0-85-3.root,1,0.01550579853179146,0.01550579853179146,0.031131386756896973
10,3,10,trk-e--2.0-85-3.root,gsf_material_steps-e--2.0-85-3.root,1,1.2187932752372177e-05,1.2187932752372177e-05,2.3603439331054688e-05
11,3,11,trk-e--2.0-85-3.root,gsf_material_steps-e--2.0-85-3.root,1,0.0014546898273404274,0.0014546898273404274,0.002919435501098633
12,3,12,trk-e--2.0-85-3.root,gsf_material_steps-e--2.0-85-3.root,1,6.440919948758062e-05,6.440919948758062e-05,0.00012922286987304688
13,3,13,trk-e--2.0-85-3.root,gsf_material_steps-e--2.0-85-3.root,2,0.08089495435813976,0.07802468100452598,0.1623600721359253
15,3,15,trk-e--2.0-85-3.root,gsf_material_steps-e--2.0-85-3.root,1,0.028316378754274174,0.028316378754274174,0.05682110786437988
17,3,17,trk-e--2.0-85-3.root,gsf_material_steps-e--2.0-85-3.root,1,0.05026085321365148,0.05026085321365148,0.10081362724304199
21,3,21,trk-e--2.0-85-3.root,gsf_material_steps-e--2.0-85-3.root,1,0.0742346112543657,0.0742346112543657,0.14891040325164795
22,3,22,trk-e--2.0-85-3.root,gsf_material_steps-e--2.0-85-3.root,1,0.0001277762234573876,0.0001277762234573876,0.00025653839111328125
25,3,25,trk-e--2.0-85-3.root,gsf_material_steps-e--2.0-85-3.root,1,0.0037309358863474307,0.0037309358863474307,0.007479071617126465
26,3,26,trk-e--2.0-85-3.root,gsf_material_steps-e--2.0-85-3.root,1,0.0031204469885481867,0.0031204469885481867,0.006174564361572266
27,3,27,trk-e--2.0-85-3.root,gsf_material_steps-e--2.0-85-3.root,1,0.08894054577261079,0.08894054577261079,0.17850303649902344
28,3,28,trk-e--2.0-85-3.root,gsf_material_steps-e--2.0-85-3.root,1,0.0006573744128591796,0.0006573744128591796,0.0013194084167480469
29,3,29,trk-e--2.0-85-3.root,gsf_material_steps-e--2.0-85-3.root,1,0.0026683428221079275,0.0026683428221079275,0.005354166030883789
30,3,30,trk-e--2.0-85-3.root,gsf_material_steps-e--2.0-85-3.root,1,6.111646705919682e-05,6.111646705919682e-05,0.00012254714965820312
31,3,31,trk-e--2.0-85-3.root,gsf_material_steps-e--2.0-85-3.root,1,0.0016667501862566159,0.0016667501862566159,0.0033464431762695312
35,3,35,trk-e--2.0-85-3.root,gsf_material_steps-e--2.0-85-3.root,1,0.023391429149963505,0.023391429149963505,0.046959519386291504
38,3,38,trk-e--2.0-85-3.root,gsf_material_steps-e--2.0-85-3.root,1,0.036702438607080556,0.036702438607080556,0.07364702224731445
39,3,39,trk-e--2.0-85-3.root,gsf_material_steps-e--2.0-85-3.root,1,4.51689920577536e-06,4.51689920577536e-06,9.059906005859375e-06
42,3,42,trk-e--2.0-85-3.root,gsf_material_steps-e--2.0-85-3.root,1,0.000855018888263559,0.000855018888263559,0.0017125606536865234
43,3,43,trk-e--2.0-85-3.root,gsf_material_steps-e--2.0-85-3.root,1,2.9367929626378242e-05,2.9367929626378242e-05,5.888938903808594e-05
44,3,44,trk-e--2.0-85-3.root,gsf_material_steps-e--2.0-85-3.root,1,0.004972841157918295,0.004972841157918295,0.00997471809387207
45,3,45,trk-e--2.0-85-3.root,gsf_material_steps-e--2.0-85-3.root,1,0.000854699940925352,0.000854699940925352,0.0017154216766357422
48,3,48,trk-e--2.0-85-3.root,gsf_material_steps-e--2.0-85-3.root,4,0.03668008395832745,0.029422613497148142,0.07362627983093262
49,3,49,trk-e--2.0-85-3.root,gsf_material_steps-e--2.0-85-3.root,2,0.0006429675881789443,0.0006403521972746518,0.0012896060943603516
50,3,50,trk-e--2.0-85-3.root,gsf_material_steps-e--2.0-85-3.root,1,0.0035308731493643997,0.0035308731493643997,0.0070819854736328125
53,3,53,trk-e--2.0-85-3.root,gsf_material_steps-e--2.0-85-3.root,2,0.010225368396099999,0.00915858546857673,0.020500779151916504
54,3,54,trk-e--2.0-85-3.root,gsf_material_steps-e--2.0-85-3.root,1,0.005959014742622948,0.005959014742622948,0.011950016021728516
55,3,55,trk-e--2.0-85-3.root,gsf_material_steps-e--2.0-85-3.root,2,0.05490536692396786,0.05459252843173246,0.11014997959136963
56,3,56,trk-e--2.0-85-3.root,gsf_material_steps-e--2.0-85-3.root,1,0.00031006498524577264,0.00031006498524577264,0.000621795654296875
61,3,61,trk-e--2.0-85-3.root,gsf_material_steps-e--2.0-85-3.root,1,5.764378588701824e-05,5.764378588701824e-05,0.00011563301086425781
62,3,62,trk-e--2.0-85-3.root,gsf_material_steps-e--2.0-85-3.root,2,0.09462619567571362,0.09457980796999543,0.1798412799835205
63,3,63,trk-e--2.0-85-3.root,gsf_material_steps-e--2.0-85-3.root,1,0.016934890843234074,0.016934890843234074,0.03398728370666504
66,3,66,trk-e--2.0-85-3.root,gsf_material_steps-e--2.0-85-3.root,2,0.02246022968193151,0.021905456097885745,0.045031189918518066
67,3,67,trk-e--2.0-85-3.root,gsf_material_steps-e--2.0-85-3.root,3,0.01599968388838169,0.012485662391567787,0.032091736793518066
68,3,68,trk-e--2.0-85-3.root,gsf_material_steps-e--2.0-85-3.root,3,0.049372517693763496,0.04399083714415686,0.09902477264404297
72,3,72,trk-e--2.0-85-3.root,gsf_material_steps-e--2.0-85-3.root,3,0.015071363025191853,0.013938188172757715,0.03024423122406006
73,3,73,trk-e--2.0-85-3.root,gsf_material_steps-e--2.0-85-3.root,2,0.07362518021535913,0.044970148755124395,0.10478782653808594
77,3,77,trk-e--2.0-85-3.root,gsf_material_steps-e--2.0-85-3.root,1,0.00238064994417031,0.00238064994417031,0.004776716232299805
78,3,78,trk-e--2.0-85-3.root,gsf_material_steps-e--2.0-85-3.root,1,8.796908623653898e-05,8.796908623653898e-05,0.00017642974853515625
80,3,80,trk-e--2.0-85-3.root,gsf_material_steps-e--2.0-85-3.root,1,0.0748559300188717,0.0748559300188717,0.15010249614715576
83,3,83,trk-e--2.0-85-3.root,gsf_material_steps-e--2.0-85-3.root,2,0.0037291720074486,0.002179768540653826,0.007482171058654785
87,3,87,trk-e--2.0-85-3.root,gsf_material_steps-e--2.0-85-3.root,1,0.0008162880644881909,0.0008162880644881909,0.0016355514526367188
89,3,89,trk-e--2.0-85-3.root,gsf_material_steps-e--2.0-85-3.root,1,0.00010940427767158756,0.00010940427767158756,0.00021958351135253906
95,3,95,trk-e--2.0-85-3.root,gsf_material_steps-e--2.0-85-3.root,1,0.0019290646010700074,0.0019290646010700074,0.003867626190185547
96,3,96,trk-e--2.0-85-3.root,gsf_material_steps-e--2.0-85-3.root,1,0.0008975799448545096,0.0008975799448545096,0.0017442703247070312
98,3,98,trk-e--2.0-85-3.root,gsf_material_steps-e--2.0-85-3.root,2,0.005231827898677599,0.0031092508978775024,0.010495543479919434
99,3,99,trk-e--2.0-85-3.root,gsf_material_steps-e--2.0-85-3.root,1,0.00038722414889202916,0.00038722414889202916,0.0007760524749755859
2,4,2,trk-e--2.0-85-4.root,gsf_material_steps-e--2.0-85-4.root,1,0.004463381190054294,0.004463381190054294,0.008949637413024902
4,4,4,trk-e--2.0-85-4.root,gsf_material_steps-e--2.0-85-4.root,2,0.03099012332818807,0.029078949429973466,0.061191439628601074
5,4,5,trk-e--2.0-85-4.root,gsf_material_steps-e--2.0-85-4.root,1,0.006743760400718779,0.006743760400718779,0.013527512550354004
8,4,8,trk-e--2.0-85-4.root,gsf_material_steps-e--2.0-85-4.root,1,0.0025204962055166424,0.0025204962055166424,0.005051851272583008
10,4,10,trk-e--2.0-85-4.root,gsf_material_steps-e--2.0-85-4.root,1,0.014649687886458151,0.014649687886458151,0.02939283847808838
11,4,11,trk-e--2.0-85-4.root,gsf_material_steps-e--2.0-85-4.root,1,2.3413787226478355e-05,2.3413787226478355e-05,4.696846008300781e-05
13,4,13,trk-e--2.0-85-4.root,gsf_material_steps-e--2.0-85-4.root,1,3.4824375208519776e-05,3.4824375208519776e-05,6.985664367675781e-05
16,4,16,trk-e--2.0-85-4.root,gsf_material_steps-e--2.0-85-4.root,2,0.05563756687876975,0.05155777948536455,0.11161744594573975
24,4,24,trk-e--2.0-85-4.root,gsf_material_steps-e--2.0-85-4.root,2,0.04858592866679068,0.048289373952547954,0.09751951694488525
26,4,26,trk-e--2.0-85-4.root,gsf_material_steps-e--2.0-85-4.root,2,0.0009096735887693663,0.0009091981416436967,0.0018258094787597656
33,4,33,trk-e--2.0-85-4.root,gsf_material_steps-e--2.0-85-4.root,1,0.01001618165857665,0.01001618165857665,0.0200955867767334
34,4,34,trk-e--2.0-85-4.root,gsf_material_steps-e--2.0-85-4.root,1,0.0003648083162978155,0.0003648083162978155,0.0007314682006835938
39,4,39,trk-e--2.0-85-4.root,gsf_material_steps-e--2.0-85-4.root,1,0.039919795367749034,0.039919795367749034,0.08014750480651855
42,4,42,trk-e--2.0-85-4.root,gsf_material_steps-e--2.0-85-4.root,1,0.000425276979912792,0.000425276979912792,0.0008528232574462891
44,4,44,trk-e--2.0-85-4.root,gsf_material_steps-e--2.0-85-4.root,2,0.016979871679674075,0.01680377569018432,0.03406047821044922
45,4,45,trk-e--2.0-85-4.root,gsf_material_steps-e--2.0-85-4.root,1,0.0075086055524095086,0.0075086055524095086,0.0077784061431884766
46,4,46,trk-e--2.0-85-4.root,gsf_material_steps-e--2.0-85-4.root,1,0.00011808513712441293,0.00011808513712441293,0.00023674964904785156
48,4,48,trk-e--2.0-85-4.root,gsf_material_steps-e--2.0-85-4.root,1,1.3191564814274415e-05,1.3191564814274415e-05,2.6464462280273438e-05
51,4,51,trk-e--2.0-85-4.root,gsf_material_steps-e--2.0-85-4.root,2,0.003227905597767866,0.0029018557060455086,0.006472110748291016
54,4,54,trk-e--2.0-85-4.root,gsf_material_steps-e--2.0-85-4.root,1,0.014763420164299657,0.014763420164299657,0.029605984687805176
60,4,60,trk-e--2.0-85-4.root,gsf_material_steps-e--2.0-85-4.root,1,0.008332573033129176,0.008332573033129176,0.016701221466064453
62,4,62,trk-e--2.0-85-4.root,gsf_material_steps-e--2.0-85-4.root,1,0.08772019625713179,0.08772019625713179,0.1758960485458374
63,4,63,trk-e--2.0-85-4.root,gsf_material_steps-e--2.0-85-4.root,2,0.02186911072990705,0.012923967158148142,0.043845534324645996
65,4,65,trk-e--2.0-85-4.root,gsf_material_steps-e--2.0-85-4.root,1,0.005870270221411955,0.005870270221411955,0.011767983436584473
66,4,66,trk-e--2.0-85-4.root,gsf_material_steps-e--2.0-85-4.root,1,7.509303324682026e-05,7.509303324682026e-05,0.00015044212341308594
69,4,69,trk-e--2.0-85-4.root,gsf_material_steps-e--2.0-85-4.root,2,0.09513999708679777,0.09491756890173153,0.19092631340026855
72,4,72,trk-e--2.0-85-4.root,gsf_material_steps-e--2.0-85-4.root,1,0.025155729538500093,0.025155729538500093,0.05046439170837402
73,4,73,trk-e--2.0-85-4.root,gsf_material_steps-e--2.0-85-4.root,1,0.001165287275880722,0.001165287275880722,0.0023374557495117188
75,4,75,trk-e--2.0-85-4.root,gsf_material_steps-e--2.0-85-4.root,1,0.02252229710028042,0.02252229710028042,0.04517364501953125
78,4,78,trk-e--2.0-85-4.root,gsf_material_steps-e--2.0-85-4.root,1,0.005462723637619238,0.005462723637619238,0.010961651802062988
79,4,79,trk-e--2.0-85-4.root,gsf_material_steps-e--2.0-85-4.root,2,0.07265671003425134,0.06537015683437297,0.14586997032165527
80,4,80,trk-e--2.0-85-4.root,gsf_material_steps-e--2.0-85-4.root,1,0.009821517966081328,0.009821517966081328,0.01971590518951416
83,4,83,trk-e--2.0-85-4.root,gsf_material_steps-e--2.0-85-4.root,1,0.0002493610420156722,0.0002493610420156722,0.0005006790161132812
84,4,84,trk-e--2.0-85-4.root,gsf_material_steps-e--2.0-85-4.root,1,0.043067425013373906,0.043067425013373906,0.08645069599151611
85,4,85,trk-e--2.0-85-4.root,gsf_material_steps-e--2.0-85-4.root,1,0.07309415181457624,0.07309415181457624,0.14671921730041504
87,4,87,trk-e--2.0-85-4.root,gsf_material_steps-e--2.0-85-4.root,1,0.00850548836184195,0.00850548836184195,0.017076849937438965
95,4,95,trk-e--2.0-85-4.root,gsf_material_steps-e--2.0-85-4.root,1,0.057169798946998696,0.057169798946998696,0.11472773551940918
96,4,96,trk-e--2.0-85-4.root,gsf_material_steps-e--2.0-85-4.root,1,0.0028462677510152634,0.0028462677510152634,0.005301833152770996
98,4,98,trk-e--2.0-85-4.root,gsf_material_steps-e--2.0-85-4.root,1,1.6656686535276854e-05,1.6656686535276854e-05,3.337860107421875e-05
99,4,99,trk-e--2.0-85-4.root,gsf_material_steps-e--2.0-85-4.root,1,0.0027821522933620946,0.0027821522933620946,0.005580902099609375
0,5,0,trk-e--2.0-85-5.root,gsf_material_steps-e--2.0-85-5.root,2,0.005145021265257843,0.004492082561969202,0.010328531265258789
1,5,1,trk-e--2.0-85-5.root,gsf_material_steps-e--2.0-85-5.root,1,0.041340116093389945,0.041340116093389945,0.082863450050354
4,5,4,trk-e--2.0-85-5.root,gsf_material_steps-e--2.0-85-5.root,1,0.02415224185920528,0.02415224185920528,0.04847252368927002
5,5,5,trk-e--2.0-85-5.root,gsf_material_steps-e--2.0-85-5.root,1,0.0038538577981410693,0.0038538577981410693,0.007718443870544434
6,5,6,trk-e--2.0-85-5.root,gsf_material_steps-e--2.0-85-5.root,4,0.024131876823190512,0.02086112316700095,0.04836893081665039
7,5,7,trk-e--2.0-85-5.root,gsf_material_steps-e--2.0-85-5.root,1,1.2959195417105995e-05,1.2959195417105995e-05,2.5987625122070312e-05
8,5,8,trk-e--2.0-85-5.root,gsf_material_steps-e--2.0-85-5.root,1,0.008502858641876054,0.008502858641876054,0.017063140869140625
14,5,14,trk-e--2.0-85-5.root,gsf_material_steps-e--2.0-85-5.root,1,0.031141486127998608,0.031141486127998608,0.06244981288909912
16,5,16,trk-e--2.0-85-5.root,gsf_material_steps-e--2.0-85-5.root,1,0.0013389250161605082,0.0013389250161605082,0.0026874542236328125
21,5,21,trk-e--2.0-85-5.root,gsf_material_steps-e--2.0-85-5.root,2,0.05854259054409028,0.05688907864945936,0.11743569374084473
23,5,23,trk-e--2.0-85-5.root,gsf_material_steps-e--2.0-85-5.root,1,0.013758775630660747,0.013758775630660747,0.02762162685394287
24,5,24,trk-e--2.0-85-5.root,gsf_material_steps-e--2.0-85-5.root,1,0.002831410137495771,0.002831410137495771,0.0056841373443603516
25,5,25,trk-e--2.0-85-5.root,gsf_material_steps-e--2.0-85-5.root,3,0.07299408961713394,0.054131205690602036,0.14655792713165283
30,5,30,trk-e--2.0-85-5.root,gsf_material_steps-e--2.0-85-5.root,2,0.03202794001354692,0.031914226247152344,0.06426990032196045
35,5,35,trk-e--2.0-85-5.root,gsf_material_steps-e--2.0-85-5.root,1,0.0625661793522796,0.0625661793522796,0.12560510635375977
37,5,37,trk-e--2.0-85-5.root,gsf_material_steps-e--2.0-85-5.root,2,0.07365715912766935,0.07338570785182397,0.14767003059387207
38,5,38,trk-e--2.0-85-5.root,gsf_material_steps-e--2.0-85-5.root,2,0.0015872723154571888,0.00107522871955823,0.003094315528869629
39,5,39,trk-e--2.0-85-5.root,gsf_material_steps-e--2.0-85-5.root,1,0.004144308582238687,0.004144308582238687,0.008320331573486328
41,5,41,trk-e--2.0-85-5.root,gsf_material_steps-e--2.0-85-5.root,1,0.0014391004885530023,0.0014391004885530023,0.0028886795043945312
42,5,42,trk-e--2.0-85-5.root,gsf_material_steps-e--2.0-85-5.root,1,0.00024197681607540655,0.00024197681607540655,0.00019943714141845703
43,5,43,trk-e--2.0-85-5.root,gsf_material_steps-e--2.0-85-5.root,2,0.0011106939478435773,0.0010148442676639613,0.0022270679473876953
46,5,46,trk-e--2.0-85-5.root,gsf_material_steps-e--2.0-85-5.root,1,8.01625515763904e-05,8.01625515763904e-05,0.00016069412231445312
50,5,50,trk-e--2.0-85-5.root,gsf_material_steps-e--2.0-85-5.root,2,0.013985989166426127,0.012925228085438278,0.02806401252746582
51,5,51,trk-e--2.0-85-5.root,gsf_material_steps-e--2.0-85-5.root,2,0.0015962049975064563,0.0008993946533039088,0.003201007843017578
59,5,59,trk-e--2.0-85-5.root,gsf_material_steps-e--2.0-85-5.root,1,5.336998785687719e-05,5.336998785687719e-05,0.00010704994201660156
60,5,60,trk-e--2.0-85-5.root,gsf_material_steps-e--2.0-85-5.root,1,3.3287855781827247e-06,3.3287855781827247e-06,6.67572021484375e-06
63,5,63,trk-e--2.0-85-5.root,gsf_material_steps-e--2.0-85-5.root,1,0.0006932718654454328,0.0006932718654454328,0.0013914108276367188
67,5,67,trk-e--2.0-85-5.root,gsf_material_steps-e--2.0-85-5.root,1,0.0017431997687928913,0.0017431997687928913,0.0034987926483154297
69,5,69,trk-e--2.0-85-5.root,gsf_material_steps-e--2.0-85-5.root,1,0.03738137940651276,0.03738137940651276,0.07497131824493408
71,5,71,trk-e--2.0-85-5.root,gsf_material_steps-e--2.0-85-5.root,2,0.0381438263991879,0.028296596361885862,0.07654666900634766
73,5,73,trk-e--2.0-85-5.root,gsf_material_steps-e--2.0-85-5.root,1,0.08800837219416724,0.08800837219416724,0.1736832857131958
75,5,75,trk-e--2.0-85-5.root,gsf_material_steps-e--2.0-85-5.root,1,0.07731811524612842,0.07731811524612842,0.15507888793945312
80,5,80,trk-e--2.0-85-5.root,gsf_material_steps-e--2.0-85-5.root,1,0.014202411179580765,0.014202411179580765,0.028485655784606934
81,5,81,trk-e--2.0-85-5.root,gsf_material_steps-e--2.0-85-5.root,2,0.0015112106765776678,0.001174303761480311,0.0030312538146972656
83,5,83,trk-e--2.0-85-5.root,gsf_material_steps-e--2.0-85-5.root,1,0.0017975118689036451,0.0017975118689036451,0.003605365753173828
84,5,84,trk-e--2.0-85-5.root,gsf_material_steps-e--2.0-85-5.root,1,0.00446277686163199,0.00446277686163199,0.008959531784057617
85,5,85,trk-e--2.0-85-5.root,gsf_material_steps-e--2.0-85-5.root,1,4.876238103612707e-05,4.876238103612707e-05,9.775161743164062e-05
86,5,86,trk-e--2.0-85-5.root,gsf_material_steps-e--2.0-85-5.root,1,0.00951773694171909,0.00951773694171909,0.019096851348876953
88,5,88,trk-e--2.0-85-5.root,gsf_material_steps-e--2.0-85-5.root,3,0.024047381817155156,0.022496214424703287,0.04821634292602539
91,5,91,trk-e--2.0-85-5.root,gsf_material_steps-e--2.0-85-5.root,1,0.03006995745233909,0.03006995745233909,0.06023669242858887
93,5,93,trk-e--2.0-85-5.root,gsf_material_steps-e--2.0-85-5.root,1,0.012465365563460895,0.012465365563460895,0.02499854564666748
95,5,95,trk-e--2.0-85-5.root,gsf_material_steps-e--2.0-85-5.root,1,0.00028970923068338816,0.00028970923068338816,0.0005805492401123047
98,5,98,trk-e--2.0-85-5.root,gsf_material_steps-e--2.0-85-5.root,2,0.08322141189786914,0.08002082220013496,0.16690218448638916
3,6,3,trk-e--2.0-85-6.root,gsf_material_steps-e--2.0-85-6.root,1,0.00017952427611378496,0.00017952427611378496,0.00036025047302246094
4,6,4,trk-e--2.0-85-6.root,gsf_material_steps-e--2.0-85-6.root,1,0.003370760880492929,0.003370760880492929,0.00676274299621582
7,6,7,trk-e--2.0-85-6.root,gsf_material_steps-e--2.0-85-6.root,1,0.014530956772147774,0.014530956772147774,0.029123663902282715
9,6,9,trk-e--2.0-85-6.root,gsf_material_steps-e--2.0-85-6.root,1,0.015762048814442098,0.015762048814442098,0.03162670135498047
11,6,11,trk-e--2.0-85-6.root,gsf_material_steps-e--2.0-85-6.root,3,0.014022457586722492,0.01119276481943876,0.028126001358032227
13,6,13,trk-e--2.0-85-6.root,gsf_material_steps-e--2.0-85-6.root,1,0.0008061178942371239,0.0008061178942371239,0.0016176700592041016
15,6,15,trk-e--2.0-85-6.root,gsf_material_steps-e--2.0-85-6.root,1,0.0003499908788454631,0.0003499908788454631,0.0007021427154541016
16,6,16,trk-e--2.0-85-6.root,gsf_material_steps-e--2.0-85-6.root,2,0.040272719712690974,0.022247437158903538,0.08079779148101807
20,6,20,trk-e--2.0-85-6.root,gsf_material_steps-e--2.0-85-6.root,1,0.00021035198105423536,0.00021035198105423536,0.00042176246643066406
21,6,21,trk-e--2.0-85-6.root,gsf_material_steps-e--2.0-85-6.root,1,0.02798610819870284,0.02798610819870284,0.05616199970245361
22,6,22,trk-e--2.0-85-6.root,gsf_material_steps-e--2.0-85-6.root,2,0.0005127252333499976,0.00044494686261931093,0.001028299331665039
23,6,23,trk-e--2.0-85-6.root,gsf_material_steps-e--2.0-85-6.root,1,0.0058529204003539,0.0058529204003539,0.011744141578674316
26,6,26,trk-e--2.0-85-6.root,gsf_material_steps-e--2.0-85-6.root,1,0.023688644576300932,0.023688644576300932,0.047510385513305664
32,6,32,trk-e--2.0-85-6.root,gsf_material_steps-e--2.0-85-6.root,1,0.00011662005625079352,0.00011662005625079352,0.00023412704467773438
34,6,34,trk-e--2.0-85-6.root,gsf_material_steps-e--2.0-85-6.root,1,0.050800540938314764,0.050800540938314764,0.10192978382110596
38,6,38,trk-e--2.0-85-6.root,gsf_material_steps-e--2.0-85-6.root,1,0.016853750689356684,0.016853750689356684,0.03375709056854248
39,6,39,trk-e--2.0-85-6.root,gsf_material_steps-e--2.0-85-6.root,1,0.005166424384290935,0.005166424384290935,0.010357022285461426
40,6,40,trk-e--2.0-85-6.root,gsf_material_steps-e--2.0-85-6.root,1,0.0003979958118960347,0.0003979958118960347,0.0007987022399902344
42,6,42,trk-e--2.0-85-6.root,gsf_material_steps-e--2.0-85-6.root,1,0.0011194759320998227,0.0011194759320998227,0.0022444725036621094
43,6,43,trk-e--2.0-85-6.root,gsf_material_steps-e--2.0-85-6.root,1,0.00011632289429419629,0.00011632289429419629,0.0002334117889404297
44,6,44,trk-e--2.0-85-6.root,gsf_material_steps-e--2.0-85-6.root,1,0.0010930501062054176,0.0010930501062054176,0.0021944046020507812
47,6,47,trk-e--2.0-85-6.root,gsf_material_steps-e--2.0-85-6.root,3,0.03238244039706828,0.029724639463318714,0.06491303443908691
50,6,50,trk-e--2.0-85-6.root,gsf_material_steps-e--2.0-85-6.root,1,0.006222441465509321,0.006222441465509321,0.012480735778808594
54,6,54,trk-e--2.0-85-6.root,gsf_material_steps-e--2.0-85-6.root,2,0.032948425748483334,0.02700862705566842,0.06613528728485107
55,6,55,trk-e--2.0-85-6.root,gsf_material_steps-e--2.0-85-6.root,1,9.817328750016951e-05,9.817328750016951e-05,0.00019693374633789062
58,6,58,trk-e--2.0-85-6.root,gsf_material_steps-e--2.0-85-6.root,1,0.00128779903351528,0.00128779903351528,0.002585172653198242
59,6,59,trk-e--2.0-85-6.root,gsf_material_steps-e--2.0-85-6.root,1,0.013378291520737329,0.013378291520737329,0.02683722972869873
60,6,60,trk-e--2.0-85-6.root,gsf_material_steps-e--2.0-85-6.root,1,2.021098605031746e-06,2.021098605031746e-06,4.0531158447265625e-06
61,6,61,trk-e--2.0-85-6.root,gsf_material_steps-e--2.0-85-6.root,1,0.0006757417272119648,0.0006757417272119648,0.001356363296508789
65,6,65,trk-e--2.0-85-6.root,gsf_material_steps-e--2.0-85-6.root,2,0.005554475311561613,0.003965797505327662,0.011136889457702637
68,6,68,trk-e--2.0-85-6.root,gsf_material_steps-e--2.0-85-6.root,3,0.016460195752878604,0.014161768361464766,0.032929062843322754
69,6,69,trk-e--2.0-85-6.root,gsf_material_steps-e--2.0-85-6.root,1,0.00024066854061854936,0.00024066854061854936,0.0004830360412597656
73,6,73,trk-e--2.0-85-6.root,gsf_material_steps-e--2.0-85-6.root,1,0.03716354399474153,0.03716354399474153,0.0745842456817627
76,6,76,trk-e--2.0-85-6.root,gsf_material_steps-e--2.0-85-6.root,1,0.00023990422852004922,0.00023990422852004922,0.0004811286926269531
79,6,79,trk-e--2.0-85-6.root,gsf_material_steps-e--2.0-85-6.root,1,0.0009864294891400727,0.0009864294891400727,0.001977682113647461
81,6,81,trk-e--2.0-85-6.root,gsf_material_steps-e--2.0-85-6.root,1,0.020277159564849878,0.020277159564849878,0.04068160057067871
82,6,82,trk-e--2.0-85-6.root,gsf_material_steps-e--2.0-85-6.root,1,1.0459706476839692e-05,1.0459706476839692e-05,2.09808349609375e-05
83,6,83,trk-e--2.0-85-6.root,gsf_material_steps-e--2.0-85-6.root,1,5.4768064967070096e-05,5.4768064967070096e-05,0.00010991096496582031
84,6,84,trk-e--2.0-85-6.root,gsf_material_steps-e--2.0-85-6.root,2,0.014904078878764992,0.012564042316027924,0.029881715774536133
88,6,88,trk-e--2.0-85-6.root,gsf_material_steps-e--2.0-85-6.root,2,0.004846841467447849,0.0036571851152964463,0.009724020957946777
94,6,94,trk-e--2.0-85-6.root,gsf_material_steps-e--2.0-85-6.root,2,0.047201442836710794,0.047195322316107124,0.09456503391265869
95,6,95,trk-e--2.0-85-6.root,gsf_material_steps-e--2.0-85-6.root,2,0.03897904413363651,0.038762639384342434,0.07824158668518066
96,6,96,trk-e--2.0-85-6.root,gsf_material_steps-e--2.0-85-6.root,2,0.04329766590900974,0.03976696742898789,0.08682441711425781
97,6,97,trk-e--2.0-85-6.root,gsf_material_steps-e--2.0-85-6.root,1,0.034295598452125375,0.034295598452125375,0.06835711002349854
99,6,99,trk-e--2.0-85-6.root,gsf_material_steps-e--2.0-85-6.root,3,0.0008088564083915672,0.00039932542526377457,0.0016219615936279297
4,7,4,trk-e--2.0-85-7.root,gsf_material_steps-e--2.0-85-7.root,2,0.027520885634239045,0.024688572485332738,0.05518221855163574
6,7,6,trk-e--2.0-85-7.root,gsf_material_steps-e--2.0-85-7.root,2,0.048182909085329184,0.04295693404442058,0.09668636322021484
8,7,8,trk-e--2.0-85-7.root,gsf_material_steps-e--2.0-85-7.root,2,0.002050244058701023,0.0017917281073109859,0.004111766815185547
10,7,10,trk-e--2.0-85-7.root,gsf_material_steps-e--2.0-85-7.root,1,0.000957750287105319,0.000957750287105319,0.0019221305847167969
20,7,20,trk-e--2.0-85-7.root,gsf_material_steps-e--2.0-85-7.root,1,0.003754003977708531,0.003754003977708531,0.007529735565185547
22,7,22,trk-e--2.0-85-7.root,gsf_material_steps-e--2.0-85-7.root,2,0.09249042159735621,0.09237418243836604,0.1852654218673706
24,7,24,trk-e--2.0-85-7.root,gsf_material_steps-e--2.0-85-7.root,1,0.0004421171476033381,0.0004421171476033381,0.0008862018585205078
25,7,25,trk-e--2.0-85-7.root,gsf_material_steps-e--2.0-85-7.root,1,0.00020562936858348202,0.00020562936858348202,0.00041222572326660156
26,7,26,trk-e--2.0-85-7.root,gsf_material_steps-e--2.0-85-7.root,2,0.005648203571900101,0.005614053024583954,0.011327743530273438
28,7,28,trk-e--2.0-85-7.root,gsf_material_steps-e--2.0-85-7.root,1,0.00031340746680208476,0.00031340746680208476,0.0006284713745117188
33,7,33,trk-e--2.0-85-7.root,gsf_material_steps-e--2.0-85-7.root,1,0.0030940504298236915,0.0030940504298236915,0.006204366683959961
36,7,36,trk-e--2.0-85-7.root,gsf_material_steps-e--2.0-85-7.root,1,0.022961735873815337,0.022961735873815337,0.04567456245422363
38,7,38,trk-e--2.0-85-7.root,gsf_material_steps-e--2.0-85-7.root,1,0.0032745950641516197,0.0032745950641516197,0.00657343864440918
42,7,42,trk-e--2.0-85-7.root,gsf_material_steps-e--2.0-85-7.root,2,0.017359965689418333,0.013395483498499838,0.034825801849365234
47,7,47,trk-e--2.0-85-7.root,gsf_material_steps-e--2.0-85-7.root,1,4.401597994196926e-06,4.401597994196926e-06,8.821487426757812e-06
52,7,52,trk-e--2.0-85-7.root,gsf_material_steps-e--2.0-85-7.root,3,0.05457055038010861,0.05174762629326457,0.10954499244689941
58,7,58,trk-e--2.0-85-7.root,gsf_material_steps-e--2.0-85-7.root,1,0.00010728491928091444,0.00010728491928091444,0.00021529197692871094
61,7,61,trk-e--2.0-85-7.root,gsf_material_steps-e--2.0-85-7.root,1,5.719232077161518e-05,5.719232077161518e-05,0.00011467933654785156
62,7,62,trk-e--2.0-85-7.root,gsf_material_steps-e--2.0-85-7.root,1,5.856719225083573e-05,5.856719225083573e-05,0.00011754035949707031
64,7,64,trk-e--2.0-85-7.root,gsf_material_steps-e--2.0-85-7.root,1,0.0038196949289779347,0.0038196949289779347,0.007652640342712402
66,7,66,trk-e--2.0-85-7.root,gsf_material_steps-e--2.0-85-7.root,1,0.0032640129904150106,0.0032640129904150106,0.006544589996337891
69,7,69,trk-e--2.0-85-7.root,gsf_material_steps-e--2.0-85-7.root,1,0.0003749453749525289,0.0003749453749525289,0.0007519721984863281
71,7,71,trk-e--2.0-85-7.root,gsf_material_steps-e--2.0-85-7.root,1,0.006040571297306174,0.006040571297306174,0.012125134468078613
74,7,74,trk-e--2.0-85-7.root,gsf_material_steps-e--2.0-85-7.root,1,0.0001501161618813196,0.0001501161618813196,0.000301361083984375
77,7,77,trk-e--2.0-85-7.root,gsf_material_steps-e--2.0-85-7.root,1,0.00025258558815743903,0.00025258558815743903,0.0005071163177490234
82,7,82,trk-e--2.0-85-7.root,gsf_material_steps-e--2.0-85-7.root,1,0.0014806909907139065,0.0014806909907139065,0.002969980239868164
84,7,84,trk-e--2.0-85-7.root,gsf_material_steps-e--2.0-85-7.root,2,0.07316711833335576,0.0721654415412808,0.14677786827087402
87,7,87,trk-e--2.0-85-7.root,gsf_material_steps-e--2.0-85-7.root,1,8.605006093032053e-05,8.605006093032053e-05,0.00017261505126953125
88,7,88,trk-e--2.0-85-7.root,gsf_material_steps-e--2.0-85-7.root,3,0.014959007672936564,0.009497609712600164,0.030025243759155273
91,7,91,trk-e--2.0-85-7.root,gsf_material_steps-e--2.0-85-7.root,1,0.060749315635827306,0.060749315635827306,0.12187719345092773
92,7,92,trk-e--2.0-85-7.root,gsf_material_steps-e--2.0-85-7.root,1,0.003667261938230082,0.003667261938230082,0.007355332374572754
93,7,93,trk-e--2.0-85-7.root,gsf_material_steps-e--2.0-85-7.root,1,2.0324850541042494e-05,2.0324850541042494e-05,4.076957702636719e-05
97,7,97,trk-e--2.0-85-7.root,gsf_material_steps-e--2.0-85-7.root,1,0.00010252360121809634,0.00010252360121809634,0.00020575523376464844
98,7,98,trk-e--2.0-85-7.root,gsf_material_steps-e--2.0-85-7.root,2,0.0005847983196560769,0.0003088403651025917,0.0011723041534423828
99,7,99,trk-e--2.0-85-7.root,gsf_material_steps-e--2.0-85-7.root,2,0.0008673005923076627,0.00047560218983744296,0.001739501953125
1,8,1,trk-e--2.0-85-8.root,gsf_material_steps-e--2.0-85-8.root,1,0.0010472342055336537,0.0010472342055336537,0.002102375030517578
2,8,2,trk-e--2.0-85-8.root,gsf_material_steps-e--2.0-85-8.root,1,9.226160540420913e-05,9.226160540420913e-05,0.0001850128173828125
3,8,3,trk-e--2.0-85-8.root,gsf_material_steps-e--2.0-85-8.root,1,0.001536368297063384,0.001536368297063384,0.003084421157836914
5,8,5,trk-e--2.0-85-8.root,gsf_material_steps-e--2.0-85-8.root,1,0.0023102372230398016,0.0023102372230398016,0.004617929458618164
6,8,6,trk-e--2.0-85-8.root,gsf_material_steps-e--2.0-85-8.root,1,0.004677259680852974,0.004677259680852974,0.009370803833007812
7,8,7,trk-e--2.0-85-8.root,gsf_material_steps-e--2.0-85-8.root,1,0.00015397991750187856,0.00015397991750187856,0.000308990478515625
10,8,10,trk-e--2.0-85-8.root,gsf_material_steps-e--2.0-85-8.root,1,0.014594576363055722,0.014594576363055722,0.029299139976501465
13,8,13,trk-e--2.0-85-8.root,gsf_material_steps-e--2.0-85-8.root,1,0.0003578592885871146,0.0003578592885871146,0.0007181167602539062
14,8,14,trk-e--2.0-85-8.root,gsf_material_steps-e--2.0-85-8.root,1,0.049410123238326054,0.049410123238326054,0.09897911548614502
18,8,18,trk-e--2.0-85-8.root,gsf_material_steps-e--2.0-85-8.root,1,0.0007713366319701542,0.0007713366319701542,0.0015485286712646484
20,8,20,trk-e--2.0-85-8.root,gsf_material_steps-e--2.0-85-8.root,1,0.0004919551424411583,0.0004919551424411583,0.0009865760803222656
27,8,27,trk-e--2.0-85-8.root,gsf_material_steps-e--2.0-85-8.root,1,0.005739687928737025,0.005739687928737025,0.011524438858032227
28,8,28,trk-e--2.0-85-8.root,gsf_material_steps-e--2.0-85-8.root,1,0.04767729159313183,0.04767729159313183,0.09548652172088623
30,8,30,trk-e--2.0-85-8.root,gsf_material_steps-e--2.0-85-8.root,1,0.0004339527789545272,0.0004339527789545272,0.0008711814880371094
31,8,31,trk-e--2.0-85-8.root,gsf_material_steps-e--2.0-85-8.root,1,0.030055503007156537,0.030055503007156537,0.06022810935974121
32,8,32,trk-e--2.0-85-8.root,gsf_material_steps-e--2.0-85-8.root,1,0.0007514658908477356,0.0007514658908477356,0.0014976263046264648
33,8,33,trk-e--2.0-85-8.root,gsf_material_steps-e--2.0-85-8.root,1,0.002303025777289025,0.002303025777289025,0.0046176910400390625
35,8,35,trk-e--2.0-85-8.root,gsf_material_steps-e--2.0-85-8.root,1,0.007938723195614616,0.007938723195614616,0.015935420989990234
36,8,36,trk-e--2.0-85-8.root,gsf_material_steps-e--2.0-85-8.root,1,0.033197900525962276,0.033197900525962276,0.06657350063323975
37,8,37,trk-e--2.0-85-8.root,gsf_material_steps-e--2.0-85-8.root,2,0.04095727169868735,0.04027385555073382,0.07264542579650879
38,8,38,trk-e--2.0-85-8.root,gsf_material_steps-e--2.0-85-8.root,2,0.05172884591837579,0.040507930960286376,0.10374581813812256
41,8,41,trk-e--2.0-85-8.root,gsf_material_steps-e--2.0-85-8.root,3,0.005570717204161246,0.0028854733743702843,0.011170744895935059
46,8,46,trk-e--2.0-85-8.root,gsf_material_steps-e--2.0-85-8.root,1,0.008638431564971127,0.008638431564971127,0.017343640327453613
48,8,48,trk-e--2.0-85-8.root,gsf_material_steps-e--2.0-85-8.root,3,0.03648256730812116,0.03561373235179044,0.0732278823852539
50,8,50,trk-e--2.0-85-8.root,gsf_material_steps-e--2.0-85-8.root,1,2.1630178615339446e-05,2.1630178615339446e-05,4.3392181396484375e-05
51,8,51,trk-e--2.0-85-8.root,gsf_material_steps-e--2.0-85-8.root,1,0.02673652298575757,0.02673652298575757,0.053588271141052246
52,8,52,trk-e--2.0-85-8.root,gsf_material_steps-e--2.0-85-8.root,1,0.0386828183778406,0.0386828183778406,0.07762694358825684
54,8,54,trk-e--2.0-85-8.root,gsf_material_steps-e--2.0-85-8.root,2,0.0010118138447819947,0.0010105069404243716,0.002027750015258789
55,8,55,trk-e--2.0-85-8.root,gsf_material_steps-e--2.0-85-8.root,1,0.001626951563117096,0.001626951563117096,0.0032625198364257812
56,8,56,trk-e--2.0-85-8.root,gsf_material_steps-e--2.0-85-8.root,1,0.0022810989024574235,0.0022810989024574235,0.004575252532958984
57,8,57,trk-e--2.0-85-8.root,gsf_material_steps-e--2.0-85-8.root,1,0.00029504469873709027,0.00029504469873709027,0.0005919933319091797
58,8,58,trk-e--2.0-85-8.root,gsf_material_steps-e--2.0-85-8.root,2,0.006266837381302515,0.00448500578187494,0.012579202651977539
59,8,59,trk-e--2.0-85-8.root,gsf_material_steps-e--2.0-85-8.root,2,0.03759505223687576,0.03680519867846721,0.07543516159057617
61,8,61,trk-e--2.0-85-8.root,gsf_material_steps-e--2.0-85-8.root,1,0.004633276002452891,0.004633276002452891,0.00929880142211914
65,8,65,trk-e--2.0-85-8.root,gsf_material_steps-e--2.0-85-8.root,1,0.01000941024201718,0.01000941024201718,0.019773125648498535
66,8,66,trk-e--2.0-85-8.root,gsf_material_steps-e--2.0-85-8.root,1,0.028117920653771944,0.028117920653771944,0.05637943744659424
67,8,67,trk-e--2.0-85-8.root,gsf_material_steps-e--2.0-85-8.root,1,0.0005960429968333569,0.0005960429968333569,0.001196146011352539
74,8,74,trk-e--2.0-85-8.root,gsf_material_steps-e--2.0-85-8.root,3,0.023604635708683208,0.013326334906318071,0.047361135482788086
75,8,75,trk-e--2.0-85-8.root,gsf_material_steps-e--2.0-85-8.root,2,0.011276602618622511,0.01094113120522322,0.02263951301574707
76,8,76,trk-e--2.0-85-8.root,gsf_material_steps-e--2.0-85-8.root,1,0.04218180932094595,0.04218180932094595,0.08460772037506104
78,8,78,trk-e--2.0-85-8.root,gsf_material_steps-e--2.0-85-8.root,1,2.853801531199629e-06,2.853801531199629e-06,5.7220458984375e-06
82,8,82,trk-e--2.0-85-8.root,gsf_material_steps-e--2.0-85-8.root,1,5.9914265539084965e-05,5.9914265539084965e-05,0.0001201629638671875
83,8,83,trk-e--2.0-85-8.root,gsf_material_steps-e--2.0-85-8.root,3,0.021909029784878742,0.02188473013796166,0.04393970966339111
87,8,87,trk-e--2.0-85-8.root,gsf_material_steps-e--2.0-85-8.root,1,0.08767225635558618,0.08767225635558618,0.17597508430480957
89,8,89,trk-e--2.0-85-8.root,gsf_material_steps-e--2.0-85-8.root,1,0.006364856537484309,0.006364856537484309,0.012763500213623047
91,8,91,trk-e--2.0-85-8.root,gsf_material_steps-e--2.0-85-8.root,3,0.054898506728636054,0.03196102358785913,0.11003005504608154
96,8,96,trk-e--2.0-85-8.root,gsf_material_steps-e--2.0-85-8.root,3,0.09377593852291521,0.06521970270018362,0.1880960464477539
0,9,0,trk-e--2.0-85-9.root,gsf_material_steps-e--2.0-85-9.root,3,0.05152839249197061,0.048962083395339806,0.008815422654151917
2,9,2,trk-e--2.0-85-9.root,gsf_material_steps-e--2.0-85-9.root,2,0.0005317152961403782,0.0004535239237741795,0.0010640621185302734
7,9,7,trk-e--2.0-85-9.root,gsf_material_steps-e--2.0-85-9.root,1,0.0005063433236052184,0.0005063433236052184,0.0010151863098144531
8,9,8,trk-e--2.0-85-9.root,gsf_material_steps-e--2.0-85-9.root,1,0.017084779428317542,0.017084779428317542,0.03428840637207031
14,9,14,trk-e--2.0-85-9.root,gsf_material_steps-e--2.0-85-9.root,1,0.014633805080566997,0.014633805080566997,0.029349684715270996
15,9,15,trk-e--2.0-85-9.root,gsf_material_steps-e--2.0-85-9.root,1,0.0006125662712336277,0.0006125662712336277,0.0012290477752685547
17,9,17,trk-e--2.0-85-9.root,gsf_material_steps-e--2.0-85-9.root,3,0.027275463839459335,0.02717872378972863,0.05470740795135498
18,9,18,trk-e--2.0-85-9.root,gsf_material_steps-e--2.0-85-9.root,1,9.376712453312841e-05,9.376712453312841e-05,0.0001881122589111328
20,9,20,trk-e--2.0-85-9.root,gsf_material_steps-e--2.0-85-9.root,1,0.004867875447490122,0.004867875447490122,0.00960540771484375
21,9,21,trk-e--2.0-85-9.root,gsf_material_steps-e--2.0-85-9.root,1,0.0841476617751512,0.0841476617751512,0.16885173320770264
22,9,22,trk-e--2.0-85-9.root,gsf_material_steps-e--2.0-85-9.root,2,0.0027576597883153253,0.0019408558760832806,0.005529046058654785
26,9,26,trk-e--2.0-85-9.root,gsf_material_steps-e--2.0-85-9.root,1,0.0002241108606474418,0.0002241108606474418,0.00044989585876464844
28,9,28,trk-e--2.0-85-9.root,gsf_material_steps-e--2.0-85-9.root,1,0.0014149660510285322,0.0014149660510285322,0.0028405189514160156
29,9,29,trk-e--2.0-85-9.root,gsf_material_steps-e--2.0-85-9.root,1,0.003983718314897855,0.003983718314897855,0.005039095878601074
30,9,30,trk-e--2.0-85-9.root,gsf_material_steps-e--2.0-85-9.root,1,0.07461045017593726,0.07461045017593726,0.14954257011413574
32,9,32,trk-e--2.0-85-9.root,gsf_material_steps-e--2.0-85-9.root,1,0.00025983520858641196,0.00025983520858641196,0.0005209445953369141
33,9,33,trk-e--2.0-85-9.root,gsf_material_steps-e--2.0-85-9.root,1,0.0001232879502646167,0.0001232879502646167,0.0002467632293701172
36,9,36,trk-e--2.0-85-9.root,gsf_material_steps-e--2.0-85-9.root,1,8.372296178826844e-05,8.372296178826844e-05,0.00016808509826660156
37,9,37,trk-e--2.0-85-9.root,gsf_material_steps-e--2.0-85-9.root,1,0.0022847623650946725,0.0022847623650946725,0.0045812129974365234
39,9,39,trk-e--2.0-85-9.root,gsf_material_steps-e--2.0-85-9.root,3,0.008487000256282018,0.007072656557558288,0.017024755477905273
43,9,43,trk-e--2.0-85-9.root,gsf_material_steps-e--2.0-85-9.root,1,0.00024273868223456674,0.00024273868223456674,0.00048661231994628906
46,9,46,trk-e--2.0-85-9.root,gsf_material_steps-e--2.0-85-9.root,1,0.05377467744123854,0.05377467744123854,0.1078178882598877
47,9,47,trk-e--2.0-85-9.root,gsf_material_steps-e--2.0-85-9.root,1,0.000529673854927859,0.000529673854927859,0.0010628700256347656
48,9,48,trk-e--2.0-85-9.root,gsf_material_steps-e--2.0-85-9.root,1,0.00020580963381700013,0.00020580963381700013,0.0004127025604248047
51,9,51,trk-e--2.0-85-9.root,gsf_material_steps-e--2.0-85-9.root,1,0.0002602310076241787,0.0002602310076241787,0.0005218982696533203
57,9,57,trk-e--2.0-85-9.root,gsf_material_steps-e--2.0-85-9.root,2,0.00034334354019627256,0.00027557731666094654,0.0006890296936035156
59,9,59,trk-e--2.0-85-9.root,gsf_material_steps-e--2.0-85-9.root,1,0.000478117274079759,0.000478117274079759,0.0009584426879882812
62,9,62,trk-e--2.0-85-9.root,gsf_material_steps-e--2.0-85-9.root,1,0.0105302912439178,0.0105302912439178,0.02113962173461914
63,9,63,trk-e--2.0-85-9.root,gsf_material_steps-e--2.0-85-9.root,1,0.0007391931166070842,0.0007391931166070842,0.0014836788177490234
68,9,68,trk-e--2.0-85-9.root,gsf_material_steps-e--2.0-85-9.root,1,0.00040559743479828825,0.00040559743479828825,0.0008134841918945312
70,9,70,trk-e--2.0-85-9.root,gsf_material_steps-e--2.0-85-9.root,1,5.4864334869120235e-05,5.4864334869120235e-05,0.00011014938354492188
71,9,71,trk-e--2.0-85-9.root,gsf_material_steps-e--2.0-85-9.root,2,0.0002270975205368453,0.00021806337147367572,0.00045561790466308594
75,9,75,trk-e--2.0-85-9.root,gsf_material_steps-e--2.0-85-9.root,1,0.015123610442453916,0.015123610442453916,0.03034043312072754
76,9,76,trk-e--2.0-85-9.root,gsf_material_steps-e--2.0-85-9.root,1,0.0009347383741988846,0.0009347383741988846,0.0018765926361083984
77,9,77,trk-e--2.0-85-9.root,gsf_material_steps-e--2.0-85-9.root,1,0.0030507467182478987,0.0030507467182478987,0.006113886833190918
81,9,81,trk-e--2.0-85-9.root,gsf_material_steps-e--2.0-85-9.root,1,0.046218288043051725,0.046218288043051725,0.09266793727874756
85,9,85,trk-e--2.0-85-9.root,gsf_material_steps-e--2.0-85-9.root,1,0.006643978337582124,0.006643978337582124,0.013338446617126465
87,9,87,trk-e--2.0-85-9.root,gsf_material_steps-e--2.0-85-9.root,2,0.06907570250067019,0.06888087645361474,0.1385328769683838
89,9,89,trk-e--2.0-85-9.root,gsf_material_steps-e--2.0-85-9.root,1,0.04403213753494495,0.04403213753494495,0.08806192874908447
90,9,90,trk-e--2.0-85-9.root,gsf_material_steps-e--2.0-85-9.root,2,0.004163816121120378,0.004005839207181672,0.008353590965270996
91,9,91,trk-e--2.0-85-9.root,gsf_material_steps-e--2.0-85-9.root,1,0.031197337898094646,0.031197337898094646,0.06264019012451172
92,9,92,trk-e--2.0-85-9.root,gsf_material_steps-e--2.0-85-9.root,2,0.049839443828789465,0.03780801748083695,0.0999375581741333
93,9,93,trk-e--2.0-85-9.root,gsf_material_steps-e--2.0-85-9.root,1,0.002908163192581914,0.002908163192581914,0.005837202072143555
94,9,94,trk-e--2.0-85-9.root,gsf_material_steps-e--2.0-85-9.root,2,0.009132798647337625,0.0068352315463078295,0.018309831619262695
97,9,97,trk-e--2.0-85-9.root,gsf_material_steps-e--2.0-85-9.root,1,8.843921194956472e-05,8.843921194956472e-05,0.0001773834228515625
0,10,0,trk-e--2.0-85-10.root,gsf_material_steps-e--2.0-85-10.root,3,0.030604744101781822,0.02875949710403014,0.06133747100830078
2,10,2,trk-e--2.0-85-10.root,gsf_material_steps-e--2.0-85-10.root,2,0.010610098039485538,0.010277600480529392,0.021262764930725098
3,10,3,trk-e--2.0-85-10.root,gsf_material_steps-e--2.0-85-10.root,3,0.0012553921622631137,0.0011816186635955628,0.002332925796508789
6,10,6,trk-e--2.0-85-10.root,gsf_material_steps-e--2.0-85-10.root,1,0.008576363166652001,0.008576363166652001,0.01720714569091797
8,10,8,trk-e--2.0-85-10.root,gsf_material_steps-e--2.0-85-10.root,1,0.0008700247021899976,0.0008700247021899976,0.0017457008361816406
10,10,10,trk-e--2.0-85-10.root,gsf_material_steps-e--2.0-85-10.root,1,0.006939106474672885,0.006939106474672885,0.01391899585723877
11,10,11,trk-e--2.0-85-10.root,gsf_material_steps-e--2.0-85-10.root,1,4.443373071427725e-05,4.443373071427725e-05,8.916854858398438e-05
12,10,12,trk-e--2.0-85-10.root,gsf_material_steps-e--2.0-85-10.root,1,7.910280787648549e-05,7.910280787648549e-05,0.00015878677368164062
18,10,18,trk-e--2.0-85-10.root,gsf_material_steps-e--2.0-85-10.root,1,1.556999616569854e-05,1.556999616569854e-05,3.123283386230469e-05
21,10,21,trk-e--2.0-85-10.root,gsf_material_steps-e--2.0-85-10.root,1,0.00022900616319077027,0.00022900616319077027,0.0004591941833496094
22,10,22,trk-e--2.0-85-10.root,gsf_material_steps-e--2.0-85-10.root,2,0.01996148511697282,0.011271355505585778,0.040041565895080566
23,10,23,trk-e--2.0-85-10.root,gsf_material_steps-e--2.0-85-10.root,3,0.04635429182509321,0.04516817070575263,0.09300243854522705
25,10,25,trk-e--2.0-85-10.root,gsf_material_steps-e--2.0-85-10.root,1,0.00039777256877571165,0.00039777256877571165,0.000797271728515625
26,10,26,trk-e--2.0-85-10.root,gsf_material_steps-e--2.0-85-10.root,1,0.0009028754472918399,0.0009028754472918399,0.0018107891082763672
28,10,28,trk-e--2.0-85-10.root,gsf_material_steps-e--2.0-85-10.root,1,0.00535610273584064,0.00535610273584064,0.010747075080871582
29,10,29,trk-e--2.0-85-10.root,gsf_material_steps-e--2.0-85-10.root,1,2.282622690674696e-05,2.282622690674696e-05,4.57763671875e-05
30,10,30,trk-e--2.0-85-10.root,gsf_material_steps-e--2.0-85-10.root,1,0.003549170940726709,0.003549170940726709,0.007117629051208496
31,10,31,trk-e--2.0-85-10.root,gsf_material_steps-e--2.0-85-10.root,1,0.003265371846623677,0.003265371846623677,0.006556034088134766
34,10,34,trk-e--2.0-85-10.root,gsf_material_steps-e--2.0-85-10.root,2,0.030695174332611597,0.030676503654974874,0.06153440475463867
36,10,36,trk-e--2.0-85-10.root,gsf_material_steps-e--2.0-85-10.root,1,0.0006422773193044407,0.0006422773193044407,0.0012886524200439453
37,10,37,trk-e--2.0-85-10.root,gsf_material_steps-e--2.0-85-10.root,1,0.02331720922800451,0.02331720922800451,0.04661989212036133
40,10,40,trk-e--2.0-85-10.root,gsf_material_steps-e--2.0-85-10.root,1,0.0004235981970349689,0.0004235981970349689,0.0008502006530761719
42,10,42,trk-e--2.0-85-10.root,gsf_material_steps-e--2.0-85-10.root,2,0.0018397549855009299,0.001148443792071463,0.0036885738372802734
44,10,44,trk-e--2.0-85-10.root,gsf_material_steps-e--2.0-85-10.root,1,0.010009750413203511,0.010009750413203511,0.020070314407348633
45,10,45,trk-e--2.0-85-10.root,gsf_material_steps-e--2.0-85-10.root,2,0.00636494909167129,0.003824149187570902,0.012773275375366211
48,10,48,trk-e--2.0-85-10.root,gsf_material_steps-e--2.0-85-10.root,1,5.9547800421944075e-05,5.9547800421944075e-05,0.00011944770812988281
50,10,50,trk-e--2.0-85-10.root,gsf_material_steps-e--2.0-85-10.root,1,0.005570165794032134,0.005570165794032134,0.011178851127624512
52,10,52,trk-e--2.0-85-10.root,gsf_material_steps-e--2.0-85-10.root,3,0.005374133084141142,0.005072156272621253,0.010779380798339844
55,10,55,trk-e--2.0-85-10.root,gsf_material_steps-e--2.0-85-10.root,2,0.000266324775417659,0.00017289803142395144,0.0005340576171875
56,10,56,trk-e--2.0-85-10.root,gsf_material_steps-e--2.0-85-10.root,2,0.05459521823697833,0.054093575594334586,0.10954570770263672
57,10,57,trk-e--2.0-85-10.root,gsf_material_steps-e--2.0-85-10.root,1,0.012666418304357663,0.012666418304357663,0.02539670467376709
58,10,58,trk-e--2.0-85-10.root,gsf_material_steps-e--2.0-85-10.root,1,0.00758152932667544,0.00758152932667544,0.015167713165283203
61,10,61,trk-e--2.0-85-10.root,gsf_material_steps-e--2.0-85-10.root,2,0.000339800715545846,0.00017039507314819957,0.0006818771362304688
62,10,62,trk-e--2.0-85-10.root,gsf_material_steps-e--2.0-85-10.root,1,0.00031482551360217936,0.00031482551360217936,0.0006318092346191406
64,10,64,trk-e--2.0-85-10.root,gsf_material_steps-e--2.0-85-10.root,1,0.0617061074619597,0.0617061074619597,0.12374293804168701
65,10,65,trk-e--2.0-85-10.root,gsf_material_steps-e--2.0-85-10.root,1,0.0003690857629938815,0.0003690857629938815,0.0007376670837402344
66,10,66,trk-e--2.0-85-10.root,gsf_material_steps-e--2.0-85-10.root,1,5.459746325198189e-05,5.459746325198189e-05,0.00010943412780761719
69,10,69,trk-e--2.0-85-10.root,gsf_material_steps-e--2.0-85-10.root,1,0.0009718919583866503,0.0009718919583866503,0.001951456069946289
74,10,74,trk-e--2.0-85-10.root,gsf_material_steps-e--2.0-85-10.root,1,0.0015377345027293154,0.0015377345027293154,0.0030853748321533203
76,10,76,trk-e--2.0-85-10.root,gsf_material_steps-e--2.0-85-10.root,1,1.2584491450362556e-05,1.2584491450362556e-05,2.181529998779297e-05
82,10,82,trk-e--2.0-85-10.root,gsf_material_steps-e--2.0-85-10.root,1,0.0018904036353916132,0.0018904036353916132,0.0037937164306640625
83,10,83,trk-e--2.0-85-10.root,gsf_material_steps-e--2.0-85-10.root,2,0.09325891235290329,0.08411937522562318,0.18711578845977783
85,10,85,trk-e--2.0-85-10.root,gsf_material_steps-e--2.0-85-10.root,1,0.0003354798170629447,0.0003354798170629447,0.0006721019744873047
87,10,87,trk-e--2.0-85-10.root,gsf_material_steps-e--2.0-85-10.root,1,0.018436715404367532,0.018436715404367532,0.03696739673614502
90,10,90,trk-e--2.0-85-10.root,gsf_material_steps-e--2.0-85-10.root,1,0.04011337422460737,0.04011337422460737,0.08042144775390625
92,10,92,trk-e--2.0-85-10.root,gsf_material_steps-e--2.0-85-10.root,2,0.003198498453585552,0.0025800592891540575,0.006410479545593262
93,10,93,trk-e--2.0-85-10.root,gsf_material_steps-e--2.0-85-10.root,1,2.3443394317923527e-05,2.3443394317923527e-05,4.696846008300781e-05
94,10,94,trk-e--2.0-85-10.root,gsf_material_steps-e--2.0-85-10.root,1,0.00019439253580189053,0.00019439253580189053,0.00039005279541015625
95,10,95,trk-e--2.0-85-10.root,gsf_material_steps-e--2.0-85-10.root,2,0.051477215412361055,0.0450309189036171,0.10334575176239014
98,10,98,trk-e--2.0-85-10.root,gsf_material_steps-e--2.0-85-10.root,1,0.0009094680390767662,0.0009094680390767662,0.0018236637115478516
99,10,99,trk-e--2.0-85-10.root,gsf_material_steps-e--2.0-85-10.root,1,0.0009172861456379078,0.0009172861456379078,0.001829385757446289
1,11,1,trk-e--2.0-85-11.root,gsf_material_steps-e--2.0-85-11.root,1,0.0015932887358155456,0.0015932887358155456,0.003198862075805664
3,11,3,trk-e--2.0-85-11.root,gsf_material_steps-e--2.0-85-11.root,1,0.017210443554729116,0.017210443554729116,0.03446328639984131
9,11,9,trk-e--2.0-85-11.root,gsf_material_steps-e--2.0-85-11.root,3,0.055551629082540854,0.04678261412795104,0.11149990558624268
11,11,11,trk-e--2.0-85-11.root,gsf_material_steps-e--2.0-85-11.root,2,0.04252784590627812,0.042195818484601966,0.08525240421295166
15,11,15,trk-e--2.0-85-11.root,gsf_material_steps-e--2.0-85-11.root,2,0.0010743413937950308,0.0010460686442708145,0.0021538734436035156
16,11,16,trk-e--2.0-85-11.root,gsf_material_steps-e--2.0-85-11.root,2,0.0001632267755619088,0.00016061233512254525,0.00032711029052734375
17,11,17,trk-e--2.0-85-11.root,gsf_material_steps-e--2.0-85-11.root,1,0.00033618074180241653,0.00033618074180241653,0.0006740093231201172
18,11,18,trk-e--2.0-85-11.root,gsf_material_steps-e--2.0-85-11.root,1,4.76209808042416e-06,4.76209808042416e-06,9.5367431640625e-06
20,11,20,trk-e--2.0-85-11.root,gsf_material_steps-e--2.0-85-11.root,1,0.00019592471836116232,0.00019592471836116232,0.0003933906555175781
22,11,22,trk-e--2.0-85-11.root,gsf_material_steps-e--2.0-85-11.root,1,0.001967693489167033,0.001967693489167033,0.003950595855712891
26,11,26,trk-e--2.0-85-11.root,gsf_material_steps-e--2.0-85-11.root,1,0.0002923788403224048,0.0002923788403224048,0.0005869865417480469
28,11,28,trk-e--2.0-85-11.root,gsf_material_steps-e--2.0-85-11.root,1,0.001326680990510809,0.001326680990510809,0.0026612281799316406
30,11,30,trk-e--2.0-85-11.root,gsf_material_steps-e--2.0-85-11.root,1,0.01323127410217284,0.01323127410217284,0.0265350341796875
31,11,31,trk-e--2.0-85-11.root,gsf_material_steps-e--2.0-85-11.root,1,0.00015118667275215714,0.00015118667275215714,0.0003032684326171875
32,11,32,trk-e--2.0-85-11.root,gsf_material_steps-e--2.0-85-11.root,2,0.004031226339071159,0.0039391633045392505,0.008080720901489258
33,11,33,trk-e--2.0-85-11.root,gsf_material_steps-e--2.0-85-11.root,1,0.06822637361775374,0.06822637361775374,0.13686466217041016
34,11,34,trk-e--2.0-85-11.root,gsf_material_steps-e--2.0-85-11.root,1,5.2316397683105365e-05,5.2316397683105365e-05,0.0001049041748046875
36,11,36,trk-e--2.0-85-11.root,gsf_material_steps-e--2.0-85-11.root,1,0.0559229641504605,0.0559229641504605,0.11161339282989502
37,11,37,trk-e--2.0-85-11.root,gsf_material_steps-e--2.0-85-11.root,1,0.010389473989365072,0.010389473989365072,0.020848751068115234
41,11,41,trk-e--2.0-85-11.root,gsf_material_steps-e--2.0-85-11.root,1,0.00010265988921287494,0.00010265988921287494,0.00020599365234375
42,11,42,trk-e--2.0-85-11.root,gsf_material_steps-e--2.0-85-11.root,1,0.0005668551669009148,0.0005668551669009148,0.0011374950408935547
44,11,44,trk-e--2.0-85-11.root,gsf_material_steps-e--2.0-85-11.root,1,0.002530049611308538,0.002530049611308538,0.0050771236419677734
46,11,46,trk-e--2.0-85-11.root,gsf_material_steps-e--2.0-85-11.root,2,0.009755559493846211,0.007662006741794292,0.019576072692871094
47,11,47,trk-e--2.0-85-11.root,gsf_material_steps-e--2.0-85-11.root,3,0.015279434739501774,0.013036342034172588,0.030654191970825195
48,11,48,trk-e--2.0-85-11.root,gsf_material_steps-e--2.0-85-11.root,1,0.0009519387926997247,0.0009519387926997247,0.0019104480743408203
54,11,54,trk-e--2.0-85-11.root,gsf_material_steps-e--2.0-85-11.root,2,0.0010943632852444818,0.0009676490051113706,0.0021958351135253906
56,11,56,trk-e--2.0-85-11.root,gsf_material_steps-e--2.0-85-11.root,1,0.06908808453323567,0.06908808453323567,0.13840138912200928
58,11,58,trk-e--2.0-85-11.root,gsf_material_steps-e--2.0-85-11.root,2,0.019477018053404183,0.019290229569801975,0.039067864418029785
60,11,60,trk-e--2.0-85-11.root,gsf_material_steps-e--2.0-85-11.root,1,0.000999792511580222,0.000999792511580222,0.002007007598876953
62,11,62,trk-e--2.0-85-11.root,gsf_material_steps-e--2.0-85-11.root,1,0.007962090288537005,0.007962090288537005,0.01596856117248535
63,11,63,trk-e--2.0-85-11.root,gsf_material_steps-e--2.0-85-11.root,1,2.7810854338783386e-05,2.7810854338783386e-05,5.5789947509765625e-05
65,11,65,trk-e--2.0-85-11.root,gsf_material_steps-e--2.0-85-11.root,2,0.01451632987500684,0.014330672892895246,0.029094576835632324
66,11,66,trk-e--2.0-85-11.root,gsf_material_steps-e--2.0-85-11.root,1,0.00044498176097729214,0.00044498176097729214,0.00089263916015625
74,11,74,trk-e--2.0-85-11.root,gsf_material_steps-e--2.0-85-11.root,1,0.01557749181068735,0.01557749181068735,0.029449462890625
75,11,75,trk-e--2.0-85-11.root,gsf_material_steps-e--2.0-85-11.root,1,0.00021795406730928946,0.00021795406730928946,0.0004372596740722656
79,11,79,trk-e--2.0-85-11.root,gsf_material_steps-e--2.0-85-11.root,1,0.0004882653985243124,0.0004882653985243124,0.0009789466857910156
80,11,80,trk-e--2.0-85-11.root,gsf_material_steps-e--2.0-85-11.root,1,0.00014151016316477083,0.00014151016316477083,0.0002837181091308594
81,11,81,trk-e--2.0-85-11.root,gsf_material_steps-e--2.0-85-11.root,1,0.0023307538152276264,0.0023307538152276264,0.004675388336181641
82,11,82,trk-e--2.0-85-11.root,gsf_material_steps-e--2.0-85-11.root,2,0.05914548146252607,0.03622713554387136,0.11860525608062744
85,11,85,trk-e--2.0-85-11.root,gsf_material_steps-e--2.0-85-11.root,2,0.005281583450152505,0.00515071962227065,0.010596632957458496
86,11,86,trk-e--2.0-85-11.root,gsf_material_steps-e--2.0-85-11.root,1,0.0026654010400758432,0.0026654010400758432,0.00534510612487793
87,11,87,trk-e--2.0-85-11.root,gsf_material_steps-e--2.0-85-11.root,1,0.00029583505150720946,0.00029583505150720946,0.0005931854248046875
90,11,90,trk-e--2.0-85-11.root,gsf_material_steps-e--2.0-85-11.root,1,0.000666714099619381,0.000666714099619381,0.0013382434844970703
95,11,95,trk-e--2.0-85-11.root,gsf_material_steps-e--2.0-85-11.root,1,0.006678969239332644,0.006678969239332644,0.013408660888671875
97,11,97,trk-e--2.0-85-11.root,gsf_material_steps-e--2.0-85-11.root,1,0.010607527200022226,0.010607527200022226,0.021273136138916016
98,11,98,trk-e--2.0-85-11.root,gsf_material_steps-e--2.0-85-11.root,1,2.3771122127369537e-06,2.3771122127369537e-06,4.76837158203125e-06
99,11,99,trk-e--2.0-85-11.root,gsf_material_steps-e--2.0-85-11.root,1,0.003284274514937291,0.003284274514937291,0.0065920352935791016
107,11,107,trk-e--2.0-85-11.root,gsf_material_steps-e--2.0-85-11.root,2,0.0001090992033898619,0.00010648211986741263,0.0002186298370361328
110,11,110,trk-e--2.0-85-11.root,gsf_material_steps-e--2.0-85-11.root,1,1.225129572324235e-05,1.225129572324235e-05,2.4557113647460938e-05
112,11,112,trk-e--2.0-85-11.root,gsf_material_steps-e--2.0-85-11.root,1,0.029948047648910014,0.029948047648910014,0.06004893779754639
115,11,115,trk-e--2.0-85-11.root,gsf_material_steps-e--2.0-85-11.root,1,0.0008032635388945941,0.0008032635388945941,0.001611471176147461
117,11,117,trk-e--2.0-85-11.root,gsf_material_steps-e--2.0-85-11.root,2,0.0034962775649631794,0.002319626843671818,0.0070095062255859375
119,11,119,trk-e--2.0-85-11.root,gsf_material_steps-e--2.0-85-11.root,1,0.0010165112923369302,0.0010165112923369302,0.0020380020141601562
120,11,120,trk-e--2.0-85-11.root,gsf_material_steps-e--2.0-85-11.root,2,0.06214753263242867,0.052552420779054865,0.1246955394744873
123,11,123,trk-e--2.0-85-11.root,gsf_material_steps-e--2.0-85-11.root,3,0.004288781735563574,0.0035950611851245373,0.008605480194091797
124,11,124,trk-e--2.0-85-11.root,gsf_material_steps-e--2.0-85-11.root,1,0.00021641975877928488,0.00021641975877928488,0.0004341602325439453
127,11,127,trk-e--2.0-85-11.root,gsf_material_steps-e--2.0-85-11.root,2,0.013683819416519971,0.013148891660201167,0.027431368827819824
130,11,130,trk-e--2.0-85-11.root,gsf_material_steps-e--2.0-85-11.root,2,0.014443530006913452,0.013567890454681986,0.02895820140838623
131,11,131,trk-e--2.0-85-11.root,gsf_material_steps-e--2.0-85-11.root,1,5.110332676694362e-06,5.110332676694362e-06,1.0251998901367188e-05
134,11,134,trk-e--2.0-85-11.root,gsf_material_steps-e--2.0-85-11.root,1,0.0037959469423508585,0.0037959469423508585,0.007579922676086426
143,11,143,trk-e--2.0-85-11.root,gsf_material_steps-e--2.0-85-11.root,1,0.0005523185369040728,0.0005523185369040728,0.0011074542999267578
149,11,149,trk-e--2.0-85-11.root,gsf_material_steps-e--2.0-85-11.root,1,0.01071603599947013,0.01071603599947013,0.020117878913879395
151,11,151,trk-e--2.0-85-11.root,gsf_material_steps-e--2.0-85-11.root,2,0.023444577131937594,0.02337142750442045,0.04700124263763428
153,11,153,trk-e--2.0-85-11.root,gsf_material_steps-e--2.0-85-11.root,1,0.001903507001906335,0.001903507001906335,0.003818988800048828
156,11,156,trk-e--2.0-85-11.root,gsf_material_steps-e--2.0-85-11.root,1,0.00012894848276367998,0.00012894848276367998,0.0002586841583251953
158,11,158,trk-e--2.0-85-11.root,gsf_material_steps-e--2.0-85-11.root,1,0.0015938406240287861,0.0015938406240287861,0.0031936168670654297
159,11,159,trk-e--2.0-85-11.root,gsf_material_steps-e--2.0-85-11.root,1,0.014283919196246941,0.014283919196246941,0.02864694595336914
160,11,160,trk-e--2.0-85-11.root,gsf_material_steps-e--2.0-85-11.root,1,0.011486035003961281,0.011486035003961281,0.023044943809509277
164,11,164,trk-e--2.0-85-11.root,gsf_material_steps-e--2.0-85-11.root,1,0.0026753440666538175,0.0026753440666538175,0.005364656448364258
167,11,167,trk-e--2.0-85-11.root,gsf_material_steps-e--2.0-85-11.root,1,0.07432351749870225,0.07432351749870225,0.1491389274597168
172,11,172,trk-e--2.0-85-11.root,gsf_material_steps-e--2.0-85-11.root,1,0.02992576105962752,0.02992576105962752,0.06005513668060303
173,11,173,trk-e--2.0-85-11.root,gsf_material_steps-e--2.0-85-11.root,1,0.0435708110962022,0.0435708110962022,0.08739805221557617
175,11,175,trk-e--2.0-85-11.root,gsf_material_steps-e--2.0-85-11.root,1,0.0005884475268264078,0.0005884475268264078,0.0011801719665527344
181,11,181,trk-e--2.0-85-11.root,gsf_material_steps-e--2.0-85-11.root,1,0.002297063032342006,0.002297063032342006,0.004604816436767578
183,11,183,trk-e--2.0-85-11.root,gsf_material_steps-e--2.0-85-11.root,1,0.014805485659489359,0.014805485659489359,0.02971351146697998
184,11,184,trk-e--2.0-85-11.root,gsf_material_steps-e--2.0-85-11.root,1,0.00012032923124005723,0.00012032923124005723,0.00024127960205078125
185,11,185,trk-e--2.0-85-11.root,gsf_material_steps-e--2.0-85-11.root,1,0.042463631525587964,0.042463631525587964,0.08513092994689941
186,11,186,trk-e--2.0-85-11.root,gsf_material_steps-e--2.0-85-11.root,1,0.010566091623962381,0.010566091623962381,0.021186470985412598
187,11,187,trk-e--2.0-85-11.root,gsf_material_steps-e--2.0-85-11.root,3,0.015219054629273976,0.014833705372544359,0.03051316738128662
188,11,188,trk-e--2.0-85-11.root,gsf_material_steps-e--2.0-85-11.root,2,0.026442054146872063,0.026360345490534565,0.053011536598205566
191,11,191,trk-e--2.0-85-11.root,gsf_material_steps-e--2.0-85-11.root,1,0.02714249088615972,0.02714249088615972,0.05444478988647461
192,11,192,trk-e--2.0-85-11.root,gsf_material_steps-e--2.0-85-11.root,1,0.0006624849432540492,0.0006624849432540492,0.0013298988342285156
194,11,194,trk-e--2.0-85-11.root,gsf_material_steps-e--2.0-85-11.root,1,0.08640736593344933,0.08640736593344933,0.1733015775680542
204,11,204,trk-e--2.0-85-11.root,gsf_material_steps-e--2.0-85-11.root,1,0.08395620886799882,0.08395620886799882,0.1684889793395996
206,11,206,trk-e--2.0-85-11.root,gsf_material_steps-e--2.0-85-11.root,1,0.0002989680137496231,0.0002989680137496231,0.0005998611450195312
207,11,207,trk-e--2.0-85-11.root,gsf_material_steps-e--2.0-85-11.root,1,7.490712408353417e-06,7.490712408353417e-06,1.5020370483398438e-05
208,11,208,trk-e--2.0-85-11.root,gsf_material_steps-e--2.0-85-11.root,2,0.02032131074752941,0.02024440199794353,0.04076683521270752
210,11,210,trk-e--2.0-85-11.root,gsf_material_steps-e--2.0-85-11.root,1,0.00045110527326264194,0.00045110527326264194,0.0009052753448486328
211,11,211,trk-e--2.0-85-11.root,gsf_material_steps-e--2.0-85-11.root,1,0.09420402487008284,0.09420402487008284,0.18886196613311768
212,11,212,trk-e--2.0-85-11.root,gsf_material_steps-e--2.0-85-11.root,2,0.0005934545678929481,0.0004904377700510887,0.0011913776397705078
216,11,216,trk-e--2.0-85-11.root,gsf_material_steps-e--2.0-85-11.root,1,0.0007857639897997926,0.0007857639897997926,0.0015773773193359375
217,11,217,trk-e--2.0-85-11.root,gsf_material_steps-e--2.0-85-11.root,1,0.00011578475495177543,0.00011578475495177543,0.00023221969604492188
219,11,219,trk-e--2.0-85-11.root,gsf_material_steps-e--2.0-85-11.root,1,0.0010264705078396608,0.0010264705078396608,0.0020592212677001953
221,11,221,trk-e--2.0-85-11.root,gsf_material_steps-e--2.0-85-11.root,1,0.060447715372900945,0.060447715372900945,0.12111532688140869
222,11,222,trk-e--2.0-85-11.root,gsf_material_steps-e--2.0-85-11.root,1,0.00022060961910208565,0.00022060961910208565,0.00044274330139160156
225,11,225,trk-e--2.0-85-11.root,gsf_material_steps-e--2.0-85-11.root,1,0.0006575440012568379,0.0006575440012568379,0.0013191699981689453
227,11,227,trk-e--2.0-85-11.root,gsf_material_steps-e--2.0-85-11.root,3,0.006646023456554517,0.006002850284493766,0.013334512710571289
229,11,229,trk-e--2.0-85-11.root,gsf_material_steps-e--2.0-85-11.root,1,0.002154416089822031,0.002154416089822031,0.004325151443481445
233,11,233,trk-e--2.0-85-11.root,gsf_material_steps-e--2.0-85-11.root,1,0.03106084336876569,0.03106084336876569,0.062270522117614746
238,11,238,trk-e--2.0-85-11.root,gsf_material_steps-e--2.0-85-11.root,1,0.04486711942432087,0.04486711942432087,0.08999240398406982
241,11,241,trk-e--2.0-85-11.root,gsf_material_steps-e--2.0-85-11.root,1,0.0015464016322511709,0.0015464016322511709,0.0030874013900756836
242,11,242,trk-e--2.0-85-11.root,gsf_material_steps-e--2.0-85-11.root,2,0.011064911772011521,0.010920890482477352,0.02220749855041504
244,11,244,trk-e--2.0-85-11.root,gsf_material_steps-e--2.0-85-11.root,1,8.325074660753273e-07,8.325074660753273e-07,1.6689300537109375e-06
252,11,252,trk-e--2.0-85-11.root,gsf_material_steps-e--2.0-85-11.root,2,0.025777850113749556,0.025048398124546734,0.05172932147979736
253,11,253,trk-e--2.0-85-11.root,gsf_material_steps-e--2.0-85-11.root,2,0.014220589969725417,0.007687878421694938,0.02853095531463623
254,11,254,trk-e--2.0-85-11.root,gsf_material_steps-e--2.0-85-11.root,1,0.009826989183496448,0.009826989183496448,0.019715189933776855
256,11,256,trk-e--2.0-85-11.root,gsf_material_steps-e--2.0-85-11.root,1,0.00011462634546244299,0.00011462634546244299,0.00022983551025390625
258,11,258,trk-e--2.0-85-11.root,gsf_material_steps-e--2.0-85-11.root,1,0.0001417327253728784,0.0001417327253728784,0.0002841949462890625
261,11,261,trk-e--2.0-85-11.root,gsf_material_steps-e--2.0-85-11.root,1,0.00013338101129911628,0.00013338101129911628,0.0002675056457519531
262,11,262,trk-e--2.0-85-11.root,gsf_material_steps-e--2.0-85-11.root,2,0.0009629540226141486,0.0008924578751087209,0.0019314289093017578
263,11,263,trk-e--2.0-85-11.root,gsf_material_steps-e--2.0-85-11.root,2,0.032540510417916724,0.02533975142176026,0.06523692607879639
265,11,265,trk-e--2.0-85-11.root,gsf_material_steps-e--2.0-85-11.root,2,0.029276234081613728,0.02840180368891354,0.05869603157043457
267,11,267,trk-e--2.0-85-11.root,gsf_material_steps-e--2.0-85-11.root,1,4.2553682123802616e-05,4.2553682123802616e-05,8.535385131835938e-05
268,11,268,trk-e--2.0-85-11.root,gsf_material_steps-e--2.0-85-11.root,1,0.05028756681227686,0.05028756681227686,0.10090720653533936
270,11,270,trk-e--2.0-85-11.root,gsf_material_steps-e--2.0-85-11.root,1,0.017316660467427414,0.017316660467427414,0.03476452827453613
276,11,276,trk-e--2.0-85-11.root,gsf_material_steps-e--2.0-85-11.root,2,0.04459378431505079,0.03921334325286063,0.0893251895904541
277,11,277,trk-e--2.0-85-11.root,gsf_material_steps-e--2.0-85-11.root,1,0.00023892647126999567,0.00023892647126999567,0.0004792213439941406
279,11,279,trk-e--2.0-85-11.root,gsf_material_steps-e--2.0-85-11.root,1,0.004915798678195915,0.004915798678195915,0.009827256202697754
281,11,281,trk-e--2.0-85-11.root,gsf_material_steps-e--2.0-85-11.root,1,0.00025856726104245276,0.00025856726104245276,0.0005153417587280273
283,11,283,trk-e--2.0-85-11.root,gsf_material_steps-e--2.0-85-11.root,1,0.029082772985532412,0.029082772985532412,0.05833315849304199
284,11,284,trk-e--2.0-85-11.root,gsf_material_steps-e--2.0-85-11.root,1,0.0003567153658620148,0.0003567153658620148,0.0007154941558837891
287,11,287,trk-e--2.0-85-11.root,gsf_material_steps-e--2.0-85-11.root,2,0.01039616653420139,0.007027606414220622,0.02086198329925537
290,11,290,trk-e--2.0-85-11.root,gsf_material_steps-e--2.0-85-11.root,1,0.031292484848283286,0.031292484848283286,0.06281304359436035
291,11,291,trk-e--2.0-85-11.root,gsf_material_steps-e--2.0-85-11.root,2,0.008008658451414519,0.007936594794888063,0.016051054000854492
297,11,297,trk-e--2.0-85-11.root,gsf_material_steps-e--2.0-85-11.root,1,0.01723256287805064,0.01723256287805064,0.03454113006591797
298,11,298,trk-e--2.0-85-11.root,gsf_material_steps-e--2.0-85-11.root,1,0.05176596164464453,0.05176596164464453,0.09999394416809082
301,11,301,trk-e--2.0-85-11.root,gsf_material_steps-e--2.0-85-11.root,1,0.00014217306964126042,0.00014217306964126042,0.0002853870391845703
302,11,302,trk-e--2.0-85-11.root,gsf_material_steps-e--2.0-85-11.root,1,0.0029899251823373163,0.0029899251823373163,0.005997419357299805
303,11,303,trk-e--2.0-85-11.root,gsf_material_steps-e--2.0-85-11.root,1,0.01489337690678394,0.01489337690678394,0.029891014099121094
304,11,304,trk-e--2.0-85-11.root,gsf_material_steps-e--2.0-85-11.root,2,0.0008317285618779646,0.000812961914232746,0.0016674995422363281
306,11,306,trk-e--2.0-85-11.root,gsf_material_steps-e--2.0-85-11.root,1,6.064036943542739e-05,6.064036943542739e-05,0.00012159347534179688
308,11,308,trk-e--2.0-85-11.root,gsf_material_steps-e--2.0-85-11.root,2,0.05686067959448682,0.056802815857954214,0.11400794982910156
310,11,310,trk-e--2.0-85-11.root,gsf_material_steps-e--2.0-85-11.root,1,0.058533531161640284,0.058533531161640284,0.11749708652496338
311,11,311,trk-e--2.0-85-11.root,gsf_material_steps-e--2.0-85-11.root,1,0.024297111058697363,0.024297111058697363,0.048777103424072266
313,11,313,trk-e--2.0-85-11.root,gsf_material_steps-e--2.0-85-11.root,2,0.059383338918377326,0.0498169823437018,0.1190183162689209
317,11,317,trk-e--2.0-85-11.root,gsf_material_steps-e--2.0-85-11.root,2,0.005193168922958957,0.0049370094215086535,0.010416865348815918
319,11,319,trk-e--2.0-85-11.root,gsf_material_steps-e--2.0-85-11.root,2,0.0012987521759937337,0.0010240627420194937,0.0026061534881591797
328,11,328,trk-e--2.0-85-11.root,gsf_material_steps-e--2.0-85-11.root,3,0.04175246392877374,0.04102474970785319,0.0837409496307373
329,11,329,trk-e--2.0-85-11.root,gsf_material_steps-e--2.0-85-11.root,1,0.022141620192689948,0.022141620192689948,0.04442405700683594
331,11,331,trk-e--2.0-85-11.root,gsf_material_steps-e--2.0-85-11.root,1,2.2130356126193185e-05,2.2130356126193185e-05,4.4345855712890625e-05
338,11,338,trk-e--2.0-85-11.root,gsf_material_steps-e--2.0-85-11.root,1,0.0024634479231402384,0.0024634479231402384,0.004938006401062012
339,11,339,trk-e--2.0-85-11.root,gsf_material_steps-e--2.0-85-11.root,1,0.006522198883556096,0.006522198883556096,0.013080596923828125
340,11,340,trk-e--2.0-85-11.root,gsf_material_steps-e--2.0-85-11.root,1,0.0001522504180646589,0.0001522504180646589,0.00030541419982910156
341,11,341,trk-e--2.0-85-11.root,gsf_material_steps-e--2.0-85-11.root,2,0.0027850234148467656,0.0026875576168254867,0.005589962005615234
343,11,343,trk-e--2.0-85-11.root,gsf_material_steps-e--2.0-85-11.root,3,0.0004941114616837661,0.0003910307456389539,0.0009915828704833984
345,11,345,trk-e--2.0-85-11.root,gsf_material_steps-e--2.0-85-11.root,2,0.09209997463965047,0.08432374352470184,0.18486320972442627
346,11,346,trk-e--2.0-85-11.root,gsf_material_steps-e--2.0-85-11.root,2,0.08923973246546824,0.08467471493649059,0.17912137508392334
352,11,352,trk-e--2.0-85-11.root,gsf_material_steps-e--2.0-85-11.root,2,0.031218669310196567,0.022861176192042865,0.06261396408081055
353,11,353,trk-e--2.0-85-11.root,gsf_material_steps-e--2.0-85-11.root,2,0.027222437022789148,0.01984100718817483,0.05459940433502197
354,11,354,trk-e--2.0-85-11.root,gsf_material_steps-e--2.0-85-11.root,1,0.0035519181818948198,0.0035519181818948198,0.007130622863769531
356,11,356,trk-e--2.0-85-11.root,gsf_material_steps-e--2.0-85-11.root,1,2.972075213492076e-06,2.972075213492076e-06,5.9604644775390625e-06
357,11,357,trk-e--2.0-85-11.root,gsf_material_steps-e--2.0-85-11.root,1,0.008082136479496294,0.008082136479496294,0.016209721565246582
358,11,358,trk-e--2.0-85-11.root,gsf_material_steps-e--2.0-85-11.root,1,0.06362431827778692,0.06362431827778692,0.12770867347717285
359,11,359,trk-e--2.0-85-11.root,gsf_material_steps-e--2.0-85-11.root,3,0.0012070558155038436,0.0008812697132377645,0.0024204254150390625
360,11,360,trk-e--2.0-85-11.root,gsf_material_steps-e--2.0-85-11.root,2,0.002914888832371565,0.001836613974596446,0.00584721565246582
361,11,361,trk-e--2.0-85-11.root,gsf_material_steps-e--2.0-85-11.root,1,0.008131056215088361,0.008131056215088361,0.0163038969039917
362,11,362,trk-e--2.0-85-11.root,gsf_material_steps-e--2.0-85-11.root,1,0.0003837067789536075,0.0003837067789536075,0.000762939453125
364,11,364,trk-e--2.0-85-11.root,gsf_material_steps-e--2.0-85-11.root,2,0.037389015113917345,0.027356879370495468,0.07498502731323242
365,11,365,trk-e--2.0-85-11.root,gsf_material_steps-e--2.0-85-11.root,1,5.942466230202115e-07,5.942466230202115e-07,1.1920928955078125e-06
368,11,368,trk-e--2.0-85-11.root,gsf_material_steps-e--2.0-85-11.root,1,0.0005312592616554257,0.0005312592616554257,0.0010650157928466797
369,11,369,trk-e--2.0-85-11.root,gsf_material_steps-e--2.0-85-11.root,2,0.038045301227537576,0.027254036194195308,0.07633435726165771
374,11,374,trk-e--2.0-85-11.root,gsf_material_steps-e--2.0-85-11.root,2,0.05157242616364166,0.0477787096840846,0.10353422164916992
375,11,375,trk-e--2.0-85-11.root,gsf_material_steps-e--2.0-85-11.root,1,0.018351926905984306,0.018351926905984306,0.036823272705078125
376,11,376,trk-e--2.0-85-11.root,gsf_material_steps-e--2.0-85-11.root,2,0.05491809362945721,0.05365668293813375,0.11017537117004395
379,11,379,trk-e--2.0-85-11.root,gsf_material_steps-e--2.0-85-11.root,2,0.0003153580519462684,0.0001914463845611447,0.0006330013275146484
383,11,383,trk-e--2.0-85-11.root,gsf_material_steps-e--2.0-85-11.root,1,0.0003720487456481125,0.0003720487456481125,0.0007450580596923828
389,11,389,trk-e--2.0-85-11.root,gsf_material_steps-e--2.0-85-11.root,1,0.0018515500103372107,0.0018515500103372107,0.0037131309509277344
390,11,390,trk-e--2.0-85-11.root,gsf_material_steps-e--2.0-85-11.root,2,0.023002245773474095,0.021340771590839247,0.04613673686981201
395,11,395,trk-e--2.0-85-11.root,gsf_material_steps-e--2.0-85-11.root,2,0.025736782467943198,0.02476362309979452,0.05159616470336914
399,11,399,trk-e--2.0-85-11.root,gsf_material_steps-e--2.0-85-11.root,1,0.001056879232269603,0.001056879232269603,0.0021207332611083984
400,11,400,trk-e--2.0-85-11.root,gsf_material_steps-e--2.0-85-11.root,1,0.007512222939571767,0.007512222939571767,0.015069365501403809
401,11,401,trk-e--2.0-85-11.root,gsf_material_steps-e--2.0-85-11.root,1,2.975101730640084e-06,2.975101730640084e-06,5.9604644775390625e-06
407,11,407,trk-e--2.0-85-11.root,gsf_material_steps-e--2.0-85-11.root,1,8.384287203577756e-05,8.384287203577756e-05,0.00016808509826660156
411,11,411,trk-e--2.0-85-11.root,gsf_material_steps-e--2.0-85-11.root,1,0.05585879950127193,0.05585879950127193,0.11197304725646973
414,11,414,trk-e--2.0-85-11.root,gsf_material_steps-e--2.0-85-11.root,2,0.009986144016302934,0.009788710877154827,0.020033836364746094
416,11,416,trk-e--2.0-85-11.root,gsf_material_steps-e--2.0-85-11.root,1,0.0039357872694313345,0.0039357872694313345,0.007500052452087402
418,11,418,trk-e--2.0-85-11.root,gsf_material_steps-e--2.0-85-11.root,1,0.03290242001480381,0.03290242001480381,0.06603610515594482
419,11,419,trk-e--2.0-85-11.root,gsf_material_steps-e--2.0-85-11.root,1,0.0019455952898188578,0.0019455952898188578,0.0039064884185791016
421,11,421,trk-e--2.0-85-11.root,gsf_material_steps-e--2.0-85-11.root,2,0.0008366852284936721,0.0007136529361330135,0.0016791820526123047
422,11,422,trk-e--2.0-85-11.root,gsf_material_steps-e--2.0-85-11.root,2,0.009191650250046535,0.008617244702435634,0.018453121185302734
423,11,423,trk-e--2.0-85-11.root,gsf_material_steps-e--2.0-85-11.root,1,0.001802453306182783,0.001802453306182783,0.003612995147705078
424,11,424,trk-e--2.0-85-11.root,gsf_material_steps-e--2.0-85-11.root,2,0.003571150296594605,0.003342092316122258,0.0071680545806884766
427,11,427,trk-e--2.0-85-11.root,gsf_material_steps-e--2.0-85-11.root,1,0.00023595752859484342,0.00023595752859484342,0.0004737377166748047
429,11,429,trk-e--2.0-85-11.root,gsf_material_steps-e--2.0-85-11.root,2,0.008075768250416004,0.0060187015533345045,0.01617884635925293
430,11,430,trk-e--2.0-85-11.root,gsf_material_steps-e--2.0-85-11.root,1,0.0049040836082504535,0.0049040836082504535,0.009830474853515625
431,11,431,trk-e--2.0-85-11.root,gsf_material_steps-e--2.0-85-11.root,2,0.0029943369220408744,0.0029936239220001992,0.006009340286254883
432,11,432,trk-e--2.0-85-11.root,gsf_material_steps-e--2.0-85-11.root,2,0.003953181172370535,0.0031135993517253935,0.007935523986816406
436,11,436,trk-e--2.0-85-11.root,gsf_material_steps-e--2.0-85-11.root,1,0.00032273235629698416,0.00032273235629698416,0.0006470680236816406
439,11,439,trk-e--2.0-85-11.root,gsf_material_steps-e--2.0-85-11.root,1,0.006873724969218564,0.006873724969218564,0.013786673545837402
442,11,442,trk-e--2.0-85-11.root,gsf_material_steps-e--2.0-85-11.root,2,0.013561496740611245,0.013411341711972113,0.02669656276702881
444,11,444,trk-e--2.0-85-11.root,gsf_material_steps-e--2.0-85-11.root,2,0.005381973854915123,0.00534733828675904,0.010791897773742676
445,11,445,trk-e--2.0-85-11.root,gsf_material_steps-e--2.0-85-11.root,1,0.027709628018610988,0.027709628018610988,0.05557668209075928
446,11,446,trk-e--2.0-85-11.root,gsf_material_steps-e--2.0-85-11.root,1,0.0032532586102447247,0.0032532586102447247,0.006522059440612793
448,11,448,trk-e--2.0-85-11.root,gsf_material_steps-e--2.0-85-11.root,3,0.00128374307497503,0.0010987775430573166,0.0025730133056640625
449,11,449,trk-e--2.0-85-11.root,gsf_material_steps-e--2.0-85-11.root,2,0.01666706075780844,0.011859309244458549,0.03344416618347168
450,11,450,trk-e--2.0-85-11.root,gsf_material_steps-e--2.0-85-11.root,1,9.410958371836031e-05,9.410958371836031e-05,0.0001888275146484375
454,11,454,trk-e--2.0-85-11.root,gsf_material_steps-e--2.0-85-11.root,1,0.0022421894868681624,0.0022421894868681624,0.004500389099121094
456,11,456,trk-e--2.0-85-11.root,gsf_material_steps-e--2.0-85-11.root,1,0.0026883569189645184,0.0026883569189645184,0.005396127700805664
457,11,457,trk-e--2.0-85-11.root,gsf_material_steps-e--2.0-85-11.root,1,0.0078004759443298655,0.0078004759443298655,0.015654444694519043
458,11,458,trk-e--2.0-85-11.root,gsf_material_steps-e--2.0-85-11.root,2,0.00047657469118811413,0.00034775308408274697,0.00023671984672546387
459,11,459,trk-e--2.0-85-11.root,gsf_material_steps-e--2.0-85-11.root,2,0.0011677182631371075,0.0008860878153658103,0.0023429393768310547
467,11,467,trk-e--2.0-85-11.root,gsf_material_steps-e--2.0-85-11.root,1,0.003143600925384904,0.003143600925384904,0.006310939788818359
468,11,468,trk-e--2.0-85-11.root,gsf_material_steps-e--2.0-85-11.root,2,0.0012975525999792126,0.0011394258324893825,0.0026047229766845703
469,11,469,trk-e--2.0-85-11.root,gsf_material_steps-e--2.0-85-11.root,2,0.04774432804320228,0.04702021671692136,0.09564328193664551
471,11,471,trk-e--2.0-85-11.root,gsf_material_steps-e--2.0-85-11.root,1,0.00013518146386060081,0.00013518146386060081,0.000270843505859375
473,11,473,trk-e--2.0-85-11.root,gsf_material_steps-e--2.0-85-11.root,1,0.00036349717817030225,0.00036349717817030225,0.0007288455963134766
475,11,475,trk-e--2.0-85-11.root,gsf_material_steps-e--2.0-85-11.root,1,0.019305190706106257,0.019305190706106257,0.03867316246032715
476,11,476,trk-e--2.0-85-11.root,gsf_material_steps-e--2.0-85-11.root,2,0.01950509627121677,0.01856709748115537,0.039115190505981445
483,11,483,trk-e--2.0-85-11.root,gsf_material_steps-e--2.0-85-11.root,1,0.0001048980366108454,0.0001048980366108454,0.00021028518676757812
485,11,485,trk-e--2.0-85-11.root,gsf_material_steps-e--2.0-85-11.root,1,0.03785178289915314,0.03785178289915314,0.07593011856079102
489,11,489,trk-e--2.0-85-11.root,gsf_material_steps-e--2.0-85-11.root,1,0.007359253824695378,0.007359253824695378,0.014755725860595703
490,11,490,trk-e--2.0-85-11.root,gsf_material_steps-e--2.0-85-11.root,1,0.05880014446204829,0.05880014446204829,0.11788797378540039
491,11,491,trk-e--2.0-85-11.root,gsf_material_steps-e--2.0-85-11.root,4,0.0012665017269882783,0.0007228511897650058,0.0025382041931152344
493,11,493,trk-e--2.0-85-11.root,gsf_material_steps-e--2.0-85-11.root,1,0.007219935667021615,0.007219935667021615,0.014488458633422852
498,11,498,trk-e--2.0-85-11.root,gsf_material_steps-e--2.0-85-11.root,1,0.007976209462072337,0.007976209462072337,0.016002178192138672
0,12,0,trk-e--2.0-85-12.root,gsf_material_steps-e--2.0-85-12.root,1,0.01114441348262496,0.01114441348262496,0.022363781929016113
1,12,1,trk-e--2.0-85-12.root,gsf_material_steps-e--2.0-85-12.root,1,0.04061082836533525,0.04061082836533525,0.08144009113311768
2,12,2,trk-e--2.0-85-12.root,gsf_material_steps-e--2.0-85-12.root,1,0.0004671585408313472,0.0004671585408313472,0.0009379386901855469
3,12,3,trk-e--2.0-85-12.root,gsf_material_steps-e--2.0-85-12.root,2,0.00034020137504975345,0.00029353288468036975,0.0006784200668334961
10,12,10,trk-e--2.0-85-12.root,gsf_material_steps-e--2.0-85-12.root,1,0.027398101023494714,0.027398101023494714,0.054918766021728516
13,12,13,trk-e--2.0-85-12.root,gsf_material_steps-e--2.0-85-12.root,1,0.08259676087545742,0.08259676087545742,0.1657264232635498
17,12,17,trk-e--2.0-85-12.root,gsf_material_steps-e--2.0-85-12.root,2,0.000280888603786944,0.00016111313840194708,0.0005633831024169922
20,12,20,trk-e--2.0-85-12.root,gsf_material_steps-e--2.0-85-12.root,3,0.07042830883734041,0.042788086522724145,0.14095866680145264
22,12,22,trk-e--2.0-85-12.root,gsf_material_steps-e--2.0-85-12.root,2,0.05877795618218895,0.058431405865539965,0.11781895160675049
23,12,23,trk-e--2.0-85-12.root,gsf_material_steps-e--2.0-85-12.root,1,9.256064326201852e-05,9.256064326201852e-05,0.0001857280731201172
24,12,24,trk-e--2.0-85-12.root,gsf_material_steps-e--2.0-85-12.root,1,0.00010890279129982527,0.00010890279129982527,0.00021839141845703125
25,12,25,trk-e--2.0-85-12.root,gsf_material_steps-e--2.0-85-12.root,1,4.3793320281038106e-05,4.3793320281038106e-05,8.7738037109375e-05
28,12,28,trk-e--2.0-85-12.root,gsf_material_steps-e--2.0-85-12.root,2,0.0774918295978575,0.07391327707815332,0.15534627437591553
29,12,29,trk-e--2.0-85-12.root,gsf_material_steps-e--2.0-85-12.root,1,0.010917115193223581,0.010917115193223581,0.021892666816711426
30,12,30,trk-e--2.0-85-12.root,gsf_material_steps-e--2.0-85-12.root,1,0.00017075289311485609,0.00017075289311485609,0.0003426074981689453
31,12,31,trk-e--2.0-85-12.root,gsf_material_steps-e--2.0-85-12.root,1,1.8425205967065317e-05,1.8425205967065317e-05,3.695487976074219e-05
33,12,33,trk-e--2.0-85-12.root,gsf_material_steps-e--2.0-85-12.root,1,0.0007388153543451681,0.0007388153543451681,0.0014834403991699219
35,12,35,trk-e--2.0-85-12.root,gsf_material_steps-e--2.0-85-12.root,1,0.024708645972680743,0.024708645972680743,0.049273133277893066
38,12,38,trk-e--2.0-85-12.root,gsf_material_steps-e--2.0-85-12.root,1,0.000869692982685577,0.000869692982685577,0.0017442703247070312
40,12,40,trk-e--2.0-85-12.root,gsf_material_steps-e--2.0-85-12.root,1,0.0012670400420555783,0.0012670400420555783,0.002541065216064453
44,12,44,trk-e--2.0-85-12.root,gsf_material_steps-e--2.0-85-12.root,1,0.03302663019591534,0.03302663019591534,0.06630539894104004
45,12,45,trk-e--2.0-85-12.root,gsf_material_steps-e--2.0-85-12.root,1,0.00021213719488788474,0.00021213719488788474,0.00042557716369628906
46,12,46,trk-e--2.0-85-12.root,gsf_material_steps-e--2.0-85-12.root,1,0.0026105351704029944,0.0026105351704029944,0.005238533020019531
47,12,47,trk-e--2.0-85-12.root,gsf_material_steps-e--2.0-85-12.root,1,0.0010678168305384705,0.0010678168305384705,0.0021414756774902344
48,12,48,trk-e--2.0-85-12.root,gsf_material_steps-e--2.0-85-12.root,1,6.180653366372191e-05,6.180653366372191e-05,0.0001239776611328125
49,12,49,trk-e--2.0-85-12.root,gsf_material_steps-e--2.0-85-12.root,2,0.025047866444522504,0.021240829517321536,0.050279855728149414
53,12,53,trk-e--2.0-85-12.root,gsf_material_steps-e--2.0-85-12.root,1,0.000290242675918595,0.000290242675918595,0.0005822181701660156
56,12,56,trk-e--2.0-85-12.root,gsf_material_steps-e--2.0-85-12.root,1,0.026587099691487537,0.026587099691487537,0.053312063217163086
59,12,59,trk-e--2.0-85-12.root,gsf_material_steps-e--2.0-85-12.root,1,0.0006900840819535903,0.0006900840819535903,0.0013854503631591797
60,12,60,trk-e--2.0-85-12.root,gsf_material_steps-e--2.0-85-12.root,1,0.00455295710832937,0.00455295710832937,0.009113192558288574
61,12,61,trk-e--2.0-85-12.root,gsf_material_steps-e--2.0-85-12.root,2,0.004658470402956638,0.002624776065264456,0.009343624114990234
62,12,62,trk-e--2.0-85-12.root,gsf_material_steps-e--2.0-85-12.root,1,0.0007870608574385152,0.0007870608574385152,0.0015780925750732422
63,12,63,trk-e--2.0-85-12.root,gsf_material_steps-e--2.0-85-12.root,1,0.011750331889848531,0.011750331889848531,0.023586392402648926
68,12,68,trk-e--2.0-85-12.root,gsf_material_steps-e--2.0-85-12.root,1,0.0001103821217558476,0.0001103821217558476,0.00022149085998535156
69,12,69,trk-e--2.0-85-12.root,gsf_material_steps-e--2.0-85-12.root,1,0.001238915908775784,0.001238915908775784,0.002485990524291992
70,12,70,trk-e--2.0-85-12.root,gsf_material_steps-e--2.0-85-12.root,1,0.0009679234451035468,0.0009679234451035468,0.0019407272338867188
71,12,71,trk-e--2.0-85-12.root,gsf_material_steps-e--2.0-85-12.root,1,0.00036326772688877185,0.00036326772688877185,0.0007288455963134766
72,12,72,trk-e--2.0-85-12.root,gsf_material_steps-e--2.0-85-12.root,2,0.08871259636427531,0.08367776729192189,0.17787206172943115
74,12,74,trk-e--2.0-85-12.root,gsf_material_steps-e--2.0-85-12.root,1,2.9596359148564844e-05,2.9596359148564844e-05,5.936622619628906e-05
77,12,77,trk-e--2.0-85-12.root,gsf_material_steps-e--2.0-85-12.root,1,0.0005787311950959939,0.0005787311950959939,0.001161813735961914
82,12,82,trk-e--2.0-85-12.root,gsf_material_steps-e--2.0-85-12.root,1,0.003084102834473579,0.003084102834473579,0.006189584732055664
83,12,83,trk-e--2.0-85-12.root,gsf_material_steps-e--2.0-85-12.root,2,0.07676329587998088,0.06488696140937267,0.11589133739471436
84,12,84,trk-e--2.0-85-12.root,gsf_material_steps-e--2.0-85-12.root,1,0.009489479429859116,0.009489479429859116,0.01904606819152832
85,12,85,trk-e--2.0-85-12.root,gsf_material_steps-e--2.0-85-12.root,1,2.4966108507218365e-06,2.4966108507218365e-06,5.0067901611328125e-06
90,12,90,trk-e--2.0-85-12.root,gsf_material_steps-e--2.0-85-12.root,1,0.003192685014449914,0.003192685014449914,0.006402254104614258
91,12,91,trk-e--2.0-85-12.root,gsf_material_steps-e--2.0-85-12.root,2,0.0027123146295094935,0.00247557306936097,0.00543975830078125
94,12,94,trk-e--2.0-85-12.root,gsf_material_steps-e--2.0-85-12.root,1,0.009022275784039357,0.009022275784039357,0.018034815788269043
95,12,95,trk-e--2.0-85-12.root,gsf_material_steps-e--2.0-85-12.root,1,0.0019415327532564808,0.0019415327532564808,0.0038493871688842773
98,12,98,trk-e--2.0-85-12.root,gsf_material_steps-e--2.0-85-12.root,2,0.07829714141032273,0.078255530898378,0.15706074237823486
100,12,100,trk-e--2.0-85-12.root,gsf_material_steps-e--2.0-85-12.root,2,0.03197784103519219,0.01805288482392342,0.06415224075317383
103,12,103,trk-e--2.0-85-12.root,gsf_material_steps-e--2.0-85-12.root,2,0.00609531536011132,0.005673852789313649,0.01221930980682373
106,12,106,trk-e--2.0-85-12.root,gsf_material_steps-e--2.0-85-12.root,1,0.0001975323667241513,0.0001975323667241513,0.0003962516784667969
107,12,107,trk-e--2.0-85-12.root,gsf_material_steps-e--2.0-85-12.root,1,0.015734852473832328,0.015734852473832328,0.03155529499053955
110,12,110,trk-e--2.0-85-12.root,gsf_material_steps-e--2.0-85-12.root,2,0.012164776168773761,0.012038476947052734,0.02441871166229248
114,12,114,trk-e--2.0-85-12.root,gsf_material_steps-e--2.0-85-12.root,1,0.00012143905518036124,0.00012143905518036124,0.00024366378784179688
115,12,115,trk-e--2.0-85-12.root,gsf_material_steps-e--2.0-85-12.root,1,0.000489323409978204,0.000489323409978204,0.0009818077087402344
116,12,116,trk-e--2.0-85-12.root,gsf_material_steps-e--2.0-85-12.root,2,0.006518934577593782,0.005976102009063067,0.013078689575195312
119,12,119,trk-e--2.0-85-12.root,gsf_material_steps-e--2.0-85-12.root,1,0.00014762837160553488,0.00014762837160553488,0.0002961158752441406
121,12,121,trk-e--2.0-85-12.root,gsf_material_steps-e--2.0-85-12.root,1,0.0005029246978085489,0.0005029246978085489,0.001009225845336914
126,12,126,trk-e--2.0-85-12.root,gsf_material_steps-e--2.0-85-12.root,1,0.010469808937254244,0.010469808937254244,0.020991086959838867
132,12,132,trk-e--2.0-85-12.root,gsf_material_steps-e--2.0-85-12.root,1,0.0010083777862053278,0.0010083777862053278,0.002022266387939453
134,12,134,trk-e--2.0-85-12.root,gsf_material_steps-e--2.0-85-12.root,1,0.03333841889584155,0.03333841889584155,0.06684231758117676
136,12,136,trk-e--2.0-85-12.root,gsf_material_steps-e--2.0-85-12.root,2,0.0014364210767409125,0.0014123134607959553,0.0028793811798095703
142,12,142,trk-e--2.0-85-12.root,gsf_material_steps-e--2.0-85-12.root,1,0.003029759067225135,0.003029759067225135,0.006076335906982422
145,12,145,trk-e--2.0-85-12.root,gsf_material_steps-e--2.0-85-12.root,1,0.010412304091143132,0.010412304091143132,0.020888566970825195
147,12,147,trk-e--2.0-85-12.root,gsf_material_steps-e--2.0-85-12.root,2,0.014926078218253203,0.010329362905284412,0.029940128326416016
148,12,148,trk-e--2.0-85-12.root,gsf_material_steps-e--2.0-85-12.root,2,0.0005023265109959096,0.0004776172796603362,0.001007080078125
149,12,149,trk-e--2.0-85-12.root,gsf_material_steps-e--2.0-85-12.root,1,5.325632722019691e-05,5.325632722019691e-05,0.0001068115234375
153,12,153,trk-e--2.0-85-12.root,gsf_material_steps-e--2.0-85-12.root,1,0.0008429296965929423,0.0008429296965929423,0.0016887187957763672
155,12,155,trk-e--2.0-85-12.root,gsf_material_steps-e--2.0-85-12.root,1,0.023528645813222893,0.023528645813222893,0.04721689224243164
159,12,159,trk-e--2.0-85-12.root,gsf_material_steps-e--2.0-85-12.root,1,0.0017369050226375693,0.0017369050226375693,0.003482818603515625
163,12,163,trk-e--2.0-85-12.root,gsf_material_steps-e--2.0-85-12.root,1,0.0001961028835691936,0.0001961028835691936,0.000392913818359375
170,12,170,trk-e--2.0-85-12.root,gsf_material_steps-e--2.0-85-12.root,2,0.0011052594676170813,0.0011041897052820326,0.0022172927856445312
176,12,176,trk-e--2.0-85-12.root,gsf_material_steps-e--2.0-85-12.root,1,0.0005019706511321109,0.0005019706511321109,0.0010061264038085938
177,12,177,trk-e--2.0-85-12.root,gsf_material_steps-e--2.0-85-12.root,1,0.0005762210256544664,0.0005762210256544664,0.0011568069458007812
179,12,179,trk-e--2.0-85-12.root,gsf_material_steps-e--2.0-85-12.root,2,0.0032468643020227006,0.0018395888936290072,0.006517887115478516
181,12,181,trk-e--2.0-85-12.root,gsf_material_steps-e--2.0-85-12.root,1,0.04874260624771398,0.04874260624771398,0.09782779216766357
182,12,182,trk-e--2.0-85-12.root,gsf_material_steps-e--2.0-85-12.root,1,6.25278685878472e-05,6.25278685878472e-05,0.00012540817260742188
183,12,183,trk-e--2.0-85-12.root,gsf_material_steps-e--2.0-85-12.root,2,0.005793578356113049,0.003652557820554736,0.011625528335571289
188,12,188,trk-e--2.0-85-12.root,gsf_material_steps-e--2.0-85-12.root,1,0.0027004960779188902,0.0027004960779188902,0.005414485931396484
194,12,194,trk-e--2.0-85-12.root,gsf_material_steps-e--2.0-85-12.root,1,9.947929497378105e-06,9.947929497378105e-06,1.71661376953125e-05
195,12,195,trk-e--2.0-85-12.root,gsf_material_steps-e--2.0-85-12.root,2,0.0948542324141729,0.06797288700955528,0.19026052951812744
196,12,196,trk-e--2.0-85-12.root,gsf_material_steps-e--2.0-85-12.root,1,0.00011272474496026863,0.00011272474496026863,0.00022602081298828125
197,12,197,trk-e--2.0-85-12.root,gsf_material_steps-e--2.0-85-12.root,4,0.049013565455182984,0.045068855826316145,0.09831762313842773
199,12,199,trk-e--2.0-85-12.root,gsf_material_steps-e--2.0-85-12.root,1,0.00015011285206101288,0.00015011285206101288,0.00030112266540527344
202,12,202,trk-e--2.0-85-12.root,gsf_material_steps-e--2.0-85-12.root,2,0.03364559469206896,0.03213178867510824,0.06745374202728271
203,12,203,trk-e--2.0-85-12.root,gsf_material_steps-e--2.0-85-12.root,2,0.005295063369981756,0.005251257680846111,0.010630249977111816
206,12,206,trk-e--2.0-85-12.root,gsf_material_steps-e--2.0-85-12.root,1,8.917185032542019e-05,8.917185032542019e-05,0.00017881393432617188
207,12,207,trk-e--2.0-85-12.root,gsf_material_steps-e--2.0-85-12.root,1,0.004479555575788274,0.004479555575788274,0.008985400199890137
208,12,208,trk-e--2.0-85-12.root,gsf_material_steps-e--2.0-85-12.root,1,0.014277265621749469,0.014277265621749469,0.02863466739654541
215,12,215,trk-e--2.0-85-12.root,gsf_material_steps-e--2.0-85-12.root,2,0.08483731499360125,0.08479948374968604,0.17026853561401367
217,12,217,trk-e--2.0-85-12.root,gsf_material_steps-e--2.0-85-12.root,2,0.0004847986516577363,0.0004777850729822397,0.0009729862213134766
219,12,219,trk-e--2.0-85-12.root,gsf_material_steps-e--2.0-85-12.root,1,0.00022105798350902095,0.00022105798350902095,0.00044345855712890625
220,12,220,trk-e--2.0-85-12.root,gsf_material_steps-e--2.0-85-12.root,1,7.242827014530828e-05,7.242827014530828e-05,0.00014519691467285156
221,12,221,trk-e--2.0-85-12.root,gsf_material_steps-e--2.0-85-12.root,2,0.05160007042995707,0.04672183746526626,0.10346567630767822
223,12,223,trk-e--2.0-85-12.root,gsf_material_steps-e--2.0-85-12.root,1,0.0004598030921757479,0.0004598030921757479,0.00092315673828125
225,12,225,trk-e--2.0-85-12.root,gsf_material_steps-e--2.0-85-12.root,1,0.006563230717902324,0.006563230717902324,0.01316523551940918
226,12,226,trk-e--2.0-85-12.root,gsf_material_steps-e--2.0-85-12.root,1,1.5215084234521115e-05,1.5215084234521115e-05,3.0517578125e-05
227,12,227,trk-e--2.0-85-12.root,gsf_material_steps-e--2.0-85-12.root,1,0.00027646676425341354,0.00027646676425341354,0.0005550384521484375
228,12,228,trk-e--2.0-85-12.root,gsf_material_steps-e--2.0-85-12.root,1,0.0003268515892846935,0.0003268515892846935,0.0006554126739501953
229,12,229,trk-e--2.0-85-12.root,gsf_material_steps-e--2.0-85-12.root,1,0.033129833415496246,0.033129833415496246,0.06639754772186279
230,12,230,trk-e--2.0-85-12.root,gsf_material_steps-e--2.0-85-12.root,1,0.056751555690878974,0.056751555690878974,0.11376333236694336
232,12,232,trk-e--2.0-85-12.root,gsf_material_steps-e--2.0-85-12.root,3,0.056642493068279176,0.056634193736923466,0.11354410648345947
233,12,233,trk-e--2.0-85-12.root,gsf_material_steps-e--2.0-85-12.root,1,6.33225546385896e-05,6.33225546385896e-05,0.0001270771026611328
235,12,235,trk-e--2.0-85-12.root,gsf_material_steps-e--2.0-85-12.root,2,0.0005262773295280354,0.0005248509191837503,0.001056671142578125
239,12,239,trk-e--2.0-85-12.root,gsf_material_steps-e--2.0-85-12.root,2,0.0035313790877592455,0.002831900728228587,0.007082462310791016
244,12,244,trk-e--2.0-85-12.root,gsf_material_steps-e--2.0-85-12.root,1,0.0006533676814430844,0.0006533676814430844,0.0013091564178466797
245,12,245,trk-e--2.0-85-12.root,gsf_material_steps-e--2.0-85-12.root,2,0.00048169080911675266,0.00043127054726221914,0.0009667873382568359
249,12,249,trk-e--2.0-85-12.root,gsf_material_steps-e--2.0-85-12.root,1,0.006907238670548321,0.006907238670548321,0.013849496841430664
250,12,250,trk-e--2.0-85-12.root,gsf_material_steps-e--2.0-85-12.root,1,0.0008902241391316457,0.0008902241391316457,0.001783132553100586
252,12,252,trk-e--2.0-85-12.root,gsf_material_steps-e--2.0-85-12.root,1,0.00154202892904709,0.00154202892904709,0.003095388412475586
254,12,254,trk-e--2.0-85-12.root,gsf_material_steps-e--2.0-85-12.root,1,0.000939048921338892,0.000939048921338892,0.001878976821899414
257,12,257,trk-e--2.0-85-12.root,gsf_material_steps-e--2.0-85-12.root,1,0.00014017773204799688,0.00014017773204799688,0.0002810955047607422
258,12,258,trk-e--2.0-85-12.root,gsf_material_steps-e--2.0-85-12.root,1,0.00015639187880167604,0.00015639187880167604,0.0003135204315185547
260,12,260,trk-e--2.0-85-12.root,gsf_material_steps-e--2.0-85-12.root,2,0.0019034524944300246,0.0014081616506756989,0.003816366195678711
265,12,265,trk-e--2.0-85-12.root,gsf_material_steps-e--2.0-85-12.root,2,0.03486252969804371,0.034508162624103056,0.06992053985595703
267,12,267,trk-e--2.0-85-12.root,gsf_material_steps-e--2.0-85-12.root,1,0.002386350026441275,0.002386350026441275,0.004648327827453613
268,12,268,trk-e--2.0-85-12.root,gsf_material_steps-e--2.0-85-12.root,1,0.002840727357473205,0.002840727357473205,0.00569605827331543
273,12,273,trk-e--2.0-85-12.root,gsf_material_steps-e--2.0-85-12.root,1,0.0006296574480491035,0.0006296574480491035,0.0012633800506591797
274,12,274,trk-e--2.0-85-12.root,gsf_material_steps-e--2.0-85-12.root,1,0.00024770395658657574,0.00024770395658657574,0.0004971027374267578
279,12,279,trk-e--2.0-85-12.root,gsf_material_steps-e--2.0-85-12.root,1,0.00013252625320137046,0.00013252625320137046,0.00026607513427734375
280,12,280,trk-e--2.0-85-12.root,gsf_material_steps-e--2.0-85-12.root,1,0.0008736048274068375,0.0008736048274068375,0.0017516613006591797
282,12,282,trk-e--2.0-85-12.root,gsf_material_steps-e--2.0-85-12.root,1,0.0001293211601867128,0.0001293211601867128,0.0002593994140625
283,12,283,trk-e--2.0-85-12.root,gsf_material_steps-e--2.0-85-12.root,1,0.0014774566240217668,0.0014774566240217668,0.002961397171020508
287,12,287,trk-e--2.0-85-12.root,gsf_material_steps-e--2.0-85-12.root,1,0.0003423743135573254,0.0003423743135573254,0.0006866455078125
288,12,288,trk-e--2.0-85-12.root,gsf_material_steps-e--2.0-85-12.root,1,0.014139542885685308,0.014139542885685308,0.028373241424560547
289,12,289,trk-e--2.0-85-12.root,gsf_material_steps-e--2.0-85-12.root,1,0.042063909093631335,0.042063909093631335,0.08439767360687256
291,12,291,trk-e--2.0-85-12.root,gsf_material_steps-e--2.0-85-12.root,1,0.05841688021575042,0.05841688021575042,0.11719489097595215
294,12,294,trk-e--2.0-85-12.root,gsf_material_steps-e--2.0-85-12.root,1,0.003594652254979347,0.003594652254979347,0.007202744483947754
296,12,296,trk-e--2.0-85-12.root,gsf_material_steps-e--2.0-85-12.root,3,0.010532296407189667,0.003977774982926063,0.021118998527526855
297,12,297,trk-e--2.0-85-12.root,gsf_material_steps-e--2.0-85-12.root,3,0.09771934991870046,0.06580025205855933,0.19588351249694824
299,12,299,trk-e--2.0-85-12.root,gsf_material_steps-e--2.0-85-12.root,1,0.044966503424425874,0.044966503424425874,0.09019076824188232
300,12,300,trk-e--2.0-85-12.root,gsf_material_steps-e--2.0-85-12.root,3,0.014077329055705357,0.011891267311837539,0.028229236602783203
306,12,306,trk-e--2.0-85-12.root,gsf_material_steps-e--2.0-85-12.root,1,0.00030828398090698705,0.00030828398090698705,0.0006082057952880859
308,12,308,trk-e--2.0-85-12.root,gsf_material_steps-e--2.0-85-12.root,1,7.881968765999225e-05,7.881968765999225e-05,0.00015807151794433594
310,12,310,trk-e--2.0-85-12.root,gsf_material_steps-e--2.0-85-12.root,1,0.005681059007742517,0.005681059007742517,0.011394143104553223
312,12,312,trk-e--2.0-85-12.root,gsf_material_steps-e--2.0-85-12.root,1,0.0010490122633171062,0.0010490122633171062,0.0021042823791503906
314,12,314,trk-e--2.0-85-12.root,gsf_material_steps-e--2.0-85-12.root,1,0.003592927886425068,0.003592927886425068,0.007211923599243164
315,12,315,trk-e--2.0-85-12.root,gsf_material_steps-e--2.0-85-12.root,3,0.0028919745308056966,0.0015390987324166439,0.005803108215332031
316,12,316,trk-e--2.0-85-12.root,gsf_material_steps-e--2.0-85-12.root,2,0.0005381714416879957,0.0005373393236672852,0.0010805130004882812
318,12,318,trk-e--2.0-85-12.root,gsf_material_steps-e--2.0-85-12.root,1,0.027961388608848226,0.027961388608848226,0.05610167980194092
321,12,321,trk-e--2.0-85-12.root,gsf_material_steps-e--2.0-85-12.root,2,0.03583504445232788,0.02076271657081541,0.07188630104064941
323,12,323,trk-e--2.0-85-12.root,gsf_material_steps-e--2.0-85-12.root,1,0.08580579773477004,0.08580579773477004,0.1722787618637085
324,12,324,trk-e--2.0-85-12.root,gsf_material_steps-e--2.0-85-12.root,1,0.0005780799305077355,0.0005780799305077355,0.0011461973190307617
325,12,325,trk-e--2.0-85-12.root,gsf_material_steps-e--2.0-85-12.root,1,0.002777919715185151,0.002777919715185151,0.0055735111236572266
327,12,327,trk-e--2.0-85-12.root,gsf_material_steps-e--2.0-85-12.root,2,6.586143153375357e-05,6.407831487587057e-05,0.00013208389282226562
328,12,328,trk-e--2.0-85-12.root,gsf_material_steps-e--2.0-85-12.root,1,0.0001290245470982887,0.0001290245470982887,0.0002589225769042969
329,12,329,trk-e--2.0-85-12.root,gsf_material_steps-e--2.0-85-12.root,1,0.03177624510803634,0.03177624510803634,0.06376850605010986
331,12,331,trk-e--2.0-85-12.root,gsf_material_steps-e--2.0-85-12.root,1,0.0009341063901768809,0.0009341063901768809,0.0018734931945800781
333,12,333,trk-e--2.0-85-12.root,gsf_material_steps-e--2.0-85-12.root,1,0.00012069886904564342,0.00012069886904564342,0.00024199485778808594
335,12,335,trk-e--2.0-85-12.root,gsf_material_steps-e--2.0-85-12.root,1,2.9599279251613098e-05,2.9599279251613098e-05,5.936622619628906e-05
340,12,340,trk-e--2.0-85-12.root,gsf_material_steps-e--2.0-85-12.root,1,0.039934819736130445,0.039934819736130445,0.0799555778503418
343,12,343,trk-e--2.0-85-12.root,gsf_material_steps-e--2.0-85-12.root,1,0.01296779920949076,0.01296779920949076,0.02190101146697998
344,12,344,trk-e--2.0-85-12.root,gsf_material_steps-e--2.0-85-12.root,1,9.253052674851325e-05,9.253052674851325e-05,0.00018548965454101562
345,12,345,trk-e--2.0-85-12.root,gsf_material_steps-e--2.0-85-12.root,2,0.0011688102562911196,0.001129233809749941,0.002344846725463867
346,12,346,trk-e--2.0-85-12.root,gsf_material_steps-e--2.0-85-12.root,1,0.000768263474763331,0.000768263474763331,0.0015399456024169922
349,12,349,trk-e--2.0-85-12.root,gsf_material_steps-e--2.0-85-12.root,1,0.00010140699233274209,0.00010140699233274209,0.00020360946655273438
350,12,350,trk-e--2.0-85-12.root,gsf_material_steps-e--2.0-85-12.root,2,0.09614333361194938,0.06700343489355565,0.19285452365875244
351,12,351,trk-e--2.0-85-12.root,gsf_material_steps-e--2.0-85-12.root,1,0.004556701515686545,0.004556701515686545,0.009149312973022461
353,12,353,trk-e--2.0-85-12.root,gsf_material_steps-e--2.0-85-12.root,1,0.02074563448231148,0.02074563448231148,0.04165315628051758
354,12,354,trk-e--2.0-85-12.root,gsf_material_steps-e--2.0-85-12.root,1,4.6642001931829213e-05,4.6642001931829213e-05,9.34600830078125e-05
355,12,355,trk-e--2.0-85-12.root,gsf_material_steps-e--2.0-85-12.root,4,0.0901627199426438,0.07607365215823403,0.1807616949081421
361,12,361,trk-e--2.0-85-12.root,gsf_material_steps-e--2.0-85-12.root,3,0.013228463045952488,0.012331677817545184,0.02647531032562256
362,12,362,trk-e--2.0-85-12.root,gsf_material_steps-e--2.0-85-12.root,1,0.0066444304676313015,0.0066444304676313015,0.013336539268493652
367,12,367,trk-e--2.0-85-12.root,gsf_material_steps-e--2.0-85-12.root,2,0.0355654683795279,0.0337456747785414,0.07131361961364746
369,12,369,trk-e--2.0-85-12.root,gsf_material_steps-e--2.0-85-12.root,1,0.0009850039913330555,0.0009850039913330555,0.0019769668579101562
374,12,374,trk-e--2.0-85-12.root,gsf_material_steps-e--2.0-85-12.root,1,0.05360408381729043,0.05360408381729043,0.10752129554748535
378,12,378,trk-e--2.0-85-12.root,gsf_material_steps-e--2.0-85-12.root,1,0.02018879172274346,0.02018879172274346,0.04046070575714111
379,12,379,trk-e--2.0-85-12.root,gsf_material_steps-e--2.0-85-12.root,2,0.006380099879901513,0.006366323248755856,0.012757539749145508
382,12,382,trk-e--2.0-85-12.root,gsf_material_steps-e--2.0-85-12.root,1,0.0006192577753235673,0.0006192577753235673,0.0012416839599609375
383,12,383,trk-e--2.0-85-12.root,gsf_material_steps-e--2.0-85-12.root,1,0.005211646091078159,0.005211646091078159,0.010449528694152832
384,12,384,trk-e--2.0-85-12.root,gsf_material_steps-e--2.0-85-12.root,1,0.000983707968760239,0.000983707968760239,0.0019714832305908203
387,12,387,trk-e--2.0-85-12.root,gsf_material_steps-e--2.0-85-12.root,1,0.03846484870797562,0.03846484870797562,0.07714521884918213
388,12,388,trk-e--2.0-85-12.root,gsf_material_steps-e--2.0-85-12.root,1,0.00018506042930210853,0.00018506042930210853,0.0003712177276611328
389,12,389,trk-e--2.0-85-12.root,gsf_material_steps-e--2.0-85-12.root,2,0.07572607303831325,0.06322505517994248,0.1519773006439209
391,12,391,trk-e--2.0-85-12.root,gsf_material_steps-e--2.0-85-12.root,1,0.0020486058775154303,0.0020486058775154303,0.004092693328857422
393,12,393,trk-e--2.0-85-12.root,gsf_material_steps-e--2.0-85-12.root,1,6.664171265158281e-05,6.664171265158281e-05,0.00013375282287597656
394,12,394,trk-e--2.0-85-12.root,gsf_material_steps-e--2.0-85-12.root,3,0.08934182456297113,0.08896960759580652,0.1792302131652832
395,12,395,trk-e--2.0-85-12.root,gsf_material_steps-e--2.0-85-12.root,1,0.000948838540338337,0.000948838540338337,0.001903533935546875
397,12,397,trk-e--2.0-85-12.root,gsf_material_steps-e--2.0-85-12.root,1,0.0030601956598851343,0.0030601956598851343,0.006135702133178711
401,12,401,trk-e--2.0-85-12.root,gsf_material_steps-e--2.0-85-12.root,2,0.00021563675035385366,0.00011967788465594431,0.0004324913024902344
403,12,403,trk-e--2.0-85-12.root,gsf_material_steps-e--2.0-85-12.root,1,0.03895892091499298,0.03895892091499298,0.07819724082946777
405,12,405,trk-e--2.0-85-12.root,gsf_material_steps-e--2.0-85-12.root,2,0.003327186127226711,0.0032308867501107397,0.00668025016784668
407,12,407,trk-e--2.0-85-12.root,gsf_material_steps-e--2.0-85-12.root,1,6.81042810850574e-05,6.81042810850574e-05,0.0001366138458251953
408,12,408,trk-e--2.0-85-12.root,gsf_material_steps-e--2.0-85-12.root,1,8.262146127524517e-05,8.262146127524517e-05,0.00016570091247558594
410,12,410,trk-e--2.0-85-12.root,gsf_material_steps-e--2.0-85-12.root,1,0.06178824843999897,0.06178824843999897,0.12403225898742676
413,12,413,trk-e--2.0-85-12.root,gsf_material_steps-e--2.0-85-12.root,2,0.02025222592153253,0.020065079532667673,0.040618896484375
414,12,414,trk-e--2.0-85-12.root,gsf_material_steps-e--2.0-85-12.root,1,0.0013842476372929458,0.0013842476372929458,0.0027780532836914062
416,12,416,trk-e--2.0-85-12.root,gsf_material_steps-e--2.0-85-12.root,1,0.0002321082344585168,0.0002321082344585168,0.00046563148498535156
421,12,421,trk-e--2.0-85-12.root,gsf_material_steps-e--2.0-85-12.root,3,0.00048235297784282594,0.00039344143820319033,0.0009675025939941406
422,12,422,trk-e--2.0-85-12.root,gsf_material_steps-e--2.0-85-12.root,1,6.546723406519739e-05,6.546723406519739e-05,0.00013136863708496094
423,12,423,trk-e--2.0-85-12.root,gsf_material_steps-e--2.0-85-12.root,3,0.062076711432115905,0.05131743627176,0.12455368041992188
425,12,425,trk-e--2.0-85-12.root,gsf_material_steps-e--2.0-85-12.root,1,0.00014851159044382278,0.00014851159044382278,0.00029778480529785156
426,12,426,trk-e--2.0-85-12.root,gsf_material_steps-e--2.0-85-12.root,1,0.00153821188663672,0.00153821188663672,0.003084897994995117
429,12,429,trk-e--2.0-85-12.root,gsf_material_steps-e--2.0-85-12.root,1,0.0002594840406017207,0.0002594840406017207,0.0005202293395996094
430,12,430,trk-e--2.0-85-12.root,gsf_material_steps-e--2.0-85-12.root,1,0.0003775347232125581,0.0003775347232125581,0.0007574558258056641
437,12,437,trk-e--2.0-85-12.root,gsf_material_steps-e--2.0-85-12.root,1,0.0002106564120296639,0.0002106564120296639,0.0004229545593261719
439,12,439,trk-e--2.0-85-12.root,gsf_material_steps-e--2.0-85-12.root,2,0.00831109953270448,0.005537348866400005,0.01667475700378418
441,12,441,trk-e--2.0-85-12.root,gsf_material_steps-e--2.0-85-12.root,5,0.023822081223231595,0.010559696603180235,0.017880141735076904
442,12,442,trk-e--2.0-85-12.root,gsf_material_steps-e--2.0-85-12.root,1,0.03236053701521291,0.03236053701521291,0.06495022773742676
446,12,446,trk-e--2.0-85-12.root,gsf_material_steps-e--2.0-85-12.root,1,0.0010466415978387378,0.0010466415978387378,0.0020987987518310547
447,12,447,trk-e--2.0-85-12.root,gsf_material_steps-e--2.0-85-12.root,1,0.0021693286121656774,0.0021693286121656774,0.004352092742919922
451,12,451,trk-e--2.0-85-12.root,gsf_material_steps-e--2.0-85-12.root,3,0.019133057300962708,0.011065136354741933,0.038385868072509766
453,12,453,trk-e--2.0-85-12.root,gsf_material_steps-e--2.0-85-12.root,1,0.0002630373455977386,0.0002630373455977386,0.0005276203155517578
460,12,460,trk-e--2.0-85-12.root,gsf_material_steps-e--2.0-85-12.root,1,1.5807202522144514e-05,1.5807202522144514e-05,3.170967102050781e-05
461,12,461,trk-e--2.0-85-12.root,gsf_material_steps-e--2.0-85-12.root,1,0.031114357941805726,0.031114357941805726,0.062404513359069824
469,12,469,trk-e--2.0-85-12.root,gsf_material_steps-e--2.0-85-12.root,1,0.0003773358945284855,0.0003773358945284855,0.0007572174072265625
470,12,470,trk-e--2.0-85-12.root,gsf_material_steps-e--2.0-85-12.root,1,0.003782277832782621,0.003782277832782621,0.007586002349853516
471,12,471,trk-e--2.0-85-12.root,gsf_material_steps-e--2.0-85-12.root,3,0.03102591769963592,0.029251073290884277,0.06228053569793701
473,12,473,trk-e--2.0-85-12.root,gsf_material_steps-e--2.0-85-12.root,2,0.021686375335452368,0.021107318213568038,0.036314964294433594
479,12,479,trk-e--2.0-85-12.root,gsf_material_steps-e--2.0-85-12.root,1,3.709597048584534e-05,3.709597048584534e-05,7.43865966796875e-05
482,12,482,trk-e--2.0-85-12.root,gsf_material_steps-e--2.0-85-12.root,1,0.0006360358879151651,0.0006360358879151651,0.0012764930725097656
484,12,484,trk-e--2.0-85-12.root,gsf_material_steps-e--2.0-85-12.root,1,0.0001387292639335458,0.0001387292639335458,0.00027573108673095703
486,12,486,trk-e--2.0-85-12.root,gsf_material_steps-e--2.0-85-12.root,1,6.537058475830637e-05,6.537058475830637e-05,9.322166442871094e-05
488,12,488,trk-e--2.0-85-12.root,gsf_material_steps-e--2.0-85-12.root,1,0.014752457475800007,0.014752457475800007,0.029608607292175293
491,12,491,trk-e--2.0-85-12.root,gsf_material_steps-e--2.0-85-12.root,1,7.10092109770244e-05,7.10092109770244e-05,0.0001423358917236328
493,12,493,trk-e--2.0-85-12.root,gsf_material_steps-e--2.0-85-12.root,2,0.05700692506058891,0.05675030521260371,0.11444497108459473
495,12,495,trk-e--2.0-85-12.root,gsf_material_steps-e--2.0-85-12.root,2,0.004766069489488767,0.002917072327924819,0.009546875953674316
497,12,497,trk-e--2.0-85-12.root,gsf_material_steps-e--2.0-85-12.root,1,3.029590546266281e-05,3.029590546266281e-05,5.53131103515625e-05
499,12,499,trk-e--2.0-85-12.root,gsf_material_steps-e--2.0-85-12.root,1,0.0721392271746577,0.0721392271746577,0.14465570449829102
1,13,1,trk-e--2.0-85-13.root,gsf_material_steps-e--2.0-85-13.root,3,0.024419060419975436,0.013284027898520567,0.04887044429779053
2,13,2,trk-e--2.0-85-13.root,gsf_material_steps-e--2.0-85-13.root,1,0.017409470834820806,0.017409470834820806,0.03493809700012207
11,13,11,trk-e--2.0-85-13.root,gsf_material_steps-e--2.0-85-13.root,2,0.012727769627567387,0.012508913583838321,0.025051355361938477
13,13,13,trk-e--2.0-85-13.root,gsf_material_steps-e--2.0-85-13.root,1,0.0003292952215380174,0.0003292952215380174,0.0006611347198486328
15,13,15,trk-e--2.0-85-13.root,gsf_material_steps-e--2.0-85-13.root,1,0.0005510564828733466,0.0005510564828733466,0.0011050701141357422
17,13,17,trk-e--2.0-85-13.root,gsf_material_steps-e--2.0-85-13.root,2,0.0005758675562753668,0.000544250952795533,0.0011556148529052734
26,13,26,trk-e--2.0-85-13.root,gsf_material_steps-e--2.0-85-13.root,1,0.017491605113676867,0.017491605113676867,0.03508186340332031
31,13,31,trk-e--2.0-85-13.root,gsf_material_steps-e--2.0-85-13.root,1,5.759226339974166e-05,5.759226339974166e-05,0.00011563301086425781
36,13,36,trk-e--2.0-85-13.root,gsf_material_steps-e--2.0-85-13.root,5,0.04903256565040437,0.047107304335127664,0.09834611415863037
37,13,37,trk-e--2.0-85-13.root,gsf_material_steps-e--2.0-85-13.root,1,3.5985508884950335e-05,3.5985508884950335e-05,7.224082946777344e-05
38,13,38,trk-e--2.0-85-13.root,gsf_material_steps-e--2.0-85-13.root,1,0.0664825158896254,0.0664825158896254,0.1334669589996338
41,13,41,trk-e--2.0-85-13.root,gsf_material_steps-e--2.0-85-13.root,1,0.0002753106037121089,0.0002753106037121089,0.0005524158477783203
43,13,43,trk-e--2.0-85-13.root,gsf_material_steps-e--2.0-85-13.root,1,0.00020514523271619733,0.00020514523271619733,0.0004112720489501953
45,13,45,trk-e--2.0-85-13.root,gsf_material_steps-e--2.0-85-13.root,2,0.002339578582606916,0.0014709530182124286,0.004689931869506836
46,13,46,trk-e--2.0-85-13.root,gsf_material_steps-e--2.0-85-13.root,2,0.0060052166749513525,0.005235294641558252,0.012055039405822754
49,13,49,trk-e--2.0-85-13.root,gsf_material_steps-e--2.0-85-13.root,1,0.06435868046619797,0.06435868046619797,0.12902700901031494
52,13,52,trk-e--2.0-85-13.root,gsf_material_steps-e--2.0-85-13.root,1,2.8767988313971316e-05,2.8767988313971316e-05,5.7697296142578125e-05
54,13,54,trk-e--2.0-85-13.root,gsf_material_steps-e--2.0-85-13.root,6,0.028112960152784305,0.023371450638651647,0.05643045902252197
55,13,55,trk-e--2.0-85-13.root,gsf_material_steps-e--2.0-85-13.root,1,0.014827576699525724,0.014827576699525724,0.02974677085876465
58,13,58,trk-e--2.0-85-13.root,gsf_material_steps-e--2.0-85-13.root,1,0.0006113220694747845,0.0006113220694747845,0.0012273788452148438
60,13,60,trk-e--2.0-85-13.root,gsf_material_steps-e--2.0-85-13.root,1,0.08775674984034021,0.08775674984034021,0.17602801322937012
61,13,61,trk-e--2.0-85-13.root,gsf_material_steps-e--2.0-85-13.root,1,0.0006760585749417958,0.0006760585749417958,0.001355886459350586
62,13,62,trk-e--2.0-85-13.root,gsf_material_steps-e--2.0-85-13.root,1,5.112016162533983e-05,5.112016162533983e-05,0.00010251998901367188
63,13,63,trk-e--2.0-85-13.root,gsf_material_steps-e--2.0-85-13.root,1,8.676491545345222e-06,8.676491545345222e-06,1.7404556274414062e-05
64,13,64,trk-e--2.0-85-13.root,gsf_material_steps-e--2.0-85-13.root,2,0.004143585863138788,0.003964255860046673,0.00831460952758789
65,13,65,trk-e--2.0-85-13.root,gsf_material_steps-e--2.0-85-13.root,1,0.011730966817502853,0.011730966817502853,0.02353847026824951
66,13,66,trk-e--2.0-85-13.root,gsf_material_steps-e--2.0-85-13.root,1,0.06379160901560599,0.06379160901560599,0.1280043125152588
67,13,67,trk-e--2.0-85-13.root,gsf_material_steps-e--2.0-85-13.root,2,0.0026340626674657974,0.002078577484610822,0.0052831172943115234
69,13,69,trk-e--2.0-85-13.root,gsf_material_steps-e--2.0-85-13.root,1,0.00017697170022701325,0.00017697170022701325,0.000354766845703125
70,13,70,trk-e--2.0-85-13.root,gsf_material_steps-e--2.0-85-13.root,1,9.191373188777163e-05,9.191373188777163e-05,0.0001842975616455078
74,13,74,trk-e--2.0-85-13.root,gsf_material_steps-e--2.0-85-13.root,2,0.08901439325438021,0.0889319329110918,0.17849361896514893
75,13,75,trk-e--2.0-85-13.root,gsf_material_steps-e--2.0-85-13.root,1,0.008537132839333772,0.008537132839333772,0.01710653305053711
76,13,76,trk-e--2.0-85-13.root,gsf_material_steps-e--2.0-85-13.root,1,0.00033606613268299945,0.00033606613268299945,0.0006744861602783203
77,13,77,trk-e--2.0-85-13.root,gsf_material_steps-e--2.0-85-13.root,1,3.535591210768185e-05,3.535591210768185e-05,7.069110870361328e-05
78,13,78,trk-e--2.0-85-13.root,gsf_material_steps-e--2.0-85-13.root,1,0.004424614231731017,0.004424614231731017,0.008879899978637695
80,13,80,trk-e--2.0-85-13.root,gsf_material_steps-e--2.0-85-13.root,2,0.003076109235541802,0.002973126577274776,0.006170868873596191
82,13,82,trk-e--2.0-85-13.root,gsf_material_steps-e--2.0-85-13.root,1,0.007837956606438157,0.007837956606438157,0.01572132110595703
83,13,83,trk-e--2.0-85-13.root,gsf_material_steps-e--2.0-85-13.root,3,0.03430271846280353,0.03412672589818688,0.0688467025756836
84,13,84,trk-e--2.0-85-13.root,gsf_material_steps-e--2.0-85-13.root,1,0.013904337756429408,0.013904337756429408,0.027859926223754883
85,13,85,trk-e--2.0-85-13.root,gsf_material_steps-e--2.0-85-13.root,2,0.03269578842086007,0.03138140329530914,0.06564140319824219
87,13,87,trk-e--2.0-85-13.root,gsf_material_steps-e--2.0-85-13.root,1,4.917015041316919e-05,4.917015041316919e-05,8.511543273925781e-05
89,13,89,trk-e--2.0-85-13.root,gsf_material_steps-e--2.0-85-13.root,1,0.0001205296457760241,0.0001205296457760241,0.00024175643920898438
92,13,92,trk-e--2.0-85-13.root,gsf_material_steps-e--2.0-85-13.root,1,0.04613056486597933,0.04613056486597933,0.09236764907836914
93,13,93,trk-e--2.0-85-13.root,gsf_material_steps-e--2.0-85-13.root,1,0.00013427173697677652,0.00013427173697677652,0.00026917457580566406
96,13,96,trk-e--2.0-85-13.root,gsf_material_steps-e--2.0-85-13.root,4,0.0345904742814338,0.02810979747999942,0.06937241554260254
97,13,97,trk-e--2.0-85-13.root,gsf_material_steps-e--2.0-85-13.root,2,0.0010785346663662043,0.0007240532240339048,0.0021643638610839844
99,13,99,trk-e--2.0-85-13.root,gsf_material_steps-e--2.0-85-13.root,1,8.214904761794095e-05,8.214904761794095e-05,0.0001647472381591797
100,13,100,trk-e--2.0-85-13.root,gsf_material_steps-e--2.0-85-13.root,3,0.0572847680717542,0.04831119441327347,0.11494100093841553
106,13,106,trk-e--2.0-85-13.root,gsf_material_steps-e--2.0-85-13.root,1,0.04740871050299045,0.04740871050299045,0.09511899948120117
107,13,107,trk-e--2.0-85-13.root,gsf_material_steps-e--2.0-85-13.root,2,0.017762401133459615,0.010705793765603211,0.03564608097076416
108,13,108,trk-e--2.0-85-13.root,gsf_material_steps-e--2.0-85-13.root,1,5.16597751338832e-05,5.16597751338832e-05,0.00010371208190917969
110,13,110,trk-e--2.0-85-13.root,gsf_material_steps-e--2.0-85-13.root,3,0.03052965063462676,0.028008231616766466,0.06129026412963867
111,13,111,trk-e--2.0-85-13.root,gsf_material_steps-e--2.0-85-13.root,1,0.04526427398710764,0.04526427398710764,0.09074902534484863
112,13,112,trk-e--2.0-85-13.root,gsf_material_steps-e--2.0-85-13.root,3,0.009690325702994662,0.006856581105505022,0.019452333450317383
119,13,119,trk-e--2.0-85-13.root,gsf_material_steps-e--2.0-85-13.root,1,0.0004952247963870837,0.0004952247963870837,0.0009930133819580078
122,13,122,trk-e--2.0-85-13.root,gsf_material_steps-e--2.0-85-13.root,1,0.0021851395753664793,0.0021851395753664793,0.004378199577331543
123,13,123,trk-e--2.0-85-13.root,gsf_material_steps-e--2.0-85-13.root,1,0.00018974973140595264,0.00018974973140595264,0.0003802776336669922
124,13,124,trk-e--2.0-85-13.root,gsf_material_steps-e--2.0-85-13.root,2,0.08655773841986392,0.08236955976004945,0.17367792129516602
125,13,125,trk-e--2.0-85-13.root,gsf_material_steps-e--2.0-85-13.root,1,5.8161753187957466e-05,5.8161753187957466e-05,0.00011658668518066406
126,13,126,trk-e--2.0-85-13.root,gsf_material_steps-e--2.0-85-13.root,1,0.00011184485775139752,0.00011184485775139752,0.0002243518829345703
129,13,129,trk-e--2.0-85-13.root,gsf_material_steps-e--2.0-85-13.root,1,0.0681430280435309,0.0681430280435309,0.13672971725463867
130,13,130,trk-e--2.0-85-13.root,gsf_material_steps-e--2.0-85-13.root,1,9.428296145397308e-05,9.428296145397308e-05,0.00018930435180664062
132,13,132,trk-e--2.0-85-13.root,gsf_material_steps-e--2.0-85-13.root,2,0.0004885089575874524,0.0004852987636113637,0.0009799003601074219
134,13,134,trk-e--2.0-85-13.root,gsf_material_steps-e--2.0-85-13.root,1,2.723574871610346e-05,2.723574871610346e-05,5.459785461425781e-05
140,13,140,trk-e--2.0-85-13.root,gsf_material_steps-e--2.0-85-13.root,3,0.023533978111733633,0.02149366116257967,0.047197699546813965
141,13,141,trk-e--2.0-85-13.root,gsf_material_steps-e--2.0-85-13.root,1,4.521279760139052e-05,4.521279760139052e-05,9.059906005859375e-05
146,13,146,trk-e--2.0-85-13.root,gsf_material_steps-e--2.0-85-13.root,1,0.00017918161679841837,0.00017918161679841837,0.0003592967987060547
147,13,147,trk-e--2.0-85-13.root,gsf_material_steps-e--2.0-85-13.root,1,0.03291843867741018,0.03291843867741018,0.06600797176361084
150,13,150,trk-e--2.0-85-13.root,gsf_material_steps-e--2.0-85-13.root,1,0.00020307201646241335,0.00020307201646241335,0.0004076957702636719
151,13,151,trk-e--2.0-85-13.root,gsf_material_steps-e--2.0-85-13.root,1,0.017207809646169303,0.017207809646169303,0.03364765644073486
152,13,152,trk-e--2.0-85-13.root,gsf_material_steps-e--2.0-85-13.root,3,0.020275955948254154,0.020163800109331498,0.04070842266082764
154,13,154,trk-e--2.0-85-13.root,gsf_material_steps-e--2.0-85-13.root,1,0.0012473259476940557,0.0012473259476940557,0.0015567541122436523
155,13,155,trk-e--2.0-85-13.root,gsf_material_steps-e--2.0-85-13.root,1,0.009036393952754018,0.009036393952754018,0.018085479736328125
157,13,157,trk-e--2.0-85-13.root,gsf_material_steps-e--2.0-85-13.root,2,0.015669709618881367,0.01550381013410751,0.03145289421081543
159,13,159,trk-e--2.0-85-13.root,gsf_material_steps-e--2.0-85-13.root,3,0.04706363569552707,0.03337643574561344,0.09441471099853516
163,13,163,trk-e--2.0-85-13.root,gsf_material_steps-e--2.0-85-13.root,1,0.0012810584439217898,0.0012810584439217898,0.0025687217712402344
164,13,164,trk-e--2.0-85-13.root,gsf_material_steps-e--2.0-85-13.root,1,0.006874039025943635,0.006874039025943635,0.013792872428894043
167,13,167,trk-e--2.0-85-13.root,gsf_material_steps-e--2.0-85-13.root,1,0.00046208688279536503,0.00046208688279536503,0.0009267330169677734
168,13,168,trk-e--2.0-85-13.root,gsf_material_steps-e--2.0-85-13.root,1,0.019827093871305768,0.019827093871305768,0.0397799015045166
169,13,169,trk-e--2.0-85-13.root,gsf_material_steps-e--2.0-85-13.root,1,0.00012127263503203256,0.00012127263503203256,0.00024318695068359375
170,13,170,trk-e--2.0-85-13.root,gsf_material_steps-e--2.0-85-13.root,1,0.00013965028004336855,0.00013965028004336855,0.00028014183044433594
173,13,173,trk-e--2.0-85-13.root,gsf_material_steps-e--2.0-85-13.root,1,0.016721086229920745,0.016721086229920745,0.033570051193237305
174,13,174,trk-e--2.0-85-13.root,gsf_material_steps-e--2.0-85-13.root,1,0.0003029474395113141,0.0003029474395113141,0.0006072521209716797
177,13,177,trk-e--2.0-85-13.root,gsf_material_steps-e--2.0-85-13.root,1,0.0006866354316727996,0.0006866354316727996,0.0013763904571533203
178,13,178,trk-e--2.0-85-13.root,gsf_material_steps-e--2.0-85-13.root,3,0.08535931938553754,0.0841547726678693,0.1711421012878418
180,13,180,trk-e--2.0-85-13.root,gsf_material_steps-e--2.0-85-13.root,1,0.04844784038054262,0.04844784038054262,0.09717059135437012
183,13,183,trk-e--2.0-85-13.root,gsf_material_steps-e--2.0-85-13.root,1,0.0020032745216695957,0.0020032745216695957,0.0040204524993896484
184,13,184,trk-e--2.0-85-13.root,gsf_material_steps-e--2.0-85-13.root,1,0.00262744567588169,0.00262744567588169,0.005270242691040039
185,13,185,trk-e--2.0-85-13.root,gsf_material_steps-e--2.0-85-13.root,1,9.40878386004318e-05,9.40878386004318e-05,0.0001888275146484375
188,13,188,trk-e--2.0-85-13.root,gsf_material_steps-e--2.0-85-13.root,2,0.012855280467315988,0.012381177159584422,0.025790095329284668
189,13,189,trk-e--2.0-85-13.root,gsf_material_steps-e--2.0-85-13.root,2,0.01962524852771863,0.018894411446698456,0.03932523727416992
193,13,193,trk-e--2.0-85-13.root,gsf_material_steps-e--2.0-85-13.root,3,0.0033234175912533193,0.0023326638931029375,0.006457805633544922
194,13,194,trk-e--2.0-85-13.root,gsf_material_steps-e--2.0-85-13.root,1,0.012314049252629466,0.012314049252629466,0.02468860149383545
195,13,195,trk-e--2.0-85-13.root,gsf_material_steps-e--2.0-85-13.root,2,0.0008209598984737498,0.0006637122426823572,0.0016481876373291016
196,13,196,trk-e--2.0-85-13.root,gsf_material_steps-e--2.0-85-13.root,1,0.025069589877317333,0.025069589877317333,0.05028843879699707
198,13,198,trk-e--2.0-85-13.root,gsf_material_steps-e--2.0-85-13.root,1,0.021103618321250628,0.021103618321250628,0.04237163066864014
201,13,201,trk-e--2.0-85-13.root,gsf_material_steps-e--2.0-85-13.root,2,0.00034546695597403865,0.0002709147300938852,0.0006930828094482422
202,13,202,trk-e--2.0-85-13.root,gsf_material_steps-e--2.0-85-13.root,1,0.0008355401642836657,0.0008355401642836657,0.0016744136810302734
203,13,203,trk-e--2.0-85-13.root,gsf_material_steps-e--2.0-85-13.root,1,0.04307922173307743,0.04307922173307743,0.08644962310791016
204,13,204,trk-e--2.0-85-13.root,gsf_material_steps-e--2.0-85-13.root,1,0.01919315509423869,0.01919315509423869,0.03852534294128418
206,13,206,trk-e--2.0-85-13.root,gsf_material_steps-e--2.0-85-13.root,1,0.001071783318047026,0.001071783318047026,0.0021486282348632812
208,13,208,trk-e--2.0-85-13.root,gsf_material_steps-e--2.0-85-13.root,1,0.00016328818464506067,0.00016328818464506067,0.00032782554626464844
209,13,209,trk-e--2.0-85-13.root,gsf_material_steps-e--2.0-85-13.root,1,0.0002514377723017436,0.0002514377723017436,0.0005042552947998047
216,13,216,trk-e--2.0-85-13.root,gsf_material_steps-e--2.0-85-13.root,1,0.00023232084125801578,0.00023232084125801578,0.00046634674072265625
219,13,219,trk-e--2.0-85-13.root,gsf_material_steps-e--2.0-85-13.root,1,0.06156107525900967,0.06156107525900967,0.12326347827911377
223,13,223,trk-e--2.0-85-13.root,gsf_material_steps-e--2.0-85-13.root,1,0.00021721165153254507,0.00021721165153254507,0.0004355907440185547
225,13,225,trk-e--2.0-85-13.root,gsf_material_steps-e--2.0-85-13.root,1,0.005124389718808464,0.005124389718808464,0.01028299331665039
228,13,228,trk-e--2.0-85-13.root,gsf_material_steps-e--2.0-85-13.root,1,0.0023132311112283865,0.0023132311112283865,0.0046384334564208984
229,13,229,trk-e--2.0-85-13.root,gsf_material_steps-e--2.0-85-13.root,3,0.019592474175918362,0.009981500297043033,0.03930366039276123
237,13,237,trk-e--2.0-85-13.root,gsf_material_steps-e--2.0-85-13.root,1,0.011532411200195991,0.011532411200195991,0.023124217987060547
242,13,242,trk-e--2.0-85-13.root,gsf_material_steps-e--2.0-85-13.root,1,0.0023693921473001422,0.0023693921473001422,0.004751443862915039
244,13,244,trk-e--2.0-85-13.root,gsf_material_steps-e--2.0-85-13.root,3,0.00676387007997159,0.005185088698436702,0.01356804370880127
247,13,247,trk-e--2.0-85-13.root,gsf_material_steps-e--2.0-85-13.root,2,0.0019124605953618756,0.0019112718687664954,0.003836393356323242
248,13,248,trk-e--2.0-85-13.root,gsf_material_steps-e--2.0-85-13.root,2,0.0981320822110785,0.052415677844620645,0.19693529605865479
249,13,249,trk-e--2.0-85-13.root,gsf_material_steps-e--2.0-85-13.root,2,0.007417363222705919,0.005444357987384296,0.01487588882446289
250,13,250,trk-e--2.0-85-13.root,gsf_material_steps-e--2.0-85-13.root,1,0.0012033228789027905,0.0012033228789027905,0.002398967742919922
251,13,251,trk-e--2.0-85-13.root,gsf_material_steps-e--2.0-85-13.root,1,0.0015733225681822116,0.0015733225681822116,0.0031583309173583984
252,13,252,trk-e--2.0-85-13.root,gsf_material_steps-e--2.0-85-13.root,1,0.000520711806134222,0.000520711806134222,0.0010428428649902344
256,13,256,trk-e--2.0-85-13.root,gsf_material_steps-e--2.0-85-13.root,1,8.916838355466083e-06,8.916838355466083e-06,1.7881393432617188e-05
257,13,257,trk-e--2.0-85-13.root,gsf_material_steps-e--2.0-85-13.root,1,7.431511487387965e-05,7.431511487387965e-05,0.00014901161193847656
260,13,260,trk-e--2.0-85-13.root,gsf_material_steps-e--2.0-85-13.root,1,0.002317732823369556,0.002317732823369556,0.004653215408325195
261,13,261,trk-e--2.0-85-13.root,gsf_material_steps-e--2.0-85-13.root,1,0.0006371317228812678,0.0006371317228812678,0.0012774467468261719
267,13,267,trk-e--2.0-85-13.root,gsf_material_steps-e--2.0-85-13.root,1,0.02600505668569375,0.02600505668569375,0.052173733711242676
268,13,268,trk-e--2.0-85-13.root,gsf_material_steps-e--2.0-85-13.root,2,0.06422466676915162,0.06418231137797081,0.12870502471923828
271,13,271,trk-e--2.0-85-13.root,gsf_material_steps-e--2.0-85-13.root,2,0.007623914781018426,0.007137863837788916,0.015301942825317383
272,13,272,trk-e--2.0-85-13.root,gsf_material_steps-e--2.0-85-13.root,2,0.013990452006065413,0.008627920668623168,0.028066515922546387
277,13,277,trk-e--2.0-85-13.root,gsf_material_steps-e--2.0-85-13.root,1,0.0034842525866638496,0.0034842525866638496,0.006983757019042969
281,13,281,trk-e--2.0-85-13.root,gsf_material_steps-e--2.0-85-13.root,1,0.018671153508139637,0.018671153508139637,0.03745770454406738
284,13,284,trk-e--2.0-85-13.root,gsf_material_steps-e--2.0-85-13.root,1,0.00019317594681456107,0.00019317594681456107,0.0003876686096191406
285,13,285,trk-e--2.0-85-13.root,gsf_material_steps-e--2.0-85-13.root,2,0.004323223808568755,0.0024481383723023997,0.00866246223449707
287,13,287,trk-e--2.0-85-13.root,gsf_material_steps-e--2.0-85-13.root,1,0.00015503200303490505,0.00015503200303490505,0.0003104209899902344
290,13,290,trk-e--2.0-85-13.root,gsf_material_steps-e--2.0-85-13.root,2,0.0651717404670773,0.06355189694884844,0.13078904151916504
291,13,291,trk-e--2.0-85-13.root,gsf_material_steps-e--2.0-85-13.root,1,0.0035811901722924144,0.0035811901722924144,0.007180452346801758
293,13,293,trk-e--2.0-85-13.root,gsf_material_steps-e--2.0-85-13.root,1,0.09206559921186608,0.09206559921186608,0.184661865234375
294,13,294,trk-e--2.0-85-13.root,gsf_material_steps-e--2.0-85-13.root,1,0.0007759756788002781,0.0007759756788002781,0.0015554428100585938
296,13,296,trk-e--2.0-85-13.root,gsf_material_steps-e--2.0-85-13.root,1,4.076880214365364e-05,4.076880214365364e-05,8.177757263183594e-05
297,13,297,trk-e--2.0-85-13.root,gsf_material_steps-e--2.0-85-13.root,1,0.022148123812740894,0.022148123812740894,0.044426560401916504
298,13,298,trk-e--2.0-85-13.root,gsf_material_steps-e--2.0-85-13.root,1,0.05401777814724862,0.05401777814724862,0.10844564437866211
300,13,300,trk-e--2.0-85-13.root,gsf_material_steps-e--2.0-85-13.root,1,0.006338430631255831,0.006338430631255831,0.012721657752990723
301,13,301,trk-e--2.0-85-13.root,gsf_material_steps-e--2.0-85-13.root,1,0.0011253581171314364,0.0011253581171314364,0.002256631851196289
302,13,302,trk-e--2.0-85-13.root,gsf_material_steps-e--2.0-85-13.root,2,0.04563183857720521,0.04549732741350898,0.09153807163238525
304,13,304,trk-e--2.0-85-13.root,gsf_material_steps-e--2.0-85-13.root,2,0.019343431925829213,0.018939283075572244,0.03877878189086914
307,13,307,trk-e--2.0-85-13.root,gsf_material_steps-e--2.0-85-13.root,2,0.050939977283453786,0.0334577654856798,0.10223126411437988
308,13,308,trk-e--2.0-85-13.root,gsf_material_steps-e--2.0-85-13.root,1,0.002521745408199272,0.002521745408199272,0.005055069923400879
310,13,310,trk-e--2.0-85-13.root,gsf_material_steps-e--2.0-85-13.root,1,0.0002418552221822301,0.0002418552221822301,0.0004849433898925781
311,13,311,trk-e--2.0-85-13.root,gsf_material_steps-e--2.0-85-13.root,1,1.4263324262797639e-06,1.4263324262797639e-06,2.86102294921875e-06
314,13,314,trk-e--2.0-85-13.root,gsf_material_steps-e--2.0-85-13.root,3,0.047344773587832734,0.032244341657996944,0.09494984149932861
315,13,315,trk-e--2.0-85-13.root,gsf_material_steps-e--2.0-85-13.root,1,0.026883416452410658,0.026883416452410658,0.05396449565887451
317,13,317,trk-e--2.0-85-13.root,gsf_material_steps-e--2.0-85-13.root,1,0.0649129996157487,0.0649129996157487,0.13033616542816162
318,13,318,trk-e--2.0-85-13.root,gsf_material_steps-e--2.0-85-13.root,1,0.0074113352881715056,0.0074113352881715056,0.014868736267089844
322,13,322,trk-e--2.0-85-13.root,gsf_material_steps-e--2.0-85-13.root,1,1.6150181487706305e-05,1.6150181487706305e-05,3.24249267578125e-05
323,13,323,trk-e--2.0-85-13.root,gsf_material_steps-e--2.0-85-13.root,1,6.3036674022853845e-06,6.3036674022853845e-06,1.2636184692382812e-05
324,13,324,trk-e--2.0-85-13.root,gsf_material_steps-e--2.0-85-13.root,1,4.5668980997781716e-05,4.5668980997781716e-05,9.1552734375e-05
325,13,325,trk-e--2.0-85-13.root,gsf_material_steps-e--2.0-85-13.root,1,0.00709233388677466,0.00709233388677466,0.014225602149963379
326,13,326,trk-e--2.0-85-13.root,gsf_material_steps-e--2.0-85-13.root,1,0.09394220754071025,0.09394220754071025,0.18834936618804932
328,13,328,trk-e--2.0-85-13.root,gsf_material_steps-e--2.0-85-13.root,1,0.003278935911329106,0.003278935911329106,0.006579160690307617
329,13,329,trk-e--2.0-85-13.root,gsf_material_steps-e--2.0-85-13.root,1,0.0008375299998989449,0.0008375299998989449,0.0016794204711914062
330,13,330,trk-e--2.0-85-13.root,gsf_material_steps-e--2.0-85-13.root,1,4.003065611790646e-05,4.003065611790646e-05,8.034706115722656e-05
331,13,331,trk-e--2.0-85-13.root,gsf_material_steps-e--2.0-85-13.root,3,0.021518935469609812,0.018547253747203007,0.043161630630493164
333,13,333,trk-e--2.0-85-13.root,gsf_material_steps-e--2.0-85-13.root,1,0.0018925070273588807,0.0018925070273588807,0.003795623779296875
334,13,334,trk-e--2.0-85-13.root,gsf_material_steps-e--2.0-85-13.root,1,5.1219259987966836e-05,5.1219259987966836e-05,0.0001010894775390625
336,13,336,trk-e--2.0-85-13.root,gsf_material_steps-e--2.0-85-13.root,1,0.03936891467564951,0.03936891467564951,0.07901465892791748
338,13,338,trk-e--2.0-85-13.root,gsf_material_steps-e--2.0-85-13.root,1,0.002810395487249151,0.002810395487249151,0.005088329315185547
341,13,341,trk-e--2.0-85-13.root,gsf_material_steps-e--2.0-85-13.root,1,2.697892814973457e-05,2.697892814973457e-05,5.412101745605469e-05
343,13,343,trk-e--2.0-85-13.root,gsf_material_steps-e--2.0-85-13.root,1,0.0015418536237482572,0.0015418536237482572,0.0030927658081054688
348,13,348,trk-e--2.0-85-13.root,gsf_material_steps-e--2.0-85-13.root,1,0.05473468394568404,0.05473468394568404,0.1098337173461914
349,13,349,trk-e--2.0-85-13.root,gsf_material_steps-e--2.0-85-13.root,1,0.07444139278042705,0.07444139278042705,0.1464446783065796
353,13,353,trk-e--2.0-85-13.root,gsf_material_steps-e--2.0-85-13.root,1,0.006818638292713897,0.006818638292713897,0.013679027557373047
357,13,357,trk-e--2.0-85-13.root,gsf_material_steps-e--2.0-85-13.root,1,0.00046528349313212924,0.00046528349313212924,0.0009334087371826172
359,13,359,trk-e--2.0-85-13.root,gsf_material_steps-e--2.0-85-13.root,1,0.024739880672681847,0.024739880672681847,0.049671053886413574
360,13,360,trk-e--2.0-85-13.root,gsf_material_steps-e--2.0-85-13.root,1,0.029597014647092523,0.029597014647092523,0.05941963195800781
361,13,361,trk-e--2.0-85-13.root,gsf_material_steps-e--2.0-85-13.root,1,0.014438721373277397,0.014438721373277397,0.02898120880126953
362,13,362,trk-e--2.0-85-13.root,gsf_material_steps-e--2.0-85-13.root,1,0.004348896443010397,0.004348896443010397,0.008722543716430664
363,13,363,trk-e--2.0-85-13.root,gsf_material_steps-e--2.0-85-13.root,1,0.0004690360229164803,0.0004690360229164803,0.0009417533874511719
364,13,364,trk-e--2.0-85-13.root,gsf_material_steps-e--2.0-85-13.root,1,7.967472733128034e-06,7.967472733128034e-06,1.5974044799804688e-05
365,13,365,trk-e--2.0-85-13.root,gsf_material_steps-e--2.0-85-13.root,1,0.0028650237266462097,0.0028650237266462097,0.005747795104980469
366,13,366,trk-e--2.0-85-13.root,gsf_material_steps-e--2.0-85-13.root,1,0.00563963456247607,0.00563963456247607,0.011309027671813965
367,13,367,trk-e--2.0-85-13.root,gsf_material_steps-e--2.0-85-13.root,1,0.0033331359729220633,0.0033331359729220633,0.006637096405029297
369,13,369,trk-e--2.0-85-13.root,gsf_material_steps-e--2.0-85-13.root,1,0.0012116845145911936,0.0012116845145911936,0.0024328231811523438
370,13,370,trk-e--2.0-85-13.root,gsf_material_steps-e--2.0-85-13.root,2,0.00020579005865928313,0.00011857253401503787,0.00041294097900390625
374,13,374,trk-e--2.0-85-13.root,gsf_material_steps-e--2.0-85-13.root,1,0.0011253348191999635,0.0011253348191999635,0.0022573471069335938
375,13,375,trk-e--2.0-85-13.root,gsf_material_steps-e--2.0-85-13.root,1,0.0013951998707003588,0.0013951998707003588,0.0027990341186523438
379,13,379,trk-e--2.0-85-13.root,gsf_material_steps-e--2.0-85-13.root,1,0.001106812977480165,0.001106812977480165,0.0022208690643310547
382,13,382,trk-e--2.0-85-13.root,gsf_material_steps-e--2.0-85-13.root,1,0.09653195009509896,0.09653195009509896,0.1935967206954956
392,13,392,trk-e--2.0-85-13.root,gsf_material_steps-e--2.0-85-13.root,1,0.013599677221309725,0.013599677221309725,0.027299165725708008
393,13,393,trk-e--2.0-85-13.root,gsf_material_steps-e--2.0-85-13.root,3,0.0037479690403589005,0.0020418372913737493,0.007516384124755859
394,13,394,trk-e--2.0-85-13.root,gsf_material_steps-e--2.0-85-13.root,1,0.0015405726105796047,0.0015405726105796047,0.003091096878051758
398,13,398,trk-e--2.0-85-13.root,gsf_material_steps-e--2.0-85-13.root,1,0.003338808862583309,0.003338808862583309,0.0066967010498046875
400,13,400,trk-e--2.0-85-13.root,gsf_material_steps-e--2.0-85-13.root,1,0.000803241491856399,0.000803241491856399,0.0016112327575683594
402,13,402,trk-e--2.0-85-13.root,gsf_material_steps-e--2.0-85-13.root,2,0.005375425557185509,0.005092233402509416,0.010773301124572754
404,13,404,trk-e--2.0-85-13.root,gsf_material_steps-e--2.0-85-13.root,1,0.025507286599597556,0.025507286599597556,0.051186561584472656
406,13,406,trk-e--2.0-85-13.root,gsf_material_steps-e--2.0-85-13.root,1,0.0020640403488895176,0.0020640403488895176,0.004144191741943359
407,13,407,trk-e--2.0-85-13.root,gsf_material_steps-e--2.0-85-13.root,1,3.8047488497561233e-06,3.8047488497561233e-06,7.62939453125e-06
408,13,408,trk-e--2.0-85-13.root,gsf_material_steps-e--2.0-85-13.root,1,0.0011782555016374152,0.0011782555016374152,0.0023622512817382812
409,13,409,trk-e--2.0-85-13.root,gsf_material_steps-e--2.0-85-13.root,2,0.009731690237010593,0.009470135675187064,0.019492268562316895
413,13,413,trk-e--2.0-85-13.root,gsf_material_steps-e--2.0-85-13.root,4,0.021528430438508273,0.02066996661486542,0.043161988258361816
414,13,414,trk-e--2.0-85-13.root,gsf_material_steps-e--2.0-85-13.root,1,0.007552950475028242,0.007552950475028242,0.015160202980041504
417,13,417,trk-e--2.0-85-13.root,gsf_material_steps-e--2.0-85-13.root,2,0.0004173138027353529,0.00022146177118598231,0.0008378028869628906
418,13,418,trk-e--2.0-85-13.root,gsf_material_steps-e--2.0-85-13.root,1,9.268305318888004e-05,9.268305318888004e-05,0.00018596649169921875
421,13,421,trk-e--2.0-85-13.root,gsf_material_steps-e--2.0-85-13.root,1,0.00027419197974798415,0.00027419197974798415,0.0005505084991455078
422,13,422,trk-e--2.0-85-13.root,gsf_material_steps-e--2.0-85-13.root,2,0.024873652910887056,0.018822377748985986,0.049902915954589844
424,13,424,trk-e--2.0-85-13.root,gsf_material_steps-e--2.0-85-13.root,2,0.06378286700516078,0.06376251109515729,0.12779414653778076
425,13,425,trk-e--2.0-85-13.root,gsf_material_steps-e--2.0-85-13.root,1,0.00037073902946804793,0.00037073902946804793,0.0007429122924804688
427,13,427,trk-e--2.0-85-13.root,gsf_material_steps-e--2.0-85-13.root,1,0.0698557780766702,0.0698557780766702,0.14012253284454346
429,13,429,trk-e--2.0-85-13.root,gsf_material_steps-e--2.0-85-13.root,2,0.00010173735684637641,9.852771778429137e-05,0.0002040863037109375
430,13,430,trk-e--2.0-85-13.root,gsf_material_steps-e--2.0-85-13.root,1,0.027273062451943053,0.027273062451943053,0.05467212200164795
431,13,431,trk-e--2.0-85-13.root,gsf_material_steps-e--2.0-85-13.root,1,0.0002108369979094693,0.0002108369979094693,0.0004227161407470703
432,13,432,trk-e--2.0-85-13.root,gsf_material_steps-e--2.0-85-13.root,1,0.08542861743800856,0.08542861743800856,0.17113006114959717
433,13,433,trk-e--2.0-85-13.root,gsf_material_steps-e--2.0-85-13.root,1,0.01425879422347176,0.01425879422347176,0.028626680374145508
438,13,438,trk-e--2.0-85-13.root,gsf_material_steps-e--2.0-85-13.root,2,0.01588620506240801,0.015490131011070107,0.03187847137451172
441,13,441,trk-e--2.0-85-13.root,gsf_material_steps-e--2.0-85-13.root,2,0.001972441304561756,0.0018877976562702292,0.0039522647857666016
445,13,445,trk-e--2.0-85-13.root,gsf_material_steps-e--2.0-85-13.root,1,0.07192796513228883,0.07192796513228883,0.1442948579788208
446,13,446,trk-e--2.0-85-13.root,gsf_material_steps-e--2.0-85-13.root,1,0.00024664925501227675,0.00024664925501227675,0.0004947185516357422
448,13,448,trk-e--2.0-85-13.root,gsf_material_steps-e--2.0-85-13.root,2,0.003332174216238437,0.0027385932541498237,0.006686568260192871
449,13,449,trk-e--2.0-85-13.root,gsf_material_steps-e--2.0-85-13.root,1,0.0007440333019043122,0.0007440333019043122,0.0014934539794921875
451,13,451,trk-e--2.0-85-13.root,gsf_material_steps-e--2.0-85-13.root,1,0.008476950100381297,0.008476950100381297,0.016999006271362305
453,13,453,trk-e--2.0-85-13.root,gsf_material_steps-e--2.0-85-13.root,2,0.007867208876298215,0.006391589642344653,0.015790104866027832
455,13,455,trk-e--2.0-85-13.root,gsf_material_steps-e--2.0-85-13.root,2,0.0003062101565253217,0.00019952785932986217,0.0006144046783447266
456,13,456,trk-e--2.0-85-13.root,gsf_material_steps-e--2.0-85-13.root,1,7.821467980184682e-05,7.821467980184682e-05,0.00015687942504882812
457,13,457,trk-e--2.0-85-13.root,gsf_material_steps-e--2.0-85-13.root,2,0.003910827467732747,0.002477600178946049,0.007842183113098145
459,13,459,trk-e--2.0-85-13.root,gsf_material_steps-e--2.0-85-13.root,2,0.0204494389083808,0.014684097495313186,0.04099106788635254
460,13,460,trk-e--2.0-85-13.root,gsf_material_steps-e--2.0-85-13.root,2,0.04834660018962922,0.044681156805427835,0.0969778299331665
461,13,461,trk-e--2.0-85-13.root,gsf_material_steps-e--2.0-85-13.root,1,1.188507230165392e-05,1.188507230165392e-05,2.384185791015625e-05
462,13,462,trk-e--2.0-85-13.root,gsf_material_steps-e--2.0-85-13.root,1,0.00527579019874469,0.00527579019874469,0.010591506958007812
463,13,463,trk-e--2.0-85-13.root,gsf_material_steps-e--2.0-85-13.root,1,0.00023469383630259077,0.00023469383630259077,0.0004706382751464844
464,13,464,trk-e--2.0-85-13.root,gsf_material_steps-e--2.0-85-13.root,1,0.030924336906301253,0.030924336906301253,0.062067627906799316
468,13,468,trk-e--2.0-85-13.root,gsf_material_steps-e--2.0-85-13.root,2,0.09136332773149891,0.09128795202296769,0.18309593200683594
470,13,470,trk-e--2.0-85-13.root,gsf_material_steps-e--2.0-85-13.root,2,0.0003811577229041463,0.00027856352568644827,0.0007643699645996094
471,13,471,trk-e--2.0-85-13.root,gsf_material_steps-e--2.0-85-13.root,1,0.029699570509380546,0.029699570509380546,0.05957508087158203
472,13,472,trk-e--2.0-85-13.root,gsf_material_steps-e--2.0-85-13.root,1,0.0009810959360723182,0.0009810959360723182,0.0019690990447998047
474,13,474,trk-e--2.0-85-13.root,gsf_material_steps-e--2.0-85-13.root,2,0.007480066304212496,0.006139977129738239,0.014638066291809082
477,13,477,trk-e--2.0-85-13.root,gsf_material_steps-e--2.0-85-13.root,2,0.015631758255021944,0.011042871787361741,0.03135323524475098
479,13,479,trk-e--2.0-85-13.root,gsf_material_steps-e--2.0-85-13.root,1,7.684385120620973e-05,7.684385120620973e-05,0.00015354156494140625
482,13,482,trk-e--2.0-85-13.root,gsf_material_steps-e--2.0-85-13.root,2,0.0010954708601896845,0.0009392857266031784,0.0021965503692626953
485,13,485,trk-e--2.0-85-13.root,gsf_material_steps-e--2.0-85-13.root,1,0.0021068038623747176,0.0021068038623747176,0.004224538803100586
488,13,488,trk-e--2.0-85-13.root,gsf_material_steps-e--2.0-85-13.root,2,0.036015413866947954,0.033998735879496755,0.06924283504486084
489,13,489,trk-e--2.0-85-13.root,gsf_material_steps-e--2.0-85-13.root,1,0.00015004752693048573,0.00015004752693048573,0.00030112266540527344
491,13,491,trk-e--2.0-85-13.root,gsf_material_steps-e--2.0-85-13.root,2,0.0009714383987751152,0.0007512901311170772,0.0019474029541015625
497,13,497,trk-e--2.0-85-13.root,gsf_material_steps-e--2.0-85-13.root,1,0.01745628870569549,0.01745628870569549,0.03501546382904053
2,14,2,trk-e--2.0-85-14.root,gsf_material_steps-e--2.0-85-14.root,2,0.0006272902187921536,0.0005953064188291002,0.0012586116790771484
3,14,3,trk-e--2.0-85-14.root,gsf_material_steps-e--2.0-85-14.root,2,0.027031212783510505,0.02315706176115251,0.05425059795379639
4,14,4,trk-e--2.0-85-14.root,gsf_material_steps-e--2.0-85-14.root,1,0.0028686237992573416,0.0028686237992573416,0.005759000778198242
6,14,6,trk-e--2.0-85-14.root,gsf_material_steps-e--2.0-85-14.root,1,0.003057147201079413,0.003057147201079413,0.006136417388916016
8,14,8,trk-e--2.0-85-14.root,gsf_material_steps-e--2.0-85-14.root,1,0.006237195857772271,0.006237195857772271,0.012505292892456055
9,14,9,trk-e--2.0-85-14.root,gsf_material_steps-e--2.0-85-14.root,1,0.0007425715825111201,0.0007425715825111201,0.0014908313751220703
10,14,10,trk-e--2.0-85-14.root,gsf_material_steps-e--2.0-85-14.root,1,2.971997129730397e-06,2.971997129730397e-06,5.9604644775390625e-06
12,14,12,trk-e--2.0-85-14.root,gsf_material_steps-e--2.0-85-14.root,2,0.05607596130843251,0.03654161138634149,0.11252462863922119
15,14,15,trk-e--2.0-85-14.root,gsf_material_steps-e--2.0-85-14.root,1,0.00015962435069472036,0.00015962435069472036,0.0003204345703125
16,14,16,trk-e--2.0-85-14.root,gsf_material_steps-e--2.0-85-14.root,1,0.028414448393414116,0.028414448393414116,0.05697429180145264
18,14,18,trk-e--2.0-85-14.root,gsf_material_steps-e--2.0-85-14.root,1,0.0028252219961590885,0.0028252219961590885,0.005667924880981445
22,14,22,trk-e--2.0-85-14.root,gsf_material_steps-e--2.0-85-14.root,1,0.022778467692900706,0.022778467692900706,0.045704007148742676
25,14,25,trk-e--2.0-85-14.root,gsf_material_steps-e--2.0-85-14.root,1,0.02212948681080229,0.02212948681080229,0.044399380683898926
26,14,26,trk-e--2.0-85-14.root,gsf_material_steps-e--2.0-85-14.root,2,0.0001636695818751921,0.00014310440036524597,0.00032830238342285156
28,14,28,trk-e--2.0-85-14.root,gsf_material_steps-e--2.0-85-14.root,1,0.009880123943095676,0.009880123943095676,0.01982581615447998
29,14,29,trk-e--2.0-85-14.root,gsf_material_steps-e--2.0-85-14.root,1,0.0002249968396982327,0.0002249968396982327,0.00045108795166015625
30,14,30,trk-e--2.0-85-14.root,gsf_material_steps-e--2.0-85-14.root,1,0.0005882561555061727,0.0005882561555061727,0.0011785030364990234
33,14,33,trk-e--2.0-85-14.root,gsf_material_steps-e--2.0-85-14.root,1,3.9939292275747995e-05,3.9939292275747995e-05,8.0108642578125e-05
34,14,34,trk-e--2.0-85-14.root,gsf_material_steps-e--2.0-85-14.root,1,0.00048446171152283224,0.00048446171152283224,0.0009708404541015625
35,14,35,trk-e--2.0-85-14.root,gsf_material_steps-e--2.0-85-14.root,2,0.03219920429868384,0.018657736855166696,0.06458902359008789
36,14,36,trk-e--2.0-85-14.root,gsf_material_steps-e--2.0-85-14.root,2,0.00018332480604055235,0.00018189883119890116,0.0003676414489746094
37,14,37,trk-e--2.0-85-14.root,gsf_material_steps-e--2.0-85-14.root,1,0.024551488734629534,0.024551488734629534,0.04912829399108887
39,14,39,trk-e--2.0-85-14.root,gsf_material_steps-e--2.0-85-14.root,2,0.00028414955899302985,0.0002777326977344563,0.0005698204040527344
40,14,40,trk-e--2.0-85-14.root,gsf_material_steps-e--2.0-85-14.root,3,0.0004253179206563651,0.0003322553071660739,0.0008528232574462891
41,14,41,trk-e--2.0-85-14.root,gsf_material_steps-e--2.0-85-14.root,1,2.0324514752201317e-05,2.0324514752201317e-05,4.076957702636719e-05
42,14,42,trk-e--2.0-85-14.root,gsf_material_steps-e--2.0-85-14.root,1,0.0004032837803635836,0.0004032837803635836,0.0008091926574707031
43,14,43,trk-e--2.0-85-14.root,gsf_material_steps-e--2.0-85-14.root,1,6.242975908887782e-05,6.242975908887782e-05,0.0001251697540283203
44,14,44,trk-e--2.0-85-14.root,gsf_material_steps-e--2.0-85-14.root,1,0.00024109381733972146,0.00024109381733972146,0.0004837512969970703
45,14,45,trk-e--2.0-85-14.root,gsf_material_steps-e--2.0-85-14.root,1,0.0566576459621454,0.0566576459621454,0.11366796493530273
46,14,46,trk-e--2.0-85-14.root,gsf_material_steps-e--2.0-85-14.root,1,0.00130657298955128,0.00130657298955128,0.002623319625854492
47,14,47,trk-e--2.0-85-14.root,gsf_material_steps-e--2.0-85-14.root,1,0.0011627818533772594,0.0011627818533772594,0.0023326873779296875
50,14,50,trk-e--2.0-85-14.root,gsf_material_steps-e--2.0-85-14.root,2,0.06360707353361783,0.06268325397062413,0.1275850534439087
51,14,51,trk-e--2.0-85-14.root,gsf_material_steps-e--2.0-85-14.root,3,0.013391982013506776,0.008586874004517409,0.026876449584960938
55,14,55,trk-e--2.0-85-14.root,gsf_material_steps-e--2.0-85-14.root,3,0.08208832897794327,0.06034109828345291,0.1646970510482788
56,14,56,trk-e--2.0-85-14.root,gsf_material_steps-e--2.0-85-14.root,2,0.0819971005232677,0.04529851794444373,0.16451382637023926
58,14,58,trk-e--2.0-85-14.root,gsf_material_steps-e--2.0-85-14.root,1,0.0003131255068942185,0.0003131255068942185,0.0006270408630371094
59,14,59,trk-e--2.0-85-14.root,gsf_material_steps-e--2.0-85-14.root,2,0.0032452260988105053,0.002910248708769325,0.006515026092529297
61,14,61,trk-e--2.0-85-14.root,gsf_material_steps-e--2.0-85-14.root,3,0.03461290104518433,0.019334072950522252,0.06940722465515137
62,14,62,trk-e--2.0-85-14.root,gsf_material_steps-e--2.0-85-14.root,1,0.00041630213011289996,0.00041630213011289996,0.0008356571197509766
63,14,63,trk-e--2.0-85-14.root,gsf_material_steps-e--2.0-85-14.root,3,0.006717570492036473,0.003558746813664304,0.013452768325805664
65,14,65,trk-e--2.0-85-14.root,gsf_material_steps-e--2.0-85-14.root,1,0.002677627319264908,0.002677627319264908,0.005369663238525391
68,14,68,trk-e--2.0-85-14.root,gsf_material_steps-e--2.0-85-14.root,1,0.07799163520823371,0.07799163520823371,0.15655910968780518
69,14,69,trk-e--2.0-85-14.root,gsf_material_steps-e--2.0-85-14.root,1,0.02503884947322199,0.02503884947322199,0.05022859573364258
71,14,71,trk-e--2.0-85-14.root,gsf_material_steps-e--2.0-85-14.root,1,4.080832366071263e-05,4.080832366071263e-05,8.177757263183594e-05
76,14,76,trk-e--2.0-85-14.root,gsf_material_steps-e--2.0-85-14.root,1,0.0006824347347373916,0.0006824347347373916,0.0013666152954101562
78,14,78,trk-e--2.0-85-14.root,gsf_material_steps-e--2.0-85-14.root,1,0.00021570611324905897,0.00021570611324905897,0.0004329681396484375
79,14,79,trk-e--2.0-85-14.root,gsf_material_steps-e--2.0-85-14.root,1,7.490307185831213e-06,7.490307185831213e-06,1.5020370483398438e-05
80,14,80,trk-e--2.0-85-14.root,gsf_material_steps-e--2.0-85-14.root,1,9.181583171347096e-05,9.181583171347096e-05,0.00018405914306640625
84,14,84,trk-e--2.0-85-14.root,gsf_material_steps-e--2.0-85-14.root,1,5.470372344440477e-06,5.470372344440477e-06,1.0967254638671875e-05
89,14,89,trk-e--2.0-85-14.root,gsf_material_steps-e--2.0-85-14.root,1,0.05837583772394239,0.05837583772394239,0.11716556549072266
93,14,93,trk-e--2.0-85-14.root,gsf_material_steps-e--2.0-85-14.root,4,0.06119554931565929,0.058046595555029556,0.12271881103515625
94,14,94,trk-e--2.0-85-14.root,gsf_material_steps-e--2.0-85-14.root,3,0.0003384204591343476,0.00018197710206757645,0.0006778240203857422
96,14,96,trk-e--2.0-85-14.root,gsf_material_steps-e--2.0-85-14.root,1,0.0034104487125212746,0.0034104487125212746,0.006837725639343262
97,14,97,trk-e--2.0-85-14.root,gsf_material_steps-e--2.0-85-14.root,1,0.0038499043886103257,0.0038499043886103257,0.007718563079833984
99,14,99,trk-e--2.0-85-14.root,gsf_material_steps-e--2.0-85-14.root,2,0.01864048789314865,0.018626519737649727,0.03739762306213379
101,14,101,trk-e--2.0-85-14.root,gsf_material_steps-e--2.0-85-14.root,1,0.03047333068887037,0.03047333068887037,0.059288978576660156
102,14,102,trk-e--2.0-85-14.root,gsf_material_steps-e--2.0-85-14.root,2,0.007404792308670194,0.007401700008573653,0.014846444129943848
104,14,104,trk-e--2.0-85-14.root,gsf_material_steps-e--2.0-85-14.root,1,3.954129250871574e-05,3.954129250871574e-05,7.939338684082031e-05
107,14,107,trk-e--2.0-85-14.root,gsf_material_steps-e--2.0-85-14.root,2,0.0279449324214861,0.021119783516339474,0.0560683012008667
108,14,108,trk-e--2.0-85-14.root,gsf_material_steps-e--2.0-85-14.root,1,0.0016436682552332105,0.0016436682552332105,0.0032999515533447266
109,14,109,trk-e--2.0-85-14.root,gsf_material_steps-e--2.0-85-14.root,2,0.07362196619362849,0.06934897287417663,0.14775943756103516
110,14,110,trk-e--2.0-85-14.root,gsf_material_steps-e--2.0-85-14.root,1,0.030874050815189236,0.030874050815189236,0.06195485591888428
112,14,112,trk-e--2.0-85-14.root,gsf_material_steps-e--2.0-85-14.root,2,0.0009514442762196262,0.0009036627520625506,0.0019085407257080078
115,14,115,trk-e--2.0-85-14.root,gsf_material_steps-e--2.0-85-14.root,1,0.04254993844447308,0.04254993844447308,0.0853281021118164
116,14,116,trk-e--2.0-85-14.root,gsf_material_steps-e--2.0-85-14.root,1,0.029168836463225323,0.029168836463225323,0.05854630470275879
118,14,118,trk-e--2.0-85-14.root,gsf_material_steps-e--2.0-85-14.root,2,0.00447681590010196,0.004183956019789048,0.00897216796875
120,14,120,trk-e--2.0-85-14.root,gsf_material_steps-e--2.0-85-14.root,2,0.033618407187849364,0.033615316487654257,0.06749510765075684
121,14,121,trk-e--2.0-85-14.root,gsf_material_steps-e--2.0-85-14.root,3,0.000587392056570879,0.00032928247413333,0.001178741455078125
125,14,125,trk-e--2.0-85-14.root,gsf_material_steps-e--2.0-85-14.root,1,0.0022799336833011496,0.0022799336833011496,0.00457310676574707
127,14,127,trk-e--2.0-85-14.root,gsf_material_steps-e--2.0-85-14.root,2,0.0005787478673933144,0.0005615219742741706,0.0011603832244873047
132,14,132,trk-e--2.0-85-14.root,gsf_material_steps-e--2.0-85-14.root,3,0.025190340883788354,0.020276871393955287,0.05054068565368652
133,14,133,trk-e--2.0-85-14.root,gsf_material_steps-e--2.0-85-14.root,1,0.025560128186831732,0.025560128186831732,0.0512843132019043
134,14,134,trk-e--2.0-85-14.root,gsf_material_steps-e--2.0-85-14.root,1,0.0001987417932833857,0.0001987417932833857,0.0003986358642578125
136,14,136,trk-e--2.0-85-14.root,gsf_material_steps-e--2.0-85-14.root,1,0.0001511085592308392,0.0001511085592308392,0.00027382373809814453
137,14,137,trk-e--2.0-85-14.root,gsf_material_steps-e--2.0-85-14.root,1,0.0004813947977767574,0.0004813947977767574,0.0009663105010986328
138,14,138,trk-e--2.0-85-14.root,gsf_material_steps-e--2.0-85-14.root,1,1.7252048502336415e-05,1.7252048502336415e-05,3.457069396972656e-05
139,14,139,trk-e--2.0-85-14.root,gsf_material_steps-e--2.0-85-14.root,1,0.019722450989104523,0.019722450989104523,0.039578914642333984
140,14,140,trk-e--2.0-85-14.root,gsf_material_steps-e--2.0-85-14.root,1,0.0002232009415799041,0.0002232009415799041,0.0004477500915527344
141,14,141,trk-e--2.0-85-14.root,gsf_material_steps-e--2.0-85-14.root,2,0.04355093883342864,0.039354016337703746,0.0871812105178833
142,14,142,trk-e--2.0-85-14.root,gsf_material_steps-e--2.0-85-14.root,1,0.00039862962605408114,0.00039862962605408114,0.0008003711700439453
146,14,146,trk-e--2.0-85-14.root,gsf_material_steps-e--2.0-85-14.root,1,0.0010679995376996487,0.0010679995376996487,0.0021414756774902344
148,14,148,trk-e--2.0-85-14.root,gsf_material_steps-e--2.0-85-14.root,1,0.001492308191725522,0.001492308191725522,0.0029921531677246094
151,14,151,trk-e--2.0-85-14.root,gsf_material_steps-e--2.0-85-14.root,1,0.010875132534438725,0.010875132534438725,0.021818161010742188
152,14,152,trk-e--2.0-85-14.root,gsf_material_steps-e--2.0-85-14.root,1,9.151239202531691e-06,9.151239202531691e-06,1.8358230590820312e-05
153,14,153,trk-e--2.0-85-14.root,gsf_material_steps-e--2.0-85-14.root,1,0.004413444104737874,0.004413444104737874,0.008849263191223145
154,14,154,trk-e--2.0-85-14.root,gsf_material_steps-e--2.0-85-14.root,1,0.0003344377935609044,0.0003344377935609044,0.00067138671875
155,14,155,trk-e--2.0-85-14.root,gsf_material_steps-e--2.0-85-14.root,1,0.0033708061449564397,0.0033708061449564397,0.00676274299621582
157,14,157,trk-e--2.0-85-14.root,gsf_material_steps-e--2.0-85-14.root,1,0.00026455687013837714,0.00026455687013837714,0.0004900693893432617
162,14,162,trk-e--2.0-85-14.root,gsf_material_steps-e--2.0-85-14.root,1,0.002962472333404742,0.002962472333404742,0.005891680717468262
163,14,163,trk-e--2.0-85-14.root,gsf_material_steps-e--2.0-85-14.root,1,0.0012137598597929955,0.0012137598597929955,0.0024344921112060547
165,14,165,trk-e--2.0-85-14.root,gsf_material_steps-e--2.0-85-14.root,1,0.0005462446334850712,0.0005462446334850712,0.0010962486267089844
170,14,170,trk-e--2.0-85-14.root,gsf_material_steps-e--2.0-85-14.root,1,0.04848191320768125,0.04848191320768125,0.09729135036468506
171,14,171,trk-e--2.0-85-14.root,gsf_material_steps-e--2.0-85-14.root,2,0.09954327724335255,0.09825867313877701,0.19956588745117188
173,14,173,trk-e--2.0-85-14.root,gsf_material_steps-e--2.0-85-14.root,1,0.0005979868528437349,0.0005979868528437349,0.001199960708618164
174,14,174,trk-e--2.0-85-14.root,gsf_material_steps-e--2.0-85-14.root,2,0.0030670879680917418,0.002950704155849526,0.006149649620056152
176,14,176,trk-e--2.0-85-14.root,gsf_material_steps-e--2.0-85-14.root,1,0.0013378633019545116,0.0013378633019545116,0.002684354782104492
177,14,177,trk-e--2.0-85-14.root,gsf_material_steps-e--2.0-85-14.root,1,0.0015073270862920873,0.0015073270862920873,0.0030226707458496094
179,14,179,trk-e--2.0-85-14.root,gsf_material_steps-e--2.0-85-14.root,2,0.034678069928962274,0.034258897874373306,0.06960916519165039
184,14,184,trk-e--2.0-85-14.root,gsf_material_steps-e--2.0-85-14.root,2,0.001706148978021016,0.001265441469618489,0.0034246444702148438
185,14,185,trk-e--2.0-85-14.root,gsf_material_steps-e--2.0-85-14.root,2,0.01749880041558627,0.01662912650158188,0.03510439395904541
186,14,186,trk-e--2.0-85-14.root,gsf_material_steps-e--2.0-85-14.root,2,0.0004951311526443236,0.0004857325566999249,0.000993490219116211
191,14,191,trk-e--2.0-85-14.root,gsf_material_steps-e--2.0-85-14.root,1,0.0013129867570095266,0.0013129867570095266,0.002631664276123047
194,14,194,trk-e--2.0-85-14.root,gsf_material_steps-e--2.0-85-14.root,1,1.390603372108945e-05,1.390603372108945e-05,2.7894973754882812e-05
197,14,197,trk-e--2.0-85-14.root,gsf_material_steps-e--2.0-85-14.root,1,0.0001269608346033957,0.0001269608346033957,0.00025463104248046875
198,14,198,trk-e--2.0-85-14.root,gsf_material_steps-e--2.0-85-14.root,1,0.0013668354989353482,0.0013668354989353482,0.002742290496826172
200,14,200,trk-e--2.0-85-14.root,gsf_material_steps-e--2.0-85-14.root,1,0.0010089112568268943,0.0010089112568268943,0.0020232200622558594
204,14,204,trk-e--2.0-85-14.root,gsf_material_steps-e--2.0-85-14.root,1,0.0013924004163420323,0.0013924004163420323,0.0027942657470703125
206,14,206,trk-e--2.0-85-14.root,gsf_material_steps-e--2.0-85-14.root,2,0.004464834891910074,0.0035917671858615163,0.008955836296081543
207,14,207,trk-e--2.0-85-14.root,gsf_material_steps-e--2.0-85-14.root,1,9.511004767515097e-05,9.511004767515097e-05,0.00019073486328125
209,14,209,trk-e--2.0-85-14.root,gsf_material_steps-e--2.0-85-14.root,2,0.08636728916923886,0.0537709341902719,0.1731044054031372
211,14,211,trk-e--2.0-85-14.root,gsf_material_steps-e--2.0-85-14.root,5,0.07042100530621898,0.06426723845341287,0.14115726947784424
212,14,212,trk-e--2.0-85-14.root,gsf_material_steps-e--2.0-85-14.root,1,0.0005648925016226158,0.0005648925016226158,0.001132965087890625
216,14,216,trk-e--2.0-85-14.root,gsf_material_steps-e--2.0-85-14.root,1,0.003945946564288594,0.003945946564288594,0.007525086402893066
219,14,219,trk-e--2.0-85-14.root,gsf_material_steps-e--2.0-85-14.root,1,0.018887705036008784,0.018887705036008784,0.03791999816894531
222,14,222,trk-e--2.0-85-14.root,gsf_material_steps-e--2.0-85-14.root,2,0.04325574693138412,0.04313014814681182,0.03785979747772217
227,14,227,trk-e--2.0-85-14.root,gsf_material_steps-e--2.0-85-14.root,2,0.026732160186553888,0.02667874963718997,0.05362594127655029
229,14,229,trk-e--2.0-85-14.root,gsf_material_steps-e--2.0-85-14.root,2,9.936597192805596e-05,5.836546504733864e-05,0.00019931793212890625
230,14,230,trk-e--2.0-85-14.root,gsf_material_steps-e--2.0-85-14.root,1,0.005486267362530994,0.005486267362530994,0.011003613471984863
233,14,233,trk-e--2.0-85-14.root,gsf_material_steps-e--2.0-85-14.root,3,0.029907538864480054,0.018254834972223022,0.05926644802093506
234,14,234,trk-e--2.0-85-14.root,gsf_material_steps-e--2.0-85-14.root,2,0.003397368183750249,0.0031726467742994036,0.006812095642089844
235,14,235,trk-e--2.0-85-14.root,gsf_material_steps-e--2.0-85-14.root,1,0.0697442461689477,0.0697442461689477,0.13985657691955566
239,14,239,trk-e--2.0-85-14.root,gsf_material_steps-e--2.0-85-14.root,1,0.0624570150233571,0.0624570150233571,0.12525296211242676
248,14,248,trk-e--2.0-85-14.root,gsf_material_steps-e--2.0-85-14.root,1,2.6164028718023147e-06,2.6164028718023147e-06,5.245208740234375e-06
249,14,249,trk-e--2.0-85-14.root,gsf_material_steps-e--2.0-85-14.root,2,0.016095615349780212,0.015894824578171485,0.03226768970489502
250,14,250,trk-e--2.0-85-14.root,gsf_material_steps-e--2.0-85-14.root,1,0.0006006670828850869,0.0006006670828850869,0.0012044906616210938
252,14,252,trk-e--2.0-85-14.root,gsf_material_steps-e--2.0-85-14.root,1,0.0029153292511039375,0.0029153292511039375,0.005849123001098633
253,14,253,trk-e--2.0-85-14.root,gsf_material_steps-e--2.0-85-14.root,1,3.636317897881547e-05,3.636317897881547e-05,7.271766662597656e-05
254,14,254,trk-e--2.0-85-14.root,gsf_material_steps-e--2.0-85-14.root,1,0.016606601563154633,0.016606601563154633,0.03331124782562256
255,14,255,trk-e--2.0-85-14.root,gsf_material_steps-e--2.0-85-14.root,1,0.00024401263210871438,0.00024401263210871438,0.0004897117614746094
258,14,258,trk-e--2.0-85-14.root,gsf_material_steps-e--2.0-85-14.root,1,0.010738004886627017,0.010738004886627017,0.021520018577575684
261,14,261,trk-e--2.0-85-14.root,gsf_material_steps-e--2.0-85-14.root,1,4.742412140579244e-05,4.742412140579244e-05,9.512901306152344e-05
265,14,265,trk-e--2.0-85-14.root,gsf_material_steps-e--2.0-85-14.root,1,0.0008606165729314608,0.0008606165729314608,0.0017278194427490234
266,14,266,trk-e--2.0-85-14.root,gsf_material_steps-e--2.0-85-14.root,1,0.07240278099415565,0.07240278099415565,0.1452805995941162
270,14,270,trk-e--2.0-85-14.root,gsf_material_steps-e--2.0-85-14.root,1,9.221168904360866e-05,9.221168904360866e-05,0.0001850128173828125
272,14,272,trk-e--2.0-85-14.root,gsf_material_steps-e--2.0-85-14.root,1,5.777013003749332e-05,5.777013003749332e-05,0.00011587142944335938
275,14,275,trk-e--2.0-85-14.root,gsf_material_steps-e--2.0-85-14.root,2,0.09617527233615575,0.09610875810566422,0.19289088249206543
280,14,280,trk-e--2.0-85-14.root,gsf_material_steps-e--2.0-85-14.root,1,0.00014675718316992103,0.00014675718316992103,0.0002944469451904297
282,14,282,trk-e--2.0-85-14.root,gsf_material_steps-e--2.0-85-14.root,1,0.006225123478801886,0.006225123478801886,0.012490630149841309
283,14,283,trk-e--2.0-85-14.root,gsf_material_steps-e--2.0-85-14.root,1,0.011633308600732306,0.011633308600732306,0.02330338954925537
287,14,287,trk-e--2.0-85-14.root,gsf_material_steps-e--2.0-85-14.root,2,0.004035811116594901,0.003932005764818891,0.008068680763244629
288,14,288,trk-e--2.0-85-14.root,gsf_material_steps-e--2.0-85-14.root,1,0.0001758413485402066,0.0001758413485402066,0.00035262107849121094
289,14,289,trk-e--2.0-85-14.root,gsf_material_steps-e--2.0-85-14.root,2,0.0128095630585644,0.012726212290221084,0.02567887306213379
291,14,291,trk-e--2.0-85-14.root,gsf_material_steps-e--2.0-85-14.root,1,0.0581335421324245,0.0581335421324245,0.11652815341949463
299,14,299,trk-e--2.0-85-14.root,gsf_material_steps-e--2.0-85-14.root,1,0.00018497448457677201,0.00018497448457677201,0.00037097930908203125
305,14,305,trk-e--2.0-85-14.root,gsf_material_steps-e--2.0-85-14.root,1,0.006353474347193799,0.006353474347193799,0.012734770774841309
306,14,306,trk-e--2.0-85-14.root,gsf_material_steps-e--2.0-85-14.root,1,0.0006764028877777051,0.0006764028877777051,0.001355886459350586
310,14,310,trk-e--2.0-85-14.root,gsf_material_steps-e--2.0-85-14.root,3,0.06385277079561968,0.062037072860379294,0.1277092695236206
311,14,311,trk-e--2.0-85-14.root,gsf_material_steps-e--2.0-85-14.root,1,0.006746675705749272,0.006746675705749272,0.013529181480407715
313,14,313,trk-e--2.0-85-14.root,gsf_material_steps-e--2.0-85-14.root,1,0.00027235694635574514,0.00027235694635574514,0.0005464553833007812
314,14,314,trk-e--2.0-85-14.root,gsf_material_steps-e--2.0-85-14.root,1,2.3776966349142725e-06,2.3776966349142725e-06,4.76837158203125e-06
315,14,315,trk-e--2.0-85-14.root,gsf_material_steps-e--2.0-85-14.root,1,0.0006095725350313552,0.0006095725350313552,0.001222848892211914
316,14,316,trk-e--2.0-85-14.root,gsf_material_steps-e--2.0-85-14.root,2,0.03343998238373347,0.033381728325214355,0.06707763671875
319,14,319,trk-e--2.0-85-14.root,gsf_material_steps-e--2.0-85-14.root,3,0.00868710372786008,0.007436597608847517,0.01742267608642578
321,14,321,trk-e--2.0-85-14.root,gsf_material_steps-e--2.0-85-14.root,2,0.011851731551593025,0.009844168408050136,0.02377760410308838
329,14,329,trk-e--2.0-85-14.root,gsf_material_steps-e--2.0-85-14.root,1,0.023466585715461452,0.023466585715461452,0.04710817337036133
330,14,330,trk-e--2.0-85-14.root,gsf_material_steps-e--2.0-85-14.root,1,0.0025531396095381798,0.0025531396095381798,0.005122661590576172
331,14,331,trk-e--2.0-85-14.root,gsf_material_steps-e--2.0-85-14.root,1,0.07175864183803038,0.07175864183803038,0.14355194568634033
334,14,334,trk-e--2.0-85-14.root,gsf_material_steps-e--2.0-85-14.root,1,0.0004855377666213023,0.0004855377666213023,0.0009748935699462891
337,14,337,trk-e--2.0-85-14.root,gsf_material_steps-e--2.0-85-14.root,1,0.00019907936194762943,0.00019907936194762943,0.0003993511199951172
342,14,342,trk-e--2.0-85-14.root,gsf_material_steps-e--2.0-85-14.root,1,0.00048319322987577795,0.00048319322987577795,0.0009694099426269531
343,14,343,trk-e--2.0-85-14.root,gsf_material_steps-e--2.0-85-14.root,1,0.0007730781102345263,0.0007730781102345263,0.0015513896942138672
344,14,344,trk-e--2.0-85-14.root,gsf_material_steps-e--2.0-85-14.root,1,0.07792082592773275,0.07792082592773275,0.15628647804260254
346,14,346,trk-e--2.0-85-14.root,gsf_material_steps-e--2.0-85-14.root,1,0.0003314131563896261,0.0003314131563896261,0.0006651878356933594
347,14,347,trk-e--2.0-85-14.root,gsf_material_steps-e--2.0-85-14.root,1,0.0003711395309097254,0.0003711395309097254,0.0007410049438476562
348,14,348,trk-e--2.0-85-14.root,gsf_material_steps-e--2.0-85-14.root,2,0.008293017828905125,0.00644271911429517,0.016639351844787598
349,14,349,trk-e--2.0-85-14.root,gsf_material_steps-e--2.0-85-14.root,1,0.01525771091139605,0.01525771091139605,0.030611395835876465
350,14,350,trk-e--2.0-85-14.root,gsf_material_steps-e--2.0-85-14.root,1,0.0030357051066297602,0.0030357051066297602,0.006040453910827637
351,14,351,trk-e--2.0-85-14.root,gsf_material_steps-e--2.0-85-14.root,1,0.017780192079670964,0.017780192079670964,0.03565526008605957
352,14,352,trk-e--2.0-85-14.root,gsf_material_steps-e--2.0-85-14.root,2,0.013776367129512801,0.01364755089793157,0.027620553970336914
355,14,355,trk-e--2.0-85-14.root,gsf_material_steps-e--2.0-85-14.root,2,0.07977228171580242,0.07922285846546906,0.14823698997497559
357,14,357,trk-e--2.0-85-14.root,gsf_material_steps-e--2.0-85-14.root,1,3.7557672123211816e-05,3.7557672123211816e-05,7.534027099609375e-05
359,14,359,trk-e--2.0-85-14.root,gsf_material_steps-e--2.0-85-14.root,3,0.0020482401028557584,0.0009536300370133199,0.0041081905364990234
363,14,363,trk-e--2.0-85-14.root,gsf_material_steps-e--2.0-85-14.root,1,0.00028154480904429846,0.00028154480904429846,0.0005650520324707031
364,14,364,trk-e--2.0-85-14.root,gsf_material_steps-e--2.0-85-14.root,2,0.0019654139140368176,0.0018709145045309183,0.003943681716918945
366,14,366,trk-e--2.0-85-14.root,gsf_material_steps-e--2.0-85-14.root,4,0.08100800283386622,0.059558242104560954,0.16237330436706543
367,14,367,trk-e--2.0-85-14.root,gsf_material_steps-e--2.0-85-14.root,1,7.782615924323277e-05,7.782615924323277e-05,0.0001556873321533203
368,14,368,trk-e--2.0-85-14.root,gsf_material_steps-e--2.0-85-14.root,1,0.07034268054288484,0.07034268054288484,0.14066100120544434
372,14,372,trk-e--2.0-85-14.root,gsf_material_steps-e--2.0-85-14.root,1,0.00014160238976324013,0.00014160238976324013,0.00028395652770996094
374,14,374,trk-e--2.0-85-14.root,gsf_material_steps-e--2.0-85-14.root,1,0.002856319174483146,0.002856319174483146,0.005728363990783691
376,14,376,trk-e--2.0-85-14.root,gsf_material_steps-e--2.0-85-14.root,1,0.00014731902540865427,0.00014731902540865427,0.0002956390380859375
377,14,377,trk-e--2.0-85-14.root,gsf_material_steps-e--2.0-85-14.root,2,0.07461602972502623,0.07261087250563003,0.14961791038513184
386,14,386,trk-e--2.0-85-14.root,gsf_material_steps-e--2.0-85-14.root,1,0.0002593656138277778,0.0002593656138277778,0.0005199909210205078
392,14,392,trk-e--2.0-85-14.root,gsf_material_steps-e--2.0-85-14.root,3,0.017657383708668872,0.013859924633211063,0.03536069393157959
394,14,394,trk-e--2.0-85-14.root,gsf_material_steps-e--2.0-85-14.root,1,0.0007107178725591634,0.0007107178725591634,0.00142669677734375
395,14,395,trk-e--2.0-85-14.root,gsf_material_steps-e--2.0-85-14.root,1,0.022928058705112275,0.022928058705112275,0.04598367214202881
396,14,396,trk-e--2.0-85-14.root,gsf_material_steps-e--2.0-85-14.root,1,0.0003686367116084721,0.0003686367116084721,0.00074005126953125
402,14,402,trk-e--2.0-85-14.root,gsf_material_steps-e--2.0-85-14.root,1,0.007404144371215726,0.007404144371215726,0.014849305152893066
404,14,404,trk-e--2.0-85-14.root,gsf_material_steps-e--2.0-85-14.root,1,2.259416176375595e-05,2.259416176375595e-05,4.5299530029296875e-05
405,14,405,trk-e--2.0-85-14.root,gsf_material_steps-e--2.0-85-14.root,1,0.0017878434490532502,0.0017878434490532502,0.0035860538482666016
407,14,407,trk-e--2.0-85-14.root,gsf_material_steps-e--2.0-85-14.root,1,0.00027381829992823015,0.00027381829992823015,0.00054931640625
408,14,408,trk-e--2.0-85-14.root,gsf_material_steps-e--2.0-85-14.root,2,0.001391566114730236,0.0013570948901848734,0.0027923583984375
414,14,414,trk-e--2.0-85-14.root,gsf_material_steps-e--2.0-85-14.root,1,0.035264944108554186,0.035264944108554186,0.07071244716644287
415,14,415,trk-e--2.0-85-14.root,gsf_material_steps-e--2.0-85-14.root,1,0.0003453139271027972,0.0003453139271027972,0.0006923675537109375
418,14,418,trk-e--2.0-85-14.root,gsf_material_steps-e--2.0-85-14.root,2,0.003337110372466756,0.0018412431559289288,0.006679415702819824
420,14,420,trk-e--2.0-85-14.root,gsf_material_steps-e--2.0-85-14.root,1,0.000616345198949042,0.000616345198949042,0.0012364387512207031
421,14,421,trk-e--2.0-85-14.root,gsf_material_steps-e--2.0-85-14.root,2,0.0008955559013705816,0.0008136204434492367,0.0017969608306884766
422,14,422,trk-e--2.0-85-14.root,gsf_material_steps-e--2.0-85-14.root,1,0.0033809185714549495,0.0033809185714549495,0.006772160530090332
424,14,424,trk-e--2.0-85-14.root,gsf_material_steps-e--2.0-85-14.root,1,0.013490538187001855,0.013490538187001855,0.027084946632385254
427,14,427,trk-e--2.0-85-14.root,gsf_material_steps-e--2.0-85-14.root,1,0.04039173631220916,0.04039173631220916,0.08090043067932129
428,14,428,trk-e--2.0-85-14.root,gsf_material_steps-e--2.0-85-14.root,1,7.368042517885698e-05,7.368042517885698e-05,0.00014781951904296875
429,14,429,trk-e--2.0-85-14.root,gsf_material_steps-e--2.0-85-14.root,1,9.07333430290036e-05,9.07333430290036e-05,0.0001819133758544922
432,14,432,trk-e--2.0-85-14.root,gsf_material_steps-e--2.0-85-14.root,1,0.008879471333833822,0.008879471333833822,0.017804861068725586
433,14,433,trk-e--2.0-85-14.root,gsf_material_steps-e--2.0-85-14.root,1,0.04504638098999658,0.04504638098999658,0.09038639068603516
436,14,436,trk-e--2.0-85-14.root,gsf_material_steps-e--2.0-85-14.root,1,0.006762770635632687,0.006762770635632687,0.013564825057983398
437,14,437,trk-e--2.0-85-14.root,gsf_material_steps-e--2.0-85-14.root,1,0.0002930134189447209,0.0002930134189447209,0.0005877017974853516
438,14,438,trk-e--2.0-85-14.root,gsf_material_steps-e--2.0-85-14.root,1,0.0018186104149112703,0.0018186104149112703,0.003651142120361328
439,14,439,trk-e--2.0-85-14.root,gsf_material_steps-e--2.0-85-14.root,1,0.0031968868575493747,0.0031968868575493747,0.006411075592041016
441,14,441,trk-e--2.0-85-14.root,gsf_material_steps-e--2.0-85-14.root,1,0.00020224581928318663,0.00020224581928318663,0.00040602684020996094
442,14,442,trk-e--2.0-85-14.root,gsf_material_steps-e--2.0-85-14.root,2,0.0013654282329095269,0.0013127468011527865,0.00273895263671875
445,14,445,trk-e--2.0-85-14.root,gsf_material_steps-e--2.0-85-14.root,2,0.0030216101895959024,0.0028450413186313916,0.006062626838684082
447,14,447,trk-e--2.0-85-14.root,gsf_material_steps-e--2.0-85-14.root,1,0.0232758729224376,0.0232758729224376,0.046722412109375
461,14,461,trk-e--2.0-85-14.root,gsf_material_steps-e--2.0-85-14.root,1,0.060289437370707355,0.060289437370707355,0.12104189395904541
469,14,469,trk-e--2.0-85-14.root,gsf_material_steps-e--2.0-85-14.root,1,0.02300589527216801,0.02300589527216801,0.046187520027160645
472,14,472,trk-e--2.0-85-14.root,gsf_material_steps-e--2.0-85-14.root,2,0.051634539737380636,0.051367285990870815,0.10365557670593262
474,14,474,trk-e--2.0-85-14.root,gsf_material_steps-e--2.0-85-14.root,2,0.0025981004712599676,0.0017848478979798355,0.005209922790527344
475,14,475,trk-e--2.0-85-14.root,gsf_material_steps-e--2.0-85-14.root,1,6.045828568335132e-05,6.045828568335132e-05,0.00012135505676269531
479,14,479,trk-e--2.0-85-14.root,gsf_material_steps-e--2.0-85-14.root,1,4.739710314605183e-05,4.739710314605183e-05,9.512901306152344e-05
485,14,485,trk-e--2.0-85-14.root,gsf_material_steps-e--2.0-85-14.root,1,4.041714775970817e-06,4.041714775970817e-06,8.106231689453125e-06
486,14,486,trk-e--2.0-85-14.root,gsf_material_steps-e--2.0-85-14.root,1,0.00041970287414427876,0.00041970287414427876,0.0008416175842285156
488,14,488,trk-e--2.0-85-14.root,gsf_material_steps-e--2.0-85-14.root,2,0.0037357301689256994,0.0032494593941791994,0.007496833801269531
495,14,495,trk-e--2.0-85-14.root,gsf_material_steps-e--2.0-85-14.root,1,0.028168487544293574,0.028168487544293574,0.056498169898986816
499,14,499,trk-e--2.0-85-14.root,gsf_material_steps-e--2.0-85-14.root,3,0.030402220743714903,0.0166174329765586,0.06099963188171387
0,15,0,trk-e--2.0-85-15.root,gsf_material_steps-e--2.0-85-15.root,1,0.00018595409311827904,0.00018595409311827904,0.00037288665771484375
5,15,5,trk-e--2.0-85-15.root,gsf_material_steps-e--2.0-85-15.root,1,0.07284156125237873,0.07284156125237873,0.14610254764556885
6,15,6,trk-e--2.0-85-15.root,gsf_material_steps-e--2.0-85-15.root,1,0.0003759136228220772,0.0003759136228220772,0.0007541179656982422
8,15,8,trk-e--2.0-85-15.root,gsf_material_steps-e--2.0-85-15.root,3,0.0014858967775687182,0.0013467729481224655,0.0029821395874023438
12,15,12,trk-e--2.0-85-15.root,gsf_material_steps-e--2.0-85-15.root,1,7.53173694565401e-05,7.53173694565401e-05,0.00015115737915039062
14,15,14,trk-e--2.0-85-15.root,gsf_material_steps-e--2.0-85-15.root,2,0.0008904889899362667,0.0006966004803108383,0.0017862319946289062
15,15,15,trk-e--2.0-85-15.root,gsf_material_steps-e--2.0-85-15.root,5,0.07321811288326763,0.05455831518546006,0.03179103136062622
16,15,16,trk-e--2.0-85-15.root,gsf_material_steps-e--2.0-85-15.root,1,8.80808118269849e-05,8.80808118269849e-05,0.0001766681671142578
18,15,18,trk-e--2.0-85-15.root,gsf_material_steps-e--2.0-85-15.root,1,0.0029223730177743157,0.0029223730177743157,0.005860567092895508
20,15,20,trk-e--2.0-85-15.root,gsf_material_steps-e--2.0-85-15.root,1,0.0003955755552882412,0.0003955755552882412,0.0007920265197753906
21,15,21,trk-e--2.0-85-15.root,gsf_material_steps-e--2.0-85-15.root,1,0.09486988032436938,0.09486988032436938,0.19041979312896729
22,15,22,trk-e--2.0-85-15.root,gsf_material_steps-e--2.0-85-15.root,1,2.8750065935057023e-05,2.8750065935057023e-05,5.7697296142578125e-05
23,15,23,trk-e--2.0-85-15.root,gsf_material_steps-e--2.0-85-15.root,3,0.0687859648116197,0.0464774239278134,0.13799595832824707
26,15,26,trk-e--2.0-85-15.root,gsf_material_steps-e--2.0-85-15.root,1,0.011913088883786838,0.011913088883786838,0.02390110492706299
29,15,29,trk-e--2.0-85-15.root,gsf_material_steps-e--2.0-85-15.root,2,0.0003431544740977177,0.00033875701265062563,0.0006880760192871094
33,15,33,trk-e--2.0-85-15.root,gsf_material_steps-e--2.0-85-15.root,1,0.0005973675172585846,0.0005973675172585846,0.0011980533599853516
37,15,37,trk-e--2.0-85-15.root,gsf_material_steps-e--2.0-85-15.root,2,0.04575942093080976,0.044279830215150695,0.0917736291885376
39,15,39,trk-e--2.0-85-15.root,gsf_material_steps-e--2.0-85-15.root,1,7.486559842573293e-05,7.486559842573293e-05,0.00015020370483398438
42,15,42,trk-e--2.0-85-15.root,gsf_material_steps-e--2.0-85-15.root,2,0.06643960575608732,0.06638694257092492,0.13334381580352783
43,15,43,trk-e--2.0-85-15.root,gsf_material_steps-e--2.0-85-15.root,1,0.04341791217356061,0.04341791217356061,0.07591712474822998
47,15,47,trk-e--2.0-85-15.root,gsf_material_steps-e--2.0-85-15.root,1,0.08259647868906705,0.08259647868906705,0.16520583629608154
48,15,48,trk-e--2.0-85-15.root,gsf_material_steps-e--2.0-85-15.root,2,0.0179063254830234,0.017221695323479502,0.03590250015258789
49,15,49,trk-e--2.0-85-15.root,gsf_material_steps-e--2.0-85-15.root,3,0.05740588736244123,0.04196711040747281,0.11523544788360596
50,15,50,trk-e--2.0-85-15.root,gsf_material_steps-e--2.0-85-15.root,3,0.014965014893122852,0.007896759746761184,0.030028104782104492
51,15,51,trk-e--2.0-85-15.root,gsf_material_steps-e--2.0-85-15.root,2,0.003845358907637819,0.0021422877403105556,0.007710695266723633
59,15,59,trk-e--2.0-85-15.root,gsf_material_steps-e--2.0-85-15.root,2,0.011074505723764339,0.009744422595060698,0.021892309188842773
69,15,69,trk-e--2.0-85-15.root,gsf_material_steps-e--2.0-85-15.root,2,0.010542552944517003,0.010348350386221061,0.0210953950881958
70,15,70,trk-e--2.0-85-15.root,gsf_material_steps-e--2.0-85-15.root,2,0.03562539184532987,0.03452855458894177,0.07150352001190186
72,15,72,trk-e--2.0-85-15.root,gsf_material_steps-e--2.0-85-15.root,1,0.00172199030733855,0.00172199030733855,0.0034525394439697266
74,15,74,trk-e--2.0-85-15.root,gsf_material_steps-e--2.0-85-15.root,1,0.0001164069607360041,0.0001164069607360041,8.320808410644531e-05
75,15,75,trk-e--2.0-85-15.root,gsf_material_steps-e--2.0-85-15.root,2,0.00269451401311005,0.0018048771733961688,0.005404949188232422
76,15,76,trk-e--2.0-85-15.root,gsf_material_steps-e--2.0-85-15.root,3,0.004407901505530387,0.0031392794396972734,0.008846521377563477
78,15,78,trk-e--2.0-85-15.root,gsf_material_steps-e--2.0-85-15.root,2,0.003572819724962706,0.0035221436987068477,0.007164120674133301
79,15,79,trk-e--2.0-85-15.root,gsf_material_steps-e--2.0-85-15.root,2,0.023418557476102442,0.012508697408166403,0.04697012901306152
81,15,81,trk-e--2.0-85-15.root,gsf_material_steps-e--2.0-85-15.root,3,0.06760338665879162,0.05644962144063559,0.04379993677139282
82,15,82,trk-e--2.0-85-15.root,gsf_material_steps-e--2.0-85-15.root,1,0.0254866961458603,0.0254866961458603,0.05111849308013916
84,15,84,trk-e--2.0-85-15.root,gsf_material_steps-e--2.0-85-15.root,1,0.01020050417111995,0.01020050417111995,0.02044975757598877
87,15,87,trk-e--2.0-85-15.root,gsf_material_steps-e--2.0-85-15.root,1,0.00033154750510500097,0.00033154750510500097,0.0006656646728515625
93,15,93,trk-e--2.0-85-15.root,gsf_material_steps-e--2.0-85-15.root,1,0.03214158706824477,0.03214158706824477,0.06443047523498535
96,15,96,trk-e--2.0-85-15.root,gsf_material_steps-e--2.0-85-15.root,1,0.001078028332533787,0.001078028332533787,0.002162456512451172
98,15,98,trk-e--2.0-85-15.root,gsf_material_steps-e--2.0-85-15.root,1,0.00010416075294095162,0.00010416075294095162,0.0002090930938720703
99,15,99,trk-e--2.0-85-15.root,gsf_material_steps-e--2.0-85-15.root,1,0.0028956686547003674,0.0028956686547003674,0.005806326866149902
101,15,101,trk-e--2.0-85-15.root,gsf_material_steps-e--2.0-85-15.root,1,0.0007483927928810807,0.0007483927928810807,0.0015003681182861328
104,15,104,trk-e--2.0-85-15.root,gsf_material_steps-e--2.0-85-15.root,1,0.0004954137732774422,0.0004954137732774422,0.000991225242614746
106,15,106,trk-e--2.0-85-15.root,gsf_material_steps-e--2.0-85-15.root,1,0.0003854413695897341,0.0003854413695897341,0.0007731914520263672
107,15,107,trk-e--2.0-85-15.root,gsf_material_steps-e--2.0-85-15.root,1,0.021228829199057886,0.021228829199057886,0.04256439208984375
109,15,109,trk-e--2.0-85-15.root,gsf_material_steps-e--2.0-85-15.root,1,0.0010761872406680473,0.0010761872406680473,0.002160787582397461
110,15,110,trk-e--2.0-85-15.root,gsf_material_steps-e--2.0-85-15.root,3,0.08366551377439213,0.04673584785377216,0.1678917407989502
112,15,112,trk-e--2.0-85-15.root,gsf_material_steps-e--2.0-85-15.root,1,0.003189100086469221,0.003189100086469221,0.006403207778930664
113,15,113,trk-e--2.0-85-15.root,gsf_material_steps-e--2.0-85-15.root,1,0.00048388499072848923,0.00048388499072848923,0.0009713172912597656
115,15,115,trk-e--2.0-85-15.root,gsf_material_steps-e--2.0-85-15.root,1,0.08294469715391206,0.08294469715391206,0.16631174087524414
116,15,116,trk-e--2.0-85-15.root,gsf_material_steps-e--2.0-85-15.root,1,0.005416593260623936,0.005416593260623936,0.010863542556762695
118,15,118,trk-e--2.0-85-15.root,gsf_material_steps-e--2.0-85-15.root,3,0.026542303753391505,0.017819715952836823,0.034367918968200684
120,15,120,trk-e--2.0-85-15.root,gsf_material_steps-e--2.0-85-15.root,1,0.0031099060317615335,0.0031099060317615335,0.0062427520751953125
121,15,121,trk-e--2.0-85-15.root,gsf_material_steps-e--2.0-85-15.root,1,0.026871986988637353,0.026871986988637353,0.05393540859222412
125,15,125,trk-e--2.0-85-15.root,gsf_material_steps-e--2.0-85-15.root,1,0.01505797712686141,0.01505797712686141,0.030193209648132324
130,15,130,trk-e--2.0-85-15.root,gsf_material_steps-e--2.0-85-15.root,1,0.001078351534279598,0.001078351534279598,0.002162933349609375
136,15,136,trk-e--2.0-85-15.root,gsf_material_steps-e--2.0-85-15.root,2,0.07477111259599878,0.07398935921091077,0.15009546279907227
137,15,137,trk-e--2.0-85-15.root,gsf_material_steps-e--2.0-85-15.root,2,0.0013224095966437588,0.001316237740908388,0.0026514530181884766
139,15,139,trk-e--2.0-85-15.root,gsf_material_steps-e--2.0-85-15.root,1,0.0018785813317064859,0.0018785813317064859,0.003767728805541992
140,15,140,trk-e--2.0-85-15.root,gsf_material_steps-e--2.0-85-15.root,1,0.025367117073998524,0.025367117073998524,0.050861477851867676
141,15,141,trk-e--2.0-85-15.root,gsf_material_steps-e--2.0-85-15.root,1,0.0016176601032865667,0.0016176601032865667,0.003247976303100586
142,15,142,trk-e--2.0-85-15.root,gsf_material_steps-e--2.0-85-15.root,1,0.0035940041364392883,0.0035940041364392883,0.007208108901977539
143,15,143,trk-e--2.0-85-15.root,gsf_material_steps-e--2.0-85-15.root,1,0.009496139130426462,0.009496139130426462,0.018975377082824707
145,15,145,trk-e--2.0-85-15.root,gsf_material_steps-e--2.0-85-15.root,3,0.0023177353703407455,0.002016712585082292,0.0046520233154296875
147,15,147,trk-e--2.0-85-15.root,gsf_material_steps-e--2.0-85-15.root,2,0.07610216500098443,0.07598619637699477,0.15263915061950684
149,15,149,trk-e--2.0-85-15.root,gsf_material_steps-e--2.0-85-15.root,1,0.0012314042402393754,0.0012314042402393754,0.0024721622467041016
152,15,152,trk-e--2.0-85-15.root,gsf_material_steps-e--2.0-85-15.root,1,0.0003629299930146823,0.0003629299930146823,0.0007281303405761719
155,15,155,trk-e--2.0-85-15.root,gsf_material_steps-e--2.0-85-15.root,1,4.1833624821796533e-05,4.1833624821796533e-05,8.392333984375e-05
167,15,167,trk-e--2.0-85-15.root,gsf_material_steps-e--2.0-85-15.root,1,0.0003065103705248706,0.0003065103705248706,0.0006153583526611328
171,15,171,trk-e--2.0-85-15.root,gsf_material_steps-e--2.0-85-15.root,1,0.0006672629846822264,0.0006672629846822264,0.0013387203216552734
177,15,177,trk-e--2.0-85-15.root,gsf_material_steps-e--2.0-85-15.root,2,0.08491779428113932,0.0731618462613669,0.17042207717895508
178,15,178,trk-e--2.0-85-15.root,gsf_material_steps-e--2.0-85-15.root,2,0.03929121695573168,0.03823314995475735,0.07884490489959717
179,15,179,trk-e--2.0-85-15.root,gsf_material_steps-e--2.0-85-15.root,1,0.0003208323960868231,0.0003208323960868231,0.0006437301635742188
180,15,180,trk-e--2.0-85-15.root,gsf_material_steps-e--2.0-85-15.root,2,0.07477706226306946,0.059115674541545205,0.1500084400177002
182,15,182,trk-e--2.0-85-15.root,gsf_material_steps-e--2.0-85-15.root,1,0.00025402964771825687,0.00025402964771825687,0.0005099773406982422
183,15,183,trk-e--2.0-85-15.root,gsf_material_steps-e--2.0-85-15.root,1,0.00018360166372088926,0.00018360166372088926,0.0003685951232910156
187,15,187,trk-e--2.0-85-15.root,gsf_material_steps-e--2.0-85-15.root,1,2.366155557254057e-05,2.366155557254057e-05,4.744529724121094e-05
190,15,190,trk-e--2.0-85-15.root,gsf_material_steps-e--2.0-85-15.root,1,0.024406591930862476,0.024406591930862476,0.04896402359008789
192,15,192,trk-e--2.0-85-15.root,gsf_material_steps-e--2.0-85-15.root,1,0.0029438797066727584,0.0029438797066727584,0.005902290344238281
194,15,194,trk-e--2.0-85-15.root,gsf_material_steps-e--2.0-85-15.root,1,0.00036309093257402836,0.00036309093257402836,0.0007278919219970703
196,15,196,trk-e--2.0-85-15.root,gsf_material_steps-e--2.0-85-15.root,2,0.023397408854680224,0.02339078925706739,0.04689657688140869
198,15,198,trk-e--2.0-85-15.root,gsf_material_steps-e--2.0-85-15.root,2,0.027619815115028312,0.024094544216100577,0.05545151233673096
199,15,199,trk-e--2.0-85-15.root,gsf_material_steps-e--2.0-85-15.root,1,0.0024208767880447013,0.0024208767880447013,0.004810214042663574
200,15,200,trk-e--2.0-85-15.root,gsf_material_steps-e--2.0-85-15.root,2,0.010279919273579408,0.009948731527816612,0.0206223726272583
206,15,206,trk-e--2.0-85-15.root,gsf_material_steps-e--2.0-85-15.root,1,0.007939130462669475,0.007939130462669475,0.01593601703643799
207,15,207,trk-e--2.0-85-15.root,gsf_material_steps-e--2.0-85-15.root,1,0.01417339239893467,0.01417339239893467,0.02844834327697754
208,15,208,trk-e--2.0-85-15.root,gsf_material_steps-e--2.0-85-15.root,2,0.0013338224896444206,0.0013213413807939833,0.0026755332946777344
214,15,214,trk-e--2.0-85-15.root,gsf_material_steps-e--2.0-85-15.root,2,0.014163012700713629,0.013711538166778392,0.028419017791748047
218,15,218,trk-e--2.0-85-15.root,gsf_material_steps-e--2.0-85-15.root,1,0.0017454350480220482,0.0017454350480220482,0.00350189208984375
220,15,220,trk-e--2.0-85-15.root,gsf_material_steps-e--2.0-85-15.root,1,5.47039055975862e-06,5.47039055975862e-06,1.0967254638671875e-05
221,15,221,trk-e--2.0-85-15.root,gsf_material_steps-e--2.0-85-15.root,2,0.0036324039358718307,0.0034922824202189284,0.007284879684448242
222,15,222,trk-e--2.0-85-15.root,gsf_material_steps-e--2.0-85-15.root,1,2.2799384416627433e-05,2.2799384416627433e-05,4.57763671875e-05
226,15,226,trk-e--2.0-85-15.root,gsf_material_steps-e--2.0-85-15.root,2,0.010923099280697901,0.007963313840206876,0.021915555000305176
228,15,228,trk-e--2.0-85-15.root,gsf_material_steps-e--2.0-85-15.root,1,0.0003447053168147418,0.0003447053168147418,0.0006906986236572266
229,15,229,trk-e--2.0-85-15.root,gsf_material_steps-e--2.0-85-15.root,1,0.027644143115833963,0.027644143115833963,0.05549061298370361
231,15,231,trk-e--2.0-85-15.root,gsf_material_steps-e--2.0-85-15.root,2,0.03647737954110497,0.02725950081600448,0.07313644886016846
236,15,236,trk-e--2.0-85-15.root,gsf_material_steps-e--2.0-85-15.root,2,0.031414626533561085,0.03056521003759094,0.06293714046478271
237,15,237,trk-e--2.0-85-15.root,gsf_material_steps-e--2.0-85-15.root,1,0.0005703971599713142,0.0005703971599713142,0.0011441707611083984
239,15,239,trk-e--2.0-85-15.root,gsf_material_steps-e--2.0-85-15.root,1,0.008845335836412671,0.008845335836412671,0.01774907112121582
240,15,240,trk-e--2.0-85-15.root,gsf_material_steps-e--2.0-85-15.root,1,0.014855478292571278,0.014855478292571278,0.029805898666381836
242,15,242,trk-e--2.0-85-15.root,gsf_material_steps-e--2.0-85-15.root,2,0.0002921280646127622,0.00027390169579011303,0.0005860328674316406
243,15,243,trk-e--2.0-85-15.root,gsf_material_steps-e--2.0-85-15.root,1,0.08318023532642849,0.08318023532642849,0.16608142852783203
245,15,245,trk-e--2.0-85-15.root,gsf_material_steps-e--2.0-85-15.root,4,0.0019876079072864705,0.0009577155445688046,0.003986835479736328
247,15,247,trk-e--2.0-85-15.root,gsf_material_steps-e--2.0-85-15.root,1,4.9065370042011835e-05,4.9065370042011835e-05,9.846687316894531e-05
248,15,248,trk-e--2.0-85-15.root,gsf_material_steps-e--2.0-85-15.root,1,0.0007725320561564608,0.0007725320561564608,0.0015490055084228516
254,15,254,trk-e--2.0-85-15.root,gsf_material_steps-e--2.0-85-15.root,1,0.06741530054644806,0.06741530054644806,0.13530302047729492
255,15,255,trk-e--2.0-85-15.root,gsf_material_steps-e--2.0-85-15.root,1,0.004414336017747433,0.004414336017747433,0.008850693702697754
258,15,258,trk-e--2.0-85-15.root,gsf_material_steps-e--2.0-85-15.root,2,0.0003019368567697134,0.00022751037392687579,0.0006060600280761719
259,15,259,trk-e--2.0-85-15.root,gsf_material_steps-e--2.0-85-15.root,2,0.002813050654164928,0.0024192541302090476,0.005641579627990723
260,15,260,trk-e--2.0-85-15.root,gsf_material_steps-e--2.0-85-15.root,3,0.026713831700600488,0.0175005704883342,0.05019652843475342
261,15,261,trk-e--2.0-85-15.root,gsf_material_steps-e--2.0-85-15.root,1,0.0017719517043676136,0.0017719517043676136,0.003556489944458008
263,15,263,trk-e--2.0-85-15.root,gsf_material_steps-e--2.0-85-15.root,1,0.010488194471580004,0.010488194471580004,0.02105402946472168
266,15,266,trk-e--2.0-85-15.root,gsf_material_steps-e--2.0-85-15.root,2,0.0011448092800243614,0.0010691760851316845,0.0022954940795898438
272,15,272,trk-e--2.0-85-15.root,gsf_material_steps-e--2.0-85-15.root,1,0.003109513605458303,0.003109513605458303,0.006241321563720703
275,15,275,trk-e--2.0-85-15.root,gsf_material_steps-e--2.0-85-15.root,1,0.0014677042659106965,0.0014677042659106965,0.0029439926147460938
276,15,276,trk-e--2.0-85-15.root,gsf_material_steps-e--2.0-85-15.root,1,0.00562686811843216,0.00562686811843216,0.011284947395324707
277,15,277,trk-e--2.0-85-15.root,gsf_material_steps-e--2.0-85-15.root,2,0.004304778713804636,0.0041414805416934986,0.008633971214294434
278,15,278,trk-e--2.0-85-15.root,gsf_material_steps-e--2.0-85-15.root,3,0.053495226018545505,0.038957459207805356,0.10733544826507568
282,15,282,trk-e--2.0-85-15.root,gsf_material_steps-e--2.0-85-15.root,2,0.02193014514235725,0.021712333765925962,0.0382918119430542
283,15,283,trk-e--2.0-85-15.root,gsf_material_steps-e--2.0-85-15.root,1,0.0012046101192488834,0.0012046101192488834,0.002412080764770508
284,15,284,trk-e--2.0-85-15.root,gsf_material_steps-e--2.0-85-15.root,1,0.00019414797140915319,0.00019414797140915319,0.0003895759582519531
286,15,286,trk-e--2.0-85-15.root,gsf_material_steps-e--2.0-85-15.root,1,0.0019429680677008898,0.0019429680677008898,0.003896474838256836
288,15,288,trk-e--2.0-85-15.root,gsf_material_steps-e--2.0-85-15.root,2,0.016075648401627007,0.008244184648831698,0.03226196765899658
293,15,293,trk-e--2.0-85-15.root,gsf_material_steps-e--2.0-85-15.root,1,0.0004252712947822035,0.0004252712947822035,0.0008525848388671875
297,15,297,trk-e--2.0-85-15.root,gsf_material_steps-e--2.0-85-15.root,1,7.413240141940225e-05,7.413240141940225e-05,0.000148773193359375
299,15,299,trk-e--2.0-85-15.root,gsf_material_steps-e--2.0-85-15.root,2,0.005457423752924906,0.005343473004444155,0.010953783988952637
302,15,302,trk-e--2.0-85-15.root,gsf_material_steps-e--2.0-85-15.root,2,0.004520832099793037,0.0034669130145627003,0.009064316749572754
303,15,303,trk-e--2.0-85-15.root,gsf_material_steps-e--2.0-85-15.root,1,0.07775920119864876,0.07775920119864876,0.15604126453399658
305,15,305,trk-e--2.0-85-15.root,gsf_material_steps-e--2.0-85-15.root,1,0.025822929367110836,0.025822929367110836,0.051808714866638184
313,15,313,trk-e--2.0-85-15.root,gsf_material_steps-e--2.0-85-15.root,3,0.008028622592231027,0.004692829870950654,0.01610267162322998
319,15,319,trk-e--2.0-85-15.root,gsf_material_steps-e--2.0-85-15.root,1,0.023808954948536187,0.023808954948536187,0.04775524139404297
322,15,322,trk-e--2.0-85-15.root,gsf_material_steps-e--2.0-85-15.root,1,0.0004397873314119227,0.0004397873314119227,0.000881195068359375
323,15,323,trk-e--2.0-85-15.root,gsf_material_steps-e--2.0-85-15.root,2,0.007892999475268225,0.007218507390310158,0.015844225883483887
324,15,324,trk-e--2.0-85-15.root,gsf_material_steps-e--2.0-85-15.root,2,0.06465465563511752,0.059175801752321955,0.12965106964111328
325,15,325,trk-e--2.0-85-15.root,gsf_material_steps-e--2.0-85-15.root,1,1.2601661826372457e-05,1.2601661826372457e-05,2.5272369384765625e-05
326,15,326,trk-e--2.0-85-15.root,gsf_material_steps-e--2.0-85-15.root,1,0.00010918923779490441,0.00010918923779490441,0.00021886825561523438
328,15,328,trk-e--2.0-85-15.root,gsf_material_steps-e--2.0-85-15.root,4,0.034401014934730134,0.024783887739564303,0.06901705265045166
331,15,331,trk-e--2.0-85-15.root,gsf_material_steps-e--2.0-85-15.root,2,0.012110590901767027,0.012010636554169118,0.02429497241973877
334,15,334,trk-e--2.0-85-15.root,gsf_material_steps-e--2.0-85-15.root,1,0.0004490187378927146,0.0004490187378927146,0.0009014606475830078
335,15,335,trk-e--2.0-85-15.root,gsf_material_steps-e--2.0-85-15.root,1,0.006330441178936996,0.006330441178936996,0.012688636779785156
336,15,336,trk-e--2.0-85-15.root,gsf_material_steps-e--2.0-85-15.root,2,0.032945499192887584,0.032501691469933536,0.06603169441223145
343,15,343,trk-e--2.0-85-15.root,gsf_material_steps-e--2.0-85-15.root,3,0.03938473291076183,0.022330648510771045,0.07898330688476562
345,15,345,trk-e--2.0-85-15.root,gsf_material_steps-e--2.0-85-15.root,1,0.019196736813085757,0.019196736813085757,0.03853261470794678
347,15,347,trk-e--2.0-85-15.root,gsf_material_steps-e--2.0-85-15.root,1,0.00027250391313704547,0.00027250391313704547,0.0005438327789306641
348,15,348,trk-e--2.0-85-15.root,gsf_material_steps-e--2.0-85-15.root,1,1.9600347722081857e-05,1.9600347722081857e-05,3.933906555175781e-05
349,15,349,trk-e--2.0-85-15.root,gsf_material_steps-e--2.0-85-15.root,2,0.06876148520128322,0.06613750906321059,0.13793134689331055
351,15,351,trk-e--2.0-85-15.root,gsf_material_steps-e--2.0-85-15.root,2,0.004099098419544256,0.0038200933177419127,0.008227109909057617
353,15,353,trk-e--2.0-85-15.root,gsf_material_steps-e--2.0-85-15.root,2,0.023948842527993452,0.023590961616437478,0.04692423343658447
357,15,357,trk-e--2.0-85-15.root,gsf_material_steps-e--2.0-85-15.root,1,0.0020847514507579268,0.0020847514507579268,0.004182577133178711
358,15,358,trk-e--2.0-85-15.root,gsf_material_steps-e--2.0-85-15.root,2,0.040810320712312276,0.04073665179784347,0.08183717727661133
359,15,359,trk-e--2.0-85-15.root,gsf_material_steps-e--2.0-85-15.root,1,0.0049301150441415365,0.0049301150441415365,0.009887099266052246
360,15,360,trk-e--2.0-85-15.root,gsf_material_steps-e--2.0-85-15.root,2,0.0011789748447789128,0.0008939281712072589,0.0023643970489501953
366,15,366,trk-e--2.0-85-15.root,gsf_material_steps-e--2.0-85-15.root,3,0.006254414940258357,0.005233480232822774,0.012544512748718262
367,15,367,trk-e--2.0-85-15.root,gsf_material_steps-e--2.0-85-15.root,1,0.01979226563061065,0.01979226563061065,0.039687156677246094
369,15,369,trk-e--2.0-85-15.root,gsf_material_steps-e--2.0-85-15.root,2,0.011326588596608955,0.011145894002030698,0.022710084915161133
377,15,377,trk-e--2.0-85-15.root,gsf_material_steps-e--2.0-85-15.root,1,0.0005842387508181446,0.0005842387508181446,0.0011715888977050781
380,15,380,trk-e--2.0-85-15.root,gsf_material_steps-e--2.0-85-15.root,1,0.00014834925789708464,0.00014834925789708464,0.00029754638671875
385,15,385,trk-e--2.0-85-15.root,gsf_material_steps-e--2.0-85-15.root,1,0.000273107683900764,0.000273107683900764,0.0005481243133544922
388,15,388,trk-e--2.0-85-15.root,gsf_material_steps-e--2.0-85-15.root,2,0.05041691670319626,0.04674554239448547,0.10112178325653076
391,15,391,trk-e--2.0-85-15.root,gsf_material_steps-e--2.0-85-15.root,1,0.011590047178575591,0.011590047178575591,0.023230314254760742
394,15,394,trk-e--2.0-85-15.root,gsf_material_steps-e--2.0-85-15.root,2,0.00040854320445160575,0.00025136712084761204,0.0008196830749511719
395,15,395,trk-e--2.0-85-15.root,gsf_material_steps-e--2.0-85-15.root,1,0.010423738770316104,0.010423738770316104,0.02091991901397705
396,15,396,trk-e--2.0-85-15.root,gsf_material_steps-e--2.0-85-15.root,1,0.007419436389322631,0.007419436389322631,0.014868974685668945
397,15,397,trk-e--2.0-85-15.root,gsf_material_steps-e--2.0-85-15.root,2,0.011740015383761015,0.006644532277938042,0.023552536964416504
400,15,400,trk-e--2.0-85-15.root,gsf_material_steps-e--2.0-85-15.root,2,0.017569721219933943,0.009164328482820783,0.035205841064453125
401,15,401,trk-e--2.0-85-15.root,gsf_material_steps-e--2.0-85-15.root,1,0.0033093034111207897,0.0033093034111207897,0.0066394805908203125
403,15,403,trk-e--2.0-85-15.root,gsf_material_steps-e--2.0-85-15.root,2,0.014144470920495755,0.013620898573456608,0.028383970260620117
404,15,404,trk-e--2.0-85-15.root,gsf_material_steps-e--2.0-85-15.root,2,0.010966932135972551,0.010814380044020577,0.022006750106811523
407,15,407,trk-e--2.0-85-15.root,gsf_material_steps-e--2.0-85-15.root,1,0.04236171501732233,0.04236171501732233,0.0849912166595459
408,15,408,trk-e--2.0-85-15.root,gsf_material_steps-e--2.0-85-15.root,2,0.00275965057677352,0.0018612289910598934,0.0055353641510009766
413,15,413,trk-e--2.0-85-15.root,gsf_material_steps-e--2.0-85-15.root,1,0.00043137392416547904,0.00043137392416547904,0.0008652210235595703
415,15,415,trk-e--2.0-85-15.root,gsf_material_steps-e--2.0-85-15.root,3,0.024388911127788848,0.02048229512349864,0.048928141593933105
416,15,416,trk-e--2.0-85-15.root,gsf_material_steps-e--2.0-85-15.root,1,0.0010306735977524406,0.0010306735977524406,0.0020666122436523438
419,15,419,trk-e--2.0-85-15.root,gsf_material_steps-e--2.0-85-15.root,1,0.000403484853744418,0.000403484853744418,0.0008091926574707031
420,15,420,trk-e--2.0-85-15.root,gsf_material_steps-e--2.0-85-15.root,2,0.001576869704387751,0.0015095818578279019,0.003163576126098633
423,15,423,trk-e--2.0-85-15.root,gsf_material_steps-e--2.0-85-15.root,1,0.03827676112276013,0.03827676112276013,0.07673466205596924
428,15,428,trk-e--2.0-85-15.root,gsf_material_steps-e--2.0-85-15.root,1,0.06985111361679941,0.06985111361679941,0.14010608196258545
432,15,432,trk-e--2.0-85-15.root,gsf_material_steps-e--2.0-85-15.root,1,0.00011760343716282762,0.00011760343716282762,0.00023555755615234375
437,15,437,trk-e--2.0-85-15.root,gsf_material_steps-e--2.0-85-15.root,1,0.00022601916989728466,0.00022601916989728466,0.0004532337188720703
438,15,438,trk-e--2.0-85-15.root,gsf_material_steps-e--2.0-85-15.root,2,0.020784028960349588,0.016851429070895874,0.04169809818267822
441,15,441,trk-e--2.0-85-15.root,gsf_material_steps-e--2.0-85-15.root,2,0.013911318408306506,0.0077464458920815105,0.027905583381652832
444,15,444,trk-e--2.0-85-15.root,gsf_material_steps-e--2.0-85-15.root,1,0.00012849658872438052,0.00012849658872438052,0.0002579689025878906
446,15,446,trk-e--2.0-85-15.root,gsf_material_steps-e--2.0-85-15.root,2,0.00033073835002250807,0.00027120153326865015,0.00066375732421875
452,15,452,trk-e--2.0-85-15.root,gsf_material_steps-e--2.0-85-15.root,2,0.007675558597012189,0.007576947109996124,0.015374064445495605
453,15,453,trk-e--2.0-85-15.root,gsf_material_steps-e--2.0-85-15.root,3,0.0025458463613994287,0.0022185382752584193,0.005103588104248047
455,15,455,trk-e--2.0-85-15.root,gsf_material_steps-e--2.0-85-15.root,2,0.014278049272932525,0.013954243005541711,0.028618574142456055
456,15,456,trk-e--2.0-85-15.root,gsf_material_steps-e--2.0-85-15.root,1,0.0554378135675383,0.0554378135675383,0.11119091510772705
459,15,459,trk-e--2.0-85-15.root,gsf_material_steps-e--2.0-85-15.root,1,0.0008175145845552567,0.0008175145845552567,0.00164031982421875
460,15,460,trk-e--2.0-85-15.root,gsf_material_steps-e--2.0-85-15.root,2,6.198044698879634e-05,5.3296263087587725e-05,0.0001233816146850586
462,15,462,trk-e--2.0-85-15.root,gsf_material_steps-e--2.0-85-15.root,1,0.08514277574612172,0.08514277574612172,0.17086851596832275
463,15,463,trk-e--2.0-85-15.root,gsf_material_steps-e--2.0-85-15.root,2,0.0002518676972566025,0.00016329578638674125,0.0005054473876953125
464,15,464,trk-e--2.0-85-15.root,gsf_material_steps-e--2.0-85-15.root,1,0.0001595339849558286,0.0001595339849558286,0.00032019615173339844
466,15,466,trk-e--2.0-85-15.root,gsf_material_steps-e--2.0-85-15.root,2,0.003741081489052167,0.00362826471929667,0.007505655288696289
467,15,467,trk-e--2.0-85-15.root,gsf_material_steps-e--2.0-85-15.root,1,0.00027877527427577764,0.00027877527427577764,0.0005583763122558594
470,15,470,trk-e--2.0-85-15.root,gsf_material_steps-e--2.0-85-15.root,2,0.012530588352286931,0.012487196760376573,0.02515411376953125
471,15,471,trk-e--2.0-85-15.root,gsf_material_steps-e--2.0-85-15.root,2,0.0031230462904732192,0.00236849378024262,0.006258606910705566
478,15,478,trk-e--2.0-85-15.root,gsf_material_steps-e--2.0-85-15.root,1,5.085523534453795e-05,5.085523534453795e-05,0.00010204315185546875
486,15,486,trk-e--2.0-85-15.root,gsf_material_steps-e--2.0-85-15.root,2,0.05043504482830019,0.0501761971601653,0.10120153427124023
487,15,487,trk-e--2.0-85-15.root,gsf_material_steps-e--2.0-85-15.root,2,0.02089725652752683,0.020732555156399046,0.04191625118255615
488,15,488,trk-e--2.0-85-15.root,gsf_material_steps-e--2.0-85-15.root,1,0.010286535326987534,0.010286535326987534,0.02064657211303711
489,15,489,trk-e--2.0-85-15.root,gsf_material_steps-e--2.0-85-15.root,1,0.02319345025957964,0.02319345025957964,0.04650914669036865
491,15,491,trk-e--2.0-85-15.root,gsf_material_steps-e--2.0-85-15.root,1,0.0035833514283666323,0.0035833514283666323,0.007188320159912109
492,15,492,trk-e--2.0-85-15.root,gsf_material_steps-e--2.0-85-15.root,2,0.04194406831143094,0.04117762637238365,0.08418071269989014
494,15,494,trk-e--2.0-85-15.root,gsf_material_steps-e--2.0-85-15.root,1,0.001379612108197814,0.001379612108197814,0.0027663707733154297
495,15,495,trk-e--2.0-85-15.root,gsf_material_steps-e--2.0-85-15.root,1,0.0009349232810509367,0.0009349232810509367,0.0018763542175292969
498,15,498,trk-e--2.0-85-15.root,gsf_material_steps-e--2.0-85-15.root,1,0.01111793119061355,0.01111793119061355,0.022305011749267578
