seed,entry,category,transition_count,ebrem_transition_count,ebrem_step_count,max_frac,sum_loss_GeV,cumulative_frac,lcio_residual_pct,gsf_residual_pct
1,0,light_ebrem,232,2,2,0.0007222826270406831,0.0026531219482421875,0.0013216366179173988,0.0068956270675361265,0.19538611157612562
1,1,light_ebrem,232,2,2,0.000647328370601377,0.0017502307891845703,0.0008724259571123438,0.09562344368319027,0.24513064510088398
1,2,light_ebrem,232,1,1,0.0023714125862090074,0.0047566890716552734,0.0023714125862089874,-0.26718107336875585,0.20267143417244404
1,3,hard_ebrem,232,3,3,0.08955072921336277,0.2095203399658203,0.10439316509810925,-10.103202869446028,-0.37488565188382844
1,4,no_ebrem,232,0,0,0.0,0.0,0.0,-0.05930946861703456,0.1945738085150969
1,5,light_ebrem,232,2,2,0.0405134965201022,0.0821307897567749,0.04092115150462872,-3.8420200937867133,1.4913481817250276
1,6,light_ebrem,232,1,1,0.01347193009263363,0.02703237533569336,0.013471930092633588,-1.2701096832020673,-0.9309341876281924
1,7,light_ebrem,232,1,1,1.30776020148067e-06,2.6226043701171875e-06,1.3077602014632816e-06,-0.004652744280911562,0.2788830850755905
1,8,light_ebrem,232,1,1,0.000241001367813483,0.00048351287841796875,0.00024100136781346482,0.03281796637404909,1.2614553811636886
1,9,no_ebrem,231,0,0,0.0,0.0,0.0,0.1766220242033915,0.47645166446721954
2,0,light_ebrem,232,2,2,3.1232083115817114e-05,7.605552673339844e-05,3.7893789551324275e-05,0.020284724537203813,0.18948478772823338
2,1,hard_ebrem,233,1,2,0.7223315616110642,1.4481024742126465,0.7223315616110642,0.09025266218713278,0.14827377024969374
2,2,hard_ebrem,232,2,2,0.34253945662169477,0.7507157325744629,0.37440264582583194,-37.38961630990637,-37.39924724100481
2,3,light_ebrem,232,3,3,0.007109838995121648,0.026029467582702637,0.013009834024348965,-0.8700395187035197,-0.6014133246716938
2,4,light_ebrem,232,1,1,0.0015971837064434843,0.0032029151916503906,0.0015971837064434613,-0.054123883768354954,0.21615304949817285
2,5,light_ebrem,231,2,2,0.05218073736056512,0.10472643375396729,0.05218765827783878,-5.459685170433002,0.19342905353114076
2,6,no_ebrem,232,0,0,0.0,0.0,0.0,-0.69973584417019,1.244910799249487
2,7,light_ebrem,232,1,1,0.07387627697350288,0.14832627773284912,0.07387627697350285,-7.422033213044438,-7.326337926910413
2,8,light_ebrem,232,2,2,0.051899843701914625,0.12440574169158936,0.06203710225256298,-5.589388162216741,-5.308641634271447
2,9,no_ebrem,232,0,0,0.0,0.0,0.0,-0.31885634915455147,-0.36749668250321815
3,0,no_ebrem,231,0,0,0.0,0.0,0.0,-0.08821473733921179,-0.09063137025880054
3,1,light_ebrem,232,2,2,0.002658002876967157,0.005541801452636719,0.002762696449088997,-0.05758315535858114,0.07300049912700025
3,2,no_ebrem,232,0,0,0.0,0.0,0.0,0.014340309255681031,0.23312291973732438
3,3,hard_ebrem,232,1,1,0.13090152194898375,0.26229655742645264,0.13090152194898375,-0.0808865848654793,0.1388812438938727
3,4,light_ebrem,232,1,1,2.1751734968303088e-05,4.363059997558594e-05,2.1751734968322722e-05,0.3606741619928525,0.3954700770989634
3,5,no_ebrem,233,0,0,0.0,0.0,0.0,0.00828109294422907,0.7405168907104028
3,6,hard_ebrem,232,2,2,0.42137059247642866,0.8456066846847534,0.42147867301672615,-42.20647853434931,-42.21548441111142
3,7,light_ebrem,234,1,1,0.016294898330610576,0.0326918363571167,0.016294898330610597,-1.4743436595748611,-0.04238746121489567
3,8,light_ebrem,233,1,1,0.015505798531791492,0.031131386756896973,0.01550579853179146,-1.4570407956139912,-1.3091382473298472
3,9,no_ebrem,231,0,0,0.0,0.0,0.0,0.08924207643190708,0.32937519639917445
4,0,no_ebrem,232,0,0,0.0,0.0,0.0,-0.15191917432760352,0.0044808647551082
4,1,no_ebrem,232,0,0,0.0,0.0,0.0,-0.14738860883940272,1.6349058918050487
4,2,light_ebrem,232,1,1,0.004462592684617296,0.008949637413024902,0.00446259268461735,-0.010516535067541839,0.09658979888850244
4,3,no_ebrem,233,0,0,0.0,0.0,0.0,0.07616307536566566,0.14038616609342486
4,4,light_ebrem,232,2,2,0.02907633742284605,0.061191439628601074,0.030987197701059288,-1.569800880401344,-0.8761075492046695
4,5,light_ebrem,232,1,1,0.006743523152562755,0.013527512550354004,0.006743523152562769,-0.5431350869442136,2.9359550872296727
4,6,light_ebrem,232,1,1,7.976442036111053e-05,0.00015997886657714844,7.976442036106146e-05,-0.3489423262898837,-0.31772431436099474
4,7,no_ebrem,231,0,0,0.0,0.0,0.0,-0.6034780941589083,1.1181292508978216
4,8,light_ebrem,232,1,1,0.002520006093969147,0.005051851272583008,0.002520006093969185,0.03162613776429404,0.2986687891112438
4,9,no_ebrem,232,0,0,0.0,0.0,0.0,0.08452687069150905,0.30738788592748884
5,0,light_ebrem,232,3,3,0.03228389437561877,0.0747908353805542,0.037262742573157315,-3.5798027081135118,-0.6565943442587538
5,1,no_ebrem,231,0,0,0.0,0.0,0.0,0.023433084800470162,-0.10392076191006151
5,2,no_ebrem,232,0,0,0.0,0.0,0.0,-0.04539381606935787,0.05825473111064
5,3,no_ebrem,232,0,0,0.0,0.0,0.0,-0.45987085062808947,-0.08080358607132183
5,4,light_ebrem,232,1,1,0.024150368423234557,0.04847252368927002,0.02415036842323459,-2.2664667629702544,0.08280316781963191
5,5,light_ebrem,231,1,1,0.003853445401677359,0.007718443870544434,0.0038534454016773134,-0.5368075366406805,0.8686643899626142
5,6,light_ebrem,232,3,3,0.020858580224640745,0.041941165924072266,0.020919595614440678,-2.053330491377315,0.19564605133740362
5,7,light_ebrem,232,1,1,1.2959195417057821e-05,2.5987625122070312e-05,1.2959195417105995e-05,-0.01729851695886633,0.32251445517390526
5,8,light_ebrem,232,1,1,0.00850175765714139,0.017063140869140625,0.00850175765714134,-0.7784709908132716,-0.2690621030214149
5,9,no_ebrem,232,0,0,0.0,0.0,0.0,-0.3063768178955109,-0.004063738323230708
6,0,no_ebrem,233,0,0,0.0,0.0,0.0,0.009051532166322113,0.21715423987398952
6,1,no_ebrem,232,0,0,0.0,0.0,0.0,-0.20920631137353896,0.19866795003943385
6,2,no_ebrem,232,0,0,0.0,0.0,0.0,-0.10056907325812348,0.08721136180233333
6,3,light_ebrem,232,1,1,0.0001795075126448252,0.00036025047302246094,0.00017950751264483866,-0.025929976135462864,0.18749108395943212
6,4,light_ebrem,232,1,1,0.0033704040147791593,0.00676274299621582,0.0033704040147791714,-0.4315396385039354,-0.03400465802102408
6,5,no_ebrem,232,0,0,0.0,0.0,0.0,0.06798320939896033,0.3004921490790453
6,6,no_ebrem,233,0,0,0.0,0.0,0.0,-0.03496747055260137,0.03237750466637423
6,7,no_ebrem,231,0,0,0.0,0.0,0.0,-0.16319963002403912,0.42423051023767777
6,8,hard_ebrem,216,3,3,0.8410482132790277,1.688718855381012,0.8411687977863785,-84.20294813772274,1.3428633281592766
6,9,light_ebrem,233,1,1,0.015759928991689837,0.03162670135498047,0.015759928991689875,-1.5219886829508775,-0.5216931162003472
7,0,no_ebrem,232,0,0,0.0,0.0,0.0,-0.4247742620575767,-0.20807178470176782
7,1,no_ebrem,233,0,0,0.0,0.0,0.0,-0.20015516471446668,-0.06928471012910385
7,2,no_ebrem,232,0,0,0.0,0.0,0.0,0.04870956890343235,0.11993716255269536
7,3,no_ebrem,232,0,0,0.0,0.0,0.0,-0.029126978923722166,0.29367986726406237
7,4,light_ebrem,234,2,2,0.024685157671116197,0.05518221855163574,0.027517480736673705,-0.181177239841874,-0.05588911208905841
7,5,no_ebrem,232,0,0,0.0,0.0,0.0,-0.14809855367301553,0.04930568321592886
7,6,light_ebrem,233,2,2,0.042956107758755094,0.09668636322021484,0.048182028981064384,-4.546010162260335,-1.3273628489667098
7,7,no_ebrem,233,0,0,0.0,0.0,0.0,-0.06944733245457972,0.20857870060983688
7,8,light_ebrem,232,2,2,0.001791662910996199,0.004111766815185547,0.0020501109327402123,-0.09370146922057056,0.10605872769082299
7,9,hard_ebrem,232,2,2,0.13363445169203508,0.3823127746582031,0.1905654151531977,-12.575027479698356,0.2188500500389738
8,0,no_ebrem,232,0,0,0.0,0.0,0.0,0.0659144696749037,0.8716336607667751
8,1,light_ebrem,233,1,1,0.001047170158619322,0.002102375030517578,0.001047170158619326,-0.11669744591993331,-0.0019999536217403433
8,2,light_ebrem,232,1,1,9.22594774023726e-05,0.0001850128173828125,9.225947740232332e-05,-0.02278657847804918,0.5616278407172646
8,3,light_ebrem,233,1,1,0.0015363682970633479,0.003084421157836914,0.001536368297063384,-0.3758943218099858,0.04318936949634756
8,4,no_ebrem,232,0,0,0.0,0.0,0.0,-0.5638189788326642,-0.42577647214108744
8,5,no_ebrem,233,0,0,0.0,0.0,0.0,0.27564806108593687,0.4672773804295133
8,6,no_ebrem,231,0,0,0.0,0.0,0.0,-0.10636893209297386,-0.0018888869839922533
8,7,light_ebrem,232,1,1,0.00015396630751491014,0.000308990478515625,0.00015396630751496332,-0.08895137045516141,0.19634139682834195
8,8,no_ebrem,232,0,0,0.0,0.0,0.0,0.08811919331220258,0.26449850308134054
8,9,no_ebrem,232,0,0,0.0,0.0,0.0,0.07276608795898912,-0.0207613627562953
9,0,hard_ebrem,62,19,31,0.4497138130836314,0.10090432455763221,0.7866656855135781,-90.82426862168288,-90.84219242144577
9,1,no_ebrem,231,0,0,0.0,0.0,0.0,-0.1568504136945881,2.8372825530711494
9,2,light_ebrem,231,2,2,0.00045323144376179956,0.0010640621185302734,0.0005314007748853378,-0.17858438399366913,0.15276773839812136
9,3,no_ebrem,231,0,0,0.0,0.0,0.0,-0.4674247204090772,2.3197522947873903
9,4,hard_ebrem,232,3,4,0.19939853117668227,0.4266873598098755,0.21281175572251432,-20.546230883210058,-1.0315047285861247
9,5,no_ebrem,232,0,0,0.0,0.0,0.0,0.027267136972311624,0.18322893605206655
9,6,no_ebrem,232,0,0,0.0,0.0,0.0,0.11948295603925023,0.13969913542973186
9,7,light_ebrem,234,1,1,0.0005062868508577389,0.0010151863098144531,0.0005062868508577401,-0.0669197785873478,0.21489728154167298
9,8,light_ebrem,233,1,1,0.01708422333461906,0.03428840637207031,0.01708422333461901,-1.6190703550320955,-0.9496535177039852
9,9,hard_ebrem,232,4,4,0.4442057751258749,1.0194680094718933,0.5084134569545733,-11.471604383981628,-9.537749581775815
10,0,light_ebrem,232,3,3,0.02874854691813465,0.06133747100830078,0.03059381449419052,-2.964307973378655,1.5181647305253771
10,1,hard_ebrem,231,2,2,0.3349456403868159,0.6723537445068359,0.3349513023427704,-33.676148934163535,-28.38926219690901
10,2,light_ebrem,232,1,1,0.0003357250276592992,0.0006737709045410156,0.0003357250276593282,0.037901956190096515,0.2939142721975011
10,3,light_ebrem,232,4,4,0.07310571840775276,0.14905953407287598,0.07426932412404463,-7.325837577256799,-6.789447526243583
10,4,hard_ebrem,232,3,3,0.4983250166204012,1.149879276752472,0.5730970963932497,-57.444407065447734,-57.45347385143709
10,5,no_ebrem,232,0,0,0.0,0.0,0.0,-0.1258789490394517,0.1834953096720898
10,6,light_ebrem,232,1,1,0.008575505129238561,0.01720714569091797,0.008575505129238548,-0.7983818862953881,-0.5302249000734883
10,7,no_ebrem,232,0,0,0.0,0.0,0.0,-0.06777206666696747,0.10345210607850158
10,8,light_ebrem,232,1,1,0.0008698437227505594,0.0017457008361816406,0.0008698437227505629,-0.02617582795442594,0.09664816993472085
10,9,no_ebrem,232,0,0,0.0,0.0,0.0,0.12430424403433728,0.7609978166920622
11,0,no_ebrem,233,0,0,0.0,0.0,0.0,-0.28297991560913105,0.2593904194157373
11,1,light_ebrem,233,1,1,0.0015932711399067098,0.003198862075805664,0.0015932711399067045,-0.013707028555340561,0.3216544854197365
11,2,no_ebrem,232,0,0,0.0,0.0,0.0,-0.05038630814205502,0.0886454861273765
11,3,no_ebrem,231,0,0,0.0,0.0,0.0,0.03618633121085446,0.521838036759305
11,4,no_ebrem,232,0,0,0.0,0.0,0.0,-0.24469335941886106,0.42460914698086444
11,5,hard_ebrem,232,1,1,0.4186732557788602,0.840091347694397,0.41867325577886016,-41.818312297615385,-41.81238221374268
11,6,hard_ebrem,232,1,1,0.4991370807652699,1.0010749101638794,0.49913708076526997,-0.18557575684912297,-0.07927734924699703
11,7,no_ebrem,232,0,0,0.0,0.0,0.0,-0.04150036085202304,0.12353202805242926
11,8,no_ebrem,232,0,0,0.0,0.0,0.0,-0.08168250547619488,1.1249127107809895
11,9,light_ebrem,231,2,3,0.046778613984234794,0.11149990558624268,0.05554742411693647,-4.480567950505907,-4.370712619491957
12,0,light_ebrem,232,1,1,0.011144204284294027,0.022363781929016113,0.01114420428429408,-1.1144044395366814,-0.952403335618942
12,1,light_ebrem,231,1,1,0.040606551027846466,0.08144009113311768,0.040606551027846494,0.060808192544729786,0.20054616818018484
12,2,light_ebrem,233,1,1,0.00046715443574655294,0.0009379386901855469,0.0004671544357465196,-0.06038919228690011,0.3876674327516993
12,3,light_ebrem,232,2,2,0.00029353270919869933,0.0006784200668334961,0.0003402011995763399,-0.5622499144815195,-0.49234497213146977
12,4,no_ebrem,232,0,0,0.0,0.0,0.0,-0.06116502722563646,0.042541498711950725
12,5,no_ebrem,232,0,0,0.0,0.0,0.0,-0.15779797047477723,0.4575429710887703
12,6,light_ebrem,232,1,1,0.0058831287024253935,0.01180577278137207,0.005883128702425355,-0.6152385366253167,-0.032478008576804544
12,7,hard_ebrem,233,1,1,0.8189058430227306,1.6425021886825562,0.8189058430227306,0.04231371248092993,0.17674439691784413
12,8,hard_ebrem,232,1,2,0.23929950916967632,0.48011207580566406,0.23929950916967635,-22.66744301154357,0.16897571346663054
12,9,no_ebrem,233,0,0,0.0,0.0,0.0,0.2838043668961713,0.28058855397825516
13,0,no_ebrem,232,0,0,0.0,0.0,0.0,-0.1467700194132813,0.15066951083692517
13,1,light_ebrem,232,3,3,0.013283091775039318,0.04887044429779053,0.02441813351514721,-2.1715768001575033,0.2977430412180324
13,2,light_ebrem,232,1,1,0.017408945504337418,0.03493809700012207,0.01740894550433747,-1.5284471075585118,-0.22932698093107487
13,3,hard_ebrem,232,1,1,0.2724713229454582,0.5466573238372803,0.2724713229454583,-27.24192967662783,-27.2514615589053
13,4,no_ebrem,232,0,0,0.0,0.0,0.0,-0.00863320703818659,0.1664372637276466
13,5,hard_ebrem,232,1,1,0.49009713570187985,0.98271644115448,0.49009713570187985,-49.12270961107498,-49.13304581266722
13,6,no_ebrem,231,0,0,0.0,0.0,0.0,-0.12757808688636937,-0.001281456839943732
13,7,hard_ebrem,233,2,3,0.13580500856403466,0.2836742401123047,0.14138737341898278,-12.80987737358759,1.1643093054271083
13,8,no_ebrem,232,0,0,0.0,0.0,0.0,0.028600320919832563,0.25268237659751386
13,9,hard_ebrem,231,1,1,0.506151201010417,1.0160295963287354,0.506151201010417,-50.64527727891956,-50.62676514211925
14,0,hard_ebrem,233,3,3,0.268371957632931,0.5713402032852173,0.2848618688129798,-2.156761412886642,-0.0650246270202046
14,1,no_ebrem,233,0,0,0.0,0.0,0.0,0.04092833691801065,2.9554530374976844
14,2,light_ebrem,231,2,2,0.0005953064188290786,0.0012586116790771484,0.0006272866918503039,-0.3714043108408331,0.3622183321598302
14,3,light_ebrem,232,2,2,0.023153238993886223,0.05425059795379639,0.027027404234371666,-2.489954382441719,-0.5742367391115317
14,4,light_ebrem,232,1,1,0.0028686084689682595,0.005759000778198242,0.0028686084689683033,-0.7318641937719602,1.2541733632686285
14,5,no_ebrem,232,0,0,0.0,0.0,0.0,0.019709413469128703,2.677036837866585
14,6,light_ebrem,232,1,1,0.0030566418125988083,0.006136417388916016,0.0030566418125987926,-0.40416089430043284,-0.21028924458693446
14,7,no_ebrem,231,0,0,0.0,0.0,0.0,-0.027147307585091155,0.1843453620382021
14,8,no_ebrem,232,0,0,0.0,0.0,0.0,-0.030697991782730912,0.12577732772252118
14,9,light_ebrem,232,1,1,0.0007425165599717195,0.0014908313751220703,0.0007425165599717065,-0.049299901546871784,0.23255818962397726
15,0,light_ebrem,232,1,1,0.00018595409311829557,0.00037288665771484375,0.00018595409311827904,-0.05982670442390354,0.14593112869678618
15,1,hard_ebrem,232,3,3,0.21909579295358736,0.4985455274581909,0.2483662914628465,-23.74524745141803,-20.698291273231
15,2,light_ebrem,233,2,2,0.03556269005135314,0.07322931289672852,0.03651571796743247,-0.3298161563770379,-0.21395141383669744
15,3,no_ebrem,233,0,0,0.0,0.0,0.0,0.22077453703368538,0.5106859534150352
15,4,no_ebrem,232,0,0,0.0,0.0,0.0,-0.10724740190107492,0.3048033566731882
15,5,light_ebrem,232,1,1,0.07284014129215256,0.14610254764556885,0.07284014129215255,-0.17944223429674208,0.22200444526024513
15,6,light_ebrem,232,2,2,0.00037591362282208093,0.0008487701416015625,0.0004230461132979091,0.14761155323464864,0.1915381064608341
15,7,no_ebrem,232,0,0,0.0,0.0,0.0,0.11852264726420438,0.16224834284755132
15,8,light_ebrem,232,2,3,0.0013465525191114962,0.0029821395874023438,0.0014856673985530477,-0.10749386645640316,0.1450731358048245
15,9,no_ebrem,232,0,0,0.0,0.0,0.0,-0.08572145835204542,-0.005689369054958954
16,0,hard_ebrem,306,3,4,0.9677444878977269,1.9882680863374844,0.9924145310103081,-74.24082288530278,-74.25281971194569
16,1,light_ebrem,232,1,1,0.0008887835093477883,0.0017838478088378906,0.0008887835093477348,-0.15088014934473373,0.06648589870331047
16,2,no_ebrem,232,0,0,0.0,0.0,0.0,0.11826206344667341,0.9783158192911043
16,3,hard_ebrem,232,1,1,0.5208535706936195,1.0445659160614014,0.5208535706936195,-0.11791699274925027,0.5484861532843627
16,4,no_ebrem,232,0,0,0.0,0.0,0.0,0.043804854513895264,0.13165062531642266
16,5,no_ebrem,232,0,0,0.0,0.0,0.0,0.026255752698102455,0.5382768840584777
16,6,no_ebrem,233,0,0,0.0,0.0,0.0,-0.023840186852663002,0.14763857054694896
16,7,hard_ebrem,233,2,2,0.16595702997996564,0.3333561420440674,0.1661709030851366,-16.698019875895074,-14.536268221047816
16,8,light_ebrem,232,1,1,0.056779185691095226,0.06640875339508057,0.05677918569109519,-44.64291973429582,-41.449098872778116
16,9,light_ebrem,232,1,1,0.02715612776375391,0.054465293884277344,0.027156127763753868,-0.6699261461031832,-0.4266942593296279
17,0,no_ebrem,233,0,0,0.0,0.0,0.0,-0.2623261226390245,-0.23626614972150833
17,1,light_ebrem,232,1,1,0.00022675745041952504,0.0004551410675048828,0.00022675745041955686,-0.046157970556274984,0.3796235910799789
17,2,no_ebrem,232,0,0,0.0,0.0,0.0,-0.10271278148744958,-0.08015629560719463
17,3,light_ebrem,231,1,1,0.0018318395309046144,0.003676176071166992,0.0018318395309045998,-0.2717715933260809,0.3073303394368963
17,4,light_ebrem,231,1,1,5.345920243146708e-06,1.0728836059570312e-05,5.3459202431493935e-06,-0.22337927421453857,0.2832965932498867
17,5,light_ebrem,233,1,1,0.0020025057137023723,0.003953099250793457,0.0020025057137024183,-1.51810814601025,-1.3918254712458558
17,6,no_ebrem,231,0,0,0.0,0.0,0.0,-0.17391532699760348,0.04038959471095129
17,7,light_ebrem,233,1,1,0.04453207049155432,0.08934760093688965,0.044532070491554276,-4.277689667485736,0.43130104330457264
17,8,no_ebrem,232,0,0,0.0,0.0,0.0,-0.24206415771983303,1.029225373072877
17,9,light_ebrem,233,1,1,0.00020904718194896587,0.00041961669921875,0.00020904718194891814,-0.2276967483354213,0.007523613853254622
18,0,hard_ebrem,232,1,1,0.26531642810261047,0.5321918725967407,0.26531642810261047,-0.04946803744559477,0.3040674294473335
18,1,light_ebrem,232,1,1,0.002279297216889387,0.004575967788696289,0.0022792972168893533,-0.2811830911340519,-0.20740781678556022
18,2,no_ebrem,233,0,0,0.0,0.0,0.0,-0.12402034585689868,0.07304483969015052
18,3,hard_ebrem,2654,10,25,0.7933634548539723,1.8766504004597664,0.9422228137660674,-67.26163358564416,-67.26999582134802
18,4,no_ebrem,232,0,0,0.0,0.0,0.0,0.10138838164827142,0.36912363045329766
18,5,hard_ebrem,232,1,1,0.38199013792698855,0.7668886184692383,0.38199013792698855,-38.24791043570812,-38.15655247270743
18,6,hard_ebrem,232,1,1,0.19331139802011466,0.3876311779022217,0.19331139802011466,-0.16166301465765484,0.3891547998125232
18,7,no_ebrem,233,0,0,0.0,0.0,0.0,-0.09038583535126088,0.23837247697572136
18,8,no_ebrem,232,0,0,0.0,0.0,0.0,0.007360732282136692,0.5545324007912859
18,9,light_ebrem,232,2,2,0.032213559056903894,0.06479525566101074,0.032301139158346315,0.07410800008375348,0.4495989549623531
19,0,hard_ebrem,407,24,28,0.7265012867977414,1.8970045454334468,0.9642817491183543,-72.6652364460473,-24.343072720386807
19,1,no_ebrem,232,0,0,0.0,0.0,0.0,0.0035357080450289253,0.19190954692224485
19,2,light_ebrem,231,3,4,0.044026751398388124,0.1263577938079834,0.06298015061053375,-2.1994459460229354,-1.2693137937624983
19,3,light_ebrem,232,1,1,0.0011342586402089518,0.002275228500366211,0.001134258640208996,0.012268348000284897,0.8198640658922504
19,4,no_ebrem,232,0,0,0.0,0.0,0.0,0.1548314898944592,0.5947291201032813
19,5,no_ebrem,232,0,0,0.0,0.0,0.0,-6.341125937565927,1.184571909185921
19,6,light_ebrem,232,1,1,0.0009055955012306521,0.0018169879913330078,0.0009055955012307049,-0.35099283549368915,-0.3085191451454662
19,7,light_ebrem,233,1,1,0.014173736416979573,0.0284273624420166,0.01417373641697961,-0.9773288984686651,-0.5785504440936483
19,8,no_ebrem,234,0,0,0.0,0.0,0.0,0.01419138417698578,0.1915381064608341
19,9,no_ebrem,232,0,0,0.0,0.0,0.0,-0.03177935683842517,0.1660984885222134
20,0,no_ebrem,232,0,0,0.0,0.0,0.0,0.40808996346231513,1.297410201212072
20,1,no_ebrem,232,0,0,0.0,0.0,0.0,-0.0799494860900723,0.4521865840538363
20,2,no_ebrem,232,0,0,0.0,0.0,0.0,0.13815424041129726,0.22812963807728476
20,3,light_ebrem,232,1,1,0.011684684219923112,0.023436546325683594,0.01168468421992308,0.18581371557386636,0.32521065557176604
20,4,light_ebrem,232,1,1,0.0004762958706681384,0.0009553432464599609,0.00047629587066810863,-0.18850358698688843,0.968687871753754
20,5,no_ebrem,232,0,0,0.0,0.0,0.0,0.08203807564471385,0.16767127622091377
20,6,light_ebrem,232,1,1,0.0013727166858819295,0.0027561187744140625,0.0013727166858819029,-0.5507861208150092,-0.6068748069124185
20,7,light_ebrem,232,1,1,0.0036611128329539343,0.0073506832122802734,0.0036611128329538944,-0.3302331574108206,0.10297858963376078
20,8,light_ebrem,232,1,1,0.0005912258796848793,0.0011851787567138672,0.0005912258796848535,-0.1048961686325869,0.31668388854280255
20,9,light_ebrem,233,1,2,0.02971354321530941,0.05956375598907471,0.02971354321530939,0.13186375680721737,0.41047096048704074
21,0,light_ebrem,232,1,1,0.0002938502212613711,0.0005893707275390625,0.0002938502212613825,-0.04721857715225897,0.3841372927137372
21,1,no_ebrem,232,0,0,0.0,0.0,0.0,0.024442349897900714,-0.012989725620762243
21,2,light_ebrem,232,1,1,0.0011702113620710994,0.0023467540740966797,0.001170211362071072,-0.04758617646767506,0.17107471034419708
21,3,light_ebrem,234,1,1,0.0005955248926907436,0.0011937618255615234,0.0005955248926907686,-0.022624823048750697,0.21121784636146687
21,4,light_ebrem,232,1,1,0.00010694390328848937,0.00021457672119140625,0.00010694390328847003,0.1544494407011314,0.2733504746399362
21,5,light_ebrem,233,1,1,4.280775086650023e-06,8.58306884765625e-06,4.280775086629163e-06,-0.19188907949600853,0.0730199469652259
21,6,hard_ebrem,230,2,2,0.11119950220418973,0.22341406345367432,0.1113803988016735,-0.07671151296078853,0.0959477218732984
21,7,no_ebrem,230,0,0,0.0,0.0,0.0,0.016140395285247036,0.2778405394297389
21,8,no_ebrem,232,0,0,0.0,0.0,0.0,-0.1938890248533137,0.12400469409330898
21,9,light_ebrem,233,1,1,0.0006504182099991909,0.0013053417205810547,0.0006504182099992262,0.01852981819521372,0.2220684059879492
22,0,light_ebrem,232,1,1,0.015684476979997888,0.03148245811462402,0.015684476979997863,-1.3954327630371433,0.42949251118781256
22,1,no_ebrem,233,0,0,0.0,0.0,0.0,0.31080840537047183,0.4669049555692236
22,2,light_ebrem,231,2,2,0.07027744951795387,0.14209258556365967,0.0707763392900298,-6.8422550553314565,0.025777520977942732
22,3,hard_ebrem,2489,6,7,0.7695956865960327,1.6243232786655426,0.81122000322436,-0.9443811805697208,-0.6855574344246902
22,4,hard_ebrem,232,1,1,0.5207371993689043,1.0451699495315552,0.5207371993689043,-52.16320668636636,-52.12749872790218
22,5,light_ebrem,233,1,1,0.03155055232876465,0.06326699256896973,0.03155055232876469,-1.4479631223055813,0.16768426598782366
22,6,light_ebrem,233,1,1,0.0002796931034126007,0.000560760498046875,0.0002796931034125816,0.034502120437516874,0.4975837210810282
22,7,hard_ebrem,233,1,1,0.551424302900157,1.1058006286621094,0.551424302900157,-0.038881861167849974,0.07259105859587528
22,8,no_ebrem,232,0,0,0.0,0.0,0.0,-0.04461126886092707,0.019443910102658227
22,9,no_ebrem,231,0,0,0.0,0.0,0.0,0.05430710463593892,0.4186426861712236
23,0,no_ebrem,232,0,0,0.0,0.0,0.0,-0.11001936832888157,0.20205293705406344
23,1,no_ebrem,233,0,0,0.0,0.0,0.0,0.057697393912048575,1.04117240370881
23,2,light_ebrem,232,1,1,0.0010638357251427561,0.002135753631591797,0.0010638357251427921,0.0867649762743861,0.31916586813894093
23,3,light_ebrem,233,1,1,0.00012077403688346458,0.00024247169494628906,0.00012077403688348642,-0.06348701348661828,0.26015171862470005
23,4,no_ebrem,232,0,0,0.0,0.0,0.0,-0.012509808415629856,0.7480985278175697
23,5,light_ebrem,233,1,1,0.04573346499591068,0.09180378913879395,0.04573346499591069,-4.566418752512114,-0.9644169153932031
23,6,no_ebrem,233,0,0,0.0,0.0,0.0,0.019158981228642753,0.17194509131950445
23,7,hard_ebrem,232,3,3,0.7031300723969556,1.423394799232483,0.7096186902520705,-0.8234550562802935,-0.026280368000279955
23,8,no_ebrem,232,0,0,0.0,0.0,0.0,-0.10182232526791603,12.71649193115028
23,9,hard_ebrem,232,3,3,0.4736422915579463,1.0059611201286316,0.5015275473093463,-50.19380248100674,-50.22370640528877
24,0,light_ebrem,232,1,1,0.02703882069507614,0.05428445339202881,0.027038820695076127,-2.6424846984603874,-2.5142359117198874
24,1,no_ebrem,232,0,0,0.0,0.0,0.0,0.06344604209657508,0.31261266566803025
24,2,no_ebrem,232,0,0,0.0,0.0,0.0,-0.1196422331761798,0.16566984161662596
24,3,light_ebrem,233,4,4,0.049924489911452555,0.13761329650878906,0.06861886436293418,-4.951389843083239,0.9838946584680783
24,4,no_ebrem,232,0,0,0.0,0.0,0.0,0.06738687249726553,0.21066636136105005
24,5,no_ebrem,232,0,0,0.0,0.0,0.0,0.14785281641106687,0.2935442002134189
24,6,light_ebrem,232,2,2,0.09604511720654768,0.19284164905548096,0.0960793043259508,-9.338080057122603,1.8072290656954728
24,7,light_ebrem,233,1,1,0.0028162233865523046,0.00564885139465332,0.0028162233865522968,-0.06591675339757819,0.7235970055281487
24,8,no_ebrem,232,0,0,0.0,0.0,0.0,0.10773990412351567,0.2424246666674537
24,9,no_ebrem,232,0,0,0.0,0.0,0.0,0.12216178942729781,0.4245503928163353
25,0,no_ebrem,233,0,0,0.0,0.0,0.0,-0.1217915825958246,0.012049236369641142
25,1,hard_ebrem,232,3,3,0.1451377152487378,0.3958604335784912,0.19725367126089977,-14.30785362742491,0.23969932163481683
25,2,hard_ebrem,232,1,1,0.1208060543827204,0.24245774745941162,0.12080605438272041,-11.873254945668142,0.03852488713067968
25,3,light_ebrem,232,1,1,0.03333563859980966,0.06688511371612549,0.0333356385998097,-3.1583211290396154,0.7601828886859812
25,4,no_ebrem,232,0,0,0.0,0.0,0.0,-0.012840881478592038,0.08784684213002442
25,5,light_ebrem,231,1,1,0.014534933459059535,0.02916538715362549,0.01453493345905954,-1.2372239843876958,-0.9107768492947032
25,6,light_ebrem,232,2,2,0.00017884927946066847,0.0003612041473388672,0.00017991828981200886,0.029896741318744292,0.444871466055773
25,7,light_ebrem,232,1,1,0.0015952695447245635,0.0032019615173339844,0.0015952695447245535,-0.17530764711860725,0.06082115461035335
25,8,light_ebrem,232,1,1,0.0008495573706235045,0.0017037391662597656,0.0008495573706235326,0.06668683389915914,0.3367712532749898
25,9,hard_ebrem,232,1,1,0.6993704745316122,1.4027292728424072,0.6993704745316122,0.2695615505410762,0.9994944453391365
26,0,light_ebrem,232,1,1,0.0001630809461547605,0.00032711029052734375,0.00016308094615480329,0.10729125279510082,0.42517710744918974
26,1,hard_ebrem,232,1,1,0.1018752535940272,0.20448791980743408,0.10187525359402716,-9.832500060462513,0.5061554242563167
26,2,light_ebrem,232,2,2,0.003248758050050223,0.006517887115478516,0.0032531464958026612,-0.03256755085388648,0.11027642958362717
26,3,light_ebrem,232,1,1,0.017252846144522976,0.03426098823547363,0.017252846144522938,-1.1221956690861525,-0.15825066597180545
26,4,light_ebrem,232,1,1,0.002650719791850918,0.005316495895385742,0.0026507197918509418,-0.14732406789938385,0.09021479326654194
26,5,no_ebrem,232,0,0,0.0,0.0,0.0,-0.1081969070387114,0.02452757309564541
26,6,light_ebrem,233,1,1,0.0252733199059457,0.05070650577545166,0.025273319905945724,-2.4956595603778102,0.38672154241660506
26,7,hard_ebrem,4086,6,21,0.8856283729543514,1.935959537513554,0.9733151606398801,0.21859104802863413,0.2046992949466134
26,8,light_ebrem,232,1,1,0.000432625736165371,0.0008673667907714844,0.0004326257361654262,0.005303036149039003,0.08861306294502366
26,9,light_ebrem,232,1,2,0.05512398516921822,0.11054074764251709,0.05512398516921824,-5.202684963870856,1.2879392902332598
27,0,no_ebrem,231,0,0,0.0,0.0,0.0,0.40361326013069593,0.9740796847830496
27,1,light_ebrem,231,1,1,1.604777148163606e-05,3.218650817871094e-05,1.6047771481675355e-05,-0.12030091182491763,0.07552774339457476
27,2,light_ebrem,232,1,1,0.0004885599407693827,0.0009806156158447266,0.0004885599407693508,-0.3138584790038546,-0.06183094260793689
27,3,light_ebrem,232,1,1,0.08038958675931744,0.1612706184387207,0.0803895867593174,-1.1267964116232532,0.6393438911793229
27,4,light_ebrem,233,1,1,0.005535639021001418,0.01110994815826416,0.005535639021001404,-0.5917167558579258,-0.3383101596341071
27,5,light_ebrem,231,1,1,0.07012269950471714,0.13882315158843994,0.07012269950471717,-7.1604488136413025,1.0627212049808332
27,6,light_ebrem,232,1,1,0.0835729394850632,0.16779351234436035,0.08357293948506317,-8.359383744920404,-7.61978764216236
27,7,no_ebrem,232,0,0,0.0,0.0,0.0,-0.1816029197203919,0.032915127567050145
27,8,no_ebrem,232,0,0,0.0,0.0,0.0,-0.10032257370510529,0.005238297753678751
27,9,light_ebrem,232,1,1,0.001121536271820703,0.0022448301315307617,0.0011215362718206556,-0.3252557214122106,-0.12083587836332606
28,0,light_ebrem,232,1,1,2.1519144608057315e-05,4.315376281738281e-05,2.1519144608017626e-05,0.09239919226437596,0.1875550047546889
28,1,light_ebrem,232,1,1,0.001254070233160825,0.002516508102416992,0.00125407023316082,-0.25883593235196656,0.24522821916746043
28,2,light_ebrem,231,1,1,0.031325270974020006,0.06280434131622314,0.03132527097402005,0.084365807672804,0.37123104772637466
28,3,hard_ebrem,232,1,1,0.23962355100453342,0.48048198223114014,0.23962355100453347,-0.7600174819017894,-0.3709599967899482
28,4,light_ebrem,231,1,1,0.00033564044057411745,0.0006735324859619141,0.00033564044057410314,-0.018527976228836573,0.2960055002980221
28,5,no_ebrem,232,0,0,0.0,0.0,0.0,0.0729994613955488,0.8411145040457636
28,6,light_ebrem,232,1,1,0.0006720323849945499,0.0013477802276611328,0.0006720323849945808,-0.2354543748185457,0.26919816340488795
28,7,light_ebrem,232,1,1,0.03748455355860325,0.07515764236450195,0.03748455355860325,-1.73346504242244,1.6985146833250062
28,8,light_ebrem,234,1,1,0.08503501403306496,0.17060041427612305,0.0850350140330649,-8.038334089098123,0.8655163297223643
28,9,light_ebrem,232,3,3,0.0001321743355713824,0.0003323554992675781,0.00016569250781295342,-0.07055813942044786,0.5170764927747387
29,0,hard_ebrem,232,1,1,0.21136109109844567,0.42386770248413086,0.2113610910984457,-0.17851988337489644,-0.031027919053001094
29,1,light_ebrem,232,1,1,0.00041565669538307277,0.0008337497711181641,0.00041565669538312644,0.06869623024143452,0.11527200901419056
29,2,light_ebrem,231,1,1,0.0019482240489717053,0.003911733627319336,0.0019482240489716585,-0.4505690692360637,0.0882823476849382
29,3,light_ebrem,232,3,3,0.0009255576348043906,0.0019197463989257812,0.0009571428742879418,0.2732452714353954,0.2748464076587093
29,4,light_ebrem,232,2,2,0.00019272702196921598,0.0006051063537597656,0.0003016099562281882,0.048871555785459445,0.1776484095760192
29,5,light_ebrem,232,1,1,0.008331030449766533,0.01671123504638672,0.008331030449766574,0.08652505423821161,0.3645601939421131
29,6,no_ebrem,231,0,0,0.0,0.0,0.0,-0.08080903253051493,-0.04009036372227786
29,7,light_ebrem,231,2,2,0.0033452790622009116,0.0070226192474365234,0.003497649706382999,-0.4586769138338613,1.2246638205586915
29,8,no_ebrem,232,0,0,0.0,0.0,0.0,-0.09546428539866406,0.115395282861519
29,9,light_ebrem,232,1,1,4.2994717469478206e-05,8.630752563476562e-05,4.299471746949113e-05,-0.06982123505601055,0.12412903432146295
30,0,no_ebrem,232,0,0,0.0,0.0,0.0,-0.1142691573838415,-0.05735787470468275
30,1,hard_ebrem,232,2,2,0.23736442943662056,0.6690858602523804,0.3335994736635207,-5.881573376838911,-0.6373933973036057
30,2,hard_ebrem,441,8,48,0.841860889003418,1.9734370755031705,0.9916297933126537,-76.24893302709766,-76.04620287642425
30,3,no_ebrem,232,0,0,0.0,0.0,0.0,0.18339030562864891,0.06202560519677821
30,4,light_ebrem,233,1,1,0.0022047272377806026,0.004419445991516113,0.002204727237780646,-0.07013151190252806,0.2865516416904553
30,5,no_ebrem,233,0,0,0.0,0.0,0.0,-0.18241557122495547,0.32446247148866353
30,6,no_ebrem,231,0,0,0.0,0.0,0.0,-0.018463268600026603,0.08616193118214541
30,7,no_ebrem,232,0,0,0.0,0.0,0.0,0.13742075652390598,0.6661801054252606
30,8,light_ebrem,231,1,1,0.000773823222562038,0.0015528202056884766,0.0007738232225620312,-0.012238003093225676,0.27603859616348336
30,9,no_ebrem,232,0,0,0.0,0.0,0.0,0.009174544569647369,0.374178765105331
31,0,no_ebrem,232,0,0,0.0,0.0,0.0,0.013524464264801682,0.10862111655219923
31,1,no_ebrem,232,0,0,0.0,0.0,0.0,-0.6170981414648548,-0.30207901894295247
31,2,light_ebrem,233,2,2,0.013140207699540017,0.027263760566711426,0.01358042437081075,-1.4697869485076802,-1.0610851989978323
31,3,no_ebrem,232,0,0,0.0,0.0,0.0,-0.050767838188095826,0.026587089383923287
31,4,light_ebrem,232,3,3,0.041924587894680405,0.13911426067352295,0.06937283177254983,-4.907597362370701,0.29440368810328377
31,5,hard_ebrem,233,2,2,0.12805725376561863,0.2577599287033081,0.12849471109586597,-0.17525059582852387,-0.0701583859457169
31,6,no_ebrem,232,0,0,0.0,0.0,0.0,-0.03040040845533577,0.4407637107018295
31,7,no_ebrem,233,0,0,0.0,0.0,0.0,0.011965065117046687,0.14660630786822704
31,8,no_ebrem,232,0,0,0.0,0.0,0.0,0.2537178901448246,0.3405316051312339
31,9,no_ebrem,232,0,0,0.0,0.0,0.0,0.14782684716661218,0.524892726253359
32,0,no_ebrem,232,0,0,0.0,0.0,0.0,-0.04831796267046978,0.18924437300094488
32,1,light_ebrem,233,1,1,0.04961623542786074,0.09960389137268066,0.049616235427860755,-4.957716962669535,-3.79993091912798
32,2,light_ebrem,232,1,1,0.0034213142259387893,0.006869077682495117,0.003421314225938832,-0.4482349354509814,-0.2649671318034107
32,3,light_ebrem,232,1,1,0.016437850308051942,0.03299558162689209,0.016437850308051893,-1.6424091137959518,0.06568112928200096
32,4,no_ebrem,230,0,0,0.0,0.0,0.0,-0.08442801322366891,3.2090710351881353
32,5,light_ebrem,232,1,1,0.0007672859774774175,0.001539468765258789,0.0007672859774774388,-0.0012221725388124908,1.3943596589395975
32,6,no_ebrem,231,0,0,0.0,0.0,0.0,-0.09457268649605925,0.0697268874180014
32,7,light_ebrem,232,2,2,0.001862032327904,0.0039365291595458984,0.001961872297006062,-0.05804868390774006,0.2864344562799773
32,8,light_ebrem,232,2,2,0.0004062669376854684,0.0011510848999023438,0.000573385719313646,0.11177505106515541,0.8877545363564612
32,9,light_ebrem,232,2,2,0.04015569683280432,0.12125349044799805,0.060405156508061775,-5.661075166805609,-3.476972472774909
33,0,no_ebrem,232,0,0,0.0,0.0,0.0,-0.1118019986489589,-0.2872729248096697
33,1,light_ebrem,232,1,1,2.709773296562819e-05,5.435943603515625e-05,2.709773296560858e-05,0.3900289747015729,0.7127360689437969
33,2,hard_ebrem,232,1,1,0.7028786611395841,1.4099860191345215,0.7028786611395841,0.16211196526622068,0.2483897217055478
33,3,light_ebrem,232,1,1,6.863554088427988e-05,0.00013780593872070312,6.863554088432089e-05,-0.0009836983908609624,0.30357140555345513
33,4,hard_ebrem,232,1,2,0.22641455273150768,0.4541512727737427,0.22641455273150768,-21.45143287087989,0.22841575880415088
33,5,no_ebrem,232,0,0,0.0,0.0,0.0,0.17574506602193835,0.3856582524936611
33,6,light_ebrem,231,1,1,0.0007065878287601102,0.001416921615600586,0.0007065878287600968,-0.0870839197534238,-0.15076398371697564
33,7,hard_ebrem,232,2,2,0.21721610083654164,0.557579755783081,0.2779520916173469,-6.856504964184618,-0.8179791440537947
33,8,hard_ebrem,232,2,2,0.15723989185533405,0.3161609172821045,0.1575637277600278,-15.212346617689962,-0.7281825899758717
33,9,no_ebrem,232,0,0,0.0,0.0,0.0,-0.156792337867081,0.13810126514856827
34,0,light_ebrem,232,1,2,0.0038268596886247585,0.007677674293518066,0.0038268596886247286,-0.6011565588395954,-0.4382700783418775
34,1,light_ebrem,232,1,1,0.06959157419011071,0.13962578773498535,0.06959157419011075,-6.514383238971657,0.7965837653395234
34,2,no_ebrem,231,0,0,0.0,0.0,0.0,0.06376363041539194,0.26266450164202854
34,3,light_ebrem,232,1,1,0.023405370106095096,0.0469895601272583,0.023405370106095114,-2.2470357309509543,-2.0052845739262617
34,4,no_ebrem,233,0,0,0.0,0.0,0.0,-0.020780774159039755,0.4258756423517952
34,5,no_ebrem,232,0,0,0.0,0.0,0.0,-0.21504613709570652,-0.1773330571120147
34,6,no_ebrem,232,0,0,0.0,0.0,0.0,0.2894943873395796,0.43218356964052085
34,7,light_ebrem,232,2,2,0.012353619390623011,0.02480316162109375,0.012366761655519198,-1.2446423455424294,-0.5377617006755301
34,8,no_ebrem,232,0,0,0.0,0.0,0.0,-29.015277797322394,-28.79640282350613
34,9,hard_ebrem,232,2,3,0.49784667969272706,0.9979896545410156,0.49786764085056623,-0.0245907094663996,-0.09271190708826665
35,0,hard_ebrem,929,6,12,0.6495526714286173,1.4982619285583496,0.7475978783869772,-70.70669799904299,-70.71285786605534
35,1,no_ebrem,233,0,0,0.0,0.0,0.0,0.004350362045452693,0.3175687583880754
35,2,no_ebrem,231,0,0,0.0,0.0,0.0,0.03269386370682087,0.21558639308127517
35,3,light_ebrem,232,1,1,6.0445821780541526e-05,0.00012135505676269531,6.044582178055258e-05,0.27145000111282785,0.5063385124310398
35,4,light_ebrem,232,2,2,0.00018301767040952252,0.000370025634765625,0.00018432534082546415,-0.6668594928104219,0.00843000043986994
35,5,no_ebrem,232,0,0,0.0,0.0,0.0,0.04081172482871294,0.3549369468523194
35,6,hard_ebrem,232,1,1,0.429399586512304,0.8607833385467529,0.4293995865123039,-42.933112023920586,-42.828635007681925
35,7,light_ebrem,233,1,1,2.020633040559454e-06,4.0531158447265625e-06,2.020633040555886e-06,-0.012742783230077681,1.1983588291472844
35,8,light_ebrem,233,1,1,0.00012567667027620834,0.0002522468566894531,0.0001256766702761869,-0.05206760512466839,0.24084407858618623
35,9,no_ebrem,232,0,0,0.0,0.0,0.0,-0.19703458827983353,-0.08771071894863852
36,0,hard_ebrem,231,1,1,0.48871133112529835,0.9808523654937744,0.4887113311252984,-48.90678995218061,-48.88764716927257
36,1,hard_ebrem,232,1,1,0.334813973357035,0.6717929840087891,0.334813973357035,-33.3561849856589,-33.36756798871114
36,2,hard_ebrem,232,3,3,0.14124078806782017,0.4059934616088867,0.2024529533092313,-19.734981877252725,-7.329434342268911
36,3,light_ebrem,232,1,1,8.202233313596462e-06,1.6450881958007812e-05,8.202233313547858e-06,0.05742520823441435,0.47605956677519456
36,4,hard_ebrem,232,2,4,0.1436513520363384,0.2892805337905884,0.1441018081337495,-14.22283612134118,-14.33595490722464
36,5,light_ebrem,232,2,2,0.006759789662156694,0.017965316772460938,0.008955360660888534,-0.9450235717027885,-0.02125958637397715
36,6,no_ebrem,232,0,0,0.0,0.0,0.0,-0.2427930758882325,1.0756867846351734
36,7,hard_ebrem,232,1,1,0.32839793254618027,0.6585280895233154,0.3283979325461803,-0.16490294092142146,-0.07915557050991208
36,8,light_ebrem,232,3,3,0.06889686532161335,0.145654559135437,0.07261727687977926,-0.3237839562703115,1.2116907684731086
36,9,hard_ebrem,230,2,2,0.112739605071043,0.24010002613067627,0.11963084124660917,-11.756367067261882,1.0000436825363872
37,0,light_ebrem,232,1,1,0.02909074451598894,0.05838799476623535,0.02909074451598892,-2.8599212417747975,-0.024507623833982563
37,1,light_ebrem,231,2,2,0.008922791306778817,0.03012871742248535,0.015013248635484144,-1.4629240451672307,-1.2450400644923487
37,2,light_ebrem,232,1,1,0.04615944979048392,0.09266829490661621,0.04615944979048392,-4.7093052761437875,-2.29008105376609
37,3,no_ebrem,233,0,0,0.0,0.0,0.0,-0.12010617295358698,-0.05225513089714288
37,4,light_ebrem,233,1,1,6.123394362767479e-05,0.0001227855682373047,6.123394362766987e-05,-0.17062538179868877,0.21115284110172441
37,5,light_ebrem,233,1,1,0.0019029000139132173,0.003815174102783203,0.0019029000139132446,-0.01462595645712017,0.27982043484986596
37,6,light_ebrem,232,1,1,0.0125354230971065,0.0251615047454834,0.012535423097106535,-1.3195787062911088,0.13486233708328887
37,7,light_ebrem,233,1,1,0.07535439716719886,0.1512157917022705,0.07535439716719883,-7.713295947456836,-6.901281522934908
37,8,light_ebrem,232,2,2,0.006990809577301463,0.01681196689605713,0.0083762591531511,-0.7652448187328005,-0.21911298501112297
37,9,light_ebrem,232,1,1,0.00014302777069045912,0.0002868175506591797,0.00014302777069041817,-0.01847621013248648,0.2944948467738513
38,0,light_ebrem,232,1,1,0.010744178080034365,0.02155125141143799,0.010744178080034361,-1.0397527757365241,-0.6798181842300887
38,1,light_ebrem,233,2,2,0.06849270327647382,0.13749957084655762,0.06849448674674741,-6.748402146558843,-0.27967041889716965
38,2,no_ebrem,233,0,0,0.0,0.0,0.0,0.06063320498745628,0.5864970752101466
38,3,no_ebrem,231,0,0,0.0,0.0,0.0,-0.07986546947920346,0.07978825372002173
38,4,no_ebrem,233,0,0,0.0,0.0,0.0,0.08799054191748094,0.0970956835507058
38,5,hard_ebrem,233,1,1,0.2350703232046665,0.47148847579956055,0.23507032320466648,-23.65908849227752,-23.61498498198094
38,6,light_ebrem,232,1,1,0.041697878855329544,0.0836101770401001,0.041697878855329495,0.003981361389068122,0.05136518530442201
38,7,hard_ebrem,471,8,17,0.9157744338231352,1.9637508457526565,0.9892307331979,-85.1897825883572,-85.19155887751086
38,8,no_ebrem,232,0,0,0.0,0.0,0.0,0.009070955157265682,0.334594679258047
38,9,no_ebrem,231,0,0,0.0,0.0,0.0,0.13821915100734922,0.3431320826129629
39,0,light_ebrem,232,1,1,0.040041437456823606,0.08035874366760254,0.04004143745682365,-3.916043276178045,0.37276357829585527
39,1,no_ebrem,232,0,0,0.0,0.0,0.0,-0.044514258022773236,0.092465084004012
39,2,no_ebrem,231,0,0,0.0,0.0,0.0,-0.025510461285983044,0.5114249155916442
39,3,hard_ebrem,233,2,2,0.12263446323215951,0.24592089653015137,0.12265303348418444,-0.14128266650730292,-0.17323054896184065
39,4,light_ebrem,232,1,1,0.0003457094793396723,0.0006940364837646484,0.0003457094793396509,0.002958531700011145,0.4732419943537317
39,5,no_ebrem,232,0,0,0.0,0.0,0.0,0.11137177614671111,0.9748045116961679
39,6,hard_ebrem,231,1,2,0.3402821582464797,0.6825670003890991,0.34028215824647967,-34.13266187745153,-34.140344717832726
39,7,light_ebrem,232,1,1,0.0013775696011395198,0.0027632713317871094,0.00137756960113955,-0.11641329059526669,0.4568167741275875
39,8,light_ebrem,232,1,1,0.06075390069843972,0.1219778060913086,0.06075390069843967,-6.011946817713279,-5.661034839781957
39,9,light_ebrem,233,1,1,0.0008259767061744609,0.0016584396362304688,0.0008259767061744583,-0.08712370642487281,0.13949036863768566
40,0,no_ebrem,232,0,0,0.0,0.0,0.0,0.1201253350298644,0.31673600233762844
40,1,no_ebrem,233,0,0,0.0,0.0,0.0,-0.18320241166049508,0.07541208871302145
40,2,light_ebrem,232,1,1,0.0020143705783829376,0.0040433406829833984,0.00201437057838294,-0.1183248498155655,0.019520588007136144
40,3,light_ebrem,233,1,1,0.0004805446584940786,0.0009636878967285156,0.00048054465849411976,-0.06784963924053963,0.05392581000485358
40,4,no_ebrem,232,0,0,0.0,0.0,0.0,-0.099941421890475,0.3700767896423752
40,5,no_ebrem,232,0,0,0.0,0.0,0.0,-0.1556168952705857,0.04749792366147411
40,6,no_ebrem,231,0,0,0.0,0.0,0.0,-0.11721953465133393,0.15281318906916555
40,7,no_ebrem,232,0,0,0.0,0.0,0.0,-0.05040570804519295,2.6533412574416237
40,8,light_ebrem,232,1,1,0.0005620064832268945,0.001127004623413086,0.0005620064832269067,-0.16228988334754166,0.03426789417871266
40,9,light_ebrem,232,2,2,0.008146180703525458,0.01856231689453125,0.009253666630218205,-0.08119033035164093,1.2940626362017205
41,0,light_ebrem,231,2,2,0.0075445616544631755,0.02366042137145996,0.011791915375380935,-1.1705286746818189,-0.9926098195114971
41,1,no_ebrem,232,0,0,0.0,0.0,0.0,-0.21849427834119592,0.016782478631425155
41,2,no_ebrem,231,0,0,0.0,0.0,0.0,0.10332886164109681,0.24954768816648049
41,3,light_ebrem,232,3,3,0.03537791796151861,0.07774317264556885,0.03875228041870615,-3.3405849437897612,0.857495591623623
41,4,no_ebrem,233,0,0,0.0,0.0,0.0,0.051190230794502765,0.28664822872252005
41,5,light_ebrem,233,1,1,0.00708820189706179,0.014225125312805176,0.00708820189706183,-0.6910160588464144,1.3927491905201437
41,6,hard_ebrem,232,1,1,0.21063648664582335,0.42251038551330566,0.21063648664582335,-20.13928214615224,0.03741713648687953
41,7,no_ebrem,232,0,0,0.0,0.0,0.0,-0.0210644492859704,0.11211889695400835
41,8,light_ebrem,233,1,1,0.00010052732881776297,0.00020170211791992188,0.0001005273288177122,-0.08716146234818514,0.048975227665234676
41,9,light_ebrem,231,1,1,0.00743588808351025,0.014921903610229492,0.007435888083510256,-0.5948382852705665,0.33379859247330623
42,0,light_ebrem,232,2,2,0.009562970477866781,0.019278287887573242,0.00961192947156575,-0.5155422193551366,-0.21288045365402072
42,1,hard_ebrem,230,2,2,0.22983749332558057,0.46154963970184326,0.2299088158899879,-23.131426548021576,-23.141316322396385
42,2,light_ebrem,233,1,1,0.0488359697159801,0.09801459312438965,0.04883596971598014,-4.941927198439919,-0.6271614511593229
42,3,light_ebrem,232,3,3,0.05838208901512473,0.11751842498779297,0.05858035851179044,-5.38895480158179,0.6151453630632557
42,4,hard_ebrem,232,2,2,0.28145331797098627,0.5645449161529541,0.28145921052166456,-0.15943694061113448,0.2508357946477073
42,5,hard_ebrem,231,1,1,0.11119180162214085,0.22297024726867676,0.11119180162214082,-10.694012677868102,0.1030943047534617
42,6,hard_ebrem,233,2,2,0.22290667189812916,0.44739651679992676,0.22306611468930104,-21.584681201398705,0.22446223524526226
42,7,light_ebrem,232,1,1,0.006092031364043712,0.01222848892211914,0.006092031364043682,-0.7283302384284518,0.7600700312300136
42,8,no_ebrem,232,0,0,0.0,0.0,0.0,-0.153662596127485,1.6420196158632596
42,9,hard_ebrem,232,2,3,0.10646854023148787,0.21373367309570312,0.10647978005703207,-10.459040266357224,-0.062084101862464415
43,0,light_ebrem,233,1,1,0.00032520499210471245,0.0006520748138427734,0.00032520499210475506,-0.22004103062980057,-0.1689277135116737
43,1,light_ebrem,233,1,1,0.019515392628409085,0.03911852836608887,0.019515392628409067,-0.8393508777879753,0.13386279037003956
43,2,light_ebrem,232,2,2,0.0038398536868284767,0.008599519729614258,0.004284580298904217,-0.3262396726019392,0.32922533162831524
43,3,light_ebrem,233,1,1,0.02080372874900219,0.04174923896789551,0.02080372874900216,-2.0296147577149637,-0.33711329040906973
43,4,light_ebrem,232,2,2,0.02520552613860234,0.05090677738189697,0.025355368542986034,-2.580568101850471,-1.7851255454514647
43,5,light_ebrem,232,1,1,0.00011061835183408436,0.0002219676971435547,0.00011061835183412416,-0.09551698599169973,0.8279512072162458
43,6,light_ebrem,233,1,1,8.431026853302301e-07,1.6689300537109375e-06,8.431026853328305e-07,-1.2758133841764092,-0.032406850050117814
43,7,no_ebrem,232,0,0,0.0,0.0,0.0,0.20398327858314136,2.440006980593079
43,8,no_ebrem,232,0,0,0.0,0.0,0.0,0.06371074269177548,0.6019416064936789
43,9,light_ebrem,232,1,1,0.04968836017901823,0.09970271587371826,0.04968836017901823,-4.895906696552237,-0.22823801723930895
44,0,light_ebrem,232,1,1,9.60079832958006e-05,0.00019240379333496094,9.600798329578719e-05,-0.1863303021903027,-0.11671580885619268
44,1,no_ebrem,232,0,0,0.0,0.0,0.0,-0.024286619765271935,1.7458161965622108
44,2,light_ebrem,232,3,3,0.0170990024290847,0.05479323863983154,0.02731106722588028,-2.3234783836019894,-0.06708683703660004
44,3,light_ebrem,232,2,2,0.01234099739367506,0.027356743812561035,0.01364096977083673,-0.046235576680184784,0.14658578338323894
44,4,no_ebrem,233,0,0,0.0,0.0,0.0,0.06793783568923673,0.7357411765718886
44,5,no_ebrem,232,0,0,0.0,0.0,0.0,-0.0708684116909036,0.23246714350830763
44,6,no_ebrem,232,0,0,0.0,0.0,0.0,-0.05015452923546512,0.19239584680215688
44,7,light_ebrem,232,1,1,0.02096826918743401,0.042040467262268066,0.020968269187433997,-0.42996638092212197,-0.08747163152360951
44,8,hard_ebrem,50,4,4,0.925798167691213,1.9720576470717788,0.986736865742421,-8.306317866584816,-7.81448774441623
44,9,light_ebrem,232,1,1,0.04481185069223433,0.08986783027648926,0.04481185069223437,-2.0455424622895335,0.5421908725183312
45,0,light_ebrem,233,2,2,0.041348869975275204,0.11776649951934814,0.058706372616025404,-2.259720580594238,-0.056011964486490505
45,1,no_ebrem,232,0,0,0.0,0.0,0.0,-0.1927080117574944,0.9267807204740295
45,2,no_ebrem,232,0,0,0.0,0.0,0.0,-0.0900314686957183,0.2067391812304589
45,3,light_ebrem,233,1,1,0.03545478511734821,0.07115066051483154,0.03545478511734823,-3.255943715200047,-2.653803512870657
45,4,light_ebrem,232,1,1,0.030652468415194124,0.061406731605529785,0.03065246841519409,-0.22432657292204972,-0.01605608529586692
45,5,hard_ebrem,232,2,2,0.26569918278031407,0.5359176397323608,0.2669455056300285,-26.670707552198028,-26.59276769635742
45,6,no_ebrem,231,0,0,0.0,0.0,0.0,-0.15470801622294555,0.3052386377062547
45,7,light_ebrem,232,1,1,0.0003744245687138575,0.000751495361328125,0.0003744245687138381,-0.12195947469388338,0.21145942368626658
45,8,no_ebrem,231,0,0,0.0,0.0,0.0,0.0815193757390614,0.24226855698427033
45,9,no_ebrem,233,0,0,0.0,0.0,0.0,-1.2353928982358646,-0.7040887803052496
46,0,hard_ebrem,233,2,2,0.5223618946661225,1.1597892045974731,0.578538212126934,-11.53073857469018,0.5022911116198124
46,1,no_ebrem,233,0,0,0.0,0.0,0.0,0.12492721686862797,0.44894036894719996
46,2,light_ebrem,232,2,2,0.005925895105940136,0.015669941902160645,0.007818733952153711,-0.28646841599896755,-0.3372428625279262
46,3,light_ebrem,232,1,1,2.6158755585191575e-05,5.245208740234375e-05,2.6158755585203863e-05,-0.006167299167657736,0.12038488443493144
46,4,no_ebrem,231,0,0,0.0,0.0,0.0,-0.2570530977829302,0.029358119234596334
46,5,no_ebrem,231,0,0,0.0,0.0,0.0,0.1618381610450513,0.391763239734012
46,6,no_ebrem,233,0,0,0.0,0.0,0.0,-0.07059692355961551,0.15840393621456972
46,7,light_ebrem,233,4,4,0.06658911548558555,0.15876567363739014,0.07927258925443947,-6.3560800430421525,1.1472666442719683
46,8,no_ebrem,232,0,0,0.0,0.0,0.0,0.07701339654540586,0.5976386847831364
46,9,no_ebrem,232,0,0,0.0,0.0,0.0,-0.25021888164322353,-0.12010617295358698
47,0,no_ebrem,231,0,0,0.0,0.0,0.0,-0.10634955390832738,-0.005209380896476
47,1,hard_ebrem,232,1,1,0.1659755048806637,0.3327782154083252,0.1659755048806637,-0.06473371280110661,0.17842795682344845
47,2,light_ebrem,232,1,1,0.005507043398130093,0.011050939559936523,0.005507043398130129,-0.5845518486456511,6.340089681122153
47,3,light_ebrem,231,2,2,0.008734402124015165,0.019215703010559082,0.009682415311449089,-2.180285563885098,-2.1600023088752667
47,4,light_ebrem,232,2,2,0.0639719676208959,0.12879061698913574,0.06445399530990059,-6.676718477541192,3.4784468508603514
47,5,no_ebrem,232,0,0,0.0,0.0,0.0,-0.2001938483217255,0.6278074310880962
47,6,hard_ebrem,233,1,2,0.12025609258759451,0.2411435842514038,0.12025609258759451,-0.13690606661192606,0.3552303112582167
47,7,light_ebrem,232,1,1,0.0056947051654321484,0.01141977310180664,0.0056947051654321346,-0.10164043214233598,-0.0888738306386785
47,8,light_ebrem,232,2,2,0.016610850564607288,0.03509652614593506,0.017491561772496667,-1.710676021118226,-1.0715266729230843
47,9,light_ebrem,232,3,3,0.004436572384420985,0.010593295097351074,0.0052823903268738315,-0.2761750049563839,-0.09186548796399203
48,0,no_ebrem,232,0,0,0.0,0.0,0.0,-0.03663634947685376,0.6873592403504932
48,1,no_ebrem,232,0,0,0.0,0.0,0.0,-0.30433832485673357,0.009555503523418205
48,2,hard_ebrem,232,1,1,0.12569490753773757,0.2519749402999878,0.1256949075377376,-10.102428387313793,0.4458761415177965
48,3,hard_ebrem,841,7,40,0.9335674105416536,1.9600552655756474,0.98285491937746,-62.37499658367684,-2.443747472324183
48,4,light_ebrem,232,1,1,0.0009393834058337016,0.0018858909606933594,0.0009393834058336603,-0.11001835616341125,0.03292808240704077
48,5,light_ebrem,231,2,2,0.043126768038426105,0.08876395225524902,0.044336352255904043,-4.404253578891253,-0.3144309760320398
48,6,no_ebrem,232,0,0,0.0,0.0,0.0,-0.06569049096887779,0.0823622658160665
48,7,hard_ebrem,42,10,15,0.9292137478583985,1.9275281131267548,0.9702863927008695,11.621125745652197,10.455860114811866
48,8,no_ebrem,232,0,0,0.0,0.0,0.0,0.19767907134163024,0.4301519323207422
48,9,hard_ebrem,232,2,2,0.3544154063263151,0.7150239944458008,0.3563418050233468,-35.80120234290706,-35.766896138487056
49,0,no_ebrem,231,0,0,0.0,0.0,0.0,0.21104338942582,0.239634279411217
49,1,hard_ebrem,231,2,2,0.16403458209824423,0.33190906047821045,0.1655009874365888,0.06581724437894229,0.2281936058932323
49,2,hard_ebrem,232,1,1,0.18257008021149584,0.3663759231567383,0.1825700802114958,-18.456028704393248,-18.21161619793927
49,3,no_ebrem,232,0,0,0.0,0.0,0.0,-0.20373327148377407,-0.057647812360862125
49,4,no_ebrem,233,0,0,0.0,0.0,0.0,-0.018942103069849923,0.14143233069430763
49,5,no_ebrem,233,0,0,0.0,0.0,0.0,0.01662059564204809,0.2355758116165626
49,6,no_ebrem,232,0,0,0.0,0.0,0.0,0.0689295847240299,0.3724309825791352
49,7,light_ebrem,232,1,1,0.00011884891498071558,0.0002384185791015625,0.00011884891498070704,0.06111280197482504,1.1208032856900565
49,8,light_ebrem,232,1,1,0.040814406400583515,0.08186113834381104,0.040814406400583536,-0.22302583452406285,-0.14041871313196574
49,9,no_ebrem,232,0,0,0.0,0.0,0.0,0.06347196759803553,0.2865386210757636
50,0,no_ebrem,232,0,0,0.0,0.0,0.0,-0.07555458145725526,0.0779664259362636
50,1,no_ebrem,232,0,0,0.0,0.0,0.0,-0.05264311301993832,0.6197392543743919
50,2,no_ebrem,233,0,0,0.0,0.0,0.0,-0.02508242506903857,0.18627607496459475
50,3,no_ebrem,233,0,0,0.0,0.0,0.0,-0.06987941211149368,0.12974253926573287
50,4,no_ebrem,232,0,0,0.0,0.0,0.0,-0.05144137897333453,0.00796282807824232
50,5,no_ebrem,232,0,0,0.0,0.0,0.0,-0.1315090229242866,0.8667215262236443
50,6,hard_ebrem,232,1,1,0.5488453397094681,1.101051688194275,0.5488453397094681,-54.96932576620389,-54.97321598186232
50,7,light_ebrem,233,1,1,0.0014682075274355375,0.0029435157775878906,0.0014682075274354833,0.07687076785795176,0.17032125843030693
50,8,light_ebrem,233,1,1,0.06959129771607094,0.13969194889068604,0.06959129771607098,-6.885704224261724,-6.6938031396811635
50,9,no_ebrem,232,0,0,0.0,0.0,0.0,0.20162503812072174,0.8287946995084337
51,0,no_ebrem,232,0,0,0.0,0.0,0.0,0.14057441542268048,0.26909296940796074
51,1,light_ebrem,233,2,2,0.00044054296742618174,0.0009069442749023438,0.0004517311895808618,-0.3348574351516625,-0.13427318436719354
51,2,no_ebrem,232,0,0,0.0,0.0,0.0,0.17582951317874868,0.4842419729780123
51,3,hard_ebrem,232,1,1,0.10037520966445607,0.20140182971954346,0.10037520966445612,-9.448402667185995,0.4871505773625554
51,4,light_ebrem,233,1,1,0.003737818129266972,0.007504701614379883,0.00373781812926699,0.011803197721815973,0.9483599102528868
51,5,no_ebrem,233,0,0,0.0,0.0,0.0,-1.9291280921533671,0.42416522832914916
51,6,no_ebrem,232,0,0,0.0,0.0,0.0,-0.10910763990431088,0.05678363356767034
51,7,no_ebrem,233,0,0,0.0,0.0,0.0,-0.018529001163794266,0.16613096192211452
51,8,light_ebrem,232,1,1,0.013605875171089578,0.027215003967285156,0.013605875171089576,-1.7502577559707098,-0.9660222678127861
51,9,no_ebrem,231,0,0,0.0,0.0,0.0,0.02435168148386564,0.32363397106218195
52,0,hard_ebrem,452,15,22,0.5813169447312692,0.4268314838409424,0.8127984515909918,-73.7635909371981,-72.52999696315742
52,1,hard_ebrem,1198,33,34,0.7904351838749071,1.8307668552733958,0.9472321198509546,-86.7439190536599,-86.76676131099363
52,2,light_ebrem,232,2,2,0.016211030009501564,0.036162376403808594,0.018034061020106518,-0.20060002438748317,0.7322729912666818
52,3,no_ebrem,231,0,0,0.0,0.0,0.0,-0.0071585867726045235,0.10608467527499155
52,4,no_ebrem,232,0,0,0.0,0.0,0.0,-0.09888940785055474,-0.022152494199568815
52,5,light_ebrem,232,1,1,0.00030564903080866206,0.0006134510040283203,0.00030564903080865236,-0.1827186997469446,0.0645284432112536
52,6,no_ebrem,232,0,0,0.0,0.0,0.0,-0.038809689655265794,0.2057262557486229
52,7,no_ebrem,232,0,0,0.0,0.0,0.0,-0.02453350376306175,0.38593766845513894
52,8,hard_ebrem,233,2,2,0.12484861762983011,0.35605335235595703,0.1774249612398725,-17.421616552520668,-3.7013092829015326
52,9,no_ebrem,232,0,0,0.0,0.0,0.0,0.05966106303653775,-0.0854167248530185
53,0,hard_ebrem,232,2,2,0.22955751012808445,0.5690995454788208,0.2837204740755285,-6.762286740922817,2.4335826743930107
53,1,no_ebrem,233,0,0,0.0,0.0,0.0,0.00692152327391597,2.228615621667793
53,2,light_ebrem,232,1,1,1.4137392166744244e-05,2.8371810913085938e-05,1.413739216671317e-05,-0.08593470598836983,-0.08850653003289409
53,3,no_ebrem,233,0,0,0.0,0.0,0.0,-0.0766727335677938,0.42353961326623185
53,4,light_ebrem,232,1,1,0.014087814724362876,0.02826821804046631,0.014087814724362824,-1.6518634339317593,2.019393809387898
53,5,light_ebrem,232,1,1,0.009544303312879117,0.019139885902404785,0.009544303312879143,0.14042511417243425,1.9078584019078582
53,6,no_ebrem,233,0,0,0.0,0.0,0.0,0.011361891946019418,0.09881987707152577
53,7,no_ebrem,232,0,0,0.0,0.0,0.0,-0.0201262280767661,0.4343839683288318
53,8,light_ebrem,231,2,2,0.0006464312931641909,0.0017044544219970703,0.0008491158390094844,0.13205951035994837,0.43490633232695375
53,9,no_ebrem,232,0,0,0.0,0.0,0.0,-0.14857070009922105,0.2294096316716495
54,0,no_ebrem,232,0,0,0.0,0.0,0.0,-0.23808937376759073,0.028750320454793674
54,1,light_ebrem,232,1,1,0.0001375236238722944,0.0002758502960205078,0.00013752362387231543,-0.14376874060900574,-0.126067207867536
54,2,light_ebrem,232,1,1,7.766998593033145e-05,0.00015592575073242188,7.766998593028429e-05,0.03528488670956167,0.1755816159445011
54,3,hard_ebrem,232,2,2,0.21801439303471656,0.4466210603713989,0.22248218167955824,-21.785609019886884,28.30378575302003
54,4,hard_ebrem,1397,9,18,0.8643420297228004,1.9113271087408066,0.962426649094085,-86.46698854006588,1.255727543372376
54,5,no_ebrem,232,0,0,0.0,0.0,0.0,-0.019758430025783993,0.1689822085180514
54,6,no_ebrem,232,0,0,0.0,0.0,0.0,0.17213345934238553,0.3542785129861451
54,7,light_ebrem,232,1,1,0.0008943002710760823,0.001764059066772461,0.000894300271076065,-1.5697695227902493,-1.3763400934726027
54,8,no_ebrem,233,0,0,0.0,0.0,0.0,-0.00442620434911709,0.03800016008337709
54,9,no_ebrem,232,0,0,0.0,0.0,0.0,-0.29934444798431814,-0.17868758481032643
55,0,hard_ebrem,232,1,1,0.29804530234427823,0.5981993675231934,0.2980453023442782,-29.80049389432845,-29.745468769852028
55,1,no_ebrem,232,0,0,0.0,0.0,0.0,-0.17238004622365175,0.3306056369562634
55,2,hard_ebrem,233,3,3,0.33236273758054136,0.717917799949646,0.3579208108023316,-33.72286190740347,-33.69907086138632
55,3,light_ebrem,231,1,1,0.03520560954619823,0.07065379619598389,0.035205609546198224,-3.486482174029618,-0.31488223362467643
55,4,light_ebrem,232,2,2,0.00015848069680146008,0.0003249645233154297,0.00016204614243986448,0.0551570518412063,0.35337888464137923
55,5,light_ebrem,233,1,1,0.00016005011338962377,0.0003211498260498047,0.00016005011338959818,-0.33774436642490396,0.21563190078068423
55,6,no_ebrem,232,0,0,0.0,0.0,0.0,-0.0015856864673636742,0.22296568146254558
55,7,no_ebrem,231,0,0,0.0,0.0,0.0,0.01241726735207837,0.05632896448068707
55,8,no_ebrem,232,0,0,0.0,0.0,0.0,-0.017402051536985336,0.15452735877909535
55,9,light_ebrem,232,1,1,0.06722353715826146,0.13480007648468018,0.06722353715826146,0.008695445336239366,0.047206355657861326
56,0,light_ebrem,233,2,2,0.00036477133745924697,0.0009632110595703125,0.00048003300353405276,0.09344434874551616,0.11307908288645625
56,1,no_ebrem,232,0,0,0.0,0.0,0.0,-0.2597255930839652,0.1986733936056078
56,2,light_ebrem,231,1,1,0.0293250465684891,0.05883479118347168,0.02932504656848911,-2.9564629765721135,-1.6944148123300182
56,3,light_ebrem,232,1,1,0.013819310343680013,0.02772080898284912,0.013819310343680002,-0.06487695620543478,0.040149894988181285
56,4,light_ebrem,233,1,1,0.0006840874438697101,0.0013723373413085938,0.0006840874438697186,-0.11820759741530555,0.26545617125561416
56,5,hard_ebrem,232,3,3,0.09067271802246174,0.2282426357269287,0.11376413451247691,-10.74623901095497,0.1894652945992485
56,6,no_ebrem,232,0,0,0.0,0.0,0.0,0.0976070179503939,0.4281867523172843
56,7,light_ebrem,232,1,1,0.019155131087887536,0.038419485092163086,0.019155131087887578,0.044381473664324086,3.2580507544490924
56,8,no_ebrem,232,0,0,0.0,0.0,0.0,-0.054674523554111926,0.07553422633312647
56,9,hard_ebrem,232,1,1,0.22440100097110557,0.45000171661376953,0.2244010009711056,-0.08109339050351265,0.2630419210799244
57,0,no_ebrem,233,0,0,0.0,0.0,0.0,-0.08106107717899973,-0.006892198092214923
57,1,hard_ebrem,233,1,1,0.1345887196001342,0.2699993848800659,0.1345887196001342,-13.399751667515114,-3.9178838799436724
57,2,light_ebrem,233,1,1,0.00011429458085670323,0.00022935867309570312,0.00011429458085665534,-0.164630958976581,-0.16561808395901625
57,3,light_ebrem,233,1,1,0.021175621467227793,0.0422288179397583,0.021175621467227845,-2.2009009366068324,0.808365144682038
57,4,light_ebrem,232,1,1,0.06752992096586219,0.1355372667312622,0.06752992096586219,-6.709151731505456,24.340602638552998
57,5,light_ebrem,233,1,1,0.0012312961788019223,0.0024721622467041016,0.0012312961788019106,-0.07742246316457299,0.13685604616172514
57,6,light_ebrem,232,1,1,0.0023475996283749195,0.004712343215942383,0.002347599628374941,-0.25398116120902436,-0.17086407139292784
57,7,no_ebrem,232,0,0,0.0,0.0,0.0,-0.002964406043042116,0.15333807228174592
57,8,no_ebrem,231,0,0,0.0,0.0,0.0,0.15058615469965686,0.27650724227195683
57,9,no_ebrem,232,0,0,0.0,0.0,0.0,-0.16494709916761383,0.03989179454492338
58,0,no_ebrem,232,0,0,0.0,0.0,0.0,-0.16266410739200404,0.14197007907650885
58,1,no_ebrem,232,0,0,0.0,0.0,0.0,-0.009895238817108604,0.20954179450175742
58,2,no_ebrem,231,0,0,0.0,0.0,0.0,0.06723778938239283,0.2600161382709487
58,3,light_ebrem,233,1,1,0.026091731342193912,0.052316904067993164,0.02609173134219389,-0.4789599823681626,-0.03265811595353235
58,4,light_ebrem,232,1,1,0.001910916383714582,0.003826141357421875,0.0019109163837145449,-0.3697841675446314,-0.0004777721198795794
58,5,light_ebrem,232,1,1,0.00112528256871094,0.002257108688354492,0.001125282568710917,-0.08978491588119308,0.15150812192891946
58,6,no_ebrem,233,0,0,0.0,0.0,0.0,0.08001517641675238,0.09785452013176321
58,7,hard_ebrem,232,3,3,0.23909352068993855,0.48286378383636475,0.24072644538351762,-24.033671975836253,-24.060610917062878
58,8,no_ebrem,233,0,0,0.0,0.0,0.0,-0.20898814183529169,-0.1257831058520102
58,9,no_ebrem,232,0,0,0.0,0.0,0.0,-0.023704315174843234,-0.06421652778511672
59,0,hard_ebrem,231,1,1,0.10508082564456683,0.21079254150390625,0.10508082564456678,-10.1660279671085,0.8749281653656062
59,1,no_ebrem,232,0,0,0.0,0.0,0.0,0.07340242265326971,1.3661439383209768
59,2,no_ebrem,232,0,0,0.0,0.0,0.0,-12.872446863982749,-12.601212306510886
59,3,light_ebrem,232,1,1,0.0024601573488018886,0.004934787750244141,0.0024601573488018946,-0.1333812692318856,0.3576946399841487
59,4,light_ebrem,232,1,1,0.008985268446060813,0.01802241802215576,0.008985268446060846,0.27220497512213304,0.7117709116137471
59,5,hard_ebrem,231,2,2,0.27099807501326806,0.5438389778137207,0.2710939108970778,-0.4789481206637949,-0.5187079272973517
59,6,light_ebrem,232,1,1,0.00018563258462712628,0.0003724098205566406,0.00018563258462711563,-0.10684692493427028,-0.072594266029255
59,7,no_ebrem,232,0,0,0.0,0.0,0.0,0.0389330119731796,0.37471354654689404
59,8,no_ebrem,231,0,0,0.0,0.0,0.0,0.047943963674723214,1.9572591728869742
59,9,light_ebrem,232,1,1,0.025337716139399197,0.05081284046173096,0.02533771613939917,0.01823944911767375,-0.05513259330118066
60,0,hard_ebrem,46,10,16,0.48471879017838543,0.09560124762356281,0.7711408360518182,-91.47988320610371,-91.49629359270996
60,1,hard_ebrem,232,2,2,0.5123041125471788,1.1615269780158997,0.5791635178153643,-8.993464337063623,-0.18337754874411005
60,2,no_ebrem,233,0,0,0.0,0.0,0.0,0.24617795000443743,0.39550922385741283
60,3,no_ebrem,231,0,0,0.0,0.0,0.0,-0.2673227226594727,-0.017149685627127174
60,4,light_ebrem,233,1,1,2.377881799538144e-06,4.76837158203125e-06,2.377881799575654e-06,0.048126420471267015,0.4671663060594323
60,5,light_ebrem,232,1,1,0.0003089035197285073,0.0006194114685058594,0.000308903519728454,-0.11933771059724271,0.017326409314172
60,6,hard_ebrem,5493,8,15,0.8843107455408882,1.8806894663721323,0.9897429143548689,-3.6272493329418873,-3.475482274240483
60,7,no_ebrem,231,0,0,0.0,0.0,0.0,-0.057815920175262894,0.17035373457215894
60,8,hard_ebrem,233,2,2,0.4276683302282755,0.9735329151153564,0.4854019828751448,-10.064223704960842,-8.989840151818496
60,9,light_ebrem,232,1,1,2.125753647953582e-05,4.267692565917969e-05,2.125753647952422e-05,-0.072594266029255,-0.15760438777170024
61,0,light_ebrem,232,1,1,0.0016348859285781482,0.0032815933227539062,0.0016348859285781892,0.054016532053398326,0.21662113601506108
61,1,hard_ebrem,232,1,1,0.21997902511352185,0.4412330389022827,0.21997902511352185,-21.127372343137136,0.054119179505984015
61,2,light_ebrem,233,1,1,0.00029214098011161213,0.0005865097045898438,0.0002921409801116548,-0.10694381481746594,0.07846563905175846
61,3,light_ebrem,232,1,1,5.489453061552334e-05,0.00011014938354492188,5.489453061546801e-05,0.11565376404061879,0.7425325992927718
61,4,no_ebrem,231,0,0,0.0,0.0,0.0,0.02264196502220129,0.5479680469676154
61,5,hard_ebrem,232,1,1,0.11292728591127384,0.2264951467514038,0.11292728591127388,-0.029682319652340545,0.11376030704804081
61,6,light_ebrem,232,1,1,6.121031209533595e-05,0.0001227855682373047,6.12103120953833e-05,0.10672792472229808,0.3281111336744577
61,7,light_ebrem,233,2,3,0.07826469395136791,0.1579965353012085,0.07871919933363303,-7.81716115197937,1.0624303010743221
61,8,light_ebrem,232,2,2,7.846958625840605e-05,0.0002620220184326172,0.00013061559893168262,-0.03461918594816622,0.12870311011489444
61,9,light_ebrem,232,1,1,0.05993329775753685,0.12028241157531738,0.05993329775753686,-5.8993973260807255,0.006487763585920816
62,0,no_ebrem,232,0,0,0.0,0.0,0.0,-0.04351180166860741,0.4015577647818793
62,1,light_ebrem,233,1,1,0.0006127824055223432,0.0012285709381103516,0.0006127824055223163,-0.1348338257658754,0.3318121907234794
62,2,light_ebrem,232,1,1,0.003339039701171345,0.0066950321197509766,0.0033390397011713313,-0.250998212785858,-0.05083250400890494
62,3,light_ebrem,232,1,1,0.0035723005832208553,0.007161378860473633,0.0035723005832208887,-0.21285566898034283,-0.2539038773457475
62,4,light_ebrem,231,1,1,0.016267675110387604,0.032657504081726074,0.016267675110387625,-1.649954571589387,-1.3194022094659976
62,5,light_ebrem,232,1,1,0.0009734572170841682,0.0019528865814208984,0.0009734572170841949,-0.004867364977191339,0.1716712321637906
62,6,no_ebrem,232,0,0,0.0,0.0,0.0,-0.009513396665769686,0.6446689192169418
62,7,no_ebrem,231,0,0,0.0,0.0,0.0,0.040934815375378644,0.2025674435246863
62,8,no_ebrem,232,0,0,0.0,0.0,0.0,-0.1410632001327226,0.3941652026194777
62,9,no_ebrem,235,0,0,0.0,0.0,0.0,-0.0016245241588943669,3.7722013539521266
63,0,no_ebrem,231,0,0,0.0,0.0,0.0,-0.16263829892728318,0.012235974286832709
63,1,no_ebrem,231,0,0,0.0,0.0,0.0,0.02465062357338446,0.4044811612146134
63,2,no_ebrem,232,0,0,0.0,0.0,0.0,-0.010425929845221955,-0.2819619385155628
63,3,no_ebrem,231,0,0,0.0,0.0,0.0,0.008099814852366959,0.3485811391984881
63,4,light_ebrem,232,1,1,0.0008139365531344464,0.0016322135925292969,0.0008139365531344422,-0.06300860565337865,0.21440320740320898
63,5,no_ebrem,232,0,0,0.0,0.0,0.0,0.20885926623066547,0.6555086208474861
63,6,light_ebrem,232,1,1,6.459877746813641e-05,0.00012969970703125,6.459877746811671e-05,0.068649818762253,0.5162055440466055
63,7,no_ebrem,232,0,0,0.0,0.0,0.0,-5.701915458459481e-05,-0.012050327127212608
63,8,hard_ebrem,232,2,2,0.10626440067197,0.21339726448059082,0.10629311886449322,-10.473497307258912,4.953072604289557
63,9,light_ebrem,232,1,1,0.020252610186412175,0.04062855243682861,0.020252610186412223,-1.911175783473023,0.4517870530223312
64,0,hard_ebrem,233,3,3,0.37274949048100164,1.052046775817871,0.5255755645042004,-52.87310461730269,-52.88890486380095
64,1,light_ebrem,232,2,2,0.003085549334056877,0.010699987411499023,0.005331772442649707,-0.4664701689946929,-0.1605026022340357
64,2,hard_ebrem,233,1,1,0.23039018079223522,0.46206092834472656,0.23039018079223528,-0.013015611513289298,0.33825603758847544
64,3,no_ebrem,231,0,0,0.0,0.0,0.0,0.05062649264693809,0.5135306904182828
64,4,no_ebrem,233,0,0,0.0,0.0,0.0,-0.03315724396025665,0.0468943175809708
64,5,light_ebrem,233,1,1,0.00015888304152290048,0.00031876564025878906,0.00015888304152289479,-0.029423546383911158,0.8797104986343534
64,6,light_ebrem,232,1,1,0.0033562472035235723,0.006731510162353516,0.0033562472035235658,0.03275319235023456,0.14944345831115846
64,7,no_ebrem,232,0,0,0.0,0.0,0.0,-0.018210908047376132,0.2197743327382194
64,8,light_ebrem,233,1,1,0.000524454675927792,0.0010516643524169922,0.0005244546759277657,0.15224181220508992,0.2894423018445204
64,9,no_ebrem,232,0,0,0.0,0.0,0.0,-0.09805500060013614,-0.20212799045054192
65,0,hard_ebrem,233,1,1,0.21339609826120567,0.4279402494430542,0.21339609826120565,-0.02706217842164552,0.8622696868191708
65,1,light_ebrem,231,1,1,0.017804675320850404,0.03574478626251221,0.017804675320850394,-1.900867204684952,-1.6569166558031547
65,2,no_ebrem,233,0,0,0.0,0.0,0.0,-0.051466224624787456,-0.003798359745207606
65,3,light_ebrem,232,1,1,5.4126176104282784e-05,0.00010824203491210938,5.4126176104229984e-05,-0.42641186507361284,-0.02237895379376776
65,4,no_ebrem,231,0,0,0.0,0.0,0.0,-0.09209163188211754,-0.030866190271052862
65,5,no_ebrem,232,0,0,0.0,0.0,0.0,0.15514965853213827,0.504905420736218
65,6,light_ebrem,232,2,2,0.04981451152722485,0.10221433639526367,0.05092458067860561,-4.938657400947762,2.3911214317991796
65,7,no_ebrem,232,0,0,0.0,0.0,0.0,0.23320202044803437,-0.7275574217347685
65,8,hard_ebrem,394,11,12,0.7498563721427024,1.9355844408273697,0.9664397858912367,-95.5142420202095,-95.52007226914252
65,9,light_ebrem,232,1,1,0.0032523417597165776,0.00652766227722168,0.0032523417597165594,-0.22114950693881302,0.20742923714360295
66,0,light_ebrem,232,1,1,0.001029924404832821,0.0020651817321777344,0.0010299244048328493,-0.009895238817108604,0.5393641422007492
66,1,no_ebrem,232,0,0,0.0,0.0,0.0,-0.05230686202088512,1.0384827538095553
66,2,light_ebrem,232,1,1,0.08439484997508673,0.1693650484085083,0.08439484997508673,-8.079209031696536,0.9156704072326013
66,3,no_ebrem,232,0,0,0.0,0.0,0.0,-0.007513531662356811,0.23067877119834665
66,4,no_ebrem,232,0,0,0.0,0.0,0.0,0.053161159275788475,0.14983950353861727
66,5,light_ebrem,232,1,2,0.0010598994645624996,0.002127408981323242,0.0010598994645625304,-0.08241821881386983,-0.1274414873105326
66,6,no_ebrem,232,0,0,0.0,0.0,0.0,-0.20624846205045588,-0.01075054519251095
66,7,no_ebrem,233,0,0,0.0,0.0,0.0,-0.044799843880166154,0.3135235194093451
66,8,light_ebrem,232,1,1,0.02252898324984513,0.04520916938781738,0.02252898324984509,-2.10119357103925,-0.2966686264856355
66,9,hard_ebrem,233,3,4,0.2946398312682407,0.9336094856262207,0.4652111895728255,-46.64799928966874,-46.65550106875743
67,0,light_ebrem,232,2,2,9.775159440936988e-05,0.00030541419982910156,0.0001522811545799918,-0.034294728406041995,0.4329605540110076
67,1,no_ebrem,233,0,0,0.0,0.0,0.0,-0.08652920974398991,0.28973421533857696
67,2,no_ebrem,232,0,0,0.0,0.0,0.0,-0.00543591727970217,0.15265735836876013
67,3,no_ebrem,233,0,0,0.0,0.0,0.0,-0.28704024008348167,0.9892154752883942
67,4,light_ebrem,232,2,2,0.0033181694730315234,0.00669407844543457,0.003346000472070343,-0.6669616864860312,-0.2284377697559539
67,5,light_ebrem,232,2,2,0.0022296750581735692,0.0055081844329833984,0.0027439608771812063,-0.08364709294184844,0.14883860933014914
67,6,no_ebrem,232,0,0,0.0,0.0,0.0,-0.20929655670572583,0.3267363387274067
67,7,light_ebrem,233,1,1,0.01200920188613904,0.02405107021331787,0.012009201886139076,-0.01342331255267202,1.0615762560387834
67,8,no_ebrem,231,0,0,0.0,0.0,0.0,0.03273272806032583,0.2744233382390491
67,9,no_ebrem,232,0,0,0.0,0.0,0.0,0.06555901453696357,0.19734219139222534
68,0,no_ebrem,233,0,0,0.0,0.0,0.0,0.028133989202258285,0.48875091956547234
68,1,light_ebrem,232,3,3,0.04077135426739085,0.1026688814163208,0.05119766936535308,-1.2177992422924804,-0.834226830331715
68,2,no_ebrem,232,0,0,0.0,0.0,0.0,0.060372929321997684,0.6571602195479741
68,3,hard_ebrem,232,1,2,0.12803074140446957,0.25679469108581543,0.12803074140446957,0.0513133468673183,0.30620253157841676
68,4,no_ebrem,232,0,0,0.0,0.0,0.0,-0.060519518018100085,-0.09587232852801256
68,5,light_ebrem,232,2,2,0.008349762263713326,0.016756653785705566,0.008351010303523698,-0.855329776288361,-0.31504206110994654
68,6,light_ebrem,232,1,1,0.0060277431595891695,0.012095451354980469,0.006027743159589205,-0.4495362505264907,-0.23555745807817177
68,7,no_ebrem,232,0,0,0.0,0.0,0.0,-2.0561311464290997,-1.7328462209632263
68,8,no_ebrem,232,0,0,0.0,0.0,0.0,-0.031901245433208186,0.22576270199154158
68,9,light_ebrem,232,1,1,9.288565929753973e-05,0.00018644332885742188,9.2885659297548e-05,0.13230614104839425,0.31271688485213833
69,0,light_ebrem,232,1,1,0.000410198640949636,0.0008230209350585938,0.00041019864094959946,-0.05121505101890939,0.21702315610840545
69,1,no_ebrem,231,0,0,0.0,0.0,0.0,0.011751400266018617,0.3148143419665182
69,2,light_ebrem,232,1,1,0.00011123943789856342,0.0002231597900390625,0.00011123943789859148,0.02923608879900748,0.1426462522410205
69,3,no_ebrem,232,0,0,0.0,0.0,0.0,-0.045949999198031305,0.49000051935543476
69,4,no_ebrem,233,0,0,0.0,0.0,0.0,0.10962015939637353,0.1120529769923395
69,5,light_ebrem,232,1,1,0.00019828448869986322,0.0003979206085205078,0.00019828448869985138,0.23217449639961985,0.5490751491920661
69,6,hard_ebrem,232,2,2,0.2922582738226366,0.5865790843963623,0.29287102490119465,0.7009190893546714,0.43742681497835123
69,7,light_ebrem,232,1,1,0.00010772032904700644,0.0002162456512451172,0.0001077203290470452,-0.008193106413309744,0.4725831010960702
69,8,no_ebrem,232,0,0,0.0,0.0,0.0,0.029767200921199062,0.07008340899354518
69,9,light_ebrem,231,2,2,0.0023037096879024704,0.0053784847259521484,0.002680612304766572,-0.274185792594772,0.3559148348754431
70,0,hard_ebrem,232,1,1,0.13686500464217682,0.27456367015838623,0.13686500464217688,0.16632035885757623,0.45136358008879496
70,1,light_ebrem,233,1,1,0.0007327779347506557,0.0014691352844238281,0.0007327779347506835,0.03835645562673973,0.29384371704821405
70,2,no_ebrem,231,0,0,0.0,0.0,0.0,-0.19381064735296694,0.1297555191972774
70,3,hard_ebrem,72,11,12,0.9772597952026927,1.9713839222677052,0.9849435234107913,-8.895882759059228,-8.86061348809852
70,4,hard_ebrem,339,9,43,0.791389365120364,0.3442794852890074,0.9665171201175143,-79.38771376211666,-79.44180590527026
70,5,no_ebrem,231,0,0,0.0,0.0,0.0,-7.449043774357561,-7.304779077981792
70,6,light_ebrem,233,2,2,0.0002672047180040164,0.0007939338684082031,0.0003956338500554768,-0.07707991569294798,0.12810709481490493
70,7,light_ebrem,232,2,2,0.014422523669982987,0.02907538414001465,0.014482739777261,-1.3989067960306591,-1.1979299915478865
70,8,no_ebrem,232,0,0,0.0,0.0,0.0,-0.003061497537991045,0.22386297300364974
70,9,light_ebrem,233,2,2,0.0129268014951487,0.03679990768432617,0.018338329942455323,-1.7766757528386916,-1.4321800833430478
71,0,light_ebrem,232,3,3,0.01317131843970288,0.030083537101745605,0.015001034026029592,-0.8354044533207164,0.2427358259730019
71,1,hard_ebrem,233,1,1,0.15445524037521266,0.3099241256713867,0.15445524037521263,-15.028216648562164,2.527261331220873
71,2,no_ebrem,233,0,0,0.0,0.0,0.0,0.14685950240465978,0.5048019002301067
71,3,light_ebrem,232,1,1,0.00013222341762338395,0.0002651214599609375,0.0001322234176234227,-0.22705237293531433,-0.07995594890043461
71,4,no_ebrem,233,0,0,0.0,0.0,0.0,0.20418476632902263,0.7816700271932763
71,5,hard_ebrem,232,1,1,0.14749247226831685,0.29574549198150635,0.14749247226831685,-0.13258174014539473,0.0006669512599021486
71,6,no_ebrem,233,0,0,0.0,0.0,0.0,0.2839465187274659,0.992046584175785
71,7,light_ebrem,233,2,2,0.05672939705384716,0.11841940879821777,0.05901678032641855,-5.7240811825273745,-0.24377122053443967
71,8,light_ebrem,232,1,1,0.0008804262285453325,0.0017654895782470703,0.000880426228545339,-0.08835689545304619,-0.0021283841774051423
71,9,light_ebrem,233,2,2,0.003231067263909442,0.007115721702575684,0.003544252881991228,-0.3179761484186821,-0.22270361773526245
72,0,light_ebrem,232,1,1,0.03262517948850857,0.06542766094207764,0.03262517948850863,0.03506567695989874,0.08022264949715477
72,1,light_ebrem,231,1,1,0.0016360014892828894,0.003283262252807617,0.00163600148928289,-0.20418554505381784,0.017901693252560816
72,2,no_ebrem,233,0,0,0.0,0.0,0.0,0.004144231549693863,1.2894268897169823
72,3,no_ebrem,232,0,0,0.0,0.0,0.0,0.03825280575236378,0.28230710040515233
72,4,light_ebrem,232,1,1,0.00026912623958250245,0.0005397796630859375,0.0002691262395825289,-0.1501121604588603,0.4920596376680545
72,5,light_ebrem,232,1,1,0.08753380769545438,0.1755000352859497,0.08753380769545438,-0.11708391666783109,0.0003054785470725192
72,6,no_ebrem,230,0,0,0.0,0.0,0.0,0.03339342669002931,0.7174296770534053
72,7,no_ebrem,232,0,0,0.0,0.0,0.0,-0.03917939396786051,-0.09505826734339172
72,8,no_ebrem,232,0,0,0.0,0.0,0.0,-0.04139687617675304,0.30229603828154694
72,9,light_ebrem,233,1,1,0.0026443924986172453,0.005309581756591797,0.002644392498617254,-0.28187924951829246,0.04233962703007755
73,0,no_ebrem,232,0,0,0.0,0.0,0.0,-0.07971036151869815,-0.027495643365580115
73,1,no_ebrem,232,0,0,0.0,0.0,0.0,-0.1472078939970981,0.30469915393183966
73,2,no_ebrem,231,0,0,0.0,0.0,0.0,-0.22674306978679423,0.3988041854483477
73,3,light_ebrem,232,1,1,9.510387423463672e-06,1.9073486328125e-05,9.510387423472544e-06,-0.022029558561667013,0.192941689211406
73,4,light_ebrem,232,2,2,0.09294125022946624,0.18671584129333496,0.0929909275868579,-9.091982174777721,-9.025298799040272
73,5,no_ebrem,232,0,0,0.0,0.0,0.0,0.02261709136154313,0.13736233791521263
73,6,no_ebrem,231,0,0,0.0,0.0,0.0,-0.39073387387806113,-0.23073908321915068
73,7,no_ebrem,232,0,0,0.0,0.0,0.0,0.05233820078693243,0.24283445689922162
73,8,no_ebrem,232,0,0,0.0,0.0,0.0,-49.059787100648855,-49.039020621819034
73,9,no_ebrem,232,0,0,0.0,0.0,0.0,0.050419142282675224,0.013058273103090389
74,0,light_ebrem,233,2,3,0.021713386717492126,0.07114338874816895,0.035463701175130535,-2.2623177546382265,0.890324155338401
74,1,light_ebrem,232,1,1,0.0008282513138915735,0.0016629695892333984,0.000828251313891526,-0.40405815917113735,-0.09173626240826425
74,2,no_ebrem,232,0,0,0.0,0.0,0.0,0.0679896913608509,0.24101319262514392
74,3,light_ebrem,233,3,3,0.0023266955138739926,0.005005359649658203,0.0024939485509521964,-0.23267104628292362,-0.14960876637611023
74,4,hard_ebrem,233,2,2,0.4253153315736185,0.8634222745895386,0.43056628915482287,-0.5810393874336376,-0.14959686541706074
74,5,light_ebrem,232,1,1,0.0007091430531054576,0.0014238357543945312,0.0007091430531054321,-0.10432772199747718,-0.005125238549854431
74,6,hard_ebrem,232,1,1,0.18390659081744026,0.3690294027328491,0.1839065908174402,-18.515024517942056,-18.458371272433787
74,7,light_ebrem,232,1,1,0.04635391409299729,0.09300446510314941,0.04635391409299727,-4.557161546897909,-0.49231292425341705
74,8,light_ebrem,232,1,1,1.1171682494603423e-05,2.2411346435546875e-05,1.1171682494648394e-05,0.16247563964170877,0.2775812394592829
74,9,light_ebrem,232,1,1,6.771404856237729e-06,1.3589859008789062e-05,6.771404856276142e-06,-0.17960993263306346,-0.23264527399675278
75,0,no_ebrem,232,0,0,0.0,0.0,0.0,0.1721984139973001,0.7372323069205002
75,1,light_ebrem,233,2,2,7.40868380986154e-05,0.0001595020294189453,7.954903823936821e-05,-0.08528102049381732,0.14045861810468216
75,2,no_ebrem,233,0,0,0.0,0.0,0.0,0.05293435834087005,0.29548458014914214
75,3,no_ebrem,232,0,0,0.0,0.0,0.0,-0.3227410912216899,0.07784972748461004
75,4,light_ebrem,233,1,1,0.005050463611690606,0.010126233100891113,0.005050463611690592,-0.5974661817065128,0.13385085562603127
75,5,light_ebrem,232,1,1,0.0049461727094400765,0.009921789169311523,0.004946172709440089,0.011439587535400416,1.6824079912072119
75,6,hard_ebrem,232,1,1,0.2709078317796594,0.5431877374649048,0.2709078317796594,0.3371818152475238,0.5170437914224782
75,7,light_ebrem,232,2,3,0.009648106208850954,0.019804835319519043,0.010006229830359592,-2.4269437985794933,-2.099939609790782
75,8,no_ebrem,232,0,0,0.0,0.0,0.0,0.058449152524368886,0.3599243750260169
75,9,light_ebrem,231,1,1,0.0009012984877197636,0.0018084049224853516,0.0009012984877198038,-0.14072108886019022,0.415243075956038
76,0,hard_ebrem,232,1,1,0.19423843611131433,0.3899228572845459,0.1942384361113143,-19.37270532302902,28.068506793559113
76,1,no_ebrem,232,0,0,0.0,0.0,0.0,0.04393443127206643,2.3414160541954407
76,2,no_ebrem,232,0,0,0.0,0.0,0.0,-0.09681457517448004,0.12257813063761241
76,3,no_ebrem,232,0,0,0.0,0.0,0.0,-0.033156221068446824,0.10836915804191921
76,4,no_ebrem,232,0,0,0.0,0.0,0.0,-0.1393397100695509,0.4826341425972954
76,5,hard_ebrem,233,3,3,0.1578186152128785,0.31679821014404297,0.15803891814861049,-0.14380746793609073,-0.3262663786250703
76,6,light_ebrem,232,1,1,3.805287256378375e-06,7.62939453125e-06,3.805287256408718e-06,-0.5348360658380874,-34.037035995970726
76,7,light_ebrem,231,1,1,2.0799341267034067e-05,4.172325134277344e-05,2.0799341267085936e-05,0.11682268636020382,0.4111312170446095
76,8,hard_ebrem,59,11,12,0.9414547831505536,1.95657869707793,0.98896855359591,0.23721370792061072,0.2567747615191529
76,9,no_ebrem,233,0,0,0.0,0.0,0.0,-0.1636899830580825,1.9969085670211153
77,0,light_ebrem,232,1,2,0.0012556765434273325,0.002518892288208008,0.0012556765434272865,-0.08183760729548711,-0.10005225914851686
77,1,light_ebrem,233,1,1,0.004052559458967315,0.008123636245727539,0.00405255945896732,0.14985898125357597,0.2618055576511657
77,2,light_ebrem,232,1,1,0.002469601943508336,0.004597187042236328,0.002469601943508315,-7.158311880246147,-6.306140571967634
77,3,no_ebrem,232,0,0,0.0,0.0,0.0,0.06771096775776966,0.529622301264878
77,4,light_ebrem,232,1,1,0.0022068553718218187,0.004430532455444336,0.0022068553718218586,-0.06748116844346702,0.4775299488998031
77,5,no_ebrem,231,0,0,0.0,0.0,0.0,-0.15979828111823446,-0.13381381270659332
77,6,light_ebrem,233,2,2,0.019370515907196326,0.04984164237976074,0.024845095099942704,-0.5826772872974988,-0.38277555047649786
77,7,light_ebrem,232,1,1,0.04553427698941635,0.09131979942321777,0.04553427698941637,-4.227960404054126,0.3852396890353432
77,8,light_ebrem,232,1,1,8.316554684257843e-07,1.6689300537109375e-06,8.316554683807098e-07,-0.008853255897837038,0.16460578544706303
77,9,light_ebrem,232,1,1,0.0010689536307337542,0.0021440982818603516,0.0010689536307337821,-0.0905742322411021,0.3268655760905391
78,0,hard_ebrem,231,1,1,0.1332899114790337,0.26759302616119385,0.13328991147903368,-13.33604085851092,34.84004873161273
78,1,no_ebrem,231,0,0,0.0,0.0,0.0,0.1260228823106641,0.16626085573233493
78,2,no_ebrem,232,0,0,0.0,0.0,0.0,-0.06207015276324055,0.11600516846717233
78,3,light_ebrem,232,1,1,0.0002251753133669963,0.0004515647888183594,0.0002251753133669654,-0.017661912100304163,1.1785136123622089
78,4,hard_ebrem,232,1,1,0.14712949392388672,0.29532337188720703,0.14712949392388674,-14.199473839085943,-0.16512774980640046
78,5,light_ebrem,232,1,1,0.0020623776621035016,0.0041408538818359375,0.0020623776621034873,-0.13435610072464474,0.22671206402703728
78,6,hard_ebrem,232,2,2,0.1416029552330884,0.2838040590286255,0.14165111475453185,0.1011948350311621,0.8066943010301132
78,7,no_ebrem,232,0,0,0.0,0.0,0.0,0.045637362966948335,0.1568898819476245
78,8,light_ebrem,231,1,2,0.00013451815466284249,0.00026988983154296875,0.00013451815466281047,0.030284332767701545,0.2336627025526348
78,9,hard_ebrem,232,3,3,0.28185486478934263,0.6441386938095093,0.3208648542520066,-31.956489470314487,32.61215971133202
79,0,no_ebrem,232,0,0,0.0,0.0,0.0,-0.07222684765790192,0.08399517697767195
79,1,no_ebrem,231,0,0,0.0,0.0,0.0,-0.4208076061766904,-0.5749278293446669
79,2,light_ebrem,231,1,1,0.004726613142363192,0.00948941707611084,0.004726613142363223,-0.5288414669719369,0.4178659234126877
79,3,light_ebrem,232,1,1,0.032089031908219025,0.06442058086395264,0.03208903190821899,-3.365610713664528,-1.1663556460095201
79,4,light_ebrem,232,1,1,0.0510793414396028,0.10231244564056396,0.0510793414396028,-1.96618182782155,-0.3538017032869323
79,5,hard_ebrem,854,11,11,0.7919946212597485,1.8644276037812233,0.9337500849469267,-92.31661358495447,-92.3224030597842
79,6,no_ebrem,232,0,0,0.0,0.0,0.0,-0.39001997923162296,1.2615947688386062
79,7,hard_ebrem,232,2,2,0.1289629746246312,0.2706317901611328,0.13495750959118447,-0.8001008960826129,-0.16526968913537654
79,8,light_ebrem,233,1,1,0.001014184684504325,0.0020351409912109375,0.0010141846845043156,-0.11185366814418067,-0.09815292135973967
79,9,no_ebrem,233,0,0,0.0,0.0,0.0,-0.002484391398871694,0.4113726978632163
80,0,no_ebrem,231,0,0,0.0,0.0,0.0,0.14106231767962038,0.2545246463341356
80,1,light_ebrem,232,1,1,0.0005148630004571147,0.0010330677032470703,0.0005148630004571109,0.20630368652955294,0.973517533415691
80,2,hard_ebrem,300,17,20,0.7881463576173097,1.8553873151540756,0.9439815906425818,-78.87909821591528,-78.90190199107721
80,3,light_ebrem,232,1,1,0.00015801184244661778,0.00031685829162597656,0.0001580118424465704,0.09165444887984457,0.3642406933845062
80,4,light_ebrem,230,2,2,0.05365826644900516,0.11473572254180908,0.05719014956987567,-5.325824533250029,-0.04465007314347357
80,5,hard_ebrem,233,3,3,0.174309819121949,0.5868823528289795,0.29256568425011187,-13.911751028039072,-1.1658886053692636
80,6,hard_ebrem,233,2,3,0.5732612034743481,1.1586515307426453,0.5778203448676623,-1.4176061527802046,-1.2648272718026092
80,7,no_ebrem,233,0,0,0.0,0.0,0.0,0.10825238867577722,0.08496234695920032
80,8,no_ebrem,232,0,0,0.0,0.0,0.0,0.2032293316261078,0.5486813799015606
80,9,no_ebrem,232,0,0,0.0,0.0,0.0,-0.11472668812504266,0.16052092092411283
81,0,light_ebrem,232,4,6,0.07906554241506229,0.16633641719818115,0.08289009684788995,-7.64460150768868,-0.3491040064492147
81,1,no_ebrem,232,0,0,0.0,0.0,0.0,0.018031202904386458,0.047127570365105995
81,2,no_ebrem,233,0,0,0.0,0.0,0.0,0.18756905345733674,0.28856336727491727
81,3,no_ebrem,233,0,0,0.0,0.0,0.0,-0.2540703334610459,-0.13968183080716695
81,4,no_ebrem,232,0,0,0.0,0.0,0.0,0.14700233065668908,0.5127862570841732
81,5,no_ebrem,232,0,0,0.0,0.0,0.0,0.03965857547112735,0.1147464765445383
81,6,no_ebrem,233,0,0,0.0,0.0,0.0,-0.11257703546464964,0.009348323359515747
81,7,no_ebrem,232,0,0,0.0,0.0,0.0,-0.04562663766711745,0.06867678408367382
81,8,no_ebrem,231,0,0,0.0,0.0,0.0,0.1988499196507349,0.3871259898957023
81,9,no_ebrem,232,0,0,0.0,0.0,0.0,-0.08931968293984859,0.4402282252198041
82,0,no_ebrem,232,0,0,0.0,0.0,0.0,-0.0190197514706203,0.23231106483767802
82,1,light_ebrem,233,1,1,0.0007512948998182401,0.0015079975128173828,0.0007512948998182889,-0.016057110576133873,-0.2280585906464089
82,2,light_ebrem,233,1,1,0.017399440718463496,0.03489387035369873,0.017399440718463444,-0.7580730270752218,-0.3168173815721226
82,3,hard_ebrem,233,1,1,0.5991302879469395,1.147497534751892,0.5991302879469395,-4.656045888881427,-4.497604388931808
82,4,light_ebrem,233,1,1,0.003217063325739453,0.006456136703491211,0.0032170633257394554,-0.3810016043792835,-0.1734111696242474
82,5,no_ebrem,232,0,0,0.0,0.0,0.0,-0.10921744345424117,1.8409944515737018
82,6,no_ebrem,233,0,0,0.0,0.0,0.0,-4.391741044811283,-4.233796475833389
82,7,no_ebrem,232,0,0,0.0,0.0,0.0,-0.015118795496338917,0.23463172484363873
82,8,hard_ebrem,232,3,3,0.3148203725730035,0.6382166147232056,0.31817091563724975,0.03903666325708589,5.346543520886141
82,9,light_ebrem,234,1,2,0.025621992849399994,0.05139470100402832,0.025621992849400033,-2.59425976834065,0.3823956863293396
83,0,no_ebrem,232,0,0,0.0,0.0,0.0,-0.2200098039554747,-0.013986322807741617
83,1,light_ebrem,232,1,1,0.013897751711932929,0.027878761291503906,0.01389775171193297,-0.06300214065129202,0.05899250073058339
83,2,light_ebrem,232,1,1,0.004713138746431804,0.009453535079956055,0.004713138746431755,-0.0863095026584733,1.0013103581877305
83,3,light_ebrem,233,1,1,0.05663120017968873,0.11355257034301758,0.0566312001796887,-0.1309344229104984,0.9701859064658979
83,4,no_ebrem,232,0,0,0.0,0.0,0.0,0.00932345472592635,0.3430017296556153
83,5,light_ebrem,232,1,1,0.0044389771128209,0.008901834487915039,0.00443897711282093,-0.03913309529451601,0.02096571680544243
83,6,light_ebrem,234,2,2,0.006317201613410043,0.0128248929977417,0.006401983697369995,-1.9749722268499785,-27.717114074081195
83,7,light_ebrem,232,1,1,0.000186257432479305,0.00037384033203125,0.0001862574324793531,-0.02011328697145446,0.30511596619627246
83,8,light_ebrem,232,2,2,0.0002018066385950742,0.0005764961242675781,0.00028723533669328116,-0.06485109715897945,0.07547587991633144
83,9,light_ebrem,233,2,2,0.027947998931246967,0.05744731426239014,0.02864321653138302,-2.6765252172750817,0.1809929993523418
84,0,no_ebrem,232,0,0,0.0,0.0,0.0,-0.1281904552628333,0.041764064846851086
84,1,light_ebrem,233,1,1,0.002539050262518727,0.005091667175292969,0.0025390502625187716,0.017901693252560816,0.4543475753738547
84,2,light_ebrem,231,2,2,0.04309843536023481,0.09061944484710693,0.0451557052792424,-4.381911336265838,-0.4520316578260852
84,3,light_ebrem,232,1,1,0.0011788004022669732,0.002366781234741211,0.0011788004022669218,-0.158217397089563,0.347570802915999
84,4,light_ebrem,232,1,1,9.905016356341158e-05,0.00019884109497070312,9.905016356337448e-05,-0.06268535452440635,0.5864632187524922
84,5,no_ebrem,232,0,0,0.0,0.0,0.0,0.12082612151190673,0.5461040624472179
84,6,light_ebrem,232,1,1,0.012227995431079025,0.02453327178955078,0.012227995431078997,-1.1233719189743536,0.15305992200320823
84,7,no_ebrem,232,0,0,0.0,0.0,0.0,-0.15999830777426852,-0.0978224231791501
84,8,no_ebrem,232,0,0,0.0,0.0,0.0,0.013111101262374927,0.10471051401858873
84,9,hard_ebrem,233,2,3,0.26284389680188197,0.5275633335113525,0.26288664903731196,-26.516663160472863,-26.53724515818348
85,0,hard_ebrem,233,1,1,0.24294900245191609,0.4871934652328491,0.24294900245191609,0.18567832734424805,0.48385635043204345
85,1,light_ebrem,232,1,1,0.009893312401242142,0.019850730895996094,0.009893312401242138,-0.836390177332717,0.9005116765709361
85,2,light_ebrem,232,3,3,0.07789358670915703,0.1729593276977539,0.08619718527555253,-8.218599561347704,-0.13844990233346516
85,3,no_ebrem,232,0,0,0.0,0.0,0.0,0.2767155308373627,0.39197961385566843
85,4,light_ebrem,232,1,1,0.07446754630514152,0.14933454990386963,0.07446754630514152,-6.224628323382928,0.05106814968781178
85,5,no_ebrem,232,0,0,0.0,0.0,0.0,-14.013259508267002,-13.773856027386298
85,6,light_ebrem,231,1,1,0.0036670980713252267,0.007356047630310059,0.0036670980713252588,-0.07469596170515781,0.3047632103887317
85,7,light_ebrem,232,2,2,0.000684509028655087,0.0015594959259033203,0.0007768385324044003,0.10855728703812621,0.2020799902404673
85,8,no_ebrem,232,0,0,0.0,0.0,0.0,0.06824793345852767,0.4858226142645892
85,9,light_ebrem,233,1,1,0.0034633149166805144,0.0069468021392822266,0.0034633149166805044,-0.052785372376918174,0.0748286289611995
86,0,light_ebrem,232,1,1,0.01717134752410516,0.03443419933319092,0.017171347524105207,-0.18192640420423883,0.18956276032000977
86,1,no_ebrem,232,0,0,0.0,0.0,0.0,-0.0016051053169031018,0.4064573810439899
86,2,no_ebrem,232,0,0,0.0,0.0,0.0,-0.0287119129880304,0.3639994392093262
86,3,light_ebrem,232,1,1,0.007889703699485287,0.01582169532775879,0.007889703699485273,-0.04260633993686906,0.2366684436936705
86,4,light_ebrem,232,2,2,0.07327744004466445,0.1471942663192749,0.07352528011981796,-7.571336586193722,-5.392564503236964
86,5,light_ebrem,233,2,2,0.0004936306546538778,0.0013663768768310547,0.0006811980479214386,-0.05047037433459858,0.24512414016984932
86,6,no_ebrem,232,0,0,0.0,0.0,0.0,-0.12221131178263607,0.13101458855273757
86,7,hard_ebrem,627,7,8,0.5629665707374333,1.6443876028060913,0.820759634890053,-63.53384918504541,-63.549157888525336
86,8,light_ebrem,233,1,1,0.0006095789205396088,0.0012214183807373047,0.0006095789205395885,-0.29787736926790176,-0.3679207747403292
86,9,light_ebrem,232,2,2,0.012253508426166914,0.028499960899353027,0.014210435313447567,-0.23247131071681856,0.2022164766819818
87,0,light_ebrem,231,1,1,1.5808767637622157e-05,3.170967102050781e-05,1.5808767637626175e-05,0.00701760566291338,0.2060696909401959
87,1,no_ebrem,233,0,0,0.0,0.0,0.0,-0.09312541961353533,0.5335345128763369
87,2,hard_ebrem,232,1,1,0.38453167941368815,0.7708990573883057,0.38453167941368815,0.011175157188725644,0.3344904146094532
87,3,no_ebrem,232,0,0,0.0,0.0,0.0,0.19798556988351643,0.36821177336143673
87,4,light_ebrem,232,2,2,0.00589538038313885,0.01785910129547119,0.00889986865884207,-0.5800723102298555,-0.011448464966539541
87,5,no_ebrem,232,0,0,0.0,0.0,0.0,-0.17175330544006587,0.31413689281190793
87,6,no_ebrem,233,0,0,0.0,0.0,0.0,-0.09280882439349995,0.3092647395976361
87,7,no_ebrem,233,0,0,0.0,0.0,0.0,0.00244065122868569,-0.03766583913828311
87,8,no_ebrem,232,0,0,0.0,0.0,0.0,0.18124742065751603,0.3587899360447339
87,9,hard_ebrem,231,1,2,0.12335194243139562,0.247292160987854,0.12335194243139558,-0.17208875322059947,-0.008594374785938925
88,0,no_ebrem,232,0,0,0.0,0.0,0.0,-0.010587724769866353,0.1001700156862249
88,1,light_ebrem,232,1,1,0.004670022959668502,0.009367704391479492,0.004670022959668452,-0.17188977854980056,0.14850100359649135
88,2,light_ebrem,232,1,1,0.00441767975239028,0.008861303329467773,0.004417679752390269,-0.36039581408120325,-0.37267550114826975
88,3,light_ebrem,232,3,3,0.031822172941681305,0.14619553089141846,0.07286758380032288,-4.992326142216496,-1.7312530404905058
88,4,hard_ebrem,232,3,3,0.38092629602198647,1.0098150372505188,0.5035756603199253,-50.092562157005524,28.81957778059118
88,5,no_ebrem,232,0,0,0.0,0.0,0.0,0.1439889916186091,0.4470778616610529
88,6,light_ebrem,233,1,1,0.0038014359936507356,0.0076209306716918945,0.0038014359936506814,-0.052449122335060654,0.20153404819254478
88,7,no_ebrem,233,0,0,0.0,0.0,0.0,-0.1542369345687283,0.2217108006749376
88,8,light_ebrem,232,2,2,0.01895846345104897,0.03905034065246582,0.019474804785061917,-0.078451108057146,0.33453495595055394
88,9,no_ebrem,232,0,0,0.0,0.0,0.0,0.11771159001352563,0.39431526145851853
89,0,light_ebrem,232,1,2,0.029453514479891595,0.059067487716674805,0.02945351447989164,-0.1317747332090778,3.411068280434424
89,1,light_ebrem,232,1,1,5.741768081784651e-05,0.00011515617370605469,5.741768081779508e-05,0.2283951910140488,0.6699509469019944
89,2,light_ebrem,230,2,2,0.0030080235250432605,0.004140019416809082,0.0038206485088784214,-45.932304797865626,-45.87206614335185
89,3,hard_ebrem,231,2,2,0.5493360278184719,1.0901697278022766,0.5771009430136971,-11.469047016281696,-5.44578605904492
89,4,no_ebrem,232,0,0,0.0,0.0,0.0,0.032681941020923665,0.7158089379306241
89,5,light_ebrem,231,1,1,0.0003209672096906211,0.0006444454193115234,0.00032096720969065906,0.3529866699028508,0.5563978022744352
89,6,no_ebrem,232,0,0,0.0,0.0,0.0,-2.622692786127893,-1.2113993974430364
89,7,light_ebrem,232,1,1,0.0004025424911571903,0.0008080005645751953,0.00040254249115723173,-0.09887547340897279,-0.3743523977460228
89,8,no_ebrem,232,0,0,0.0,0.0,0.0,-0.07065509971193892,0.4325426785696745
89,9,no_ebrem,233,0,0,0.0,0.0,0.0,0.036510224399750366,0.5286802757290429
90,0,hard_ebrem,231,1,1,0.30307670803628867,0.6084644794464111,0.3030767080362886,-30.198871918433596,5.247707656273121
90,1,no_ebrem,232,0,0,0.0,0.0,0.0,0.13018281308913854,0.539801433388209
90,2,no_ebrem,230,0,0,0.0,0.0,0.0,-0.14696364410864562,-0.3377122188906048
90,3,no_ebrem,233,0,0,0.0,0.0,0.0,0.003845414465272792,0.15607820305342002
90,4,light_ebrem,234,1,1,0.06349807942497455,0.12736308574676514,0.06349807942497454,-6.045952013551278,0.49626965329092865
90,5,light_ebrem,231,1,1,0.00029366882122880785,0.0005888938903808594,0.00029366882122883187,-0.12399451740908399,-0.10697712399316547
90,6,no_ebrem,232,0,0,0.0,0.0,0.0,-0.09140673572808003,1.089286466888556
90,7,hard_ebrem,233,3,3,0.514337466027524,1.0384019017219543,0.5174492409976172,-51.74876964626421,-51.715449489660074
90,8,hard_ebrem,232,2,3,0.10375661011722002,0.26777589321136475,0.13344326561379583,-9.88071279187734,0.5529550451219941
90,9,light_ebrem,232,1,1,0.0005085212667420437,0.001020193099975586,0.0005085212667420569,-0.012470979174321594,0.5126358438805312
91,0,no_ebrem,232,0,0,0.0,0.0,0.0,1.0022096026357343,0.7661505698924403
91,1,no_ebrem,233,0,0,0.0,0.0,0.0,0.11803601133691072,0.4061321723649916
91,2,hard_ebrem,231,3,3,0.12421310980241379,0.25490784645080566,0.12699404188301022,-12.412050440870935,2.92006706841561
91,3,light_ebrem,233,1,1,0.04690518162615407,0.09407877922058105,0.04690518162615409,0.10940711993572487,0.42717589999927347
91,4,hard_ebrem,232,1,1,0.4523886261160257,0.9079155921936035,0.4523886261160257,-45.24512664310779,-45.207439214784735
91,5,no_ebrem,232,0,0,0.0,0.0,0.0,0.18135786371513543,0.2513432396228659
91,6,no_ebrem,233,0,0,0.0,0.0,0.0,0.048125386219569626,0.35222396021077046
91,7,light_ebrem,233,1,1,0.013493524739753977,0.027051925659179688,0.01349352473975396,0.13224123811785546,0.3546175075609634
91,8,light_ebrem,233,2,2,0.01422209329493142,0.02987957000732422,0.01491227930956096,-0.10492200696228439,-47.76322755317169
91,9,no_ebrem,233,0,0,0.0,0.0,0.0,-0.11309270825669104,0.0076272000601985464
92,0,no_ebrem,231,0,0,0.0,0.0,0.0,-0.02103209712361375,0.018038708440476565
92,1,light_ebrem,232,1,1,0.0002623327880833223,0.0005266666412353516,0.0002623327880832971,-0.17585593500704566,-0.100723102986452
92,2,light_ebrem,233,1,1,0.001075315312575582,0.0021581649780273438,0.0010753153125755421,-0.012355517066872664,1.4848130464719922
92,3,no_ebrem,232,0,0,0.0,0.0,0.0,0.10969152036255449,0.3186631786270428
92,4,no_ebrem,232,0,0,0.0,0.0,0.0,0.11589486945617962,0.18689332184068788
92,5,light_ebrem,232,2,2,0.0005943850151796788,0.0015914440155029297,0.0007927537606075008,-0.2807067652522964,-0.14023696512928524
92,6,no_ebrem,233,0,0,0.0,0.0,0.0,0.1631185704453058,1.3976672689734886
92,7,light_ebrem,232,1,1,0.0023852321612505807,0.00478672981262207,0.002385232161250528,-0.16375349815990428,-0.05404628988400306
92,8,light_ebrem,233,1,1,0.02564549273776136,0.05148625373840332,0.0256454927377614,-2.5304177903680833,-2.5259528992269162
92,9,light_ebrem,232,2,2,0.016247679497776935,0.0345158576965332,0.01720639883788988,-0.6408772548645735,2.547488229425453
93,0,light_ebrem,232,1,1,6.929497885968278e-05,0.00013899803161621094,6.929497885965752e-05,-0.007960110396431607,0.5609874362068358
93,1,light_ebrem,232,1,1,0.001516489416123056,0.0030426979064941406,0.0015164894161230347,-0.13370406322446543,0.21552894094413297
93,2,no_ebrem,232,0,0,0.0,0.0,0.0,-0.04807868670494198,0.19605440422660167
93,3,light_ebrem,232,2,2,0.01137768893657268,0.025848031044006348,0.012881228065158234,-1.1656664300949213,1.4746284165056383
93,4,no_ebrem,231,0,0,0.0,0.0,0.0,0.0729994613955488,0.18023939831764302
93,5,light_ebrem,232,1,1,0.0021967705394482146,0.0044095516204833984,0.002196770539448223,-0.26137954535467,0.012094559410488367
93,6,no_ebrem,233,0,0,0.0,0.0,0.0,0.2096057408085786,0.1514031887386376
93,7,no_ebrem,233,0,0,0.0,0.0,0.0,-0.0608546946956215,0.17790176110066788
93,8,no_ebrem,232,0,0,0.0,0.0,0.0,-0.8357981982679843,-0.5953042737155221
93,9,light_ebrem,232,2,2,0.006086694511214642,0.012269139289855957,0.006111833696910929,-0.8392108487465613,-0.5191563576662389
94,0,no_ebrem,232,0,0,0.0,0.0,0.0,-0.012755726243497936,0.19354707629144097
94,1,light_ebrem,232,1,1,0.03938436419321867,0.07899618148803711,0.03938436419321867,-3.7097070535807446,0.21453322644101708
94,2,hard_ebrem,233,1,1,0.14002089577778026,0.28015923500061035,0.1400208957777802,-0.1010590282943712,0.16834025359750412
94,3,no_ebrem,232,0,0,0.0,0.0,0.0,-0.016405522322053234,0.13892019080693313
94,4,no_ebrem,232,0,0,0.0,0.0,0.0,-0.12094565613061277,0.24428501114706425
94,5,light_ebrem,232,1,1,0.015988798389293495,0.032103538513183594,0.015988798389293457,-1.6973236037957975,-1.6139012576954501
94,6,light_ebrem,232,1,1,3.1140147780206654e-05,6.246566772460938e-05,3.114014778016205e-05,-0.18856162593620343,0.15831302476484935
94,7,no_ebrem,232,0,0,0.0,0.0,0.0,-0.12768684011833312,0.07370062606548042
94,8,light_ebrem,231,1,1,0.023022692707535763,0.04616820812225342,0.023022692707535763,-2.098041844076369,0.2635093812785082
94,9,no_ebrem,230,0,0,0.0,0.0,0.0,0.025913527554283926,0.10588462418364378
95,0,light_ebrem,232,1,1,0.00012851502258583164,0.00025773048400878906,0.00012851502258581782,0.0013800407474508104,0.021678067769411787
95,1,no_ebrem,232,0,0,0.0,0.0,0.0,0.03559581848979716,0.18984866086152097
95,2,hard_ebrem,3008,7,7,0.9324858944739188,1.8981254324316978,0.9468142850318374,0.17639466320053224,0.2051542749833451
95,3,light_ebrem,232,1,1,0.0003669658962797615,0.0007367134094238281,0.000366965896279714,-0.4136437181660893,1.2686443031217742
95,4,no_ebrem,231,0,0,0.0,0.0,0.0,0.0790805196176056,0.34428464526017555
95,5,light_ebrem,232,1,1,0.038621747774738445,0.07739102840423584,0.03862174777473848,-3.9727230171145194,-3.922048882016914
95,6,light_ebrem,233,2,2,0.003956774767409624,0.009238839149475098,0.004605108798541924,-0.5926378832870652,-0.3196741821851151
95,7,light_ebrem,232,2,2,0.04803940886699507,0.09744071960449219,0.04865974988631805,-5.09871797341688,-4.223043554965306
95,8,light_ebrem,232,1,1,0.0003973644703324402,0.0007960796356201172,0.0003973644703324508,0.001100660404175166,0.8379352530812244
95,9,no_ebrem,232,0,0,0.0,0.0,0.0,0.013208224176828825,0.2477131694125364
96,0,no_ebrem,232,0,0,0.0,0.0,0.0,-0.29883612296638506,0.263484416453263
96,1,light_ebrem,232,1,1,0.004630600631728574,0.009290695190429688,0.004630600631728599,-0.20458424289388616,0.01765018038660308
96,2,no_ebrem,232,0,0,0.0,0.0,0.0,0.4013739743375618,0.9522046644239317
96,3,no_ebrem,232,0,0,0.0,0.0,0.0,0.18408653423118426,0.4094604626586184
96,4,light_ebrem,231,1,1,0.00036304121552000005,0.0007281303405761719,0.00036304121551999913,0.056647543029421835,0.1063387073235666
96,5,hard_ebrem,2779,13,26,0.6118544609307599,1.6785912662744522,0.8547777496201958,-61.28261356176881,-61.29633720132245
96,6,light_ebrem,232,1,1,0.0001550355179837637,0.00031113624572753906,0.00015503551798379256,-0.13240097172520796,-0.13170371597431088
96,7,hard_ebrem,232,3,3,0.17925725475544013,0.3874107599258423,0.19314400469532422,-17.432481790230206,93.44286620230415
96,8,no_ebrem,232,0,0,0.0,0.0,0.0,0.12813954359007618,0.43530463852672
96,9,light_ebrem,232,2,3,0.06901146956574238,0.13863015174865723,0.06910371553584538,-6.500271743336372,0.24342638203787978
97,0,no_ebrem,232,0,0,0.0,0.0,0.0,0.012042761652875555,0.12929473368799518
97,1,light_ebrem,231,2,2,0.0020504301608807287,0.005601644515991211,0.0027924094439385483,-0.3574211949149003,3.061191827941855
97,2,light_ebrem,233,1,1,0.0004434812361293186,0.0008890628814697266,0.00044348123612936163,-0.500945876348621,-0.3180652139078215
97,3,hard_ebrem,232,1,1,0.5042853822400857,1.0123052597045898,0.5042853822400857,-50.34514141225443,5.187251390145237
97,4,light_ebrem,232,1,1,0.0007469569553430947,0.0014989376068115234,0.0007469569553431032,-0.06978891444035107,0.2015990409815258
97,5,hard_ebrem,232,1,1,0.13227552191303069,0.2653003931045532,0.1322755219130307,0.009142172855232611,0.22700467923930384
97,6,no_ebrem,232,0,0,0.0,0.0,0.0,-0.03698666502192168,0.11787924482533602
97,7,no_ebrem,233,0,0,0.0,0.0,0.0,0.12583573281496604,0.42551766836052457
97,8,no_ebrem,232,0,0,0.0,0.0,0.0,0.09774426111068568,0.5858552469668925
97,9,no_ebrem,232,0,0,0.0,0.0,0.0,-0.051305582323683416,0.19510562300026824
98,0,hard_ebrem,232,1,1,0.28909376650919194,0.5803203582763672,0.28909376650919194,-29.01767181491867,-28.63079000557916
98,1,no_ebrem,232,0,0,0.0,0.0,0.0,0.001185841049797746,0.34249987393183756
98,2,hard_ebrem,232,1,1,0.16673907234636656,0.33399999141693115,0.16673907234636653,-0.10626558168799624,0.08401566836008165
98,3,hard_ebrem,142,9,12,0.8233719135509043,1.9422871321439743,0.9746728175559138,-82.46399199040714,-82.46063444913675
98,4,hard_ebrem,232,1,1,0.23456451797144684,0.470486044883728,0.23456451797144684,-0.09857183543640302,-0.06863828690242729
98,5,no_ebrem,233,0,0,0.0,0.0,0.0,-0.10956078284868373,0.21955872077422828
98,6,light_ebrem,232,1,1,0.00013864305311503354,0.0002779960632324219,0.00013864305311506175,-0.18313146753987897,0.09745888594882708
98,7,light_ebrem,232,2,2,0.00158899047270715,0.0035834312438964844,0.001785000289832639,-0.08110631582746133,0.0728967774507385
98,8,light_ebrem,232,1,1,0.001607761535326747,0.00322723388671875,0.0016077615353267127,0.14118460776894146,0.2672967823020688
98,9,light_ebrem,232,1,1,0.004632069777777039,0.009298920631408691,0.004632069777777081,-0.4633341588861805,-0.45792103031765136
99,0,light_ebrem,231,1,1,0.0020267355029917147,0.004064321517944336,0.0020267355029917056,-0.10476051718236772,-0.024325439830124918
99,1,no_ebrem,232,0,0,0.0,0.0,0.0,0.0979453218609203,0.4298722754439843
99,2,hard_ebrem,232,1,1,0.20078728083756325,0.4027365446090698,0.20078728083756325,-0.021304879183897486,0.3110809002304756
99,3,light_ebrem,232,1,1,0.0029317789994579534,0.0058841705322265625,0.002931778999457957,-0.33432277152899265,-0.01607549852805895
99,4,light_ebrem,234,2,2,0.006355678447053524,0.021455764770507812,0.010705339020057325,-1.1394501211601475,-0.5495239505805398
99,5,no_ebrem,232,0,0,0.0,0.0,0.0,0.11346835270073088,0.23010000255596086
99,6,no_ebrem,232,0,0,0.0,0.0,0.0,0.06728316245729386,0.4531141126223555
99,7,light_ebrem,231,1,1,0.0009336166262174709,0.0018734931945800781,0.0009336166262174928,-0.0100958665753645,0.17515393991082745
99,8,hard_ebrem,233,1,1,0.15756182915541542,0.31632328033447266,0.1575618291554154,-15.3837699827609,0.7371863242677134
99,9,light_ebrem,233,1,1,0.0018158742463148154,0.0036458969116210938,0.001815874246314797,-0.04526549146966827,0.12384895304647696
100,0,light_ebrem,232,2,2,0.010722581843717958,0.02251613140106201,0.011218046257492897,-1.150375614635205,-0.04640372286855542
100,1,no_ebrem,232,0,0,0.0,0.0,0.0,0.2518441839319675,0.46465739748167706
100,2,no_ebrem,232,0,0,0.0,0.0,0.0,-0.054692901905549166,0.27634451743231453
100,3,light_ebrem,232,1,1,0.0005063366401388918,0.0010151863098144531,0.0005063366401388825,-0.4969788780010228,-0.18322176003952773
100,4,light_ebrem,232,2,2,0.02949024046975448,0.06518816947937012,0.03250382156921472,-0.4489139829460293,-0.3004318600485429
100,5,no_ebrem,230,0,0,0.0,0.0,0.0,0.0804366070122476,0.11946349013791902
100,6,no_ebrem,232,0,0,0.0,0.0,0.0,0.002946612558205479,0.1871077356933126
100,7,no_ebrem,232,0,0,0.0,0.0,0.0,0.18257925023658933,0.7658745161824253
100,8,no_ebrem,233,0,0,0.0,0.0,0.0,0.11007427637188516,0.20881270791716094
100,9,light_ebrem,232,1,1,1.0938108023565917e-05,2.193450927734375e-05,1.0938108023550441e-05,-0.21300292040386268,-0.09894653734877079
