sample,file_index,event,track_index,pdg,truth_pt_GeV,truth_phi,truth_tanlambda,truth_omega,d0_mm,z0_mm,phi_mrad,tanlambda,omega_rel_pct,pt_rel_pct,chi2,ndf,chi2_ndf
electron,1,0,0,11,2.0003590347924276,-0.8959747300154015,0.08748865881388518,-0.0004499192316710239,0.00553525798022747,0.001413351739756763,-0.3634943956092318,0.00015144041354325788,-0.07607222643466748,0.07613014032740968,459.9234313964844,460,0.9998335465140965
electron,1,1,0,11,2.000359006996882,2.4010387224514655,0.08748866002956444,-0.0004499192379227769,-0.0015454544918611646,0.008276470005512238,-0.2225202877692567,-0.00030543785491997377,-0.16464923400633089,0.16492077479874037,436.02154541015625,460,0.9478729248046875
electron,1,2,0,11,2.0003589489656446,-2.0999856211236003,0.08748866256764654,-0.00044991925097511944,0.004376811906695366,-0.0013199576642364264,-0.6594441840168663,-0.00027619686415913947,0.19852536293957318,-0.19813202062652768,464.703857421875,460,1.0102257770040761
electron,1,3,0,11,2.000358945512278,2.6645029082310883,0.08748866271868463,-0.00044991925175184806,0.030534982681274414,-0.0013642720878124237,-1.8363490117279113,0.00015171218022588806,11.161706406215217,-10.040963535974601,663.883056640625,460,1.4432240361752717
electron,1,4,0,11,2.0003589687690058,-0.8326478130890945,0.0874886617015172,-0.0004499192465209622,0.012042592279613018,-0.012277532368898392,-0.7579796240707593,0.00031692982213010756,-0.009881535388451566,0.009882511932360992,459.3686218261719,460,0.9986274387525476
electron,1,5,0,11,2.0003590035647205,-0.8848365061232122,0.08748866017967512,-0.00044991923869473614,0.0064047351479530334,0.0028224405832588673,-0.2150423577753635,-0.00035349424988080635,3.9235814774990363,-3.7754486726850818,595.870849609375,460,1.2953714121942934
electron,1,6,0,11,2.000358901570459,2.457909117751261,0.08748866464054525,-0.00044991926163520966,0.011374842375516891,-0.008822602219879627,-1.1251078177894058,0.0007029936178928609,1.2163824851553828,-1.201764433078591,466.4034423828125,460,1.0139205269191576
electron,1,7,0,11,2.0003589794579737,2.1310325972748485,0.08748866123401935,-0.0004499192441168075,0.0019076642347499728,-0.004700999706983566,-0.37707015998034166,0.0005378549054879389,-0.0645348676980152,0.06457654208399972,439.4274597167969,460,0.9552770863408627
electron,1,8,0,11,2.000358985765736,0.4569041852948749,0.08748866095814004,-0.0004499192426980703,-0.0011872716713696718,-0.005217277444899082,0.09189796470759903,0.0004657186600278418,-0.10196879651188552,0.10207287899815728,433.79608154296875,460,0.943034959876019
electron,1,9,0,11,2.00035899486061,2.4952141066495193,0.08748866056036225,-0.00044991924065245804,0.008756513707339764,0.004158527124673128,-0.4507323209059777,-0.00017758642267456937,-0.24537248223408265,0.24597603974851429,418.6474304199219,458,0.9140773589954626
electron,1,10,0,11,2.000358951156723,2.9247133833506216,0.08748866247181647,-0.0004499192504823037,-0.012587540782988071,-0.0066720591858029366,0.9310143849741159,0.0006451196765447365,-0.10327072929458302,0.1033774879803424,467.5218811035156,462,1.0119521236006832
electron,1,11,0,11,2.000358940332882,2.874425316749414,0.0874886629452132,-0.00044991925291679397,0.024759257212281227,-0.00553511269390583,-1.7088899000485824,0.0009179445634461686,11.467182996871191,-10.287496901391208,855.8657836914062,462,1.8525233413233901
electron,1,12,0,11,2.0003589686541496,-1.0862778550521879,0.0874886617065406,-0.0004499192465467955,0.01288560125976801,0.004081835504621267,-1.1527412994356556,4.869699385151582e-06,1.6790710607171828,-1.6513438244479344,543.107666015625,460,1.1806688391644022
electron,1,13,0,11,2.0003590076836937,2.9558596468087663,0.08748865999952574,-0.0004499192377682998,-0.004913816694170237,-0.001778008765541017,-0.011429798268292046,0.00023600331767778537,0.22815485315466433,-0.22763549173277892,424.8714904785156,460,0.9236336749532948
electron,1,14,0,11,2.0003589310005903,0.17269642691051162,0.08748866335337481,-0.0004499192550158062,0.0014352104626595974,0.012784128077328205,-0.23549835120834084,-0.0007951901931079336,-0.08061195482944969,0.08067699012829524,431.871826171875,460,0.9388517960258153
electron,1,15,0,11,2.0003588745636005,2.320574751939199,0.0874886658217303,-0.0004499192677095726,0.008164248429238796,-0.006969672627747059,-0.46395405711896487,0.0002947602246411579,-0.24462164587698007,0.24522151077267065,413.0966796875,458,0.9019578159115721
electron,1,16,0,11,2.0003589689696555,-0.4653253576422414,0.08748866169274148,-0.00044991924647583216,0.02766323648393154,-0.007977552711963654,-2.0070948933878507,0.00032231660067739976,10.333548650722392,-9.3657357867051,1004.6295776367188,462,2.174522895317573
electron,1,17,0,11,2.000359016529244,-0.6469852402072462,0.0874886596126525,-0.00044991923577876523,0.05194099247455597,-0.021813184022903442,-3.9145276684251495,0.0014758324699433306,26.579198341061527,-20.998077637879454,491.88116455078125,462,1.0646778453480115
electron,1,18,0,11,2.0003590025894007,-3.0386642713034826,0.08748866022233218,-0.00044991923891410433,0.00035075703635811806,-0.006217142101377249,0.04260725624138928,0.0005996510326460036,-0.16469473472972446,0.1649664257470028,572.4349365234375,460,1.244423775050951
electron,1,19,0,11,2.000358971366486,-0.9405159604310657,0.08748866158791255,-0.0004499192459367388,0.0056928289122879505,-0.0017835603794083,0.14331457611571619,4.455161027241972e-05,0.013781021156493723,-0.013779122252752537,477.17926025390625,460,1.0373462179432744
electron,1,20,0,11,2.0003589659304644,-0.29182711662246813,0.08748866182566502,-0.00044991924715940477,-0.0017574033699929714,0.001787686487659812,0.13155163719286156,0.00034691828488490895,-0.049774018748378786,0.04979880561523331,513.2811889648438,462,1.1109982445126487
electron,1,21,0,11,2.000358940435472,-1.2509381016157277,0.08748866294072627,-0.00044991925289371954,-0.0015894684474915266,0.0010634079808369279,0.0845631025441218,-0.00018421981976984858,-0.18259020177564417,0.18292420344781546,431.7506408691406,462,0.9345251966864516
electron,1,22,0,11,2.000358965494685,1.5304907577017475,0.08748866184472447,-0.00044991924725741996,0.0017639687284827232,-0.000587092712521553,-0.010730502955969001,-0.00030517889975910373,0.09554482618426438,-0.09545362518399808,404.03070068359375,458,0.882163101929244
electron,1,23,0,11,2.000358987860904,-1.6731056540040916,0.08748866086650477,-0.0004499192422268267,0.00035820965422317386,-0.006564491894096136,0.08982110309063707,0.00043540233921422755,-0.030599759125764382,0.030609125444424623,493.4857177734375,460,1.0727950386379077
electron,1,24,0,11,2.0003589844983254,-1.5866900296076025,0.08748866101357212,-0.00044991924298313536,0.008893209509551525,-0.014464830048382282,-0.39772082727296265,0.0007264814749074894,1.4540524071342027,-1.433212742748905,484.6029357910156,460,1.053484643023947
electron,1,25,0,11,2.000358979117799,-2.8644155256680977,0.0874886612488974,-0.0004499192441933193,-0.0058601913042366505,0.0008586347103118896,-0.10478568749316963,-0.00020323946020492367,0.14565836199908347,-0.14544650699939832,441.0317687988281,460,0.9587647147800611
electron,1,26,0,11,2.000358925986074,-0.5499972532617967,0.08748866357269212,-0.0004499192561436675,-0.001158926752395928,-0.002325786743313074,-0.18973842979264077,0.000601681690789016,7.740233639387124,-7.184162664148419,490.8305358886719,462,1.0624037573347875
electron,1,27,0,11,2.000358932697054,2.4238226102440095,0.08748866327917745,-0.0004499192546342388,0.00643730815500021,-0.002466962207108736,-0.6634877769684522,-4.814275419881553e-05,-0.10232722408656994,0.10243203994963064,510.9436950683594,462,1.1059387339141977
electron,1,28,0,11,2.0003589841760365,2.213496850403439,0.0874886610276679,-0.00044991924305562436,0.006074280943721533,0.0013760558795183897,-0.7385477148402764,0.00017427422929010283,0.11743576985826144,-0.11729802002542464,467.605712890625,462,1.0121335776853355
electron,1,29,0,11,2.0003589168046356,-2.6427740081387783,0.08748866397425593,-0.0004499192582087498,-0.00010923448280664161,-0.03675823658704758,-0.36916889369242867,0.003411265430002794,1.4143571623926425,-1.3946320836288075,546.6316528320312,464,1.1780854586897225
electron,1,30,0,11,2.000358956646043,-0.8095096911071357,0.08748866223173293,-0.0004499192492476499,-0.0030217256862670183,0.003383136820048094,0.06341587291325279,-6.459258871230333e-05,1.9752324340426521,-1.936972720626276,407.25146484375,462,0.881496677150974
electron,1,31,0,11,2.000358959314861,-3.1171212412233285,0.08748866211500822,-0.00044991924864738134,-0.008182840421795845,-0.006062863860279322,0.36504043292318045,3.65484628023216e-06,-0.09880693360170313,0.09890465826171006,445.1179504394531,464,0.9593059276712352
electron,1,32,1,11,2.000358934440819,-2.075552420800983,0.08748866320291132,-0.0004499192542420325,81.20652770996094,2.0967559814453125,-129.12373047465175,-0.0007479757134017384,26.79394033837272,-21.131877648780538,373.5914611816406,250,1.4943658447265624
electron,1,33,0,11,2.00035900412245,2.5054827156793578,0.08748866015528199,-0.00044991923856929205,-0.0020685188937932253,0.004050904419273138,0.4555758703248536,-6.611788128373097e-05,0.1279613085981844,-0.12779777689051547,479.244873046875,460,1.0418366805366848
electron,1,34,0,11,2.0003589720298187,-0.6052808676356229,0.08748866155890071,-0.00044991924578754257,94.85693359375,3.5320475101470947,-310.78565973101524,-0.0016378490641459215,128.36565329275626,-56.21057783509863,572.6724853515625,444,1.2898028949359517
electron,1,35,0,11,2.000358988485132,1.3142792279564093,0.08748866083920324,-0.00044991924208642584,0.007784457877278328,-0.0008863869588822126,-0.2346331916998068,8.868959843789936e-05,0.08368888842861347,-0.08361890869341175,258.20318603515625,250,1.032812744140625
electron,1,36,0,11,2.0003589886885726,-0.6235163664102864,0.08748866083030546,-0.0004499192420406681,-0.00047957341303117573,0.004862826783210039,-0.1045609235453826,-0.00029018731717908586,1.4893586683386753,-1.4675022956897563,501.4175720214844,460,1.0900382000467053
electron,1,37,0,11,2.000358920226319,1.6532818719664548,0.08748866382460355,-0.0004499192574391473,-0.011813316494226456,0.008892613463103771,0.7563188752199856,-0.000444156559512604,0.05786897718853067,-0.05783550837138895,456.06072998046875,458,0.9957657859835563
electron,1,38,0,11,2.000358918612088,0.7302561242193892,0.08748866389520432,-0.000449919257802219,-0.00016603284166194499,-0.002197153400629759,-0.10792799899128624,0.0003624506758901913,-0.05674314984801753,0.05677536597900428,471.81396484375,460,1.0256825322690217
electron,1,39,0,11,2.000358904241652,-2.214106150924653,0.08748866452371666,-0.0004499192610344069,0.006365958135575056,0.007182876113802195,-0.3036772613822514,-0.00011949075853416591,0.33889991459398683,-0.33775526229851666,482.1673583984375,462,1.0436522909057089
electron,1,40,0,11,2.000358938518153,1.6276191558593818,0.08748866302458307,-0.00044991925332496155,457.72247314453125,35.05315399169922,-1204.0000345462868,0.0016550751260135527,1523.8931427663272,-93.84195934040041,40.75754165649414,34,1.1987512251910042
electron,1,41,0,11,2.000358974118635,-0.6776030847236499,0.08748866146754325,-0.00044991924531772757,-0.01199877355247736,-0.009227913804352283,0.6445833846911997,0.00036021792937218633,-0.05827992212734063,0.05831390742717511,473.9588317871094,458,1.0348446108888851
electron,1,42,0,11,2.000358910910462,-0.8558500656942301,0.08748866423204636,-0.00044991925953446305,0.005544648505747318,-0.01257436815649271,-0.16370917759611636,0.000838304020612482,-0.06068942853324593,0.06072628296733387,493.9834899902344,460,1.0738771521526835
electron,1,43,0,11,2.0003589145896,-0.787689784071231,0.08748866407113381,-0.00044991925870695404,0.026747146621346474,-0.0016504775267094374,-1.4574737336395804,-5.423812108346082e-05,6.789188503148961,-6.357561657984478,513.2337036132812,458,1.1205976061425356
electron,1,44,0,11,2.0003589292873523,2.7096879325153878,0.08748866342830582,-0.00044991925540114637,-0.06470433622598648,0.1020355299115181,6.485239481682559,-0.009806652598857116,3.921559390892798,-3.773576353047358,510.35540771484375,458,1.1143131172813183
electron,1,45,0,11,2.0003590086569685,-0.03308582425892796,0.08748865995695812,-0.0004499192375493915,-0.002810851903632283,-0.0037449621595442295,0.08155525505985917,0.0003037142367102452,0.06207804172327397,-0.06203952879869308,536.2215576171875,460,1.1656990382982337
electron,1,46,0,11,2.0003589423928236,-1.8684020875458365,0.0874886628551186,-0.00044991925245347345,-0.0009452156955376267,-0.0021289843134582043,-0.015533113038035395,-0.00013503845164188066,-0.04590045634469412,0.045921534538614577,451.70697021484375,460,0.9819716743800951
electron,1,47,0,11,2.000358941030243,1.7148478320074916,0.08748866291471309,-0.0004499192527599441,0.00017568787734489888,0.006258724257349968,-0.1552393866419699,-0.00030740769334620943,-0.10818096206844847,0.10829812001657124,420.118408203125,458,0.9172891008801856
electron,1,48,0,11,2.000358908677819,1.3232756386342033,0.08748866432969432,-0.00044991926003662744,0.00358605501241982,-0.001716136117465794,-0.09973149919351165,0.00046506708796162366,3.1990522121150904,-3.0998852640039383,535.5313110351562,460,1.1641985022503396
electron,1,49,0,11,2.0003589974704066,-2.756359375085891,0.08748866044621895,-0.0004499192400654646,0.011925769969820976,0.0011382459197193384,-0.6360644435279283,0.00013249195475151243,-0.02902738993774923,0.02903581827795029,469.2129821777344,460,1.0200282221255095
electron,1,50,0,11,2.0003589162647066,-1.3174191091556582,0.08748866399787053,-0.00044991925833019026,0.004708849824965,0.00651838444173336,-0.5374576549497245,-0.00011607786677464427,-0.2978697279374393,0.2987596424716477,483.6782531738281,458,1.0560660549646903
electron,1,51,0,11,2.0003589901853327,2.936905841525181,0.08748866076484244,-0.0004499192417040179,-0.01273381058126688,-0.005481634754687548,1.032133404628599,0.0007236952064939295,-0.10702708259278457,0.10714175328557854,495.3511657714844,460,1.0768503603727921
electron,1,52,0,11,2.000358906723939,0.6000655120028777,0.08748866441515016,-0.00044991926047609275,-0.004031999967992306,-0.0027626182418316603,0.39495771987008155,0.00015817758771849433,0.01690216087790471,-0.0168993045302776,535.9511108398438,460,1.1651111105213994
electron,1,53,0,11,2.0003589041028653,0.815436234782116,0.08748866452978671,-0.0004499192610656227,22.777734756469727,0.33937403559684753,-128.79799873627863,0.0007279680748122908,83.60782408670016,-45.53609003460566,469.00775146484375,444,1.0563237645604588
electron,1,54,0,11,2.0003589704642732,2.3364575695944256,0.08748866162737216,-0.0004499192461396639,-0.0019106416730210185,-0.0005007942672818899,-0.17722367767758485,0.00042810000936184534,-0.14148671886571693,0.14168718741824637,446.8655090332031,460,0.9714467587678329
electron,1,55,0,11,2.000358975906924,0.49361598568892945,0.08748866138932977,-0.00044991924491550694,0.0036754668690264225,0.007818661630153656,0.16075295471679185,-0.0006985616493013908,0.15398339076402556,-0.15374664646461478,450.1606750488281,462,0.9743737555169439
electron,1,56,0,11,2.0003589811454816,0.0818309074033185,0.0874886611602137,-0.00044991924373725446,-0.0030387016013264656,-0.007044341415166855,0.11383390537061944,0.00023468340422416745,0.5677138764367133,-0.5645090800554892,474.0219421386719,458,1.0349824064163142
electron,1,57,0,11,2.000358896000591,0.3471972215212021,0.0874886648841517,-0.00044991926288798033,0.003543359227478504,0.007809582632035017,-0.3630089796218816,-0.00028337408977914536,0.13719316940334414,-0.13700520761676432,487.55364990234375,460,1.0598992389181385
electron,1,58,0,11,2.000358998386562,-1.4471131361159923,0.08748866040614953,-0.00044991923985940357,0.00884617306292057,0.0012021325528621674,-0.3588401642200534,0.00021341275068412213,0.6633347531549147,-0.6589636184629997,435.8339538574219,462,0.9433635364879261
electron,1,59,0,11,2.000358913342672,-1.3224494784877285,0.08748866412567005,-0.00044991925898741215,-0.0048133013769984245,-0.004860284738242626,0.3640979335293171,0.00039968099666728985,-0.08818119072199858,0.0882590185754963,490.8895568847656,462,1.0625315084085836
electron,1,60,0,11,2.000358942691854,-0.6568651398439149,0.08748866284204006,-0.0004499192523862157,0.01012294553220272,0.00105668802279979,-0.8529225569029464,0.00013745164560795275,-0.2538943335383865,0.25454059769247,457.58648681640625,462,0.9904469411610525
electron,1,61,0,11,2.000358957076129,-0.8256310909600326,0.0874886622129225,-0.00044991924915091535,0.015755699947476387,0.008432499133050442,-1.2848288206985803,-0.00048806121928922364,8.787197423699508,-8.077418696131613,1064.5927734375,460,2.3143321161684782
electron,1,62,0,11,2.000358919527296,-1.541268319771503,0.08748866385517635,-0.00044991925759637106,0.007582011632621288,-0.008779564872384071,-0.3071120522275539,0.0007605948418565739,-0.17654949933342168,0.17686174786379222,531.7159423828125,462,1.150900308187906
electron,1,63,0,11,2.0003588767873954,2.2633935148346045,0.08748866572446932,-0.0004499192672093983,0.009172417223453522,-0.0010488908737897873,-0.8834535705664059,0.0003214408510197192,-0.05705573608421414,0.05708830823870233,486.6736755371094,460,1.057986251167629
electron,1,64,0,11,2.0003589736173124,2.195799837484151,0.08748866148946934,-0.00044991924543048465,0.0028410430531948805,0.022516749799251556,-0.9000400445757784,-0.002272854528409765,0.1117428041291238,-0.11161807895777612,503.3005676269531,460,1.094131668754246
electron,1,65,0,11,2.0003589586738526,-0.34844583273492313,0.08748866214304367,-0.0004499192487915565,-0.0060111903585493565,-0.012015440501272678,0.02127886376834809,0.0003952275320967119,0.12004137098277129,-0.11989744444667735,440.1952209472656,462,0.952803508543865
electron,1,66,0,11,2.000358928821547,0.942317343858737,0.08748866344867849,-0.00044991925550591494,-0.01234232634305954,-0.007805677596479654,0.5823601207551876,0.000852349148405554,0.008920916393190004,-0.008920120636687125,478.9386291503906,460,1.0411709329356318
electron,1,67,0,11,2.000358896042118,1.1032583753667797,0.08748866488233545,-0.00044991926287864004,0.010157640092074871,0.0017624510219320655,0.10323123112065957,0.00021761785253546218,1.5009523083511354,-1.4787568729319551,492.3866271972656,460,1.0704057112984036
electron,1,68,0,11,2.0003589047391497,1.744985166394743,0.08748866450195786,-0.00044991926092251007,-0.018393464386463165,-0.0012022178852930665,1.2137261986406855,-9.132754211899075e-05,0.012270487840154552,-0.01226898237615997,408.2396240234375,458,0.8913528908808679
electron,1,69,0,11,2.0003589750737016,0.23728278163715608,0.087488661425772,-0.0004499192451029147,0.0008202954195439816,0.007087528705596924,0.2305519218801788,-0.0004243728691962212,-0.06308610269797428,0.06312592638471252,473.6158447265625,462,1.0251425210531655
electron,1,70,0,11,2.000358924492695,1.537659568818822,0.08748866363800725,-0.0004499192564795571,0.005602441728115082,0.0014664975460618734,-0.20961287857534927,-0.00040022774971684716,-0.24666325839913428,0.24727319050798444,478.7079772949219,460,1.0406695158585257
electron,1,71,0,11,2.0003589107941613,2.625954135641775,0.08748866423713295,-0.00044991925956062133,0.01100069098174572,-0.0022132163867354393,-0.6453835818382991,0.0003281404103127328,0.13218715279681048,-0.13201264903472207,469.0638427734375,462,1.0152897029728085
electron,1,72,0,11,2.0003589095402527,-1.011909021874475,0.0874886642919745,-0.00044991925984264947,0.014166277833282948,-0.0007308800122700632,-1.3894896306518856,-0.0002356525288786382,0.14452932861962792,-0.14432074281896287,461.4625549316406,460,1.003179467242697
electron,1,73,0,11,2.000358949726099,0.13657222925199441,0.08748866253438693,-0.0004499192508040786,0.004015102982521057,0.0069832815788686275,-0.35213171018533274,-0.0002369397217343444,0.04745588016207023,-0.04743337023872456,489.8092041015625,460,1.0648026176120924
electron,1,74,0,11,2.000358939965778,-2.8641080360486293,0.08748866296126905,-0.0004499192529993628,-0.0014070937177166343,-0.005082521587610245,0.050971992232806684,0.00029069506809649426,-0.17275136505566974,0.1730503118315899,462.7428894042969,460,1.0059628030528194
electron,1,75,0,11,2.0003589552531182,-2.0741255490160193,0.08748866229265456,-0.00044991924956094554,0.0048680794425308704,0.004816032014787197,-0.2510340833459246,-1.646934955840118e-05,1.5072687431647698,-1.484887498035716,455.966796875,460,0.9912321671195652
electron,1,76,0,11,2.000358947388072,-0.325315520053072,0.08748866263664401,-0.0004499192513299459,0.0036664255894720554,0.0065635512582957745,-0.5635173271464899,-9.915623701250986e-05,2.713864499970698,-2.6421598614581048,354.8514404296875,140,2.5346531459263395
electron,1,77,0,11,2.000358916056991,0.038408692946643126,0.08748866400695528,-0.0004499192583769095,0.0031181946396827698,0.013195625506341457,-0.1428201999371173,-0.0009274759051867837,0.7717974116594569,-0.7658863208588175,437.67095947265625,460,0.9514586075492527
electron,1,78,0,11,2.0003589054813267,2.2495693378923387,0.08748866446949766,-0.0004499192607555802,0.01421482302248478,0.005540818441659212,-0.8258038042039395,-0.0007755143258743047,-0.03831454086901246,0.03832922653618576,462.74725341796875,460,1.0059722900390624
electron,1,79,0,11,2.0003590143374606,-1.2544850691541407,0.0874886597085134,-0.00044991923627173955,-0.004004745744168758,0.004342224448919296,-0.12046253836417442,-7.460403577269625e-07,-0.18864119748394273,0.18899772505571488,425.9158630371094,460,0.9259040500806726
electron,1,80,0,11,2.0003588976980775,1.2007770172169883,0.0874886648099096,-0.0004499192625061829,0.010122159495949745,-0.0202956460416317,-0.9599557927328917,0.0012537478168337113,-0.22082869278475145,0.22131742516163885,523.0513305664062,460,1.1370681099269702
electron,1,81,0,11,2.0003589744550827,3.084982922314334,0.0874886614528282,-0.000449919245242054,0.018429836258292198,0.012954406440258026,-1.282742260622971,-0.0010933977809532008,6.411097428110947,-6.024839122105807,623.6709594726562,460,1.3558064336362092
electron,1,82,0,11,2.0003589152712786,-2.4056732194448625,0.08748866404131958,-0.00044991925855363137,-0.001107168267481029,-0.01865270733833313,0.06122756253823525,0.0011862537757962033,-0.05439518645926586,0.05442479092576476,449.5650329589844,460,0.9773152890412704
electron,1,83,0,11,2.0003589629748486,0.896879557731301,0.08748866195493324,-0.0004499192478241797,-0.003162287874147296,-0.0020709249656647444,0.5384644244607051,-0.0005090119939385185,-0.08870914339803165,0.08878790638922988,471.3497619628906,460,1.0246733955715013
electron,1,84,0,11,2.0003588990540955,2.903100952434015,0.08748866475060214,-0.0004499192622011883,-0.00023989025794435292,0.010484625585377216,-0.06960325188609673,-0.0004171193285249647,-0.16468696468463115,0.16495863004543948,513.0462036132812,460,1.1153178339419159
electron,1,85,0,11,2.0003589337704706,-2.326447774020316,0.08748866323223,-0.00044991925439280675,0.31127193570137024,-0.0020169985946267843,-59.33709040534296,0.00028191056261177294,1286.6369122658368,-92.78830679355023,7.011890411376953,6,1.168648401896159
electron,1,86,0,11,2.0003589828945096,1.5577256572048672,0.08748866108371738,-0.0004499192433438644,-0.007595290895551443,-0.011561828665435314,0.3024447162143229,3.956022546765248e-05,-0.33187225112091223,0.332977310416707,498.0424499511719,458,1.0874289300243927
electron,1,87,0,11,2.0003589078847797,0.24384116015356314,0.08748866436437908,-0.0004499192602149973,-0.016318954527378082,-0.002240131376311183,0.7342807300733389,0.00034911366744694305,-0.03667784510324532,0.03669130268239838,472.9731140136719,462,1.0237513290339217
electron,1,88,0,11,2.0003589268618667,2.2380277805033137,0.08748866353438803,-0.0004499192559466848,0.006143441889435053,0.008758882991969585,-0.8017711344172618,-0.00035414580510564897,0.3202841923320248,-0.3192616477421289,433.1651611328125,458,0.9457754609886736
electron,1,89,0,11,2.0003589281474095,1.5033573494623864,0.0874886634781629,-0.0004499192556575415,0.001600883319042623,-0.004827376455068588,0.31131642353887656,0.0003847432300776027,0.2586636247801305,-0.25799628224468085,458.2485656738281,466,0.9833660207592878
electron,1,90,0,11,2.000358944411638,0.5509088252430623,0.08748866276682275,-0.0004499192519994032,-0.004756691865622997,0.01079082116484642,0.35093084519455253,-0.0002492259615744924,1.364342738932763,-1.3459789725531688,482.4466247558594,460,1.0487970103388247
electron,1,91,0,11,2.000358983208913,-0.1668930572428,0.08748866106996649,-0.0004499192432731491,0.009515723213553429,-0.0019875632133334875,-0.5196857295739488,0.00033043090572244804,-0.18278212775400093,0.18311683259688544,521.0607299804688,462,1.1278370778798026
electron,1,92,0,11,2.0003589341456194,0.19125962368205257,0.0874886632158223,-0.00044991925430842855,-0.0014289994724094868,0.00141143670771271,0.22874661728672363,3.341881495086407e-05,0.03580501077526451,-0.03579219537585415,419.9369812011719,458,0.9168929720549605
electron,1,93,0,11,2.0003589885961586,0.7567607317169608,0.08748866083434732,-0.0004499192420614538,-0.004840678069740534,6.905029295012355e-05,0.244780997425198,-0.0002761131744733608,0.04908793128642994,-0.049063846858997076,416.0976867675781,462,0.9006443436527665
electron,1,94,0,11,2.000358995346623,2.14658666091219,0.08748866053910576,-0.0004499192405431444,0.022978033870458603,-0.011672764085233212,-1.3508840109448528,0.0007377323260752133,8.854758386212684,-8.134470663006141,702.9075317382812,458,1.534732602048649
electron,1,95,0,11,2.000358948776774,-0.9935072323904147,0.08748866257590708,-0.0004499192510176001,-0.0007149181328713894,0.0005638654110953212,0.5181691274752653,5.644919949117366e-05,-0.14956718112484865,0.14979121962962763,487.71160888671875,458,1.0648725084862856
electron,1,96,0,11,2.0003589521610508,1.6776664041651677,0.08748866242789072,-0.00044991925025641104,0.0019337901612743735,0.011640377342700958,-0.3543876780460753,-0.0005356184902076122,0.13634211519324682,-0.13615647657310703,486.7896423339844,460,1.058238352899966
electron,1,97,0,11,2.0003589131546176,2.11173426091818,0.08748866413389489,-0.0004499192590297092,0.006194788962602615,-0.0011036712676286697,-0.8295673146645477,-9.868089710518557e-05,8.901017902280067,-8.1734937595048,444.09564208984375,460,0.9654253088909647
electron,1,98,0,11,2.0003589808736506,-1.8073799046802639,0.08748866117210263,-0.0004499192437983945,0.012376285158097744,0.0023097379598766565,-0.902470655429477,9.407637406644298e-06,-0.01542458800212441,0.015426967548306055,551.51416015625,460,1.1989438264266303
electron,1,99,0,11,2.0003589848114034,0.027779807420133956,0.08748866099987919,-0.0004499192429127181,0.0038954047486186028,-0.0029433718882501125,-0.12827766096533064,0.00025277357424800806,-0.2804979089819964,0.2812869128908898,422.3147277832031,462,0.9141011423878855
electron,2,0,0,11,2.0003589301606275,-1.8874352795994045,0.08748866339011183,-0.00044991925520473,-0.006826353259384632,0.002139243995770812,0.20881723520771445,-5.009491724958237e-05,-0.08944174303819612,0.08952181290806656,454.68145751953125,460,0.9884379511294158
electron,2,1,0,11,2.0003589152334276,-1.0800689099131022,0.08748866404297505,-0.0004499192585621448,-0.0031594063621014357,-0.004145591985434294,0.19773223976238263,0.0002151823520406687,-0.1592848106271429,0.15953893191272375,424.607421875,460,0.9230596127717391
electron,2,2,0,11,2.0003589750177397,-0.8661909360078891,0.08748866142821957,-0.0004499192451155016,53.05638122558594,2.26906418800354,-161.32364090403718,-0.0003925439913337325,59.60741538253257,-37.346269432200835,447.95892333984375,442,1.0134817270132213
electron,2,3,0,11,2.0003589138627778,-0.8835354798310692,0.08748866410292246,-0.00044991925887043037,0.0018307906575500965,-0.0033702407963573933,0.049268531172930174,0.0002761280413760975,0.8078925272645218,-0.8014179316823073,414.42529296875,460,0.9009245499320652
electron,2,4,0,11,2.000358988726524,-1.2307727955843653,0.08748866082864559,-0.0004499192420321321,-0.0022840388119220734,0.005454874597489834,0.46605100886476514,-0.0004929995699480827,-0.015068418157537837,0.015070689071985279,465.9124450683594,460,1.0128531414529551
electron,2,5,0,11,2.000358918043341,2.819331609299166,0.08748866392007931,-0.00044991925793014107,0.03120175190269947,-0.003933231346309185,-1.8486609959431632,0.00048033373721972916,5.701810294689647,-5.394240911100177,568.559326171875,458,1.2413959086722162
electron,2,6,0,11,2.0003589432889695,3.068446565332095,0.08748866281592434,-0.000449919252251913,0.013761033304035664,0.018454063683748245,-1.1739022156400658,-0.0012118857272822164,0.6349926994850684,-0.6309859845484143,463.1440734863281,460,1.0068349423615828
electron,2,7,0,11,2.0003589193993143,-2.6871377144756505,0.08748866386077382,-0.0004499192576251566,0.007226188667118549,-0.0024584128987044096,-0.8992041644861892,0.00043027334549448903,7.942340676865371,-7.357947425506968,442.2525634765625,460,0.9614186162533968
electron,2,8,0,11,2.0003589835714313,1.898931878063517,0.08748866105411121,-0.0004499192431916117,0.005591914523392916,0.006551453843712807,-0.427620861368494,-0.0006910138759381457,5.847016189089768,-5.524025522499766,493.58673095703125,460,1.0730146325152854
electron,2,9,0,11,2.0003590002205196,3.0036864336947553,0.08748866032593869,-0.00044991923944691126,-0.012059027329087257,-0.0014358846237882972,0.8091870327837647,-0.0002499462270083297,0.2504714210698013,-0.24984562917193806,450.2683410644531,460,0.9788442197053329
electron,2,10,0,11,2.0003589785311076,0.2135116926369947,0.08748866127455722,-0.0004499192443252775,0.012011132203042507,0.0023146511521190405,-0.714274400262227,-2.8366908674345992e-05,3.0192588905838424,-2.9307713170316774,769.3709716796875,460,1.6725455906080162
electron,2,11,0,11,2.0003589654305265,-2.264544726337062,0.08748866184753054,-0.0004499192472718504,0.01925918087363243,-0.010735508985817432,-1.2054434169663786,0.00017186687189466032,3.9874382923311726,-3.8345384383079155,579.425048828125,460,1.259619671365489
electron,2,12,0,11,2.000358916890823,-2.1312464894459935,0.0874886639704864,-0.0004499192581893646,0.020686160773038864,-0.0016373670659959316,-1.4658747507838576,-1.0830937878361646e-05,-0.231824488939385,0.23236316365601972,463.3159484863281,464,0.9985257510481209
electron,2,13,0,11,2.0003589251837237,0.5622133112178626,0.0874886636077841,-0.0004499192563241315,-0.00487520731985569,0.00628474447876215,0.5910897030053652,-0.0007077280818899301,-0.05093394816759131,0.05095990405872169,421.3553466796875,460,0.9159898840862771
electron,2,14,0,11,2.0003589121975933,-1.7684218174359796,0.08748866417575177,-0.0004499192592449624,0.002525127725675702,0.0024979880545288324,-0.3346913912298799,5.53598148793355e-05,0.1178655688167919,-0.11772680944319829,443.83782958984375,460,0.964864846934443
electron,2,15,0,11,2.0003589132018678,2.849255464146137,0.08748866413182833,-0.00044991925901908175,-0.004720622673630714,0.0032417187467217445,0.2449535632136346,-0.0002537349278412121,-0.0934208273543632,0.09350818347300764,413.623046875,462,0.8952879802489178
electron,2,16,0,11,2.0003589584405224,-2.992636976195799,0.08748866215324871,-0.00044991924884403697,-0.007994303479790688,-0.00020287703955546021,0.688610030637804,0.00011617347621448171,-0.20045579379905035,0.20085842615159674,430.6753234863281,460,0.9362507032311481
electron,2,17,0,11,2.000358911867492,-1.0930800315847706,0.08748866419018923,-0.00044991925931920854,0.0016974154859781265,0.0023188611958175898,-0.008476067512086516,-0.00018782715024172336,-0.2472590064124819,0.24787189198979528,460.32012939453125,460,1.0006959334663723
electron,2,18,0,11,2.000358927726506,-1.3817028585495714,0.08748866349657174,-0.00044991925575221076,-0.002273972611874342,-0.01121716108173132,0.36533508918323854,0.0007142525891483259,-0.16598573807345424,0.16626170879793412,556.91064453125,458,1.215962105963428
electron,2,19,0,11,2.0003589648835605,-1.6781180538726028,0.0874886618714529,-0.00044991924739487364,-0.01040112879127264,0.002144701313227415,0.6876625609573139,0.00014297349641742563,0.0738488472942502,-0.07379435101666387,519.7447509765625,458,1.1348138667610534
electron,2,20,0,11,2.0003589087048024,-0.24910335799738428,0.08748866432851415,-0.0004499192600305584,0.0065137105993926525,-0.0036986609920859337,-0.5154106946323178,0.0004070568686141418,-0.021786906209433063,0.021791653936635673,519.6455078125,460,1.1296641474184783
electron,2,21,0,11,2.0003590063300827,3.1218426505932713,0.08748866005872791,-0.00044991923807275293,0.001997457817196846,0.006920258514583111,-0.2875606427097388,-0.00033604486917560017,0.4322804141506636,-0.43041979368394107,428.36248779296875,460,0.931222799549932
electron,2,22,0,11,2.0003589509118416,-0.8149703880684445,0.08748866248252672,-0.00044991925053738225,0.007231268100440502,-0.0064957719296216965,-0.8872607810428423,0.0002995393860073664,-0.18345001326654456,0.18378717085585203,403.35577392578125,460,0.8768603780995244
electron,2,23,0,11,2.0003589156335946,-1.7296004221665502,0.08748866402547316,-0.00044991925847213954,0.007251765113323927,0.004405801184475422,-0.3359391463160222,-0.00033385091464475936,-0.05689207826757436,0.056924463778051666,484.7049560546875,458,1.0583077643115448
electron,2,24,0,11,2.0003589390672527,1.8877895560082834,0.08748866300056737,-0.0004499192532014584,-0.0028018506709486246,-0.0023627453483641148,0.28674938112094317,0.0003290282659693389,-0.32481063778623465,0.32586909527293284,819.3065185546875,460,1.781101127292799
electron,2,25,0,11,2.0003588986959056,0.9905153009175548,0.08748866476626811,-0.00044991926228175216,0.01199175976216793,0.0042185671627521515,-1.1513325452098266,-0.0005084411105674286,0.0030846622660634505,-0.003084567117597323,456.2955017089844,460,0.9919467428456182
electron,2,26,0,11,2.0003590089169037,-1.918984867947506,0.08748865994558946,-0.0004499192374909271,-0.002719929674640298,-9.450778634345625e-06,0.14958562176126122,-0.0001306098972381764,-0.09019464487520112,0.0902760690550958,491.78948974609375,460,1.0691075864045516
electron,2,27,0,11,2.000358998621082,3.1147221499804565,0.08748866039589245,-0.00044991923980665556,0.0020102830603718758,0.001783522660844028,-0.29911340513910645,0.0001425875417868372,0.9579248659266173,-0.9488357325081266,484.9263610839844,460,1.0541877414869225
electron,2,28,0,11,2.0003589834391344,2.8036435214088296,0.0874886610598974,-0.0004499192432213678,-0.001303184893913567,-0.0005018322844989598,0.10770883103861095,0.0002184263376779766,-0.17285269439217035,0.17315199227622027,468.2892150878906,460,1.0180200327997622
electron,2,29,0,11,2.0003589983577688,-2.7557500558814954,0.08748866040740885,-0.0004499192398658798,0.003498396836221218,0.0015601592604070902,-0.09954395676148309,-1.970101629175658e-05,0.5990684278932938,-0.5955009695966432,492.338134765625,460,1.07030029296875
electron,2,30,0,11,2.0003589376640867,1.5779134585504446,0.08748866306193692,-0.00044991925351705746,-0.010345137678086758,-0.00017002547974698246,0.27734497738740593,2.7374779381084124e-06,0.231806148223818,-0.23127005002884576,393.2723388671875,460,0.8549398671025815
electron,2,31,0,11,2.0003589390461456,0.5298016276745935,0.08748866300149052,-0.0004499192532062058,0.01994887925684452,0.00858019944280386,-1.6538110165734698,-0.000642996831370285,12.727113331122208,-11.290197145151636,496.9954528808594,462,1.0757477335083536
electron,2,32,0,11,2.0003588828882783,-2.3775713558515803,0.08748866545763816,-0.0004499192658371921,0.0023844640236347914,0.008344397880136967,-0.2989654222234073,-0.00047368484345282347,-0.11255022343417839,0.11267704169637567,502.4432678222656,462,1.0875395407408346
electron,2,33,0,11,2.000358967310218,-0.5355087187764557,0.08748866176531944,-0.00044991924684907163,0.004691368900239468,-0.01373456884175539,0.15183954214170736,0.0007374330766376502,0.012001931710952955,-0.012000491420162528,455.4593200683594,462,0.985842684130648
electron,2,34,0,11,2.0003589762950096,1.0466242877607728,0.08748866137235628,-0.000449919244828219,-0.013724032789468765,0.01286859530955553,0.8995684022521377,-0.0003964480397032344,-0.12030797365754446,0.12045288808641763,504.8747253417969,460,1.0975537507430366
electron,2,35,0,11,2.000359013152211,0.8394327733604263,0.08748865976035204,-0.000449919236538325,-0.009805981069803238,0.007805110886693001,0.6422426613021948,-0.000408963403101828,0.5071945263308095,-0.5046350450045956,454.8829650878906,460,0.9888760110606318
electron,2,36,1,11,2.0003589322460162,-1.9554618534299983,0.08748866329890426,-0.00044991925473568585,82.1716079711914,2.9240562915802,-195.90104253557783,-0.0008779809902303981,57.479139092960644,-36.49952585721874,454.5470886230469,400,1.1363677215576171
electron,2,37,0,11,2.0003589543938176,0.6191979369064874,0.08748866233023735,-0.0004499192497542188,0.003401791676878929,-0.00624003354460001,0.09670649561221989,0.0002989881953325696,0.23347590559096915,-0.232932065342004,494.1326599121094,462,1.0695512119309727
electron,2,38,0,11,2.000358909133341,-1.048528669416763,0.0874886643097714,-0.0004499192599341718,0.008810341358184814,-0.008087806403636932,-0.3975648285372557,0.0005452949597522239,-0.18667996855922922,0.1870291144512947,475.27490234375,462,1.0287335548566017
electron,2,39,0,11,2.000358922581715,-0.6751575054497079,0.08748866372158681,-0.0004499192569093734,-0.0006928614457137883,3.156497041345574e-05,0.2616824478463009,0.00020843989798868812,-0.07894345629293001,0.07900582622282475,479.08563232421875,460,1.0414905050526495
electron,2,40,0,11,2.0003589765963974,-1.4955271574778166,0.08748866135917464,-0.0004499192447604311,0.0041184453293681145,-0.0007351620588451624,-0.4867222981843611,0.0002878654495640648,0.5793572694337473,-0.5760200553695709,485.7575988769531,462,1.0514233741925392
electron,2,41,0,11,2.0003588966936747,-1.6715844108884352,0.08748866485383865,-0.00044991926273209244,4.4426116943359375,0.008714075200259686,-37.68368222069562,0.0002677900907719494,34.97391823559752,-25.911612178695457,453.9520568847656,448,1.0132858412606376
electron,2,42,0,11,2.000359004840555,2.6364294893843163,0.0874886601238746,-0.0004499192384077764,-0.001014052308164537,-0.02336818538606167,-0.07718874039541745,0.000960974487731997,0.004733013128865971,-0.0047327891253357065,483.3667297363281,460,1.050797238557235
electron,2,43,0,11,2.000358934496157,1.2415308615194127,0.08748866320049101,-0.0004499192542295858,0.04801129549741745,0.0019165182020515203,-6.064023636417115,0.00026101916635698497,73.2300093832286,-42.27328142736822,422.2047119140625,458,0.9218443491573417
electron,2,44,0,11,2.000359002282162,2.0982917217261723,0.0874886602357697,-0.0004499192389832082,0.008514816872775555,-0.0012588455574586987,-0.7282165534427953,0.00011469272815470277,1.17854581006228,-1.1648178975360046,667.8322143554688,460,1.4518091616423234
electron,2,45,0,11,2.0003589037413323,2.0835354059821105,0.0874886645455989,-0.00044991926114693845,0.003925125580281019,-0.0022893771529197693,-0.30634104070426105,0.00013243570130738735,-0.1689884019448997,0.16927445614324155,538.5244140625,458,1.1758174979530567
electron,2,46,0,11,2.000358993050064,1.0121501902487493,0.08748866063954919,-0.00044991924105968476,0.020649772137403488,-0.005814830772578716,-2.62656010653739,0.0004715304314842905,30.789362311583634,-23.541182377075252,492.6444396972656,462,1.0663299560546875
electron,2,47,0,11,2.000358949959484,-2.7679076745256226,0.0874886625241795,-0.00044991925075158585,0.009927080012857914,0.007925269193947315,-0.3263399854858129,-0.0004748963546314655,5.183237420898488,-4.9278169677905765,631.3410034179688,460,1.3724804422129755
electron,2,48,1,11,2.000358926222067,2.7333799958282166,0.08748866356237062,-0.0004499192560905881,39.99100875854492,2.36086106300354,-65.95031023556518,-0.0021575886688960377,14.82636698685358,-12.91198822701674,559.1119995117188,266,2.1019248101944314
electron,2,49,0,11,2.0003590006603025,-0.3546364208623811,0.08748866030670413,-0.00044991923934799565,-0.007227006368339062,0.002546548144891858,0.5967220231934967,-7.771113611468317e-05,0.23133062253829034,-0.23079671905131144,474.36358642578125,462,1.0267610095796131
electron,2,50,0,11,2.0003589324593727,3.014508181834349,0.0874886632895728,-0.0004499192546876979,-0.000666653795633465,0.003520718775689602,0.02700684057765912,-0.0004879728889723711,-0.027704559853741012,0.027712237407126618,495.02764892578125,460,1.0761470628821332
electron,2,51,0,11,2.0003589377022104,-2.612686867728808,0.08748866306026952,-0.0004499192535084827,0.00046810295316390693,0.005894837900996208,0.06126882133727918,-0.00030161873777882764,0.8082818493662471,-0.8018010371152116,496.3515625,462,1.0743540313852813
electron,2,52,0,11,2.000358917927412,-1.9627580274038305,0.08748866392514965,-0.00044991925795621575,-0.0020775296725332737,-0.007479294668883085,0.6026853017797595,0.00044150875665882605,-2.581067599941932e-05,2.581068266095231e-05,530.4407348632812,458,1.1581675433696097
electron,2,53,0,11,2.0003589780053743,2.018165182301127,0.08748866129755095,-0.00044991924444352506,0.011148693971335888,0.003524972125887871,-0.8426420179237226,-0.00021522749303892752,0.006006001256483872,-0.006005640557647109,482.18450927734375,460,1.048227194081182
electron,2,54,0,11,2.0003590028567895,1.8522338555265683,0.08748866021063753,-0.0004499192388539634,0.02368321269750595,-0.00044103944674134254,-1.2501166273373165,0.00020415932509473822,7.645005890267565,-7.102053483150734,1097.1807861328125,458,2.395591236097844
electron,2,55,0,11,2.0003589665471235,2.92553991897092,0.08748866179869451,-0.00044991924702070626,0.04447075352072716,0.0128236785531044,-3.270813059665034,-0.0008529008357314044,26.97806684369789,-21.24624158667198,5531.3369140625,460,12.024645465353261
electron,2,56,0,11,2.000358934764912,-0.1331275187220877,0.08748866318873662,-0.0004499192541691377,0.008730430155992508,-0.004602836910635233,-0.7783688816720702,0.00029111207314234944,0.31494792884385536,-0.31395912109454327,458.1410827636719,460,0.9959588755731997
electron,2,57,0,11,2.000358966334047,-0.6511916644895489,0.08748866180801373,-0.0004499192470686313,0.004514747764915228,0.007935695350170135,-0.013398376662032696,-0.0005153746428487871,0.058705743046133456,-0.05867129962372958,476.0299072265625,460,1.0348476244055707
electron,2,58,0,11,2.0003589787340608,1.7564188571339074,0.08748866126568076,-0.00044991924427962947,0.003296904731541872,-0.0025082093197852373,-0.11805013470089776,-7.217631370780297e-05,0.03829768190643424,-0.038283020397065715,435.0323791503906,458,0.9498523562235603
electron,2,59,0,11,2.0003590222430834,3.136888096379157,0.08748865936274929,-0.00044991923449361285,-0.012914784252643585,0.011632599867880344,0.33610100853831426,-0.000518188517049975,-0.21491010791303483,0.21537296618709462,477.910888671875,458,1.0434735560521289
electron,2,60,0,11,2.00035898632982,-2.8316850961480777,0.08748866093346899,-0.000449919242571197,11.356236457824707,-0.6919957399368286,-93.53873121398281,0.0026687585096615007,88.51960291127462,-46.95511848332065,417.7464904785156,446,0.9366513239428601
electron,2,61,0,11,2.0003589103877815,1.1456229890980802,0.08748866425490658,-0.00044991925965202396,0.002970001893118024,0.007645315025001764,-0.3028120198331763,-0.00035382615065852885,-0.017472213528433388,0.01747526684436243,428.6473083496094,458,0.9359111536017672
electron,2,62,0,11,2.000358927939627,2.574667305018523,0.08748866348725057,-0.0004499192557042757,-0.002273733727633953,-0.0020002243109047413,-0.14290240011494149,9.537757176661388e-05,0.11725830091965044,-0.11712096686387663,531.226318359375,460,1.1548398225203804
electron,2,63,0,11,2.0003589616121236,2.9604439812317582,0.08748866201453405,-0.0004499192481306828,-0.004615417215973139,0.00805035512894392,0.09178346245564128,-0.0004623043637772134,0.21443894594466198,-0.21398008929664508,495.0107727050781,460,1.076110375445822
electron,2,64,0,11,2.0003589301547415,-1.1751513723843774,0.08748866339036926,-0.00044991925520605384,0.008391176350414753,-0.004826830234378576,-0.21431403224858592,0.000596712335853733,-0.2432604511164717,0.24385365060699685,512.5171508789062,460,1.1141677193019701
electron,2,65,0,11,2.000358986965711,1.5274669871652953,0.08748866090565736,-0.0004499192424281729,0.010521819815039635,-0.003920078743249178,-0.5210385645262328,0.00023472836226408333,2.2088050322355453,-2.1610711831910288,411.0635986328125,458,0.8975187743074509
electron,2,66,0,11,2.0003589030968283,-0.09431959901646934,0.08748866457378722,-0.0004499192612918998,0.0013993169413879514,-0.0026015571784228086,-0.12419159813560621,-0.0003544970217928961,-0.047364341227903534,0.04738678566676159,454.7071838378906,460,0.9884938779084579
electron,2,67,0,11,2.000358910380645,0.5572106732697177,0.0874886642552187,-0.0004499192596536291,0.01127655990421772,0.0028239628300070763,-1.0491504044223277,8.221162788371594e-05,-0.12841651899172904,0.12858163905666747,498.0112609863281,460,1.082633176057235
electron,2,68,0,11,2.0003589024636184,1.5115661656646244,0.08748866460148161,-0.00044991926143432093,0.018484260886907578,-0.003572284709662199,-1.0504758147709126,0.0004961878913276874,-0.08795533035058851,0.08803275985533711,419.2148742675781,460,0.9113366831903872
electron,2,69,0,11,2.000358897533575,1.9744287735157742,0.08748866481710436,-0.0004499192625431827,0.0030172059778124094,-0.0033164159394800663,-0.4389291935695816,0.0004403157718085998,-0.04441490182781082,0.044434637428403874,470.0716552734375,460,1.0218949027683424
electron,2,70,0,11,2.0003589755942275,-1.760497991465355,0.08748866140300603,-0.0004499192449858384,0.005875817500054836,-0.018210021778941154,-0.6112414371719499,0.00120112032240062,5.566048706788939,-5.2725746345292315,467.1364440917969,460,1.0155140088952106
electron,2,71,0,11,2.0003589179288825,-2.730572669191397,0.08748866392508534,-0.000449919257955885,-0.005879933480173349,0.005654115229845047,0.3614112568266492,-0.0004875562919714749,0.18786342607676706,-0.1875111611850819,472.4200744628906,460,1.027000161875849
electron,2,72,0,11,2.000358926926152,-2.157137611731834,0.0874886635315764,-0.0004499192559322258,0.058989252895116806,-0.0020663784816861153,-4.052659645729317,-8.990351084352255e-05,32.615116637739234,-24.593815143135586,468.7704162597656,460,1.0190661223038384
electron,2,73,0,11,2.000358991575686,1.463722894327299,0.08748866070403329,-0.0004499192413913008,2.5983234081650153e-05,0.0022432594560086727,0.10292754922680558,-0.00030581105841866185,0.5446923730657438,-0.5417415481711325,554.0723876953125,460,1.2045051906419837
electron,2,74,0,11,2.000358951147316,0.21820352126570558,0.0874886624722279,-0.00044991925048441957,0.0027085384353995323,-0.00592517526820302,-0.055736794193739225,0.00016314906789889616,-0.08080500884503165,0.08087035614345255,461.69097900390625,462,0.9993311233850785
electron,2,75,0,11,2.000358992472959,-3.079289290185084,0.08748866066478972,-0.0004499192411894868,0.008037546649575233,-0.010673941113054752,-0.14581990707895898,0.0006236563608717494,-0.23906563949731455,0.23963853288844097,434.6470031738281,460,0.944884789508322
electron,2,76,0,11,2.000358953461891,0.7587905967840801,0.08748866237099653,-0.000449919249963827,-0.010431123897433281,0.00495472177863121,0.23396366742745034,-0.0004896334498692145,-0.041902259840009295,0.04191982519409879,514.8305053710938,462,1.1143517432274757
electron,2,77,0,11,2.0003589820088497,-2.986523524793826,0.08748866112245303,-0.00044991924354306637,0.008585978299379349,-7.336873386520892e-05,-0.855310884274374,-0.0001512342811940265,-0.02449361885536248,0.02449961969883958,423.6900329589844,458,0.9250874082073894
electron,2,78,0,11,2.000358954327115,-1.6314799464132812,0.08748866233315468,-0.0004499192497692215,0.005281816236674786,-0.004903570283204317,-0.18933649992680657,0.0004226082256793967,-0.2879966272048078,0.2888284433801501,459.8254089355469,460,0.9996204542077106
electron,2,79,0,11,2.000358894155855,-0.9257581463793653,0.08748866496483396,-0.00044991926330289697,0.006352007854729891,0.0008886655559763312,-0.47526445590084787,0.00019245715936114238,-0.14766811613050496,0.1478864973351383,434.0880432128906,462,0.9395845091188109
electron,2,80,0,11,2.0003589182373998,1.5149580759839192,0.08748866391159188,-0.0004499192578864936,-0.01065171416848898,0.005065230652689934,0.6894545718059142,-0.000651051819096915,0.13196112163512178,-0.13178721374969035,545.1795654296875,460,1.1851729683254075
electron,2,81,0,11,2.0003589462486224,-0.907049615461488,0.08748866268647952,-0.00044991925158623005,-0.005745125934481621,0.004801154136657715,0.44013984884760937,-8.708634628100398e-05,-0.1730356733718959,0.173335605804596,525.506591796875,460,1.1424056343410327
electron,2,82,0,11,2.0003589712622967,-0.7713069522186043,0.08748866159246943,-0.00044991924596017303,0.008566608652472496,0.0020577218383550644,-0.8986389831778796,0.00016840260697820186,-0.06414715642156739,0.06418833141091333,446.0175476074219,460,0.9696033643639606
electron,2,83,0,11,2.000359005105535,-0.06847860723129547,0.08748866011228532,-0.00044991923834817725,-0.00597307039424777,0.007827549241483212,0.5691951452854865,-0.0001052929910656808,1.31310740958373,-1.2960883770696794,465.708984375,462,1.0080281047077921
electron,2,84,0,11,2.0003590073537945,-2.4537434627374224,0.08748866001395436,-0.0004499192378425005,0.01050843670964241,0.002875526202842593,-0.9849022070356206,5.854868610183361e-06,0.04519472480905391,-0.04517430840468648,507.36358642578125,460,1.1029643183169158
electron,2,85,0,11,2.0003589574209193,-1.0749696201581347,0.08748866219784257,-0.00044991924907336535,-0.0023347369860857725,0.0056723132729530334,0.09021227544425692,5.342464183333284e-05,-0.0017897856299328664,0.0017898176638172576,663.1881103515625,462,1.4354721003280573
electron,2,86,0,11,2.0003590138951917,-1.2995966824380973,0.08748865972785667,-0.00044991923637121434,0.010513536632061005,-0.006791595835238695,-0.6902066381355709,0.00023758311243339547,-0.11480125055125129,0.11493319529676009,480.9234313964844,460,1.04548572042714
electron,2,87,0,11,2.0003589726660365,-3.1390257825104575,0.08748866153107479,-0.00044991924564444496,0.021813074126839638,0.0013746339827775955,-0.8162508757729725,0.00022562312735721624,5.380979654355001,-5.106215250612,717.6097412109375,456,1.5737055728310032
electron,2,88,0,11,2.0003590145945243,-2.553177699828912,0.08748865969727034,-0.000449919236213921,0.01586824283003807,-0.0008079196559265256,-0.8124258272159679,0.0004597818081617938,-0.15620076024497942,0.15644512872541086,420.5965576171875,458,0.9183330952340338
electron,2,89,0,11,2.000358903130688,2.9654631194032324,0.08748866457230632,-0.00044991926128428415,-0.005067070946097374,-0.014159385114908218,0.541013821254932,0.001034902150563552,-0.004942746028246692,0.004942990347707812,462.0589904785156,460,1.0044760662576426
electron,2,90,0,11,2.000358970266451,-0.7789068559099382,0.08748866163602421,-0.0004499192461841579,1.2217167615890503,-0.10924986749887466,-65.79979863870678,0.0012969941605036478,321.3405181331938,-76.2662275057088,171.37252807617188,148,1.1579224870011613
electron,2,91,0,11,2.0003589390555616,-0.7754655175794991,0.0874886630010787,-0.00044991925320408797,-0.015707967802882195,0.0023633353412151337,0.9367757429512569,-0.0001353291702452658,0.1649265498838224,-0.16465499008946072,173.56021118164062,162,1.0713593282817322
electron,2,92,0,11,2.0003589500626826,-1.5344245792651299,0.08748866251966596,-0.00044991925072837444,0.0011264451313763857,-0.004045660141855478,-0.061356899726083824,0.0003744623873507963,0.009614126968315845,-0.009613202742790742,409.79388427734375,460,0.8908562701681386
electron,2,93,0,11,2.000358925593083,2.784106949754023,0.08748866358988017,-0.00044991925623205875,0.0018184119835495949,-0.00018874293891713023,0.07917504761278948,-0.00016697982542246415,-0.00860936390796145,0.008610105183244971,434.16583251953125,462,0.9397528842414097
electron,2,94,0,11,2.0003588918473074,-2.362080244778268,0.08748866506580172,-0.0004499192638221338,-0.00017207332712132484,0.009674900211393833,0.046877621285634774,-0.0005717042899495151,0.0711736292411527,-0.07112300841482898,426.0892639160156,458,0.930325903746759
electron,2,95,0,11,2.000359001798637,-1.7176101918521907,0.0874886602569174,-0.00044991923909196233,0.004911382682621479,-0.007821956649422646,-0.6306652721379535,0.0006741195511270337,-0.10193565243397074,0.10203966723450042,502.61724853515625,460,1.0926461924677309
electron,2,96,0,11,2.0003589477255987,0.09160816293723949,0.08748866262188178,-0.00044991925125402964,-0.00014195199764799327,0.01095009595155716,0.02832341425053342,-0.0005077460621855795,-0.13891978857110598,0.1391130441178607,475.6695861816406,460,1.0340643177861752
electron,2,97,0,11,2.000358986286698,-2.587363453204937,0.087488660935355,-0.000449919242580896,-0.00905542355030775,-0.008174646645784378,0.5204394415092573,0.00029719400029105947,-0.14617572110251384,0.14638970731278578,449.11077880859375,460,0.976327780018682
electron,2,98,0,11,2.00035895162279,-1.8738245749789075,0.08748866245143233,-0.0004499192503774762,0.001312582171522081,-0.004885227419435978,-0.34167524997430476,0.00031782314188660843,0.04078029866576429,-0.04076367511730282,552.6869506835938,460,1.2014933710512907
electron,2,99,0,11,2.0003589022025086,1.8099759916220475,0.08748866461290163,-0.00044991926149304956,0.026995955035090446,0.008856100030243397,-2.170930281715444,-0.00034101151002687013,29.092337383895178,-22.53606834724845,4548.43115234375,462,9.845089074337121
electron,3,0,0,11,2.0003589740789085,0.6663704444276757,0.08748866146928073,-0.0004499192453266628,0.016169577836990356,0.010155952535569668,-1.25145209903188,-0.0003474084151387363,0.019046661245897736,-0.01904303418368072,470.3373107910156,458,1.026937359805711
electron,3,1,0,11,2.0003589967702244,1.7226195961585817,0.08748866047684245,-0.0004499192402229491,0.047342926263809204,0.014289304614067078,-4.164639150219918,-0.001712964735665845,-0.011607272953560248,0.011608620397815383,428.3681640625,460,0.9312351392663043
electron,3,2,0,11,2.0003589166619093,0.6359058106581897,0.08748866398049829,-0.00044991925824085173,-0.008918242529034615,0.0034496630541980267,0.982574160841021,-0.00018039871169564514,-0.08350417035959218,0.08357395809994513,466.4272766113281,460,1.013972340459409
electron,3,3,0,11,2.00035895413996,-2.9614630058015416,0.08748866234134019,-0.0004499192498113163,-0.026650816202163696,0.004178234841674566,2.0346954072545387,0.0001196899621647568,0.011710182697928237,-0.011708811574693476,420.4618225097656,460,0.914047440238621
electron,3,4,0,11,2.00035899034761,-1.5084307978393574,0.087488660757745,-0.00044991924166751864,-0.0022434049751609564,0.0035880887880921364,0.21310546417430132,-0.00021736526986429472,-0.4283134115142411,0.43015582661002955,464.1688232421875,460,1.0090626592221468
electron,3,5,0,11,2.000359019225696,2.6062869017288133,0.08748865949471918,-0.0004499192351722813,0.004277130588889122,-0.007807593792676926,-0.39042879790507357,0.00038940382639440774,-0.07745730131577581,0.0775173441586218,547.7671508789062,462,1.1856431837205763
electron,3,6,0,11,2.000358918537097,-2.8388913445071475,0.08748866389848417,-0.0004499192578190859,50.31923294067383,1.069804072380066,-175.30767397124603,0.0009617604746657016,72.91008009818357,-42.16647176196033,445.97235107421875,442,1.0089872196249292
electron,3,7,0,11,2.000358933406674,-0.5577623009462049,0.08748866324814117,-0.0004499192544746316,-0.00482331495732069,-0.008716177195310593,-0.10749103835316909,0.0006931378921672116,1.4261956858917089,-1.4061413584992533,463.3114013671875,464,0.9985159512223869
electron,3,8,0,11,2.0003589807381705,-2.90791188725785,0.08748866117802806,-0.00044991924382886656,0.008105495944619179,-0.0011914431815966964,-0.24021616622205144,-0.00011399633494563188,1.4083768758689212,-1.3888170970262883,435.1595153808594,460,0.945998946480129
electron,3,9,0,11,2.000358942083341,0.7108075848150243,0.08748866286865428,-0.00044991925252308205,-0.007574831135571003,0.004653715528547764,0.12955755710708505,-0.0001461621820087744,-0.15828729400419123,0.1585382398940808,417.7409362792969,458,0.9120981141469364
electron,3,10,0,11,2.000358908999687,0.3342831134753963,0.08748866431561694,-0.00044991925996423315,0.01102400105446577,0.0041642701253294945,-0.8036792236110202,-7.304363099322475e-05,3.270013631914273,-3.166469642939714,451.93975830078125,460,0.982477735436481
electron,3,11,0,11,2.000358985984782,-1.0929294909362242,0.08748866094855974,-0.00044991924264880265,-0.007436126004904509,0.0105934152379632,0.744708908025915,-0.0004695676138849053,-0.0676653821433744,0.06771119918505865,454.7886047363281,460,0.9886708798615829
electron,3,12,0,11,2.000358888607611,-0.8741237572020976,0.08748866520749465,-0.000449919264550804,-0.008341227658092976,-0.00036771074519492686,0.4006675071207555,-0.00016629598962203396,0.005160603705041696,-0.005160337400474873,470.4467468261719,458,1.0271763031139123
electron,3,13,0,11,2.000358917873125,-2.444873631136017,0.08748866392752397,-0.000449919257968426,0.0222407728433609,0.013300122693181038,-1.3994573191831172,-0.0009739674486802796,8.487844255210891,-7.823774463841098,592.2741088867188,462,1.2819785906638934
electron,3,14,0,11,2.000358959191177,2.2818859310577984,0.08748866212041773,-0.0004499192486752003,0.007063110824674368,-0.0019310463685542345,-0.413963360654801,1.0449770375120515e-05,0.04574862238756372,-0.04572770259358243,459.09844970703125,460,0.9980401080587636
electron,3,15,0,11,2.00035893080746,1.2405350552968846,0.08748866336182165,-0.0004499192550592449,0.005260932724922895,-0.0006326038856059313,0.13777147008320334,2.9581619944096804e-05,2.7258371726364214,-2.653506895305709,427.1579895019531,456,0.9367499769779674
electron,3,16,0,11,2.000358954564431,1.2183204108243582,0.08748866232277532,-0.0004499192497158446,214.33364868164062,11.93199634552002,-648.7545186048147,-0.005215350409761857,315.8638468573593,-75.9536683085847,276.3915710449219,252,1.0967919485909599
electron,3,17,0,11,2.0003590189899696,-2.3100638478746522,0.08748865950502903,-0.00044991923522530073,0.011386343277990818,-0.0011520867701619864,-0.6003290662657257,6.697293142968186e-06,4.169941913267287,-4.0030183723623525,780.7944946289062,458,1.7047914729888782
electron,3,18,0,11,2.0003589766836742,0.7446300498253682,0.08748866135535746,-0.0004499192447408008,0.029405469074845314,-0.010978900827467442,-2.101372838673843,0.0007231432730147314,17.640089879856237,-14.994964639921431,673.3551635742188,460,1.463815572987432
electron,3,19,0,11,2.0003589474845995,-0.43063252453948686,0.08748866263242223,-0.000449919251308235,0.006973321549594402,0.002515295520424843,-0.07403607223799291,-0.00021291169734456716,-0.009966692134814199,0.009967685583353859,483.8902587890625,460,1.0519353451936142
electron,3,20,0,11,2.0003589969370545,-2.498275713933686,0.0874886604695459,-0.00044991924018542576,-0.004439615178853273,-0.005732494872063398,0.34018041012640055,0.0005016234965185551,0.05653379774700413,-0.05650185510252484,553.0559692382812,462,1.1970908425071023
electron,3,21,0,11,2.0003589142017075,1.5436142311683458,0.08748866408809886,-0.0004499192587941985,0.001413237419910729,0.004865917377173901,0.1278294929700774,-0.00010889559730753451,0.5019628623593306,-0.4994557798306642,25.951038360595703,38,0.6829220621209395
electron,3,22,0,11,2.000358917903023,-0.649396688998803,0.08748866392621635,-0.0004499192579617014,-0.0076822321861982346,0.004758052062243223,0.5042267452324278,-0.00033938659677146266,-0.16077894212508342,0.16103785708813387,413.9800109863281,460,0.8999565456224524
electron,3,23,0,11,2.000358897805986,2.23098668574075,0.08748866480519008,-0.0004499192624819122,0.010265571065247059,-0.010275149717926979,-0.5045843003204098,0.000278124094708454,-0.39283084787331657,0.3943800945425623,501.45703125,460,1.0901239809782608
electron,3,24,0,11,2.0003589588123765,2.909246994958108,0.08748866213698513,-0.0004499192487603998,0.044377006590366364,0.0010789812076836824,-2.8482217647485264,-0.00013682587285167302,14.799148657806656,-12.891340075979109,2255.69921875,460,4.903693953804348
electron,3,25,0,11,2.0003590125054096,0.6387824067793543,0.08748865978864086,-0.00044991923668380305,0.004908346571028233,0.005417060572654009,-0.14528128725832534,-0.0003368194594706303,-0.07382223950195833,0.07387677699322148,438.76885986328125,462,0.9497161468902191
electron,3,26,0,11,2.0003589567554863,1.1951305754936974,0.08748866222694628,-0.00044991924922303404,0.004815683234483004,0.010352151468396187,-0.18321354759143205,-0.0007458885748695548,1.5054640580558942,-1.4831359789605536,488.8467712402344,460,1.062710372261379
electron,3,27,0,11,2.000358976597128,1.4933583824841952,0.08748866135914268,-0.0004499192447602668,0.01775519922375679,0.01967502012848854,-1.0422556607698752,-0.001701029787849806,9.50967227454684,-8.683865157321966,648.2301635742188,460,1.4091960077700407
electron,3,28,0,11,2.0003589522043197,-0.06941075740257498,0.08748866242599829,-0.000449919250246679,0.006922902073711157,-0.004309617914259434,-0.30892970165018185,-0.00010574233961446744,0.13971876761151297,-0.13952382664040874,479.72454833984375,464,1.0338891128013874
electron,3,29,0,11,2.0003589355595555,-1.1132360016602107,0.08748866315398171,-0.00044991925399040706,0.004856640938669443,0.011413712054491043,-0.4803622466496016,-0.0008999898603911649,0.06271478442054827,-0.06267547762986822,485.525390625,460,1.0554899796195651
electron,3,30,0,11,2.0003589625129408,1.1090411423935416,0.08748866197513547,-0.00044991924792807164,-0.006262911483645439,0.0043494501151144505,0.05073554377532652,7.889094902072125e-05,-0.032218195578099386,0.032228579044734515,391.23260498046875,462,0.8468238203040449
electron,3,31,0,11,2.000358901035329,-1.5429045406318445,0.08748866466394996,-0.00044991926175557074,-0.006732862442731857,0.00825899001210928,0.233694646431859,-0.0006123915087375559,0.036230287744746,-0.03621716616122733,456.4193115234375,462,0.9879205877130682
electron,3,32,0,11,2.0003589580406524,0.0921680557053556,0.08748866217073763,-0.0004499192489339754,-0.0026256591081619263,-0.0054459348320961,0.1843569356928254,0.0004378895289007395,-0.045964361239328705,0.04598549817984316,478.49237060546875,460,1.0402008056640626
electron,3,33,0,11,2.0003589723790944,-1.8422191556973793,0.08748866154362463,-0.0004499192457089837,-0.01589047722518444,-0.005867342930287123,0.7098135037757469,0.0005942927439043649,-0.08668397725111295,0.08675918356205417,678.1763305664062,460,1.4742963707965353
electron,3,34,0,11,2.000358883877258,0.9588147669660865,0.08748866541438366,-0.00044991926561475156,-0.00817398726940155,0.001379756024107337,0.8335441720666026,-0.00024338735394741073,-0.1605865800205544,0.16084487530494893,498.5709228515625,458,1.0885828009859444
electron,3,35,0,11,2.000358974228778,1.2054021802624657,0.08748866146272598,-0.0004499192452929543,-0.0033334826584905386,0.004271326120942831,0.26829569731212644,-0.00026916241115508555,2.267345923813337,-2.2170771161915708,464.505126953125,462,1.0054223527123918
electron,3,36,0,11,2.000358968193122,-2.448110472703853,0.08748866172670433,-0.00044991924665048954,0.0012664917157962918,-0.0028159692883491516,0.06307318297915643,0.00017729101539543102,0.002952294357991313,-0.0029522072001598415,490.93878173828125,460,1.0672582211701767
electron,3,37,0,11,2.0003589743974444,2.1389733018950454,0.0874886614553491,-0.00044991924525501797,0.0047332788817584515,0.005784696899354458,-0.5992117003432718,-0.0005817217103997602,-0.054683322831431874,0.05471324185010769,454.8923645019531,458,0.9932147696549195
electron,3,38,0,11,2.0003589069354653,-1.7076565523245428,0.08748866440589874,-0.0004499192604285164,0.007676111534237862,0.000833597092423588,-0.5518894097711335,-0.00016937972839324578,3.381701728290054,-3.271083442965484,564.8079833984375,458,1.2332052039267194
electron,3,39,0,11,2.0003589987782555,0.6543862298073078,0.08748866038901824,-0.0004499192397713042,-0.0046540615148842335,-0.0035554200876504183,0.010304158756690995,0.00038088691847305844,-0.06640335065227769,0.06644747400143367,475.8863525390625,458,1.0390531714826692
electron,3,40,0,11,2.0003589902888894,2.5339685043888536,0.08748866076031322,-0.00044991924168072606,-0.0012023212620988488,-0.011019370518624783,-0.4299244480576725,0.0006302500291765212,0.041028042205224165,-0.041011216106178715,468.8551940917969,460,1.0192504219386889
electron,3,41,0,11,2.00035892186353,1.6801505052917165,0.0874886637529977,-0.00044991925707090706,-0.005589595530182123,6.490331725217402e-05,0.021342051728323597,-3.4030290919917494e-07,-0.19477811889167507,0.1951582444490861,468.8650207519531,460,1.0192717842433763
electron,3,42,0,11,2.0003589756892066,2.958766935635575,0.08748866139885197,-0.00044991924496447575,0.0020692909602075815,0.009528154507279396,0.23746652506950738,-0.0001803141736627656,0.010081153055606066,-0.010080136861580422,479.8606262207031,460,1.0431752743928329
electron,3,43,0,11,2.0003589119294283,1.0928965195039158,0.08748866418748036,-0.0004499192593052779,0.00510962912812829,-0.004748419392853975,-0.3812893250827454,0.0002751519307599981,-0.1402411859893516,0.14043813809981442,436.00457763671875,460,0.947836038340693
electron,3,44,0,11,2.000358913189088,1.2137083486816063,0.08748866413238726,-0.0004499192590219561,-0.002929598093032837,-0.011710118502378464,0.5826278427467635,0.001054698783128638,0.5569789222790041,-0.553893850281137,482.828369140625,462,1.045083050087933
electron,3,45,0,11,2.0003590007445076,-0.1569184350487355,0.0874886603030213,-0.00044991923932905626,-0.0026886784471571445,0.0033551619853824377,0.29390926328934364,-0.00023389020290456863,0.3680267471832486,-0.36667727672903583,565.5673828125,460,1.2294943104619565
electron,3,46,0,11,2.000358937514277,-0.22330730894429768,0.08748866306848906,-0.0004499192535507525,-0.007226966787129641,0.006028827279806137,0.8199487052687471,-0.00023358749456785233,-0.07467985119288681,0.07473566367530407,477.76055908203125,462,1.0341137642468208
electron,3,47,0,11,2.000359011475984,-1.5169223672710492,0.0874886598336643,-0.00044991923691534066,0.010919448919594288,0.002546716248616576,-0.281202141182213,-0.0004452180015987184,-0.02372237334239359,0.02372800218766513,415.35479736328125,462,0.8990363579291802
electron,3,48,0,11,2.0003589600379246,-2.3564622432146654,0.08748866208338396,-0.0004499192484847504,0.014814458787441254,0.005276705604046583,-0.7662743176832798,-0.0005543563559021192,3.4594450529589884,-3.343769194961515,430.8184814453125,462,0.9325075355959145
electron,3,49,0,11,2.0003589424602803,-3.077390910969389,0.08748866285216828,-0.0004499192524383011,-0.00775606743991375,0.001844512764364481,0.25987802566351803,0.0002789828644989001,0.012188280967712798,-0.012186795606810973,453.87860107421875,460,0.9866926110309103
electron,3,50,0,11,2.0003589433358737,2.243439401993518,0.08748866281387291,-0.00044991925224136334,-0.00029534829081967473,-0.007765292655676603,-0.2455371711302945,0.0005622986805728925,0.4906182638255078,-0.4882229528506356,496.75091552734375,460,1.0798932946246602
electron,3,51,0,11,2.0003589538663307,2.8930038785889067,0.08748866235330777,-0.00044991924987286075,0.00012267586134839803,-0.0018812057096511126,0.210824017294442,2.3964890687899754e-05,0.013890113722221722,-0.013888184637589394,489.7339782714844,460,1.064639083198879
electron,3,52,0,11,2.000358927231546,3.0472071421496607,0.08748866351821954,-0.0004499192558635368,0.006551056168973446,0.001781550468876958,-0.6747496478296533,-3.869565704400779e-05,1.6202039802620634,-1.5943719032258228,567.4500122070312,460,1.2335869830587636
electron,3,53,0,11,2.0003590144603023,-0.7338757302490151,0.08748865970314074,-0.00044991923624411006,-0.00582316005602479,-0.012177900411188602,0.15268585356831288,0.0009940554863162032,0.043629659950635336,-0.04361063277984724,488.9632568359375,460,1.0629636018172555
electron,3,54,0,11,2.000359000702963,0.15333403638100673,0.08748866030483832,-0.00044991923933840046,0.009568681940436363,0.005213813856244087,-0.6597041199212228,-0.0005048603704511101,0.5738018864375685,-0.5705281849496696,448.1423034667969,460,0.9742223988408628
electron,3,55,0,11,2.000358977019678,-0.1468194844598556,0.08748866134066184,-0.00044991924466522716,0.013693396933376789,-0.006011026445776224,-0.8884993915772021,0.00028285122733513746,5.3308929043461495,-5.061091534833261,735.6300659179688,460,1.5991957954738452
electron,3,56,0,11,2.0003589884579442,-0.3116239274091158,0.08748866084039233,-0.00044991924209254085,-0.005177828948944807,-0.014004239812493324,0.5012119359407707,0.0009396278578040762,-0.24288236020140522,0.24347371490663547,455.88323974609375,460,0.9910505211871603
electron,3,57,0,11,2.00035896679382,-3.029005733065787,0.08748866178790488,-0.0004499192469652195,-0.0011819560313597322,-0.007039305288344622,0.16423755187089384,0.00029579243858895987,0.000662312146643367,-0.0006623077601000085,460.5460205078125,460,1.0011870011039403
electron,3,58,0,11,2.0003589433489752,-1.6480219228101483,0.0874886628132999,-0.00044991925223841653,-0.007241153158247471,-0.007520381361246109,0.4290206266155394,0.00048489459932446466,0.014348864057488446,-0.014346805453874045,418.02972412109375,460,0.9087602698284647
electron,3,59,0,11,2.000358953603374,0.3923601425993885,0.08748866236480857,-0.0004499192499320048,-0.003977157641202211,0.006387990899384022,0.33123122568473606,-0.000541645946828373,-0.2694638989526498,0.2701919687663432,496.2075500488281,462,1.0740423161230046
electron,3,60,0,11,2.000358922146365,-2.530118195653822,0.08748866374062748,-0.000449919257007292,0.00805705413222313,0.0005214826669543982,-0.03054892930798303,0.0001941794676855041,-0.10495403447671957,0.10506430370226608,452.0524597167969,460,0.9827227385147758
electron,3,61,0,11,2.000358921854647,-2.3086234611886898,0.0874886637533862,-0.00044991925707290497,-0.0004999361699447036,0.0008977453107945621,0.047354163543289474,-0.00043249632966106677,-0.08608491372592426,0.08615908369878253,437.06854248046875,460,0.9501490053923234
electron,3,62,0,11,2.000358962353914,-2.0369324964151283,0.08748866198209074,-0.0004499192479638398,-0.005673972424119711,-0.010256248526275158,-0.0066477193931824274,0.0006119054779693822,5.340258778830052,-5.069532618143963,526.649169921875,462,1.1399332682291667
electron,3,63,0,11,2.0003589661541414,-2.3934646545808387,0.08748866181588216,-0.0004499192471090955,0.005395425949245691,0.0030333104077726603,-0.3232062895226484,-0.0002705634734634921,1.7411702490578609,-1.7113723429714345,511.800048828125,458,1.1174673555199235
electron,3,64,0,11,2.0003588996441857,-0.7162465587406731,0.08748866472479368,-0.0004499192620684657,-0.009414014406502247,-0.004620956256985664,0.5249515324211584,0.0005309968805644466,-0.27237749447260445,0.2731214157416618,504.35028076171875,462,1.0916672743760145
electron,3,65,0,11,2.000358992271666,-2.858681798316806,0.08748866067359357,-0.0004499192412347614,-0.00856176856905222,0.0018944009207189083,0.3300908583097062,0.00012647910883517577,-0.09150861802825952,0.091592432997921,414.91644287109375,460,0.9019922671110734
electron,3,66,0,11,2.000358932475671,-2.950892175224894,0.08748866328885996,-0.00044991925468403207,0.001319686765782535,0.010961859486997128,-0.36076209200031073,-0.0005207405417247957,-0.14176029976837828,0.1419615448799542,447.8221435546875,456,0.9820661042865954
electron,3,67,0,11,2.000359024450754,0.6788584126984776,0.08748865926619356,-0.0004499192339970653,0.0036803148686885834,-0.003544985316693783,-0.44752498027689214,0.0003186309898298434,1.1965039839187235,-1.1823570348920966,476.1577453613281,460,1.0351255333941916
electron,3,68,0,11,2.0003589718503214,-2.5090843944238355,0.0874886615667513,-0.00044991924582791495,0.007383023388683796,0.002662070095539093,-0.4025192571948111,-0.00014560208656101692,3.029815430171753,-2.940717128844327,908.74267578125,450,2.019428168402778
electron,3,69,0,11,2.0003590044759814,-3.076304473686378,0.08748866013981978,-0.000449919238489776,-0.007690786384046078,-0.0001314726541750133,0.8018396379161352,0.00011847026846727171,-0.1487558159771983,0.1489774285666945,459.02581787109375,460,0.9978822127632473
electron,3,70,0,11,2.0003589463212235,0.7766807411056151,0.08748866268330421,-0.00044991925156990067,28.69318389892578,0.36186906695365906,-101.64377430492544,0.0008707751995960245,42.04218203112333,-29.59837805216998,465.7064208984375,442,1.0536344364218042
electron,3,71,0,11,2.0003589254507226,-1.5695570829768888,0.0874886635961065,-0.00044991925626407833,0.010016162879765034,-0.005233802832663059,-0.01691547434412577,-5.439410824868707e-05,-0.05334028325030059,0.053368750292859014,469.0695495605469,456,1.0286612928959362
electron,3,72,0,11,2.0003589704239793,2.6996945844930473,0.08748866162913449,-0.0004499192461487268,0.00895707681775093,-0.00758440000936389,-0.36687720239791943,0.0004905731259047252,1.3656701361922532,-1.3472708603981787,454.41064453125,458,0.9921629793258734
electron,3,73,0,11,2.0003589286950363,2.8610333191522046,0.08748866345421163,-0.00044991925553436966,0.03353481367230415,-0.007177537307143211,-3.810046828596203,4.8289935432987985e-05,47.22987986817365,-32.07900455428084,520.2185668945312,460,1.1309099280315897
electron,3,74,0,11,2.0003589068959484,0.9949045014098981,0.08748866440762706,-0.0004499192604374045,-0.0012949459487572312,0.0023772709537297487,-0.0034999564983984044,-0.00018959315528102594,0.07842577066950665,-0.07836431285322425,464.1539001464844,460,1.0090302177097485
electron,3,75,0,11,2.0003589118863747,1.7279267452691285,0.08748866418936338,-0.00044991925931496144,-0.002271087374538183,-0.008786208927631378,0.4260398413451494,0.0004677270855656668,-0.10639059347592915,0.1065039036110551,437.02423095703125,460,0.9500526759935461
electron,3,76,0,11,2.0003589748341932,2.2159056266544295,0.08748866143624724,-0.00044991924515678475,0.00025455979630351067,-0.009201223962008953,0.13927614708419966,0.0008517253120666618,-0.11391052334593654,0.11404042739359363,521.2542724609375,460,1.1331614618716033
electron,3,77,0,11,2.000358892183291,-0.9483753860926402,0.08748866505110697,-0.00044991926374656464,-0.0010746823390945792,0.010348795913159847,0.4506529307138907,-0.0008380476304336026,0.15326764425923614,-0.15303309404106963,424.5965881347656,460,0.923036061162534
electron,3,78,0,11,2.0003589422213888,0.9447516371676771,0.08748866286261656,-0.00044991925249203245,0.0023489948362112045,0.005621491000056267,-0.31931895707526525,-0.0006447401283559973,-0.07229267364748165,0.07234497376326422,456.3083190917969,460,0.9919746067212976
electron,3,79,0,11,2.000358928814759,2.4579461798679296,0.08748866344897538,-0.00044991925550744166,0.0065547507256269455,-0.009309983812272549,-0.5234465610448602,0.0009530586460372859,-0.06143890073615534,0.06147667132723634,426.67755126953125,458,0.9316103739509416
electron,3,80,0,11,2.0003589886545057,-1.079310904201196,0.08748866083179542,-0.0004499192420483304,0.00032453591120429337,-0.0020175063982605934,-0.3632205165164937,-0.00023164065633841935,0.3174410726481287,-0.31643657299655165,581.9415283203125,462,1.2596136976630141
electron,3,81,0,11,2.0003589166323286,1.8984828813927914,0.08748866398179204,-0.000449919258247505,-0.01627539098262787,0.017434604465961456,0.7795468908999847,-0.0009206585987773658,-0.18136880930452248,0.18169835344468696,518.6651611328125,460,1.127532958984375
electron,3,82,1,11,2.0003589162430524,2.5759406053019145,0.08748866399881762,-0.0004499192583350607,96.80854797363281,1.6748744249343872,-182.14869131570845,-0.00012472054121416554,43.41537684793539,-30.27246994160821,401.837158203125,320,1.2557411193847656
electron,3,83,0,11,2.0003589108660442,-1.8399998365855286,0.08748866423398904,-0.00044991925954445343,-0.006329902447760105,0.011670016683638096,0.3596960520813042,-0.0006198416593735656,0.14445823952948114,-0.14424985872304644,469.8277893066406,462,1.0169432668974905
electron,3,84,0,11,2.0003589672105426,-1.6662297071807224,0.0874886617696789,-0.00044991924687149055,0.01594666950404644,-0.000452579406555742,-0.7572351105373798,-0.00026418573026926184,0.053498500541151794,-0.05346989494910983,564.0450439453125,460,1.2261848781419837
electron,3,85,0,11,2.0003590200162176,-0.8555100010802718,0.08748865946014456,-0.00044991923499447783,-0.0026871412992477417,-0.0008260274771600962,0.32407511973098213,-0.00022993310173086146,-0.08414587577223122,0.08421674068622166,438.1420593261719,460,0.952482737665591
electron,3,86,0,11,2.00035898483516,-0.8193858258435968,0.08748866099884016,-0.0004499192429073748,-0.008828641846776009,-0.006626083981245756,0.40548965432674056,0.0005570105833818256,-0.10279036518611344,0.1028961324964758,476.8148193359375,460,1.036553955078125
electron,3,87,0,11,2.0003589905219323,1.4667069706091718,0.08748866075012075,-0.0004499192416283102,0.013934490270912647,-0.009876837953925133,-0.8791479239300681,0.0004575753834546864,-0.037611673923529404,0.03762582562638518,456.7432556152344,460,0.9929201209026834
electron,3,88,0,11,2.000358894189177,-2.4807832504751293,0.08748866496337658,-0.00044991926329540226,0.008665126748383045,0.018115757033228874,-0.5812381265553057,-0.0015257063294768919,-0.1882784778175011,0.1886336343529233,436.3187255859375,460,0.9485189686650816
electron,3,89,0,11,2.0003589691825274,-0.45532713411511483,0.08748866168343122,-0.0004499192464279532,0.002958611585199833,-0.0016534557798877358,-0.0414443188756497,0.00010826142943803907,0.02556684455282252,-0.025560309588206157,458.96484375,460,0.9977496603260869
electron,3,90,0,11,2.000358927806158,-1.0553248442813021,0.08748866349308805,-0.0004499192557342955,0.01071652676910162,-0.00915500894188881,-0.6771765545743325,0.0004231584087101975,-0.1150190156823732,0.11515146176022395,462.8894348144531,462,1.0019251835810674
electron,3,91,0,11,2.0003589566549067,0.5141947617011168,0.08748866223134527,-0.0004499192492456563,0.0033927299082279205,-0.007008375134319067,-0.017022080908035697,0.0007777849551247606,-0.1509058043602574,0.1511338741487118,506.85064697265625,464,1.0923505322686557
electron,3,92,0,11,2.000358927735611,-1.1878939621366182,0.08748866349617353,-0.0004499192557501629,0.0009399708360433578,-0.002232030499726534,-0.004554518350019521,0.00014893978675493968,-0.1483650572078619,0.1485855061790965,416.3487243652344,460,0.9051059225331182
electron,3,93,0,11,2.000358910083709,-1.7831208497692308,0.08748866426820563,-0.0004499192597204157,-0.0009682109230197966,-0.006622428074479103,-0.14235671270279582,0.0004148502362270462,-0.06073475058794598,0.060771660104123916,442.8765563964844,462,0.9586072649274554
electron,3,94,0,11,2.0003588845034153,-1.578793175340733,0.08748866538699775,-0.0004499192654739167,-0.0039174859412014484,-0.0018423051806166768,0.6386114369243412,-1.2031897865819041e-05,0.37906941753595497,-0.3776379077187604,454.174072265625,460,0.9873349397078804
electron,3,95,0,11,2.000358907559318,-0.08235372335034488,0.08748866437861363,-0.0004499192602881999,-0.0029275089036673307,0.0009681484079919755,0.3349158199417446,3.262044003565778e-05,-0.1350017745644455,0.13518427573562566,488.5140075683594,460,1.0619869729746942
electron,3,96,0,11,2.0003590042751593,3.0711063159352627,0.08748866014860303,-0.00044991923853494474,0.006175604648888111,-0.0038639965932816267,-0.604511583456091,0.0004321173510727222,3.084807338820092,-2.9924946444153635,480.8454895019531,464,1.0363049342714508
electron,3,97,0,11,2.0003588963718544,-0.14437396648326148,0.08748866486791394,-0.000449919262804476,23.17994499206543,3.7990782260894775,-128.39882251820336,-0.00790434944871686,120.50063725868317,-54.64865714529264,461.5275573730469,446,1.0348151510606431
electron,3,98,0,11,2.0003589479263604,2.300402296238726,0.08748866261310118,-0.00044991925120887446,-0.011012254282832146,0.002245083451271057,0.6891363326850808,-0.00043279321259992454,0.4257958658799087,-0.42399053172410733,536.321044921875,462,1.1608680626014611
electron,3,99,0,11,2.0003589444026493,1.6830053776379976,0.0874886627672159,-0.00044991925200142495,0.014309214428067207,0.0004120943194720894,-0.9502619382295574,2.4575424388717515e-05,-0.06519642423787363,0.06523895770551466,446.61956787109375,460,0.9709121040675951
electron,4,0,0,11,2.000358961163016,-1.8916454745308187,0.08748866203417642,-0.0004499192482316957,0.007072970271110535,0.00736013101413846,-0.10116567456464054,-0.000424984425209593,0.08285953055475602,-0.08279093037850677,465.86505126953125,460,1.0127501114555026
electron,4,1,0,11,2.0003589945940807,1.4903031562847335,0.08748866057201932,-0.00044991924071240564,-0.002743296092376113,-0.00791272521018982,0.20885715063023724,0.0004485380072920542,0.07832019068838372,-0.07825889817009977,432.8567810058594,460,0.9409930021866508
electron,4,2,0,11,2.0003590153994457,2.3502484335990554,0.0874886596620659,-0.00044991923603287864,0.013552375137805939,0.021281057968735695,-1.0016932578689186,-0.001900591892061626,-0.058672449069665684,0.05870689384206056,464.8029479980469,460,1.010441191300102
electron,4,3,0,11,2.0003589164817694,0.911402904480389,0.08748866398837697,-0.00044991925828136864,-0.006113825365900993,-0.01361035741865635,0.28059533269086945,0.0007865525314556393,-0.14522830987787738,0.14543952924811107,409.4256896972656,462,0.886202791552523
electron,4,4,0,11,2.0003589001245716,-0.8646213705018012,0.08748866470378328,-0.0004499192619604176,-0.00601296778768301,-0.015932327136397362,0.4170829728095127,0.0009513810105950815,1.524556723258463,-1.5016630187454973,491.7039794921875,460,1.0689216945482336
electron,4,5,0,11,2.0003589009391742,-1.9719506518493075,0.08748866466815543,-0.0004499192617771978,0.009125358425080776,0.002858921652659774,-0.5403740753751052,-7.442234094214017e-05,0.4765467582819725,-0.47428656105032146,543.2364501953125,460,1.1809488047724184
electron,4,6,0,11,2.0003589983531715,2.233654663297876,0.08748866040760991,-0.0004499192398669138,-0.001811704714782536,0.0014366665855050087,0.30119684006324476,0.00019574742262842837,0.2807382755596941,-0.27995234218186155,455.9379577636719,460,0.9911694733992867
electron,4,7,0,11,2.0003589941414464,2.51905563291042,0.08748866059181595,-0.00044991924081421185,0.0050186156295239925,-0.004411281552165747,-0.029830298115207654,0.00034336559178924086,0.5375381432989536,-0.5346641197169434,466.048828125,458,1.0175738605349345
electron,4,8,0,11,2.000358975671712,-1.5051040521305694,0.08748866139961711,-0.0004499192449684106,-0.0005798130878247321,-0.008458705618977547,0.21980911909480483,0.0005961406318999163,-0.10077906372346497,0.10088073037902666,456.5528259277344,460,0.9925061433211617
electron,4,9,0,11,2.0003589023233284,1.32154653750454,0.0874886646076174,-0.00044991926146587484,-0.003570395754650235,0.0056627350859344006,0.3992489715951564,-0.0001808761759729549,-0.1535736118878996,0.15380982318880193,429.4442443847656,460,0.9335744443147079
electron,4,10,0,11,2.0003589907487984,-2.984385838819312,0.08748866074019843,-0.0004499192415772837,-0.01095453929156065,0.010715843178331852,0.7129815347659552,-0.0006221776478903818,1.3152025343725398,-1.2981295022593904,456.05670166015625,460,0.9914276123046875
electron,4,11,0,11,2.000358921380079,-0.9519013850154089,0.08748866377414213,-0.0004499192571796444,0.004386910703033209,0.001572553301230073,-0.4023225842310074,-0.00010209290326582132,-0.3121005657743089,0.3130776829942506,449.4661865234375,462,0.9728705336005141
electron,4,12,0,11,2.000358978385659,2.6212379781173634,0.08748866128091863,-0.0004499192443579917,0.00016090668214019388,-0.005832188297063112,-0.08247770537606058,0.0001710925781244904,0.0046087856630216105,-0.004608573263764416,452.0057678222656,460,0.9826212343962296
electron,4,13,0,11,2.0003589337366723,-0.4337761522602518,0.08748866323370821,-0.00044991925440040863,0.005551254376769066,0.00884975865483284,-0.40649163012906886,-0.0005110249294746627,0.007368679266999354,-0.007368136332662297,414.93084716796875,458,0.9059625484016784
electron,4,14,0,11,2.0003589145353806,0.49720753366590464,0.08748866407350517,-0.000449919258719149,0.0007688322220928967,-0.014145261608064175,0.2171880519298286,0.0005649870805361223,0.03835268942607256,-0.03833798577745049,455.6708679199219,464,0.9820492843101765
electron,4,15,0,11,2.000358900811881,-0.9285437235101781,0.0874886646737228,-0.0004499192618058285,0.0009800323750823736,0.003158028470352292,-0.3028145566859042,-0.00012244878903727718,-0.05755909268197171,0.057592242254077504,415.1974182128906,460,0.9026030830715014
electron,4,16,0,11,2.000358915321788,0.1596100309599336,0.08748866403911047,-0.00044991925854227083,0.031832724809646606,-8.32786172395572e-05,-1.6563513983186007,5.821352388925283e-05,5.208308197535407,-4.95047234079315,619.2103271484375,460,1.3461094068444293
electron,4,17,0,11,2.0003589505526174,-1.957820507350196,0.08748866249823793,-0.0004499192506181787,-0.004139257129281759,0.0011753677390515804,0.2671206619635491,-5.513806843980562e-05,-0.05345546526560514,0.05348405541628252,461.7458801269531,460,1.0037953915803328
electron,4,18,0,11,2.0003589250652625,-0.33491303055099336,0.08748866361296517,-0.0004499192563507757,-0.004768943414092064,-0.003428724594414234,0.029042647398391797,0.0003848921068872746,-0.009139821933592201,0.009140657373408018,553.0942993164062,458,1.20762947448997
electron,4,19,0,11,2.000358907612974,1.0184707592208424,0.0874886643762669,-0.0004499192602761316,0.002334214746952057,0.0008317058673128486,-0.3064821441212118,0.00039296777295261265,-0.06824500976598556,0.06829161538557106,497.641357421875,462,1.0771457952854437
electron,4,20,0,11,2.000358972647114,-1.4285207307698404,0.0874886615319024,-0.000449919245648701,-0.007782067637890577,0.0010367085924372077,0.44446352740878936,6.106960346594081e-05,-0.29747879699608376,0.29836637369520264,525.4185791015625,458,1.1472021377763373
electron,4,21,0,11,2.0003589723974664,-2.8635945984480307,0.0874886615428211,-0.0004499192457048515,0.019876040518283844,0.013656716793775558,-1.2258818986490283,-0.0010233996662380035,3.387727451347992,-3.2767210720848605,474.22625732421875,460,1.0309266463569973
electron,4,22,0,11,2.000358898766124,1.5377951405345027,0.087488664763197,-0.00044991926226595864,0.004922863561660051,0.007876127026975155,-0.5350849925105372,-0.00021397926114469223,-0.05592261923934226,0.05595391013146373,395.13726806640625,460,0.8589940610139266
electron,4,23,1,11,2.0003589559901735,-0.6045543411900048,0.08748866226041835,-0.0004499192493951676,159.69589233398438,5.836025714874268,-297.8866239856238,0.0001363942447848987,75.041719950616,-42.87076245125293,435.7143859863281,316,1.3788429936276207
electron,4,24,0,11,2.000358928502128,-1.1209328478184406,0.08748866346264876,-0.00044991925557775846,0.01979108154773712,0.001356921624392271,-1.1019403132732641,-0.0003681900777915831,4.82950954251585,-4.607013391164571,522.2325439453125,460,1.135288139011549
electron,4,25,0,11,2.000358942127625,2.5298189651204726,0.08748866286671746,-0.0004499192525131217,0.008366268128156662,-0.002385085681453347,-0.5781184865614186,-0.0002476912418662297,-0.0357834562476305,0.03579626538859726,439.09820556640625,460,0.9545613164487092
electron,4,26,0,11,2.000358968526303,-0.9231373600653953,0.08748866171213217,-0.0004499192465755507,0.004241073504090309,0.0023891145829111338,-0.24212077338037208,-0.00022130013080663702,0.13719033133376538,-0.13700237731838366,504.9577331542969,460,1.097734202509341
electron,4,27,0,11,2.0003589565554973,-0.3849786122514488,0.08748866223569308,-0.00044991924926801537,0.0005427944124676287,-0.008100464940071106,0.06546575562971224,0.0008130261970003966,-0.3596306635879048,0.3609286737724736,510.1576843261719,460,1.1090384441873302
electron,4,28,0,11,2.0003589431848394,1.697008942877364,0.08748866282047861,-0.00044991925227533383,0.008442320860922337,-0.0027895919047296047,-0.4484408250569061,8.049197850591716e-05,-0.0673376176993137,0.06738299180074091,478.21282958984375,462,1.0350927047399214
electron,4,29,0,11,2.0003589537590116,2.170035263851513,0.08748866235800153,-0.0004499192498969989,0.0027594338171184063,0.0046593016013503075,-0.31389887653743287,8.778655938739e-05,-0.06318419774874942,0.06322414541781005,478.484375,460,1.0401834239130434
electron,4,30,0,11,2.000358967072069,2.180056715341225,0.08748866177573525,-0.00044991924690263594,0.0003717149666044861,0.009155157022178173,-0.16441378177667332,-0.0006265000201734205,0.11522262569648214,-0.11509001595818168,406.4208984375,462,0.8796989143668831
electron,4,31,1,11,2.0003589214222606,2.810057681087915,0.08748866377229726,-0.00044991925717015704,168.81707763671875,4.917520523071289,-282.59662914699703,-0.0011827325617793788,65.50134756212363,-39.57753125698063,300.6404113769531,276,1.0892768528150476
electron,4,32,0,11,2.0003588974446087,1.6833776362068429,0.08748866482099543,-0.0004499192625631929,0.0012649298878386617,-0.006380857899785042,-0.03267599413536715,0.00027798251787175543,-0.15052063916908814,0.15074754533786772,491.9776916503906,460,1.06951672097911
electron,4,33,0,11,2.000358927778981,-1.4777725219487132,0.08748866349427667,-0.00044991925574040814,0.004556099884212017,-0.0029098240192979574,-0.2550602198658769,0.0003111687305692168,0.9735172745533115,-0.9641312898967925,463.8934020996094,460,1.0084639176078465
electron,4,34,0,11,2.0003589237901958,1.5301862805907993,0.0874886636687321,-0.0004499192566375628,0.010138516314327717,-2.10766102100024e-05,-0.6323903625278238,-0.0001069729281467785,0.3585268658853548,-0.3572460428444414,523.9569091796875,458,1.1440107187329422
electron,4,35,1,11,2.0003588981570104,-1.471553459092162,0.0874886647898375,-0.00044991926240296005,0.8085514307022095,1.110303521156311,-26.25428207299918,0.0005043311875642387,213.61333106593392,-68.11360038168274,282.8033447265625,310,0.9122688539566532
electron,4,36,0,11,2.0003589708547054,0.08188259240481238,0.08748866161029605,-0.0004499192460518482,0.002209195401519537,0.0003644544631242752,-0.1680889377294048,-0.0003998904458787783,-0.01820662062515871,0.018209936039121542,496.30780029296875,460,1.0789300006368885
electron,4,37,0,11,2.0003589306773684,2.548812055101452,0.0874886633675114,-0.000449919255088505,-0.003996293991804123,0.01044590212404728,0.2630715464970734,-0.0006628380935207734,0.009503190247583991,-0.009502287227150723,449.251220703125,462,0.9724052396171536
electron,4,38,0,11,2.0003589751019177,1.3223453683019863,0.08748866142453791,-0.0004499192450965683,-0.006247999146580696,-0.003645463613793254,0.4789906381381659,0.00037270514545796607,-0.06284676017573082,0.06288628216666786,511.7237243652344,460,1.1124428790548573
electron,4,39,0,11,2.000358949823438,2.9538848626375893,0.08748866253012967,-0.0004499192507821852,0.011485103517770767,-0.0028684402350336313,-0.917218899796346,0.0003390721190516949,3.8360704009127042,-3.6943524404396095,478.14044189453125,460,1.039435743248981
electron,4,40,0,11,2.00035901918235,0.735693967189267,0.087488659496615,-0.0004499192351820307,-0.0046770283952355385,0.002793525578454137,0.11589542441092782,-3.638195545441203e-05,-0.016211852027304335,0.01621448069491479,468.4441223144531,460,1.0183567876401154
electron,4,41,0,11,2.000358956581419,-2.9803688707682143,0.08748866223455937,-0.0004499192492621851,-0.006516013760119677,0.004445827566087246,0.7128897043715554,-0.0001965572750714517,-0.07376034634922209,0.07381479239574984,476.5727844238281,460,1.0360277922257133
electron,4,42,0,11,2.000358934339597,-1.6054869146225954,0.0874886632073384,-0.0004499192542647992,0.006409868132323027,0.010876858606934547,-0.5176811339353549,-0.00029691011791045663,-0.08512692569693253,0.08519945337229497,483.6559753417969,460,1.0514260333517322
electron,4,43,0,11,2.000358888460175,-2.601034453922268,0.08748866521394298,-0.00044991926458396516,0.04714498296380043,-0.0012461966834962368,-3.3299412193334987,-0.00025760286128566345,11.19914394657904,-10.071250145557954,923.8606567382812,460,2.008392732039742
electron,4,44,0,11,2.000358910879066,-2.1122170056815253,0.08748866423341953,-0.0004499192595415246,-0.011799884028732777,-0.004228831268846989,0.8116330618963552,0.0002457742455271583,0.6355150319518461,-0.6315017434452054,720.385498046875,462,1.5592759697984306
electron,4,45,0,11,2.000358932562256,-2.2915002484123477,0.08748866328507304,-0.0004499192546645574,0.1195332482457161,0.006351257674396038,-10.916553040289045,7.085046261906536e-05,92.77261169991685,-48.12541101239687,712.3617553710938,460,1.5486125116762908
electron,4,46,0,11,2.000358995308707,1.4630203215297417,0.08748866054076408,-0.0004499192405516725,0.0010692449286580086,0.0015662674559280276,0.1225503269477457,-0.0001724753047869093,0.09332109254033182,-0.09323408547315734,449.6290588378906,460,0.9774544757345448
electron,4,47,0,11,2.0003589464036993,-1.4589524250765455,0.08748866267969702,-0.0004499192515513503,0.014885727316141129,0.00845983624458313,-1.184107706962756,-0.00038378336002919955,-0.005257548125447592,0.005257824558094918,438.5639953613281,460,0.9533999899159307
electron,4,48,0,11,2.000358927282068,-1.7227229651037523,0.0874886635160099,-0.0004499192558521735,-0.0049140797927975655,0.012403278611600399,0.2493437353441319,-0.0005836162185321736,-0.027795380100717828,0.027803108080280612,427.572265625,460,0.9295049252717391
electron,4,49,0,11,2.0003590097165613,0.2418296689552359,0.08748865991061526,-0.0004499192373110687,0.004434326197952032,-0.009296744130551815,0.022167487711499678,0.0007965701895396166,-0.1944955823929589,0.1948746048906839,514.4452514648438,462,1.1135178603135145
electron,4,50,0,11,2.000358901898802,-2.2039041946019235,0.08748866462618468,-0.00044991926156135896,-0.007532963529229164,-0.002847515046596527,0.7110068883005027,7.562494367005512e-05,0.46826042934858236,-0.4660779706421564,11.462332725524902,8,1.4327915906906128
electron,4,51,0,11,2.0003589091349108,2.397000013800466,0.08748866430970273,-0.00044991925993381873,0.0016328180208802223,0.010270355269312859,-0.28008124431355697,-0.0005114655897243969,-0.2139519170575502,0.21441065275950527,509.71728515625,460,1.1080810546875
electron,4,52,0,11,2.000358945429884,1.9195964560453775,0.08748866272228827,-0.00044991925177038006,0.008278208784759045,-0.007183063309639692,-0.7090792600992213,0.0006812770937098117,-0.02479300624415051,0.024799154700123685,522.239990234375,460,1.1353043265964673
electron,4,53,0,11,2.000358964921045,-0.56900837730388,0.08748866186981345,-0.0004499192473864426,-0.00352476816624403,-0.008536354638636112,0.1966626546795469,0.0002620412265763178,-0.1690694414994114,0.16935577035450014,478.3686218261719,458,1.0444729734195892
electron,4,54,0,11,2.000358989317347,2.098517199474013,0.08748866080280508,-0.0004499192418992446,-0.00010584115807432681,-0.010290428064763546,0.04003433641175391,0.000712303230798586,-0.08287954811112735,0.08294829528343196,438.15606689453125,462,0.9483897551829681
electron,4,55,0,11,2.0003588993993553,-1.6636774450064569,0.0874886647355017,-0.00044991926212353275,-0.0017519128741696477,0.004894350189715624,-0.051626610669597284,-0.00042024855727522403,-0.1378872125378116,0.13807760389697038,494.7753601074219,460,1.075598608929178
electron,4,56,0,11,2.00035899029818,0.1447304891508634,0.08748866075990688,-0.00044991924167863637,-0.014085808768868446,-0.012879017740488052,1.2031091290896079,0.0006078833866308975,-0.015087745636975302,0.015090022381164192,449.1355285644531,460,0.9763815838357677
electron,4,57,0,11,2.000358956545116,-1.9347370230761074,0.08748866223614712,-0.00044991924927035036,0.06044797971844673,0.02081218734383583,-4.319015780398949,-0.0014801284007360527,14.394972547767892,-12.583570962226496,518.5552368164062,460,1.1272939930791441
electron,4,58,1,11,2.0003589485517677,-0.8853050211089967,0.08748866258574806,-0.00044991925106820834,7.847482204437256,-0.1420668214559555,-68.01375359116813,0.00033224733160652775,64.7582021307055,-39.30499440588196,459.2443542480469,442,1.039014376126803
electron,4,59,0,11,2.000358922263584,-0.32061809526770785,0.08748866373550074,-0.00044991925698092717,-0.002174572553485632,-0.009352742694318295,-0.16128791481778704,0.0007307479356609137,-0.0879543414005277,0.08803176916332164,482.97381591796875,458,1.0545279823536435
electron,4,60,0,11,2.0003589734777267,2.513269860026314,0.08748866149557431,-0.00044991924546188016,-0.02606472559273243,0.0008590660872869194,2.5854523210981917,-1.3927904494601129e-05,0.35083163105326104,-0.34960510575847736,472.82025146484375,460,1.027870111880095
electron,4,61,0,11,2.000359010235953,-1.4816741410685283,0.08748865988789889,-0.00044991923719424755,0.003145937342196703,0.0069350930862128735,-0.5716618108051463,-0.00024595972834917657,0.22356221906523138,-0.22306353328030895,475.6826171875,460,1.0340926460597826
electron,4,62,0,11,2.0003589318545467,-1.4184854445309645,0.08748866331602576,-0.0004499192548237349,0.005150495562702417,-0.005362688098102808,-0.8519473223680407,0.00020801562045572042,-0.07074717734168283,0.07079726440789628,538.2802124023438,460,1.1701743747877038
electron,4,63,0,11,2.000358924394478,0.5001863591835386,0.08748866364230291,-0.000449919256501648,-0.0032530438620597124,0.015346244908869267,0.1865870788210211,-0.0009835709618486593,-0.08507567301198941,0.08514811334247488,500.9625549316406,464,1.079660678731984
electron,4,64,0,11,2.0003589775098787,-0.1197665980938087,0.08748866131922219,-0.00044991924455497156,0.006080825813114643,-0.0033213268034160137,-0.5477243182053088,0.00031517931798484555,0.14754713568839697,-0.14732975485508346,529.0175170898438,460,1.1500380806300952
electron,4,65,0,11,2.0003589445662904,-2.945546464179283,0.08748866276005882,-0.00044991925196461894,-0.01489878911525011,0.0066072759218513966,0.9601871712261456,-0.0004721249745287259,-0.05041548541712775,0.05044091544950521,406.695068359375,458,0.8879804986012555
electron,4,66,0,11,2.000358963284375,-1.4320332412832852,0.08748866194139567,-0.0004499192477545613,0.0004640987899620086,0.00281632412225008,-0.04571627439298176,0.0002889675532713881,-0.08195582739629932,0.08202305006562893,446.71124267578125,460,0.9711113971212636
electron,4,67,0,11,2.0003589394665524,1.9241021289745082,0.08748866298310341,-0.0004499192531116482,0.0023189401254057884,0.0004581008688546717,-0.1544370570887299,-0.00027821638695778306,-0.23759342428564606,0.23815927506251636,493.42901611328125,460,1.072671774159307
electron,4,68,0,11,2.0003589106073143,0.11012192011507846,0.08748866424530498,-0.0004499192596026468,-0.0005576694384217262,0.004863835405558348,0.03378897277020454,-0.00025895789831630045,-0.10625481510074858,0.1063678360482721,415.0859069824219,460,0.9023606673530911
electron,4,69,0,11,2.0003589634981402,-0.917176731808392,0.08748866193204631,-0.0004499192477064813,0.03803251311182976,0.0016662604175508022,-2.2343909905276904,0.00024197675079594416,10.035872693402471,-9.120546279817162,750.4481201171875,460,1.6314089567764947
electron,4,70,0,11,2.0003589530283534,2.2345190525449206,0.08748866238995795,-0.00044991925006133797,0.012225489132106304,0.009829198010265827,-0.5615234769273947,-0.0004968307296872587,0.12824337294387073,-0.12807911996039267,494.9228515625,460,1.075919242527174
electron,4,71,1,11,2.00035892794711,1.5734006486640582,0.08748866348692329,-0.0004499192557025927,20.015520095825195,0.27407312393188477,-45.5227218375811,-0.0003130930585518582,11.190271114649645,-10.064073954016377,552.454833984375,390,1.4165508563701923
electron,4,72,0,11,2.00035891460779,2.5673711288632504,0.08748866407033824,-0.0004499192587028628,0.0034885273780673742,0.0017918371595442295,0.0751029787906532,-0.00020998505708598458,2.378280712382836,-2.323032478992568,487.0919189453125,460,1.0588954759680707
electron,4,73,0,11,2.000358951052922,-0.06088959927395309,0.08748866247635637,-0.0004499192505056505,-0.0001575014175614342,-0.0015059765428304672,-0.02148990794693245,0.0002671815206452821,-0.02532315686091205,0.02532957110793787,452.1866455078125,460,0.9830144467561142
electron,4,74,0,11,2.0003590076985844,-1.8170440501040772,0.08748865999887447,-0.00044991923776495054,0.01202135905623436,0.002187990350648761,-1.0567599468871425,-0.0001421434492872159,-0.06392540102253656,0.06396629173104716,462.9639587402344,460,1.006443388565727
electron,4,75,0,11,2.000358910441113,2.7291458125651444,0.08748866425257404,-0.0004499192596400287,0.0031192295718938112,-0.004874325357377529,0.06098789567099416,-0.00017020658951480416,-0.17925386037593347,0.1795757568523829,440.9402770996094,460,0.9585658197817595
electron,4,76,0,11,2.000358924620326,2.297445210065418,0.08748866363242513,-0.00044991925645085053,0.0095091937109828,0.008979685604572296,-1.3524614234503574,-0.0006182689853037049,0.031011243616318247,-0.031001629625439002,500.6414489746094,458,1.093103600381243
electron,4,77,0,11,2.0003589349486526,-1.4046350415609232,0.08748866318070045,-0.0004499192541278109,0.006118845660239458,0.0008311691926792264,-0.21913686772667695,-1.1165424219278242e-05,-0.09833593695299081,0.09843273170198152,431.21405029296875,460,0.9374218484629755
electron,4,78,0,11,2.000358988005907,0.25729155188255,0.08748866086016284,-0.0004499192421942127,-0.020981192588806152,-0.012364838272333145,1.6634499485047027,0.0010877081273974326,0.35325164573615614,-0.352008171078703,448.3130187988281,460,0.9745935191278873
electron,4,79,0,11,2.0003589760583207,2.5597072113231065,0.08748866138270822,-0.0004499192448814549,-0.0006470490479841828,0.005046933423727751,-0.30450708421492223,-0.0006009292345377504,7.660354622771428,-7.11529759456242,452.9481506347656,460,0.9846698926842731
electron,4,80,0,11,2.0003589027415023,-1.4044039796845724,0.08748866458932794,-0.0004499192613718195,0.0011126165045425296,-0.014398137107491493,-0.03213176562288922,0.0008516998072441717,0.8310045550330584,-0.8241557829362983,532.1158447265625,460,1.1567735754925272
electron,4,81,0,11,2.000358905238141,0.09973609233071129,0.08748866448013373,-0.00044991926081027725,0.018935704603791237,0.007712962571531534,-0.4812606589965074,1.771172674111532e-05,-0.14459494064987313,0.1448043203709805,670.5238647460938,460,1.4576605755349865
electron,4,82,0,11,2.000358976775982,2.198642753179686,0.08748866135132023,-0.000449919244720039,-0.0034286954905837774,-0.012345992028713226,0.35259861169567586,0.0008022237395077098,-0.08247264778762693,0.08254072130600323,444.0118408203125,460,0.9652431322180707
electron,4,83,0,11,2.000358901072575,0.21617820030403156,0.08748866466232094,-0.0004499192617471934,-0.004738484974950552,0.00035389309050515294,0.309028566360281,-5.197373576912301e-05,-0.09713445459056645,0.09722889734971647,451.2115783691406,462,0.9766484380284429
electron,4,84,0,11,2.0003589575927037,0.7485066277708168,0.08748866219032933,-0.0004499192490347277,0.039986975491046906,0.007866423577070236,-2.781830521976447,-0.0007048730920665436,15.190503646837236,-13.187288158240737,703.2509765625,458,1.535482481577511
electron,4,85,0,11,2.0003589537468245,2.455631734342251,0.08748866235853454,-0.00044991924989974,0.017195358872413635,0.002988368971273303,-0.8053793617821547,-0.00028732037187835513,7.6761822786096605,-7.12895100491929,549.5164794921875,460,1.1946010423743207
electron,4,86,0,11,2.0003589490330658,-0.10960846720157309,0.08748866256469777,-0.0004499192509599551,-0.003969043493270874,0.0247334074229002,0.12119440255804748,-0.0017733016251950534,0.06069076198518636,-0.06065395064036282,489.30133056640625,460,1.0636985447095788
electron,4,87,0,11,2.000358901986553,-0.38522316953460867,0.08748866462234677,-0.00044991926154162214,0.0012381068663671613,-0.0044137644581496716,-0.6959841557294677,0.0004022807526189026,0.8203700095546892,-0.8136947022481044,446.1473693847656,460,0.9698855856190557
electron,4,88,0,11,2.0003589807407383,-0.6498194919261466,0.08748866117791576,-0.00044991924382828906,0.0374029241502285,0.006876460276544094,-2.4754418697823244,-0.00031993783311290436,18.842720994416613,-15.855174668461077,2824.467041015625,460,6.140145741338316
electron,4,89,0,11,2.000358903513747,-1.935189048040544,0.08748866455555268,-0.0004499192611981268,-5.7910350733436644e-05,0.008689415641129017,0.036994207536222845,-0.0007948561191589432,4.73765299847957,-4.523352264298242,641.0748901367188,462,1.387607987308915
electron,4,90,0,11,2.0003589749920017,-2.35297445330103,0.08748866142934526,-0.0004499192451212906,-0.0018825611332431436,0.009444448165595531,0.09278330286122127,-0.0003366422862407098,-0.07959417486764567,0.07965757765930996,472.71282958984375,462,1.0231879428351596
electron,4,91,0,11,2.0003589900605467,-0.07313335900615953,0.08748866077030014,-0.0004499192417320847,0.028716616332530975,0.006260485853999853,-1.8198245256016432,-0.0006155392106802354,19.12801615643469,-16.05668991525592,773.3599243164062,464,1.666723974819841
electron,4,92,0,11,2.000358942066802,1.410250402706018,0.08748866286937763,-0.00044991925252680195,-0.0047162617556750774,0.006139133591204882,-0.029898898950220243,-0.0003906082815366002,-0.020789062265937297,0.020793385015691276,425.630126953125,460,0.9252828846807065
electron,4,93,0,11,2.0003589959205534,-0.755899378055447,0.08748866051400407,-0.0004499192404140564,34.39861297607422,1.3866701126098633,-113.65001559842258,-0.0022979620095561343,42.54777748696768,-29.848081981395733,417.39599609375,442,0.9443348327912896
electron,4,94,0,11,2.000358993053275,2.4032718930738945,0.08748866063940873,-0.0004499192410589625,-0.0003665514523163438,-0.003570522414520383,-0.3058705824394714,-0.000115970200184487,1.2568745745652303,-1.2412733257332331,430.4140625,460,0.9356827445652174
electron,4,95,0,11,2.00035892661628,0.5516687172559966,0.08748866354512912,-0.000449919256001922,0.007120149210095406,-0.009905160404741764,-0.0790494589080204,0.00048157835912961133,5.428140363797581,-5.148663672779264,696.0100708007812,460,1.5130653713060462
electron,4,96,0,11,2.0003589518555995,-0.7297580333635059,0.08748866244125007,-0.0004499192503251129,0.01820889301598072,0.0022905715741217136,-1.141419799641108,-0.0002710632877313962,7.47247701765983,-6.952921552586859,852.3618774414062,460,1.8529606031334918
electron,4,97,0,11,2.000358940012422,3.010861614517759,0.087488662959229,-0.0004499192529888716,-0.0013791529927402735,-0.011214185506105423,-0.07722692925815622,0.0006971540440211255,-0.153888695916462,0.15412587822053683,431.3858947753906,458,0.9418905999462678
electron,4,98,0,11,2.0003590045676884,0.38030400734934533,0.08748866013580883,-0.00044991923846914933,0.0028253139462321997,0.006217765621840954,-0.35664301905358187,-0.00036403677755916797,-0.010668924767613604,0.01067006314862416,537.8326416015625,460,1.1692013947860054
electron,4,99,0,11,2.000358962034702,-0.06038027067110325,0.08748866199605194,-0.00044991924803563675,0.0021391604095697403,-0.012599969282746315,-0.3217291422150034,0.0008137640441206323,0.045101896735740034,-0.045081564095249535,423.2356262207031,460,0.9200774483058763
electron,5,0,0,11,2.0003589740235777,-2.8428184540133405,0.08748866147170072,-0.00044991924533910777,0.004477286711335182,-0.004308886826038361,-0.27470280123464974,3.989511361117415e-05,3.6409569010384946,-3.5130483255910634,529.7061767578125,460,1.1515351668648097
electron,5,1,0,11,2.0003589417666983,0.8562031872859223,0.08748866288250312,-0.0004499192525943011,-0.0086546391248703,0.012131482362747192,0.36502999160459293,-0.0008050542909465719,-0.09259787851961085,0.09268370166108134,428.3414306640625,458,0.9352432983931496
electron,5,2,0,11,2.000358983572681,-0.5105021445542252,0.08748866105405655,-0.00044991924319133064,-0.003833188908174634,0.0012628822587430477,0.006362655726621647,-0.0001286366018470736,-0.023801392071205206,0.023807058482534425,475.87750244140625,460,1.034516309655231
electron,5,3,0,11,2.000358910753081,1.227739639116762,0.08748866423892966,-0.0004499192595698611,-0.010219781659543514,-0.005584587808698416,0.4429151282330235,7.704094123849037e-05,0.39249971134511125,-0.3909651741650604,420.5104675292969,460,0.9141531902810801
electron,5,4,0,11,2.000358945596387,0.540761910250607,0.08748866271500602,-0.0004499192517329304,0.019547533243894577,0.0011523844441398978,-1.168332865658317,-0.0003199468207837619,2.2482359833449825,-2.1988017316124626,479.5640869140625,460,1.0425306237262228
electron,5,5,0,11,2.0003590173818244,3.1400620434504374,0.08748865957536364,-0.00044991923558700353,0.0026133363135159016,0.00494580902159214,-0.3277752619608165,-0.0002909907249417365,0.4701486150437058,-0.46794856136333146,658.4551391601562,458,1.437674976332219
electron,5,6,0,11,2.000358976616032,-2.1572035601263675,0.0874886613583159,-0.0004499192447560149,0.005897179711610079,-0.0011380960932001472,-0.4376122826901252,0.00012584512476210286,2.0257408955521443,-1.9855194167381414,483.1766052246094,460,1.0503839244013247
electron,5,7,0,11,2.000359009941348,0.20579946595901702,0.08748865990078387,-0.0004499192372605098,-0.00135288224555552,-0.0009672280866652727,-0.43204981559966105,0.00040909530484738166,-0.05189354635070748,0.051920489734121084,454.2919006347656,460,0.987591088336447
electron,5,8,0,11,2.0003589331975524,-0.7656024887898638,0.08748866325728742,-0.00044991925452166705,0.013799148611724377,0.0006697805947624147,-0.8576914927289625,0.0003005444396272511,0.7148609662620724,-0.7097869762254274,417.69610595703125,460,0.9080350129500679
electron,5,9,0,11,2.0003589858042843,-1.1951609140928137,0.08748866095645408,-0.00044991924268940006,0.0005151531076990068,-0.02226502075791359,0.10590615824335181,0.001458106194901665,0.23792146180181148,-0.23735673917827474,419.17626953125,460,0.9112527598505434
electron,5,10,0,11,2.000358903685922,1.4952578815898552,0.08748866454802234,-0.0004499192611594013,-0.004613523371517658,-0.0006701625534333289,0.33244758037187516,-1.0250370127751207e-05,-0.15205987310903402,0.15229144729053717,446.0417785644531,460,0.9696560403575067
electron,5,11,0,11,2.0003589346792805,0.47623963257890417,0.08748866319248184,-0.0004499192541883979,68.36917877197266,1.8121455907821655,-239.39324519258216,-0.0029905706603239463,101.17572294831254,-50.29221292984109,438.0738830566406,442,0.9911173824810874
electron,5,12,0,11,2.0003589702046525,-1.2479424480885093,0.08748866163872707,-0.00044991924619805756,-0.004326118156313896,-0.004360423889011145,0.3695492237631992,0.0005627394399739527,-0.10895574663177125,0.10907458966532609,460.81402587890625,462,0.997432956447849
electron,5,13,0,11,2.000358955197894,-2.6346558273237903,0.08748866229506988,-0.00044991924957336654,0.03179937228560448,0.0032983620185405016,-2.362853248719432,-0.00022217988225478602,17.11595745968127,-14.61453915498549,838.4674682617188,458,1.830714996204626
electron,5,14,0,11,2.000359011192765,2.2292339862366166,0.08748865984605131,-0.00044991923697904214,0.003474866272881627,-0.008727551437914371,-0.06485591129923307,0.00016210116221132553,2.1777954237878236,-2.131378363327676,688.0139770507812,458,1.502213923691662
electron,5,15,0,11,2.0003589267867947,1.5724482773064266,0.0874886635376714,-0.00044991925596356996,0.003809533081948757,0.0021021568682044744,-0.055813622344524916,1.8196956942245768e-05,0.37387719045307755,-0.3724845556615041,469.49151611328125,456,1.0295866581431605
electron,5,16,0,11,2.0003589145575633,-0.450512495001679,0.08748866407253497,-0.0004499192587141597,0.003799724392592907,-0.0028936511371284723,-0.09119872199958579,0.0003881624521995253,-0.06606471817369133,0.06610839249688753,426.33428955078125,460,0.926813672936481
electron,5,17,0,11,2.0003589808624644,-1.8923450672888615,0.08748866117259188,-0.00044991924380091046,23.084596633911133,0.47290462255477905,-135.81097481013748,-0.000221061172687248,120.13938380203312,-54.574234617678414,1515.82861328125,444,3.4140284082911037
electron,5,18,0,11,2.0003589619916924,-3.075447225199342,0.08748866199793304,-0.00044991924804531043,-0.005050236824899912,0.004878591280430555,0.018262491822351734,-0.00036824076714003784,-0.2460727386501793,0.2466797502673692,559.7216186523438,460,1.216786127505095
electron,5,19,0,11,2.0003589585765367,1.8257745713361213,0.08748866214729993,-0.00044991924881344474,-0.011029578745365143,-0.0016914713196456432,0.4312783114006624,9.353861830981025e-05,-0.016169600532270116,0.016172215514912488,484.2298889160156,456,1.0619076511316132
electron,5,20,0,11,2.000359003749773,-1.8242787704353063,0.08748866017158158,-0.00044991923865311427,0.005023740231990814,-0.0028537511825561523,-0.24742032244517986,-0.00019806022937424173,1.5055505355408807,-1.4832199102390278,528.8740844726562,464,1.1398148372255523
electron,5,21,0,11,2.000358999496347,-2.6935635364668107,0.08748866035761145,-0.00044991923960979166,0.0033143269829452038,-0.004958541598170996,-0.20687216356041205,0.00021524564204904173,1.5153956488356384,-1.4927742133594497,87.9453125,70,1.2563616071428572
electron,5,22,0,11,2.000358954153703,2.9103154585266267,0.08748866234073911,-0.00044991924980822517,0.008219335228204727,-0.0002859364321921021,-0.6279394531403248,-1.3749935725074214e-05,0.08816349635504125,-0.08808583680151855,420.61932373046875,458,0.9183828029049536
electron,5,23,0,11,2.0003588360663547,-1.5638731894133822,0.08748866750546454,-0.00044991927636834543,0.007992384023964405,0.0003795641823671758,-0.6736340882047553,0.00020158903054239008,1.3121802958640538,-1.295185131770016,485.6809387207031,460,1.0558281276537025
electron,5,24,0,11,2.0003589290650394,-0.2446182612102659,0.087488663438029,-0.00044991925545114885,-0.005465933587402105,-0.0017448788275942206,0.12006794625832318,5.0621983342463706e-05,0.4220301480409042,-0.42025653874827523,484.3921813964844,460,1.0530264812967052
electron,5,25,0,11,2.0003589843273417,-1.8794215809158559,0.08748866102105034,-0.0004499192430215929,-0.003427824005484581,-0.012124880217015743,-0.20302426297713616,0.0003856695591841902,7.850482473577162,-7.279042516569632,446.2471618652344,460,0.9701025257939878
electron,5,26,0,11,2.0003589670393866,-1.1732432532714512,0.08748866177716465,-0.00044991924690998683,4.125899314880371,-0.7137520909309387,-33.35943933261376,0.0015879317410924937,30.57830056256158,-23.41759728134244,475.58953857421875,446,1.0663442568928672
electron,5,27,0,11,2.0003589441792196,-0.47107817198245194,0.08748866277698793,-0.0004499192520516786,-0.013492993079125881,-0.003336336463689804,0.9676661631312644,-9.414134066479396e-06,-0.03434083839114938,0.034352635374153485,476.2959289550781,462,1.0309435691668358
electron,5,28,0,11,2.000358904241695,-2.308106283797267,0.08748866452371477,-0.0004499192610343972,5.762922286987305,-0.33333253860473633,-36.47985015964217,0.0024887861450970244,30.033362050012833,-23.096658870099464,443.6798400878906,444,0.9992789191168707
electron,5,29,0,11,2.0003589307202705,-2.963413444469592,0.08748866336563502,-0.00044991925507885546,0.0014995794044807553,-0.009346399456262589,-0.24512677369425973,0.0004944158889922112,0.26109597687688374,-0.2604160410705022,487.9879150390625,458,1.0654757970285207
electron,5,30,0,11,2.000358964274754,2.943429004936477,0.08748866189807995,-0.0004499192475318059,0.028127379715442657,0.005161742214113474,-1.579773216506375,-6.0263467732510345e-05,3.2693825550196958,-3.1658778953944404,405.4457702636719,460,0.8814038483992866
electron,5,31,0,11,2.000358978840314,-0.9348867613736279,0.08748866126103362,-0.00044991924425573105,-0.006196608766913414,0.004212051630020142,0.19968337451292673,-0.0008462543801780603,-0.13944866693122643,0.13964339778790416,450.57843017578125,460,0.9795183264690897
electron,5,32,0,11,2.000358897895453,-2.0143178906852466,0.0874886648012771,-0.00044991926246178935,0.0456281453371048,0.0032095746137201786,-3.1827482765454107,4.054743512732495e-05,19.55760854215098,-16.35831360348412,1881.4310302734375,460,4.090067457116168
electron,5,33,0,11,2.000358949635816,1.5444486335070224,0.0874886625383356,-0.000449919250824385,17.052005767822266,-0.2333846390247345,-148.53562863183933,-0.00023008519153383533,142.95854986857526,-58.84071581177386,455.123291015625,444,1.0250524572423987
electron,5,34,0,11,2.000358971350542,-1.1600527524250297,0.08748866158860989,-0.000449919245940325,0.0056092687882483006,-0.006636730395257473,-0.17979152028280154,0.00047257256370715484,-0.10530088594105871,0.10541188559046179,491.9528503417969,460,1.069462718134341
electron,5,35,0,11,2.0003590019186404,-1.5191555546276507,0.08748866025166886,-0.00044991923906497123,0.01854502409696579,0.008856089785695076,-1.4143659122052288,-0.0004179492946185387,6.493723323437852,-6.097752168656375,458.4577331542969,460,0.9966472459876019
electron,5,36,0,11,2.0003589270301725,0.05168159454886217,0.08748866352702692,-0.0004499192559088296,0.0067399172112345695,0.006359610706567764,-0.5392633361031505,-0.00018052491809442128,-0.04444577131028809,0.0444655343600057,486.93426513671875,460,1.0585527502972147
electron,5,37,0,11,2.000359011181512,-2.0820523417544265,0.08748865984654347,-0.0004499192369815731,-0.0022339129354804754,0.0010270695202052593,0.22541647671658893,0.00011584050679286362,-0.107123064278125,0.1072379408464171,441.2680358886719,458,0.9634673272678426
electron,5,38,0,11,2.0003589368040324,2.257610784908564,0.08748866309955267,-0.0004499192537105002,0.01045116875320673,0.003967570140957832,-0.2572406733345467,-5.045225455907465e-05,4.068573439809594,-3.9095120700993724,620.1428833007812,460,1.3481367028277853
electron,5,39,0,11,2.000358918100259,-0.34777510468486733,0.08748866391758994,-0.00044991925791733925,0.009186185896396637,0.0005889253807254136,-0.6446212100606474,-0.00040609908680991347,0.5222811775051438,-0.5195675738624445,476.7485046386719,462,1.0319231702135754
electron,5,40,0,11,2.000358968775146,1.5456354460797408,0.08748866170124864,-0.0004499192465195811,0.006932617165148258,-0.0045950147323310375,-0.3020606122114966,-0.00017986744122361342,0.5306800689754851,-0.5278787218104726,527.5791015625,458,1.1519194357259825
electron,5,41,0,11,2.000358900175495,1.4629094609535631,0.08748866470155607,-0.000449919261948964,0.0064049274660646915,-0.003271733643487096,-0.5944976128038348,5.2714332963124666e-05,0.23150024189793136,-0.23096555607691902,488.70184326171875,460,1.062395311438519
electron,5,42,0,11,2.0003589858382,0.0520752005401673,0.08748866095497072,-0.0004499192426817718,45.342037200927734,2.2799062728881836,-234.55222771797796,-0.0038302637572473347,143.2799699755014,-58.895095222977,487.8244934082031,444,1.0987038139824394
electron,5,43,0,11,2.0003589914610957,-0.5417060700698857,0.08748866070904505,-0.0004499192414170743,-0.0031801192089915276,0.0038636086974292994,0.37674582443281146,0.0002822632630847671,-0.0029071653843834215,0.0029072499029549398,437.21240234375,462,0.9463471912202381
electron,5,44,0,11,2.0003589880919304,1.8119721083825857,0.08748866085640049,-0.00044991924217486443,0.0020895125344395638,0.0034297085367143154,-0.22396137178248843,-0.00023251239887332742,-0.0413636290370665,0.04138074561518646,9.438590049743652,12,0.7865491708119711
electron,5,45,0,11,2.0003589704143994,1.1122349392653137,0.08748866162955347,-0.0004499192461508815,0.15281815826892853,0.008911523036658764,-16.75139777666623,-0.0006842716759401929,188.6448118442525,-65.35534473629889,482.51025390625,370,1.3040817673141891
electron,5,46,0,11,2.0003589485583713,-1.796336446211831,0.08748866258545923,-0.00044991925106672303,-0.004061934072524309,-0.012082161381840706,0.16680757810294544,0.0012787467391867646,-0.13096327227994767,0.13113501098143016,456.2356872558594,460,0.9918167114257812
electron,5,47,1,11,2.000359010387485,-2.937175115919761,0.08748865988127141,-0.00044991923716016505,209.9542999267578,9.178974151611328,-686.3920519928577,0.0002414498103484597,367.73660801452377,-78.62044614714124,227.46421813964844,202,1.1260604858398438
electron,5,48,0,11,2.000358977884688,-2.486846513780214,0.08748866130282933,-0.0004499192444706697,0.006606630515307188,0.004544608294963837,-0.3105926193223141,-0.0005890305774455679,0.05067869051306614,-0.05065302022571088,440.3124694824219,460,0.9572010206139606
electron,5,49,0,11,2.0003589634201546,0.6751833696276098,0.08748866193545712,-0.00044991924772402176,0.008208222687244415,0.01319478452205658,-0.513627043381315,-0.0008880826140726938,-0.03683678681799023,0.03685036130702765,466.725341796875,460,1.0146203082540761
electron,5,50,0,11,2.0003589941252775,-2.4725740559442997,0.08748866059252312,-0.00044991924081784853,0.010860067792236805,0.00022182639804668725,-0.7941119328975788,-6.138719984581653e-05,2.783191730301919,-2.7078276938556995,1015.89501953125,456,2.2278399551123904
electron,5,51,0,11,2.0003589299765556,-1.8899916588136707,0.08748866339816248,-0.00044991925524613126,-0.00024834141368046403,0.00377491838298738,0.1931368181262716,-0.000148762964145302,0.2729530274237539,-0.27221002192794835,503.2883605957031,460,1.0941051317297894
electron,5,52,0,11,2.000358902925257,1.0820167122391304,0.08748866458129115,-0.0004499192613304895,12.765484809875488,-0.2614297866821289,-107.08928685460894,0.0017487348179894002,101.56882134633871,-50.389152780638405,516.7167358398438,446,1.1585577036767798
electron,5,53,0,11,2.0003589818176355,-2.428279598724738,0.08748866113081606,-0.0004499192435860741,-0.0007196123478934169,0.011549035087227821,0.14253474463554738,-6.562711849840419e-05,0.0017174578422062168,-0.0017174283460892046,473.5320739746094,460,1.029417552118716
electron,5,54,0,11,2.0003589611190886,0.4544758880511483,0.08748866203609766,-0.00044991924824157585,0.010910013690590858,-0.013366898521780968,-0.6014490500649283,0.0013503324669235789,0.038930731488592114,-0.03891558136810242,428.1927185058594,462,0.9268240660299987
electron,5,55,0,11,2.0003589301477644,-1.171393196637888,0.08748866339067442,-0.0004499192552076231,-0.004300308413803577,0.005874522961676121,-0.03500694487557077,-0.0007003815923116857,-0.36992364659935395,0.371297162602969,255.1458740234375,258,0.988937496214874
electron,5,56,0,11,2.0003589599149585,2.350324454031669,0.08748866208876208,-0.0004499192485124079,0.01740841008722782,-0.0007649583858437836,-1.2267253024207392,-0.0003174949535234284,-0.0718066388670003,0.07185823785235426,447.1102294921875,460,0.971978759765625
electron,5,57,0,11,2.000358922040637,-1.3887196173230245,0.08748866374525165,-0.0004499192570310722,8.792123844614252e-05,-0.0003459798754192889,-0.3544698199198226,0.000356736230525026,-0.1049152276853386,0.10502541533897854,466.9915771484375,458,1.019632264516239
electron,5,58,0,11,2.0003589514781597,2.199428471537266,0.08748866245775797,-0.0004499192504100064,-0.0065562366507947445,-0.009064295329153538,0.5153093617820126,0.0006669573423328246,-0.38708398865232096,0.38858815116729856,421.8434143066406,460,0.9170509006666101
electron,5,59,0,11,2.000358959904296,1.2646196076542189,0.08748866208922841,-0.00044991924851480613,-0.011017773300409317,-0.009317231364548206,0.4694273799608073,0.0009062852607967659,0.0006425616939660209,-0.0006425575651478493,493.0312805175781,460,1.0718071315599524
electron,5,60,0,11,2.000358896837197,1.7086280246575485,0.0874886648475615,-0.00044991926269981157,-0.001122556277550757,-0.011212792247533798,0.14010469120639968,0.0006576268256219403,-0.014186802157462396,0.01418881509659016,456.8116149902344,460,0.99306872823964
electron,5,61,0,11,2.000358917033465,-0.30491390153200104,0.08748866396424775,-0.0004499192581572817,0.0002987417683470994,0.002403654856607318,0.1972250583834878,-0.0003831513452291907,-0.13233620602694096,0.13251156680699097,427.6593933105469,458,0.9337541338658228
electron,5,62,0,11,2.000358903085352,2.8865724621553754,0.08748866457428915,-0.000449919261294481,-0.007561052683740854,0.013969477266073227,0.7144393186235831,-0.0004920868941782203,-0.06219055288972546,0.06222925360660634,513.8448486328125,462,1.1122182870840098
electron,5,63,0,11,2.000358946732991,2.7107129385131987,0.08748866266529495,-0.0004499192514772862,0.008392183110117912,-0.0016834161942824721,-0.37863751832567516,0.00028795355041091875,-0.05882465937056395,0.0588592831433937,489.95452880859375,460,1.0651185408882473
electron,5,64,0,11,2.000358914287599,-2.955032350793911,0.08748866408434228,-0.0004499192587748799,0.0058148643001914024,-0.002608745824545622,-0.20551465408713554,9.140581521674407e-05,-0.14436161648553994,0.14457032053723465,496.19244384765625,458,1.0833896153878957
electron,5,65,0,11,2.0003589512640088,0.8318894426912932,0.08748866246712417,-0.0004499192504581731,-0.0059817032888531685,-0.0017783519579097629,0.18901418736894104,0.00036545468795090574,0.027183118218926175,-0.027175731007845517,424.0375061035156,460,0.9218206654424252
electron,5,66,0,11,2.0003589675415823,2.1371138706828083,0.08748866175520038,-0.00044991924679703334,162.27027893066406,5.795651912689209,-541.762174668404,-0.0011837661753854728,261.9402453466669,-72.37112996256609,307.9796447753906,296,1.0404717728898332
electron,5,67,0,11,2.0003589160598074,-0.3642848659747643,0.0874886640068321,-0.00044991925837627606,0.004759990144520998,-0.00046409075730480254,-0.2828906780677487,0.00036673464810564604,0.11962524267984188,-0.11948231167454502,494.17132568359375,462,1.0696349040770428
electron,5,68,0,11,2.000358975788648,0.26095462127006386,0.08748866139450276,-0.00044991924494210947,6.942440032958984,0.2174636274576187,-60.159313514593585,0.00019070984325206264,57.84321269661733,-36.64599301320286,401.2063903808594,448,0.895549978528704
electron,5,69,0,11,2.00035897483073,-0.6109831011116624,0.0874886614363987,-0.00044991924515756364,0.016420889645814896,0.007763345260173082,-1.27581002115007,-0.0005292398017246319,2.6186922391202847,-2.551866703795309,914.5157470703125,458,1.996759273079285
electron,5,70,0,11,2.000358921710113,1.873717467620559,0.08748866375970761,-0.00044991925710541347,0.0015609880210831761,0.00010127442510565743,0.2910687182471339,-0.0006464174060813593,0.027472730922244004,-0.02746518548573823,472.19744873046875,460,1.0265161928923234
electron,5,71,0,11,2.0003589715566017,-0.45543499531386766,0.08748866157959756,-0.00044991924589397815,0.01071073953062296,-0.005266391672194004,-0.870657542959119,0.0003555686550253956,3.700384524500515,-3.56834214402189,534.3824462890625,460,1.161700970193614
electron,5,72,0,11,2.000358879245468,-2.5198432047973074,0.08748866561696188,-0.0004499192666565304,0.00647900253534317,-0.004133804701268673,-0.5089203705392897,0.00023979004576547835,-0.09020112143658811,0.09028255731574907,436.3673400878906,460,0.9486246523649796
electron,5,73,0,11,2.0003589062043625,-1.215973017943392,0.0874886644378746,-0.0004499192605929555,0.03696839511394501,-0.005682651419192553,-2.3615376825234513,0.0005189421280776957,10.75104663623646,-9.707399580203008,586.4989624023438,462,1.2694782735981467
electron,5,74,0,11,2.000358946093802,-1.199887937267102,0.08748866269325084,-0.0004499192516210522,-0.010901650413870811,-0.009948045946657658,0.9887873723877227,0.0007375513579958026,-0.13924330396420656,0.13943746129226472,451.72821044921875,458,0.986306136352006
electron,5,75,0,11,2.0003589371913115,-0.6590544575421363,0.08748866308261444,-0.00044991925362339373,0.023983726277947426,0.0025889817625284195,-1.7118459971398048,0.00020873110960434316,8.121517565368212,-7.511472043904774,799.7015991210938,462,1.7309558422534497
electron,5,76,0,11,2.0003588962751344,1.867483045735601,0.08748866487214413,-0.0004499192628262302,0.009003224782645702,0.005593004170805216,-0.09348598981251399,-0.00042873490521755375,0.8405908105690024,-0.8335837818999552,562.0911254882812,458,1.2272731997560726
electron,5,77,0,11,2.000358935847414,-1.4480711184669148,0.08748866314139178,-0.00044991925392566214,0.002200763439759612,-0.0010738630080595613,-0.007752306400599096,3.155624423215042e-05,0.11139807389788509,-0.1112741166751613,410.6742858886719,458,0.8966687464818163
electron,5,78,0,11,2.0003589498455994,-1.7246999845812785,0.0874886625291604,-0.00044991925077720067,-0.011797481216490269,0.009037772193551064,0.4285679171549539,-0.0007213317634362226,0.09064725339506624,-0.09056515856629993,461.36602783203125,460,1.002969625721807
electron,5,79,0,11,2.000358936390871,1.8016462013897339,0.08748866311762289,-0.0004499192538034282,0.0037982147186994553,-1.2471085028664675e-05,-0.06422259182126133,7.190861251397951e-05,-0.06207892141194363,0.062117483275563455,433.26702880859375,462,0.9378074216636229
electron,5,80,0,11,2.0003588968504635,-2.7495002675615416,0.08748866484698126,-0.00044991926269682763,0.002549662021920085,0.010139100253582,0.11300330983265994,-0.0008241669946558172,1.166178832759593,-1.1527358710339708,535.3675537109375,462,1.158804228811553
electron,5,81,0,11,2.0003589043123244,2.5451130506808495,0.0874886645206257,-0.0004499192610185113,-0.009495245292782784,0.016151675954461098,0.31975533416517266,-0.0009574575551792308,-0.03128961444686101,0.03129940791092157,520.8789672851562,460,1.1323455810546874
electron,5,82,0,11,2.0003589121690943,2.526794442416814,0.08748866417699822,-0.0004499192592513724,-0.001405410817824304,-0.005770927760750055,0.8196742518871147,-0.00010800906711586067,-0.09351144043474245,0.09359896617623603,462.5542907714844,460,1.005552806024966
electron,5,83,0,11,2.00035898186055,-1.4172038770327984,0.08748866112893913,-0.0004499192435764218,0.015099607408046722,0.010304954834282398,-1.1958145489276983,-0.0004541301912674711,0.0903318900478753,-0.09025036518722197,450.5171813964844,460,0.979385176948879
electron,5,84,0,11,2.0003589843222187,-2.4608647266712067,0.08748866102127441,-0.00044991924302274517,-0.00013530408614315093,0.014640925452113152,-0.004824033749351031,-0.0004722126427114809,0.3692679095144046,-0.36790933839162415,544.1961059570312,460,1.183035012950068
electron,5,85,0,11,2.000358975012981,0.18290174624623076,0.0874886614284277,-0.00044991924511657196,0.004796922672539949,-0.0017016807105392218,-0.11987111271635764,0.00030959127333163305,-0.12851032228471004,0.1286756838206914,447.3730163574219,460,0.9725500355596127
electron,5,86,0,11,2.0003589657223086,-0.02906698897602076,0.08748866183476901,-0.000449919247206223,-0.0076073454692959785,0.010245979763567448,0.7321105909537731,-0.0004520372839496162,0.9017880118752247,-0.8937284756233399,478.323486328125,460,1.0398336659307066
electron,5,87,0,11,2.0003590003413536,0.2194236691597936,0.08748866032065383,-0.00044991923941973335,8.515976905822754,-0.38605642318725586,-70.6991727952001,0.001141844585523688,66.94688386824444,-40.10070887042093,445.1378173828125,446,0.9980668551184136
electron,5,88,0,11,2.0003589049020545,-1.1533243537892675,0.08748866449483297,-0.00044991926088586967,0.00738460524007678,-0.013813519850373268,-1.1099695215845973,0.0010668354164753147,0.46475455644504043,-0.4626045805784863,472.1729431152344,460,1.026462919815727
electron,5,89,0,11,2.0003589251108354,-2.502739841952008,0.08748866361097198,-0.0004499192563405255,-0.009489712305366993,-0.000372424692614004,0.13297320811167523,-0.00010414910034041436,-0.05696276022421514,0.056995226278307755,459.5713806152344,462,0.9947432480849229
electron,5,90,0,11,2.000358910197082,0.2857316480040252,0.0874886642632471,-0.0004499192596949159,0.0032380810007452965,0.010969884693622589,-0.2531752943694121,-0.0005827154455171485,-0.21719914068329896,0.2176719222278815,460.7891845703125,460,1.001715618631114
electron,5,91,0,11,2.000358927598177,1.0059337627151097,0.08748866350218441,-0.0004499192557810745,-0.007413939572870731,0.0057606385089457035,0.5680311462794574,-0.000393387980906032,0.17640141194633924,-0.17609078531473807,506.9459533691406,462,1.0972856133531181
electron,5,92,0,11,2.000358996226587,-0.3088521891975607,0.08748866050061925,-0.0004499192403452236,0.0050215027295053005,0.0033282628282904625,-0.16520081518039964,0.00019343764963404564,0.2755244138491446,-0.2747673626836569,502.5402526855469,460,1.0924788101859715
electron,5,93,0,11,2.000359025318178,-1.5642484463023039,0.08748865922825547,-0.00044991923380196484,0.015973562374711037,0.0013474221341311932,-0.7152520848421329,-7.991542952270891e-05,-0.03632266798047847,0.03633586613650782,422.2153625488281,460,0.9178594838018003
electron,5,94,0,11,2.000358913819826,-2.4897200822081036,0.08748866410480102,-0.00044991925888009104,-0.003558861557394266,-0.002205261727795005,0.4358052458233175,0.00021422861589828757,-0.08491448423699392,0.08498665021269362,433.0022277832031,460,0.9413091908330503
electron,5,95,0,11,2.0003589976792857,-2.4327291056765388,0.08748866043708331,-0.00044991924001848367,0.0024453981313854456,0.003779801307246089,-0.05473641025321996,-9.983949086672661e-05,-0.2466466713932231,0.24725652137299475,490.70172119140625,458,1.0714011379725028
electron,5,96,0,11,2.0003588858346473,0.938729591691714,0.08748866532877433,-0.00044991926517449696,0.006115518976002932,0.014909244142472744,-0.26447328351086874,-0.0009232154949044002,-0.06605321575633195,0.0660968748677086,470.73858642578125,460,1.0233447530995246
electron,5,97,0,11,2.000358915196803,1.5509643074237507,0.08748866404457688,-0.00044991925857038235,-0.005338841583579779,0.002313731238245964,0.7566694057781209,5.174641446471784e-05,-0.06674389748361945,0.0667884747147117,438.5215759277344,460,0.9533077737559443
electron,5,98,0,11,2.0003589170464324,0.9768764927859593,0.0874886639636806,-0.0004499192581543651,0.006740420591086149,0.008395162411034107,-0.14900712922105708,-0.0006243862432292469,0.3357955911928797,-0.334671778116994,531.9630126953125,460,1.1564413319463316
electron,5,99,0,11,2.0003589963447355,0.15763562097985412,0.08748866049545184,-0.0004499192403186497,0.003621186362579465,-0.0054399105720222,0.008978696278083564,-0.00017772791879550054,-0.1161088000242984,0.11624376926991195,422.70391845703125,460,0.9189215618631114
electron,6,0,0,11,2.0003589625172844,-1.2475596910816964,0.0874886619749455,-0.00044991924792709467,-0.005453168880194426,-0.002944486914202571,0.3713613850411246,0.00037596049877124116,-0.078229906794249,0.07829115389097266,473.1910705566406,462,1.024223096442945
electron,6,1,0,11,2.0003589417869674,-1.0633475246110795,0.08748866288161662,-0.0004499192525897422,0.005838222801685333,-0.0070308600552380085,-0.21391490308064753,0.00025028319859120296,0.14031336454190274,-0.1401167619988641,435.990478515625,460,0.9478053880774456
electron,6,2,0,11,2.0003589095250676,0.7026968893039367,0.08748866429263864,-0.0004499192598460649,-0.008617671206593513,-0.011065144091844559,0.6975236904480653,0.0005342010623761578,0.031424484179208345,-0.03141461229933818,474.6763000488281,460,1.031905000106148
electron,6,3,0,11,2.0003589448681094,2.6648830413690616,0.0874886627468583,-0.000449919251896734,-0.00011087154416600242,-0.0011430818121880293,-0.23379324589267725,8.91049232962654e-05,-0.04326758046088877,0.04328630939964516,416.22320556640625,460,0.9048330555791441
electron,6,4,0,11,2.000358918496301,-2.253692646748926,0.08748866390026844,-0.0004499192578282617,0.0001610214967513457,0.005818785168230534,0.20458293667013905,-5.727033652103142e-05,0.3639344155446837,-0.3626147357255454,457.4795837402344,460,0.9945208342179008
electron,6,5,0,11,2.000358973032094,1.7103383999921749,0.08748866151506474,-0.00044991924556211157,0.0028321193531155586,0.0018295163754373789,-0.11019526500199994,-0.00045959185297062,-0.13707495179808185,0.13726310513328405,541.5874633789062,460,1.1773640508237093
electron,6,6,0,11,2.0003590217238143,0.9134387409179806,0.0874886593854603,-0.0004499192346104065,0.000928556255530566,0.005174881778657436,-0.016096779644425574,-0.0003363720214542565,-0.034226995647608414,0.034238714530941274,465.8303527832031,462,1.00829080689005
electron,6,7,0,11,2.0003589071642067,-1.3706432857152233,0.0874886643958944,-0.000449919260377068,-0.0032610369380563498,0.00832748506218195,0.251440012098314,-0.0001811963392156224,0.09417701623444967,-0.09408840658050747,438.6709899902344,458,0.9577969213760575
electron,6,8,0,11,2.0003589607758965,2.068465242548387,0.08748866205110767,-0.00044991924831876633,62.078125,1.7913520336151123,-504.8266746238874,0.002504576397989011,532.357534190148,-84.18616137339635,43.65449523925781,50,0.8730899047851562
electron,6,9,0,11,2.000358896859313,-3.070569263476417,0.08748866484659422,-0.0004499192626948372,0.006634199060499668,-0.010277641005814075,-0.10682485671287267,0.00038613512021791474,1.4752652276314016,-1.4538175626563332,438.97552490234375,462,0.9501634738145969
electron,6,10,0,11,2.000358997593701,-1.508679842934667,0.0874886604408265,-0.00044991924003773336,0.011863050051033497,0.0031823122408241034,-1.3809442662606752,-0.00010890685119636923,0.05917952021748729,-0.05914451877504551,459.55963134765625,460,0.999042676842731
electron,6,11,0,11,2.0003589482717965,0.6620044648925273,0.08748866259799301,-0.00044991925113117923,0.0019277759129181504,-0.007035793270915747,-0.16676786341351946,0.0003233960296124272,0.39063861486017476,-0.38911856747801193,518.2426147460938,460,1.1266143798828125
electron,6,12,0,11,2.000358934455939,-0.6065317220296996,0.08748866320225,-0.0004499192542386316,0.0008626746130175889,-0.0035863593220710754,0.12258954907828912,0.0002413049283385288,0.006107322902124226,-0.006106949930979215,467.3288879394531,460,1.0159323650857677
electron,6,13,0,11,2.000358939786175,-1.7226840179618605,0.08748866296912425,-0.0004499192530397589,-0.0009655968751758337,0.0024902932345867157,0.15496427381123112,7.206522320515885e-05,-0.134631451005218,0.1348129516381569,422.73870849609375,460,0.9189971923828125
electron,6,14,0,11,2.000358985398355,-1.4954732289178012,0.08748866097420799,-0.0004499192427807013,0.004955981392413378,0.008768914267420769,-0.3530154364468352,-0.00042730049580680385,0.05384871890760058,-0.05381973766834263,446.4843444824219,462,0.9664163300485322
electron,6,15,0,11,2.0003589400674,2.9414602144830657,0.08748866295682446,-0.0004499192529765061,-0.007763501722365618,0.013208499178290367,0.16323484249580744,-0.000570368527045409,0.02646453501163918,-0.026457533148520538,413.49993896484375,460,0.8989129107931386
electron,6,16,0,11,2.0003589875589274,2.095233125933898,0.08748866087971216,-0.00044991924229474705,0.009109879843890667,-6.8807574280072e-05,-0.8699133484486588,-0.0002060107070017414,2.262592126423027,-2.21253156151751,462.80255126953125,460,1.0060925027598506
electron,6,17,0,11,2.0003589683637824,0.11660313925893022,0.08748866171924025,-0.0004499192466121047,-0.007397177163511515,0.006610996555536985,0.115346692493426,-0.0004886940249577143,-0.10091527093883507,0.10101721273275832,455.26568603515625,460,0.9897080131199049
electron,6,18,0,11,2.0003589406978146,-2.564957429051845,0.08748866292925234,-0.00044991925283471363,0.007258640602231026,0.010331641882658005,-0.10628592923422886,-0.0010051620313679677,-0.12642912101914586,0.12658916658976962,556.6582641601562,460,1.210126661217731
electron,6,19,0,11,2.0003590020317548,-1.8769928833032705,0.08748866024672164,-0.0004499192390395296,0.021450256928801537,-0.017083996906876564,-1.609979054822741,0.0007958918505989176,14.117417078844452,-12.370957422818853,2817.286865234375,460,6.124536663552989
electron,6,20,0,11,2.0003589838689995,-0.4823223541299755,0.08748866104109662,-0.0004499192431246829,0.0018137358129024506,-0.00404029106721282,-0.18281836109812488,0.00023308164851290614,-0.12503619964527743,0.1251927358844476,501.9617919921875,460,1.0912212869395381
electron,6,21,0,11,2.000358943649636,-1.8342298291683823,0.08748866280015005,-0.00044991925217079213,0.012182333506643772,-0.001635463093407452,-0.36597027772367063,5.18370658587064e-05,2.8295824997813006,-2.751720303626939,475.6346130371094,462,1.0295121494309727
electron,6,22,0,11,2.000358939332532,1.5194281918530292,0.08748866298896499,-0.000449919253141792,-0.002918634098023176,-0.014021242037415504,-0.1423937802143005,0.0009358408142881858,-0.08632338184893207,0.08639796349286025,421.7517395019531,460,0.9168516076129416
electron,6,23,0,11,2.0003589201840675,1.8468600535007265,0.08748866382645147,-0.0004499192574486505,-0.005124386865645647,-0.00030133663676679134,0.40924314539170226,0.00022997197104913936,0.6831249741336702,-0.6784900392286982,531.6776123046875,460,1.155820896314538
electron,6,24,0,11,2.0003589452760715,-2.793590612483971,0.08748866272901548,-0.0004499192518049755,0.007926195859909058,-0.0104108527302742,-0.5654620399546673,0.0006265227701758025,0.01174208292425741,-0.011740704321017712,474.1035461425781,460,1.0306598829186482
electron,6,25,0,11,2.0003590082274503,-0.10287445473525418,0.08748865997574373,-0.00044991923764599843,0.011641367338597775,0.0057935770601034164,-0.26927453425036607,-0.00040041035196825003,0.07358579986816624,-0.07353169098519712,436.83953857421875,460,0.949651170813519
electron,6,26,0,11,2.0003589103411072,2.824916603456975,0.08748866425694794,-0.0004499192596625219,-0.0016971456352621317,0.003936964552849531,0.012395490168515266,-0.0005899574035582028,-0.014231407928414251,0.014233433546407439,479.9026184082031,458,1.0478223109349414
electron,6,27,0,11,2.000358993602625,0.5944269178358383,0.0874886606153821,-0.00044991924093540315,0.011654753237962723,-0.0014004111289978027,-0.6239889112777952,-2.0736854967978724e-05,0.003587495162903464,-0.0035873664663063683,489.4279479980469,460,1.0639737999957541
electron,6,28,0,11,2.0003589276194362,-3.0637393823792305,0.0874886635012546,-0.00044991925577629285,0.024715589359402657,0.006357561331242323,-4.46454370719529,-0.0002255711026111079,87.80454964969977,-46.75315364482712,463.14404296875,460,1.0068348760190218
electron,6,29,0,11,2.000358923789528,-2.057689921536921,0.08748866366876132,-0.000449919256637713,0.011566444300115108,0.00808979757130146,-0.8365944237724854,-0.0013457511617041285,-0.04007310654008897,0.040089171516499315,463.3076171875,460,1.007190472146739
electron,6,30,0,11,2.000358901195132,1.5959748090490193,0.08748866465696073,-0.0004499192617196279,-0.0050757164135575294,-0.008550046011805534,0.47432768498945066,0.00015358033767962076,0.0061574094864622194,-0.0061570303728831315,387.88128662109375,462,0.8395698844612419
electron,6,31,0,11,2.0003589297891504,-3.0637891898945036,0.08748866340635893,-0.00044991925528828233,0.026113096624612808,0.005726242903620005,-1.3498653575716446,-0.00028986206768628897,14.468597517171496,-12.639796268143371,1919.6861572265625,458,4.1914544917610534
electron,6,32,0,11,2.000358965399486,-0.20682337586071445,0.08748866184888814,-0.000449919247278832,-0.007928868755698204,0.004473321605473757,0.6194830336804513,-0.0003019080990407236,-0.0817940047791966,0.08186096213847421,542.1077270507812,460,1.178495058806046
electron,6,33,0,11,2.0003589332361,2.2534042876103584,0.08748866325560149,-0.000449919254512997,-0.005193972960114479,0.002904496155679226,0.4881341120537286,-0.00042524641695555754,0.004541841700326646,-0.004541635426440017,460.551513671875,460,1.0011989427649457
electron,6,34,0,11,2.000358981387355,1.6104835868796779,0.08748866114963502,-0.00044991924368285256,0.021728865802288055,0.008012925274670124,-1.0088087043238492,-0.00032645706285447385,4.939926191372881,-4.707384854039465,702.0260620117188,460,1.5261436130689539
electron,6,35,0,11,2.0003589130917008,-1.526679771845487,0.08748866413664665,-0.00044991925904386043,-0.019701378419995308,0.0027820542454719543,0.8082565714391254,-0.00035308097433890684,-0.0867257505907678,0.08680102943506272,466.44586181640625,460,1.0140127430791441
electron,6,36,0,11,2.000358966234476,2.080811237916162,0.08748866181236863,-0.00044991924709102674,0.011643617413938046,-0.0054737296886742115,-0.8973833171630474,0.00014897127288222844,-0.0068090397021478375,0.006809503363927165,492.2189025878906,460,1.070041092582371
electron,6,37,0,11,2.0003589078994675,-1.1675735854747376,0.08748866436373667,-0.00044991926021169373,85.307861328125,0.3041621148586273,-297.81697753643186,0.002072775686865286,126.57956621324432,-55.865393481296785,426.4106750488281,442,0.9647300340471224
electron,6,38,0,11,2.000358953958287,-0.6214311295899443,0.08748866234928593,-0.000449919249852178,0.005126593168824911,0.0002144578320439905,-0.31880794438798876,3.527952132376111e-06,1.204010553675756,-1.1896866014387633,569.447509765625,460,1.2379293690557065
electron,6,39,0,11,2.000358996763557,2.541806161141201,0.08748866047713406,-0.0004499192402244487,0.005080341827124357,-0.008887970820069313,-0.7073280570946139,0.000457888580826446,0.04413980051046128,-0.04412032588662133,471.3089904785156,460,1.0245847619098165
electron,6,40,0,11,2.000358920811779,0.40108017029692494,0.08748866379899757,-0.00044991925730746604,0.004527136217802763,-0.007852602750062943,-0.06310048033558724,0.0003592246706984742,-0.02670896547202434,0.0267161010662409,480.6943054199219,460,1.044987620478091
electron,6,41,0,11,2.0003589132498205,-1.53825691032397,0.08748866412973105,-0.0004499192590082962,0.0036213845014572144,-0.002259322674944997,-0.5277128220870786,0.00015510823393166673,-0.15404528003199794,0.15428294562762687,461.1581115722656,460,1.0025176338527513
electron,6,42,0,11,2.000358953714302,-2.5432053419083958,0.08748866235995696,-0.0004499192499070549,-0.006809141952544451,-0.0028770496137440205,0.5765768021945838,1.944983219696883e-05,0.021710738607808613,-0.02170602606922265,471.1203308105469,460,1.024174632196841
electron,6,43,0,11,2.0003589413874185,1.2570833818109652,0.08748866289909148,-0.0004499192526796084,-0.001965424744412303,-0.010737806558609009,0.14511187952548354,0.000568966864988571,-0.05665791910994983,0.056690038506113614,424.54345703125,460,0.9229205587635869
electron,6,44,0,11,2.000358954776248,-1.0055671322702409,0.08748866231351118,-0.0004499192496682028,0.011970031075179577,-0.004824463278055191,-0.696123802757187,0.0004156196007229773,0.02723504327633757,-0.027227627820120535,483.7983093261719,460,1.0517354550568954
electron,6,45,0,11,2.000358890132127,-0.9725273478222491,0.08748866514081768,-0.000449919264207911,0.008336925879120827,0.0002287743700435385,-0.6003749179241957,-2.5330938051265628e-05,-0.12344311621307553,0.12359568658009766,524.690673828125,460,1.1406318996263587
electron,6,46,0,11,2.0003590020840636,1.2460624218300544,0.08748866024443383,-0.00044991923902776434,38.22246551513672,1.334690809249878,-135.8053922966682,-0.0019092873019861678,58.165587848470885,-36.77512197166168,438.755126953125,442,0.9926586582649887
electron,6,47,0,11,2.000358986620298,-0.4036754886005437,0.0874886609207645,-0.00044991924250586284,-0.014772436581552029,-6.183982463880966e-07,0.7296422813450887,0.00013226051220745216,-0.007636011544037668,0.007636594675280508,422.13385009765625,460,0.9176822828209918
electron,6,48,0,11,2.0003589943855062,1.4093242569526003,0.08748866058114163,-0.0004499192407593181,-0.002337573328986764,-3.220847429474816e-05,-0.19010740120872782,0.00018723868605502458,0.02070365835475236,-0.020699372827325216,418.37750244140625,456,0.9174945228978207
electron,6,49,0,11,2.000358979512872,1.5219770880121655,0.0874886612316183,-0.0004499192441044598,-0.003916348330676556,-0.004475162364542484,0.17235561423833978,0.0005686854103990613,0.0403547606918539,-0.040338482193893556,466.4234924316406,458,1.0183919048725778
electron,6,50,0,11,2.0003589542071185,1.697622013540228,0.08748866233840291,-0.000449919249796211,0.0006152538699097931,0.0027831466868519783,-0.24278208728611972,-0.0003759748102695193,0.21282140530436916,-0.21236943768265976,486.77886962890625,462,1.0536339169456845
electron,6,51,0,11,2.0003589739729466,1.1959166821666667,0.08748866147391514,-0.0004499192453504957,0.05112304538488388,0.016580501571297646,-3.64080039939374,-0.0012409863530846027,23.575438812349272,-19.07777066294609,4729.89453125,462,10.237866950757576
electron,6,52,0,11,2.00035890917408,2.035441971028222,0.08748866430798961,-0.00044991925992500883,0.003919432871043682,0.004322567488998175,-0.28762837685469833,-0.00014108977595760075,0.0598478399785335,-0.059812043762291815,529.55322265625,460,1.1512026579483696
electron,6,53,1,11,2.0003589853695343,2.9337929341173776,0.08748866097546851,-0.0004499192427871837,203.71749877929688,6.812924861907959,-361.6741749621042,0.0009413711585875839,91.84949751900157,-47.875808228220365,362.3107604980469,302,1.19970450496042
electron,6,54,0,11,2.000358978330704,-1.5565478329974445,0.08748866128332218,-0.0004499192443703522,0.01192077063024044,0.010391229763627052,-0.8733744305340352,-0.0004221673548897159,2.6584489181357602,-2.5896055766980504,430.06146240234375,456,0.9431172421104029
electron,6,55,0,11,2.0003589449822083,0.6896962566679267,0.08748866274186802,-0.00044991925187107094,-0.0032294245902448893,0.005448255687952042,0.19806191270077544,-0.00048441841432285415,-0.13417838409642296,0.13435866438119154,453.3165283203125,460,0.9854707137398098
electron,6,56,0,11,2.0003589197130336,1.1235821228545688,0.08748866384705284,-0.0004499192575545951,0.0017317786114290357,-0.0026834970340132713,-0.05161576686130154,0.0004372322014929986,-0.0023026962567415537,0.0023027492820569383,439.3851318359375,458,0.9593561830478985
electron,6,57,0,11,2.0003589167559044,0.802331886357042,0.08748866397638727,-0.00044991925821971044,-0.002569553442299366,-0.0021450482308864594,-0.006697243425057842,0.00031611543397497277,-0.0047415358889028175,0.00474176072118467,470.8882141113281,460,1.0236700306768003
electron,6,58,0,11,2.0003589239198702,0.15577807165484633,0.0874886636630606,-0.0004499192566083965,-0.0029506776481866837,-0.004367245361208916,0.21707378525528953,-2.462910571807142e-05,0.1555203333714997,-0.1552788431969033,420.8800964355469,460,0.9149567313816236
electron,6,59,0,11,2.0003589463553024,0.17399147213036198,0.08748866268181371,-0.0004499192515622357,0.0026632847730070353,-0.003114053513854742,0.01929640239101138,0.00029814592814875196,1.2102330378560247,-1.1957615366850955,479.037353515625,458,1.045933086278657
electron,6,60,0,11,2.0003589186354684,-2.6600073287226174,0.08748866389418175,-0.0004499192577969603,0.009864338673651218,0.002150864340364933,-0.5549481175926019,4.1077333445049824e-05,-0.14990505694987194,0.1501301095761162,432.7989807128906,460,0.9408673493758491
electron,6,61,0,11,2.000359002231985,2.0175435104562593,0.08748866023796428,-0.000449919238994494,-0.005970472935587168,0.012370353564620018,-0.020698566610910518,-0.0015117988206707345,0.1072290983978908,-0.10711424076326444,440.40179443359375,460,0.9573952052904212
electron,6,62,0,11,2.0003589739115424,1.8300963781816544,0.08748866147660074,-0.0004499192453643067,0.05035046115517616,0.003277149982750416,-3.7896774751724482,-0.00028653717898187436,31.079675360951644,-23.71052207397381,560.00732421875,370,1.5135333086993243
electron,6,63,0,11,2.000358943843496,0.12557520515235748,0.08748866279167129,-0.00044991925212718926,-0.004197654314339161,-0.010421250015497208,0.14218145099792467,0.00034619461256073236,0.006444163512501782,-0.006443748266826913,490.36260986328125,462,1.0613909304400027
electron,6,64,0,11,2.0003590196722523,-2.1075251946813354,0.08748865947518839,-0.00044991923507184227,0.005085837095975876,0.0011504695285111666,-1.2992968195191246,1.9289514015807807e-06,31.175621804449282,-23.76632286975128,506.2756042480469,464,1.0911112160518253
electron,6,65,0,11,2.000358976865693,-2.2564913375690328,0.08748866134739659,-0.0004499192446998613,-0.007814460434019566,-0.010057267732918262,0.3437145068989622,0.0009012941136286451,0.009770715296552039,-0.009769760721035838,428.7771301269531,462,0.9280890262488163
electron,6,66,0,11,2.000358965725759,-1.4262122679694207,0.08748866183461809,-0.00044991924720544694,0.029232066124677658,-0.00967394094914198,-2.201480771729214,0.000761304667571544,12.294683664324248,-10.948589250294354,928.0321044921875,456,2.0351581238863763
electron,6,67,0,11,2.0003589180625214,-1.8699589142908466,0.08748866391924044,-0.0004499192579258271,0.012395862489938736,-0.007706200238317251,-0.4835953603374854,0.0005384929701981872,-0.1365213896627783,0.13670802535878815,478.9377746582031,460,1.0411690753439198
electron,6,68,0,11,2.0003589352648614,0.44092436533372364,0.0874886631668706,-0.00044991925405668944,0.014976331032812595,0.0029821235220879316,-0.7893631974931758,-7.783320557069873e-05,1.9220264626650099,-1.8857812480495213,409.16748046875,460,0.8894945227581522
electron,6,69,0,11,2.000358979983071,3.0752247651194646,0.08748866121105345,-0.000449919243998703,-0.001623177551664412,-0.004713914822787046,0.30314129838204806,0.0004499380774101447,0.002480670219482648,-0.0024806086837622144,457.7043762207031,460,0.9950095135232676
electron,6,70,0,11,2.0003589946637588,2.7138266232361414,0.08748866056897185,-0.0004499192406967337,-0.0030312933959066868,0.009259162470698357,-0.3146794190027613,-0.0008424464414312632,0.07623081092796989,-0.07617274382763917,489.0599060058594,456,1.0724997938724987
electron,6,71,0,11,2.00035894521691,-3.092355463573969,0.087488662731603,-0.00044991925181828206,0.0010089805582538247,0.0005906603764742613,0.1330114102726654,-8.479161258062584e-05,-0.01783918737011445,0.017842370303974363,469.7311706542969,458,1.025613909725539
electron,6,72,0,11,2.000358956657307,-2.089872426672918,0.08748866223124029,-0.0004499192492451164,0.0009605901432223618,-0.0026097639929503202,-0.2915194788153386,0.00030312336656092287,0.0379731439112485,-0.037958729788158514,462.81402587890625,460,1.0061174475628396
electron,6,73,0,11,2.000358989772773,1.4228866447961785,0.08748866078288635,-0.00044991924179681056,0.0022914374712854624,0.010123017244040966,0.6758819067023136,-0.0009517913761862146,3.6907988869122903,-3.5594275736437933,519.1842041015625,460,1.1286613132642662
electron,6,74,0,11,2.0003589250553837,2.4435085563376027,0.08748866361339723,-0.00044991925635299765,-0.0024773154873400927,0.0035267046187072992,0.46617701505846654,-0.00014443439205323594,0.5336534639170524,-0.5308207207535701,583.4444580078125,458,1.273896196523608
electron,6,75,0,11,2.0003589812231657,0.0316829179054345,0.08748866115681608,-0.00044991924371978184,0.024411575868725777,-0.004225608427077532,-1.3621077513541122,0.00028801466353456373,9.850546022577701,-8.967225361404312,668.3543701171875,460,1.4529442828634511
electron,6,76,0,11,2.000359009038881,3.0616758519688267,0.0874886599402546,-0.000449919237463492,0.0023206353653222322,0.0029831102583557367,-0.09137931257674481,0.00024232891987570337,-0.1558711349232298,0.15611447232302922,511.5859680175781,460,1.1121434087338655
electron,6,77,0,11,2.0003589479365087,-2.1884393139400156,0.08748866261265732,-0.0004499192512065919,230.37646484375,12.326568603515625,-738.5368899784414,-0.0013943651439950605,454.30945524414216,-81.95953558902299,157.17332458496094,154,1.0206060037984477
electron,6,78,0,11,2.000358944867214,1.23523351860685,0.08748866274689747,-0.0004499192518969354,0.01142799761146307,0.003072011284530163,-0.9107322756731762,-0.00041831686829639503,-0.06711112990059981,0.06715619918466413,451.75640869140625,460,0.982079149329144
electron,6,79,0,11,2.0003588631076337,-1.573967277860844,0.08748866632277402,-0.0004499192702862404,-0.0038622457068413496,0.0051110791973769665,0.2611278059123645,-0.00010406240517529808,-0.05194616365812165,0.051973161721759836,428.8890380859375,458,0.9364389477858898
electron,6,80,0,11,2.0003589579118066,0.2171275656629288,0.08748866217637288,-0.0004499192489629553,0.004052214790135622,0.0026877245400100946,-0.3441315103256404,-0.00030663954520451786,0.04712638695641018,-0.04710418845428582,513.183837890625,462,1.1107875279017858
electron,6,81,0,11,2.0003589202143384,-0.24516391563586357,0.08748866382512753,-0.000449919257441842,0.0030514593236148357,-0.00021520679001696408,-0.1720805151068927,0.00028771397199924,1.8273889287619083,-1.7945947038280132,571.896484375,460,1.2432532269021739
electron,6,82,0,11,2.0003589518859948,2.0255216538200664,0.08748866243992069,-0.00044991925031827643,0.00031819575815461576,-0.0035170442424714565,-0.31747214892385855,-0.00011955572996356911,-0.13622214188336443,0.13640795972780062,442.6786804199219,458,0.9665473371614015
electron,6,83,0,11,2.0003589770326875,0.8217826334682231,0.08748866134009284,-0.00044991924466230107,0.006566887255758047,-0.005286721978336573,-0.48391501576949825,0.0006229776827343103,-0.19082300360000515,0.19118783396730674,451.25921630859375,458,0.9852821316781523
electron,6,84,0,11,2.000358945447441,2.093597292367241,0.08748866272152038,-0.0004499192517664312,0.007845238782465458,-0.002796927699819207,-0.45525974394999835,0.0005836744886579953,-0.0903595318825541,0.09044125417645076,526.9136962890625,462,1.1405058361235119
electron,6,85,0,11,2.0003589408214717,2.922658086230718,0.08748866292384401,-0.00044991925280690075,0.005500275641679764,-0.0022005082573741674,-0.3217462801563542,-0.00024249079373613036,-0.12224387978624833,0.12239349834722969,444.1079406738281,460,0.9654520449431047
electron,6,86,0,11,2.000358922109816,-0.18048280853867196,0.08748866374222601,-0.00044991925701551256,-0.004976477473974228,-0.0011017482029274106,0.14944750904702375,0.00020478164227639983,0.029458635223182417,-0.029449959666983862,476.9638977050781,460,1.0368780384893004
electron,6,87,0,11,2.0003588980356217,2.929088376566785,0.08748866479514661,-0.0004499192624302627,0.010682760737836361,0.0005368331330828369,-1.2352691143924233,0.00011754919172701772,13.549642299442821,-11.932791706829809,456.1283874511719,458,0.9959135097187158
electron,6,88,0,11,2.0003589124609196,3.1131630759505966,0.0874886641642348,-0.0004499192591857353,0.0022538190241903067,-0.0018728096038103104,0.046410057093826396,-0.0001189092537657449,0.3175084070248623,-0.31650348186143346,443.8358459472656,460,0.9648605346679687
electron,6,89,0,11,2.0003589414866347,-1.1580633576760502,0.08748866289475211,-0.0004499192526572928,-0.004626891575753689,0.0004292289086151868,0.17792543270300776,1.0225478622824524e-05,0.057973539486384146,-0.05793994964679979,460.2325439453125,460,1.0005055303158967
electron,6,90,0,11,2.0003589783886575,3.0563387529373864,0.08748866128078749,-0.00044991924435731727,0.007596041541546583,-0.006745644845068455,-0.3943101883630007,0.0005682085240716755,2.798909811028148,-2.722703787591994,472.91766357421875,458,1.0325713178476392
electron,6,91,0,11,2.00035891779866,-0.29457150231967916,0.08748866393078081,-0.0004499192579851746,-0.01269067358225584,0.008757800795137882,0.3653896964644354,-0.0006209291409324802,0.08939072624802588,-0.08931089059430307,517.4956665039062,462,1.1201204902681954
electron,6,92,0,11,2.000358956466191,-2.351670822473438,0.08748866223959903,-0.0004499192492881021,-0.0019462540512904525,0.009953041560947895,-0.0926643887444456,-0.0005148162808893131,0.10004657475527312,-0.09994658162377838,451.69219970703125,462,0.9776887439546131
electron,6,93,0,11,2.0003590076187745,1.7686131829311498,0.08748866000236506,-0.00044991923778290135,0.01283959299325943,-0.0008414846379309893,-0.9010666896946962,3.0628060684254055e-05,-0.0702194295049108,0.07026877183561134,417.6302490234375,458,0.9118564389158024
electron,6,94,0,11,2.0003589422549877,2.7322890634893175,0.08748866286114707,-0.0004499192524844754,-0.0005530660855583847,-0.002183939330279827,0.18597885382209967,-3.055151537909029e-05,0.14147775012171554,-0.14127787336505737,446.32928466796875,462,0.9660807027445211
electron,6,95,0,11,2.0003589229943164,-0.23075475988697128,0.08748866370354107,-0.0004499192568165714,0.012277309782803059,0.009624102152884007,-0.7126361339180043,-0.0002952789369623926,3.8560054755375965,-3.7128382300875695,527.3378295898438,460,1.1463865860648776
electron,6,96,0,11,2.000358944549133,2.798267076814494,0.08748866276080922,-0.00044991925196847794,0.0194421224296093,-0.0012327292934060097,-0.9352668169353429,0.00035652114813014557,4.3872597636123425,-4.202868983770054,570.0537719726562,460,1.2392473303753397
electron,6,97,0,11,2.000358901731993,-0.4748385853246161,0.08748866463348033,-0.00044991926159887756,-0.002200068673118949,6.787288293708116e-05,0.0376707986303737,-6.761247560145567e-05,0.4862821592185218,-0.48392889931783556,446.8868408203125,460,0.9714931322180707
electron,6,98,0,11,2.0003589771736583,0.9188350171467489,0.08748866133392728,-0.000449919244630594,0.01133746188133955,-0.007047074381262064,-0.3548592945760154,0.0002460453659208911,-0.1480779675519131,0.14829756356997834,546.057861328125,460,1.1870823072350543
electron,6,99,0,11,2.0003589422353807,-2.199106019860922,0.0874886628620046,-0.0004499192524888854,0.010151274502277374,0.0029912579338997602,-0.3063260253086675,-0.0003212284676450128,0.1448996801258691,-0.14469002474283513,425.934814453125,460,0.9259452488111413
electron,7,0,0,11,2.0003590090363113,1.2637241664624956,0.087488659940367,-0.00044991923746407007,-0.0046311235055327415,-0.01077248901128769,0.6295856737348338,0.0002500626224229141,0.3571080333629602,-0.35583730974416045,482.1673583984375,458,1.052767158075191
electron,7,1,0,11,2.0003589444037417,-2.1276567944893126,0.08748866276716812,-0.00044991925200117927,0.00047356481081806123,-0.0046232920140028,0.4068383583311075,0.000401910078767706,0.13123147075968902,-0.13105947947721008,423.18988037109375,462,0.9159954120586444
electron,7,2,0,11,2.000359015008405,-0.9087630260241008,0.08748865967916863,-0.0004499192361208312,-0.00956834014505148,-0.001586673897691071,1.1311519396280945,0.00011183226180655481,-0.11783500534381795,0.11797402003662717,471.6952209472656,460,1.025424393363621
electron,7,3,0,11,2.0003589293163193,3.113876136189853,0.0874886634270389,-0.00044991925539463113,4.12476902056369e-06,-0.0011598130222409964,0.15756284579149238,-2.356343667100913e-05,-0.04005989300367711,0.04007594738531207,414.01708984375,460,0.9000371518342392
electron,7,4,0,11,2.000358967415228,-1.0729499173603128,0.08748866176072669,-0.0004499192468254529,-0.0001312110252911225,0.003938509151339531,0.22927050209742283,-0.0004496455735356758,0.11219530124262264,-0.11206956445717085,455.8816833496094,464,0.9825036279086409
electron,7,5,0,11,2.0003589726738498,1.8646603744462784,0.08748866153073306,-0.0004499192456426876,-0.0002151884837076068,0.007146809715777636,0.019915775889556286,-0.0006096242101192029,0.07903064867342437,-0.07896823956145084,546.6676025390625,460,1.1884078316066575
electron,7,6,0,11,2.0003589174679752,-0.7769724819768596,0.0874886639452438,-0.000449919258059552,0.006260980386286974,0.0011710934340953827,-0.9403731714557884,-0.0005724109745482986,4.694294176916059,-4.483810902801907,513.494384765625,462,1.1114597072849026
electron,7,7,0,11,2.0003589168509306,0.5060148086533726,0.08748866397223116,-0.0004499192581983372,0.004826199263334274,-0.01574530266225338,-0.1680102334201683,0.001200715421823248,0.00027169472197025496,-0.00027169398377874514,446.92535400390625,462,0.9673708961123512
electron,7,8,0,11,2.0003589101761383,-1.75905314861463,0.0874886642641631,-0.00044991925969962656,-0.0017124672885984182,-0.0027353784535080194,-0.13645709826071162,0.00022060615352717527,0.024548311482849024,-0.02454228676584626,426.9202880859375,460,0.9280875827955163
electron,7,9,0,11,2.000358934560947,-2.8464807371267833,0.08748866319765733,-0.0004499192542150133,0.03378898277878761,-0.0009673197637312114,-2.129187189622961,2.2742151120441756e-05,14.304668537478157,-12.514509442619962,2154.95263671875,460,4.684679645040761
electron,7,10,0,11,2.000358898947045,2.6807726100678693,0.08748866475528415,-0.000449919262225266,0.0020027803257107735,5.8730802265927196e-05,-0.1722053284893832,-8.869774049456713e-05,0.04603023119647967,-0.04600905312294721,453.6265869140625,462,0.9818757292512176
electron,7,11,0,11,2.0003590061064274,-2.893469014421688,0.0874886600685098,-0.0004499192381230573,-0.020133458077907562,0.006758578587323427,1.2249138510092017,-0.00020654633760236463,-0.20995590489241428,0.21039764717641768,457.1974182128906,462,0.9896048013266031
electron,7,12,0,11,2.0003589680026117,-0.2476701104883554,0.08748866173503658,-0.00044991924669333895,76.2140884399414,1.022886872291565,-246.02041003662322,-0.0008396759915139385,97.08128555796613,-49.25951506918311,435.6456604003906,442,0.9856236660642321
electron,7,13,0,11,2.000359027407708,-0.6781269974656766,0.08748865913686679,-0.0004499192333319894,-0.0005299995536915958,0.0028907149098813534,-0.2900295309359313,-0.00019961636600421273,-0.048625990804446545,0.0486496471774012,420.8114929199219,460,0.9148075933041779
electron,7,14,0,11,2.000358970207813,0.6843640004464888,0.08748866163858883,-0.0004499192461973467,0.0385546050965786,-0.005276122130453587,-2.6480351754927245,0.0003622368656683722,13.906199966346795,-12.20846623840962,973.4664306640625,458,2.125472556035071
electron,7,15,0,11,2.0003589804537736,-1.4469876764426788,0.08748866119046658,-0.0004499192438928329,0.016600100323557854,-0.013456612825393677,-1.4464380134979749,0.0007984017525151377,-0.13506282220251264,0.13524548857629315,421.57659912109375,462,0.9125034613010687
electron,7,16,0,11,2.0003589693805166,-2.895080139025529,0.08748866167477187,-0.0004499192463834216,0.00992770865559578,-0.0034691705368459225,-0.7180673038167384,6.823691913071528e-05,0.22497681272923006,-0.22447180322086654,455.37255859375,462,0.9856548887310606
electron,7,17,0,11,2.0003588784605726,-0.8419940442086934,0.08748866565129043,-0.0004499192668330685,0.00135944620706141,-0.012825497426092625,-0.4944830892802399,0.0008897190580677838,-0.00601131118868069,0.006011672569024239,459.37786865234375,460,0.9986475405485734
electron,7,18,0,11,2.000358942228777,-2.273101155648411,0.08748866286229341,-0.0004499192524903707,-0.011867118999361992,-0.009727590717375278,0.6189988948710479,0.0004609185819700462,-0.01509661699184824,0.015098896414406784,554.806396484375,460,1.2061008619225544
electron,7,19,0,11,2.0003588973445754,0.7532680873994725,0.08748866482537054,-0.00044991926258569235,0.0016191285103559494,0.003102931659668684,0.007009017000902951,-0.00014489008944296167,-0.059247590996207807,0.05928271457645553,464.1546325683594,460,1.009031809931216
electron,7,20,0,11,2.000358967459363,2.8346418325340634,0.08748866175879635,-0.00044991924681552604,-0.012828887440264225,-0.0001607919402886182,0.647407349359419,0.00014117056856952082,-0.038427879926801904,0.038442652623195836,509.3920593261719,460,1.107374042013417
electron,7,21,0,11,2.0003588965923558,-0.5270523580052245,0.08748866485826998,-0.000449919262754881,0.35255157947540283,0.056508954614400864,-71.22157492858283,-0.004594674878049182,1608.0907731078735,-94.14551020505486,1.8859483003616333,6,0.3143247167269389
electron,7,22,0,11,2.0003589894170144,1.0418501065467594,0.08748866079844597,-0.0004499192418768275,0.007760385517030954,0.0022680298425257206,-0.3653929923770338,-7.461218632820454e-05,-0.19465184350475867,0.19503147586795105,407.892333984375,460,0.8867224651834239
electron,7,23,0,11,2.0003589497304537,-1.9033226123295952,0.08748866253419647,-0.0004499192508030991,0.020083561539649963,-0.00037982509820722044,-1.2409338511298884,-3.4440391500092926e-05,-0.034812774514987335,0.034824898028211836,504.0494079589844,458,1.1005445588624112
electron,7,24,0,11,2.0003589220105833,-1.6404359126973271,0.0874886637465661,-0.0004499192570378319,0.009827735833823681,0.006106523796916008,-0.47828903912305876,-0.0001366933719818969,-0.04845660283202875,0.048480094638951435,471.203369140625,464,1.0155245024582435
electron,7,25,0,11,2.0003589402403215,0.17095759819373452,0.08748866294926147,-0.00044991925293761265,-0.0023516276851296425,0.008693226613104343,0.08128275051749734,-0.0010025543481681776,-0.028706816167721624,0.02871505934701898,432.23004150390625,460,0.9396305250084919
electron,7,26,0,11,2.0003589155905757,2.8504669782716947,0.08748866402735465,-0.0004499192584818153,0.008549188263714314,-0.009740068577229977,-0.516903122158574,0.000544967416622702,-0.09265093530737971,0.09273685687265307,483.78619384765625,462,1.0471562637395158
electron,7,27,0,11,2.0003589726917483,-0.5193708373071543,0.08748866152995025,-0.0004499192456386618,0.03144422173500061,-0.0018231126014143229,-2.1271871564992884,0.00030179786450471036,20.981770254826504,-17.342918863422273,3944.821533203125,462,8.53857474719291
electron,7,28,0,11,2.0003589476238726,-2.09427327052888,0.08748866262633093,-0.00044991925127690983,-0.0006795413792133331,0.0006316566141322255,0.06693736847962484,0.0001430621485065675,-0.05598486494239388,0.056016225550616465,458.2267150878906,460,0.9961450327997622
electron,7,29,0,11,2.0003589651444926,-1.2019844210049477,0.08748866186004065,-0.00044991924733618497,0.005969133228063583,0.0016149644507095218,-0.967844734493184,-0.0006876619205989642,-0.08304894118124294,0.08311796977506473,454.9953918457031,460,0.9891204170558764
electron,7,30,0,11,2.000358996040824,-1.6299234941267589,0.08748866050874386,-0.0004499192403870053,-0.0006604169611819088,0.004994973540306091,-0.36784860853167345,-0.0008703637066999476,-0.17142248749800637,0.17171684879165847,400.63311767578125,460,0.8709415601647419
electron,7,31,0,11,2.0003590095939723,2.9384162341001874,0.08748865991597687,-0.0004499192373386414,0.0010436566080898046,0.003786467481404543,-0.33091648849303823,-0.00014997392659699127,0.5725991591962921,-0.5693391281356154,450.40362548828125,458,0.9834140294503957
electron,7,32,0,11,2.000358961182794,-1.9035387142562896,0.0874886620333114,-0.00044991924822724726,-0.0007477353792637587,0.0016952811274677515,0.18442710876764856,5.7954759367429e-05,-0.10306323088105224,0.10316956076366694,488.3271179199219,458,1.0662164146723185
electron,7,33,0,11,2.000358938466896,3.0528445991493993,0.08748866302682486,-0.0004499192533364902,0.005935212131589651,-0.0007665401208214462,-0.42302932518056835,0.0001479046254006383,-0.06427169973906105,0.064313034819679,453.55535888671875,460,0.9859899106233017
electron,7,34,0,11,2.0003589436522646,-2.55340841958883,0.08748866280003507,-0.0004499192521702009,0.001975411782041192,0.005824803840368986,0.06488511922553286,-0.00046097149535138937,-0.03980042947746605,0.03981627652653025,492.100830078125,460,1.0697844132133152
electron,7,35,0,11,2.0003589212811357,-2.5978399260849696,0.08748866377846957,-0.00044991925720189874,0.01191451121121645,-0.005014378111809492,-0.3892437606114463,0.0001258874080920097,-0.13922513661207211,0.13941924324394628,468.5358581542969,460,1.0185562133789063
electron,7,36,0,11,2.000358937532819,2.000959210217677,0.08748866306767812,-0.0004499192535465821,0.007162215653806925,-0.01019430160522461,-0.5615280277355694,0.00019000036491999273,2.89520046102808,-2.813737130649395,577.716552734375,458,1.261389853131823
electron,7,37,0,11,2.000359008130527,-2.85106246084039,0.08748865997998281,-0.0004499192376677984,-0.007700691930949688,-0.004481811076402664,0.0063619024017746995,0.00029348456652597554,0.12324584235902096,-0.12309413395672571,451.2615051269531,460,0.9810032720151155
electron,7,38,0,11,2.000359004738508,0.9154281158847557,0.0874886601283378,-0.00044991923843072873,-0.0017038845689967275,-0.0031793571542948484,-0.043584863637535776,-0.00012054434560006266,0.36810457172800815,-0.3667545315304167,480.35919189453125,462,1.0397385105942234
electron,7,39,0,11,2.0003589694197497,-0.5077659910622901,0.08748866167305595,-0.00044991924637459733,0.03190281242132187,0.007108807098120451,-1.8906766470604408,-0.000398392941938705,12.702559938434764,-11.270870817285514,778.71337890625,460,1.6928551715353262
electron,7,40,0,11,2.0003589526002252,0.7249081776812132,0.08748866240868276,-0.00044991925015763225,0.004815223161131144,0.00795707106590271,-0.4060314371641116,-0.00031259279141133967,-0.11832327241491854,0.11846344223639463,467.0282287597656,458,1.0197122898684838
electron,7,41,0,11,2.0003590587032516,-3.1301319896684445,0.08748865776810996,-0.0004499192262930196,0.21363306045532227,0.004670581314712763,-20.85951372391026,-0.00011292749200217389,216.4630163283287,-68.40073094157374,320.662841796875,312,1.0277655185797276
electron,7,42,0,11,2.000358937378147,-2.2071103314822107,0.08748866307444292,-0.0004499192535813708,-0.0012293177423998713,0.00043662250391207635,-0.0451345975012174,-0.0002294226259680343,1.584956666048531,-1.5602277325952285,491.63763427734375,460,1.0687774658203124
electron,7,43,0,11,2.0003589242802082,2.7534318448917174,0.08748866364730068,-0.00044991925652734956,-0.0024695300962775946,-0.0021882145665585995,0.22835713464974816,1.7988231056254023e-05,-0.07907921370016992,0.07914179841204855,438.0428466796875,460,0.9522670579993207
electron,7,44,0,11,2.0003589422616064,-1.3502416390598013,0.08748866286085757,-0.00044991925248298673,1.7698906660079956,-1.0847206115722656,-56.48281391261079,0.002633336522115143,250.48128710794498,-71.46780622007903,226.0816650390625,240,0.9420069376627604
electron,7,45,0,11,2.0003589455456314,0.5527637633208697,0.08748866271722588,-0.00044991925174434625,0.001804108265787363,0.01265681441873312,0.1738039131695679,-0.0006021599148539059,0.008947627236440355,-0.008946826707744989,539.2734985351562,460,1.172333692467731
electron,7,46,0,11,2.0003589538273148,2.280420077855202,0.0874886623550142,-0.0004499192498816362,-0.01412870828062296,-0.009446891956031322,0.7736553601298546,0.0006151237558637973,-0.5162051661913399,0.518883670505014,466.7644348144531,460,1.014705293074898
electron,7,47,0,11,2.0003589706809892,1.757783940044314,0.08748866161789377,-0.0004499192460909203,0.010008861310780048,-0.014076943509280682,-0.946691242128983,0.0019367680839113416,-0.02025073177826418,0.02025483353028265,418.88726806640625,458,0.9146010219790529
electron,7,48,0,11,2.0003589219945144,2.6342562134232828,0.0874886637472689,-0.00044991925704144614,0.005971175152808428,0.0009861810831353068,-0.34746479657377094,-5.678589578268778e-05,-0.09101403979225725,0.09109695080730291,432.2602233886719,460,0.9396961378014606
electron,7,49,0,11,2.000358910256401,-2.7408304183755616,0.0874886642606527,-0.000449919259681574,-0.006582971196621656,-0.00930697564035654,0.26702573640147165,0.0007578600733011559,0.15291277181939109,-0.15267930566110458,465.83770751953125,460,1.0126906685207202
electron,7,50,0,11,2.000358971469444,1.5426607383653848,0.08748866158340954,-0.00044991924591358167,0.005202228203415871,-0.003705336945131421,-0.4481328890053593,0.0007540406026980973,0.10819786070383303,-0.10808091946115403,492.134033203125,460,1.069856593919837
electron,7,51,0,11,2.0003590286862813,0.6088686608764088,0.08748865908094651,-0.00044991923304441364,0.0050545670092105865,0.003781993640586734,-1.0251426192676716,-0.0006581250400186228,0.2479759376146307,-0.2473625380416063,493.6542663574219,456,1.082575145520662
electron,7,52,0,11,2.000358971432615,-2.654033926469726,0.0874886615850203,-0.00044991924592186513,0.013730639591813087,-0.00443810410797596,-0.8136954479986969,0.0006665335319764598,5.428200943933477,-5.148718175339234,530.2711181640625,460,1.1527633003566575
electron,7,53,1,11,2.0003589944917377,2.559160062714046,0.08748866057649544,-0.00044991924073542456,70.75735473632812,0.9005456566810608,-149.61964790386517,0.0013209115837485436,38.87098036607316,-27.99071502455492,469.9827880859375,364,1.2911615057305976
electron,7,54,0,11,2.0003589768992045,0.04701898056358227,0.08748866134593092,-0.0004499192446923239,0.009943059645593166,-0.0013445502845570445,-0.475125343502851,0.00025252735903658063,0.27584687892755877,-0.27508805710771966,667.6561889648438,458,1.457764604726733
electron,7,55,0,11,2.00035893725759,-2.8448905798504267,0.08748866307971565,-0.0004499192536084864,0.018114011734724045,0.0050657386891543865,-1.443639128455132,-0.0006113393926390764,0.08453372226404529,-0.08446232311839875,455.3646545410156,460,0.9899231620456861
electron,7,56,0,11,2.000358912199695,2.8508823085757227,0.08748866417565984,-0.00044991925924448966,0.010766291990876198,-0.012305459938943386,-0.9002853365869257,0.0013541450246270237,-0.10027120795437729,0.10037185202283821,453.24554443359375,462,0.9810509619774757
electron,7,57,0,11,2.0003589168364058,-1.1715901841241216,0.08748866397286642,-0.0004499192582016041,0.002588877221569419,-0.012290925718843937,-0.07703408419135194,0.0004961661682010843,-0.06300491938267154,0.06304464060765641,468.794189453125,460,1.0191178031589674
electron,7,58,0,11,2.0003589466025726,-2.5923080498439797,0.08748866267099899,-0.00044991925150661985,-0.0008546061581000686,0.0006120988982729614,-0.2241080539695517,-8.973128691237842e-05,0.03599969409291652,-0.03598673897697292,439.4385986328125,460,0.9553013013756794
electron,7,59,0,11,2.0003589760566416,0.2579574417600107,0.08748866138278166,-0.00044991924488183254,-0.008120750077068806,-0.002951983129605651,0.671790885024115,-5.188849984327781e-05,-0.1307031522646031,0.13087420898125832,484.4383239746094,460,1.0531267912491509
electron,7,60,0,11,2.0003589767639856,-0.02372988904606877,0.08748866135184492,-0.0004499192447227373,0.020136259496212006,-0.015623281709849834,-1.4242899160427023,0.0004290614097860884,11.790929459701506,-10.547304255084416,731.4071044921875,462,1.5831322608056007
electron,7,61,0,11,2.0003589341928985,2.632590780544037,0.08748866321375448,-0.0004499192542977946,0.009126588702201843,0.00441333930939436,-0.5252459523621411,-0.0003683239393480475,-0.007127606635174152,0.007128114699143398,438.98004150390625,460,0.9543044380519701
electron,7,62,0,11,2.0003589814554372,-0.8633356912948057,0.08748866114665733,-0.0004499192436675395,-0.009801950305700302,-0.0036819763481616974,0.5510671950742507,0.00042121615360511677,-0.13306395046567596,0.1332412465319579,527.6954956054688,460,1.1471641208814538
electron,7,63,0,11,2.0003588918572777,2.406715109693317,0.08748866506536565,-0.00044991926381989135,-0.00024165614740923047,-0.0021091813687235117,-0.13275419404923383,0.000253425159854076,-0.08380943722029344,0.0838797363552683,487.7389221191406,460,1.0603020046068274
electron,7,64,0,11,2.000359009251069,0.1676473147861357,0.08748865993097427,-0.00044991923741576696,0.004682430066168308,-0.008481597527861595,-0.3641076080198591,0.0007369655244052198,0.15383628062577623,-0.1535999881170221,765.4585571289062,458,1.6713068932945552
electron,7,65,0,11,2.0003589607115764,-1.8477858510639529,0.08748866205392081,-0.00044991924833323317,0.003369357669726014,0.0019630419556051493,-0.35951465107397773,0.0001828637224654539,0.011328859216637165,-0.011327575931511518,415.66510009765625,462,0.8997080088693858
electron,7,66,0,11,2.0003589784120988,1.6877110508461717,0.08748866127976225,-0.0004499192443520449,-0.005673232953995466,0.006285140756517649,0.3808232764479502,-0.00022431718357847352,-0.14836899627548025,0.14858945696133377,459.1285400390625,460,0.9981055218240489
electron,7,67,0,11,2.000358993541833,2.9301358813893374,0.08748866061804092,-0.0004499192409490764,0.04871432110667229,0.004292715806514025,-2.9641742360171364,-0.0003728587472180134,19.66778879569571,-16.43532398620132,1531.507568359375,462,3.314951446665314
electron,7,68,0,11,2.000358959871545,-1.1177076226262925,0.08748866209066082,-0.00044991924852217236,0.015550895594060421,0.0009596194140613079,-1.2705201120497556,9.19368001205817e-05,-0.0014080110813415566,0.0014080309065780943,417.68267822265625,460,0.9080058222231657
electron,7,69,0,11,2.0003589830459116,1.3619371367038589,0.08748866107709559,-0.00044991924330981117,-0.0015095040434971452,-0.007410241290926933,0.07822985040140118,0.0004252395366892009,-0.08066757323636542,0.08073269834494114,465.58428955078125,460,1.0121397598930026
electron,7,70,0,11,2.000358938364045,1.6879380047595633,0.0874886630313232,-0.0004499192533596234,0.006492258049547672,-0.0021865053568035364,-0.20959976078405163,0.0001870574219391269,0.06486252600278736,-0.06482048180092438,481.3480529785156,462,1.0418789025508997
electron,7,71,0,11,2.000358945508349,2.442110146157532,0.08748866271885648,-0.00044991925175273185,0.0012969248928129673,0.0007765721529722214,0.10267389556872786,-0.00024472576292768056,0.7929644117792171,-0.7867259549383294,461.1732177734375,460,1.0025504734205164
electron,7,72,0,11,2.0003589461643108,-0.4356992291805137,0.08748866269016702,-0.00044991925160519334,-0.0055008833296597,-0.0004435560549609363,-0.012542069257437394,-0.0003150219621701894,0.4230207142881988,-0.4212387869627296,460.016845703125,458,1.0044035932382642
electron,7,73,0,11,2.0003589751871216,-1.2226137706580367,0.0874886614208114,-0.00044991924507740435,-0.0192136000841856,0.0034795370884239674,1.4942476096357904,0.00017627059174658843,-0.05393291664489597,0.05396201993612745,456.1595458984375,460,0.9916511867357337
electron,7,74,0,11,2.0003589647184605,2.9039638272301636,0.0874886618786738,-0.0004499192474320078,-0.011054920963943005,0.003221306949853897,0.41840162115480695,-6.988214787698177e-05,-0.09566288589638772,0.09575448740241277,457.1013488769531,460,0.9936985845151155
electron,7,75,0,11,2.0003589827717163,0.9577433240203912,0.08748866108908793,-0.000449919243371483,-0.0011640280717983842,-0.013366512022912502,-0.12991545486995548,0.0009686774228558903,0.003968605741078122,-0.003968448249000021,443.4375305175781,460,0.9639946315599525
electron,7,76,0,11,2.000358963119574,-0.9930233372335913,0.08748866194860346,-0.0004499192477916281,-0.0032176461536437273,-0.005732162389904261,0.3507746344091345,0.0005215672217189632,-0.25922997483900007,0.2599037231952426,503.3632507324219,458,1.099046398979087
electron,7,77,0,11,2.0003590067196604,-0.5101373712635433,0.08748866004168915,-0.0004499192379851294,0.004934119060635567,-0.0021324274130165577,-0.2745468997562561,0.0005130307632691955,0.0008324937429870277,-0.0008324868125704694,412.9690246582031,458,0.9016790931401815
electron,7,78,0,11,2.0003589308311884,-1.8481910676652138,0.08748866336078386,-0.0004499192550539079,0.02986838109791279,0.015304953791201115,-2.8267650908286868,-0.0008866535279248161,28.550031094416656,-22.209275914875043,1831.618896484375,464,3.947454518285291
electron,7,79,0,11,2.000359021875598,-0.8874539437984889,0.0874886593788218,-0.00044991923457626733,0.09005756676197052,-0.0022971881553530693,-7.824092795902016,0.00010095471448187676,66.81945269173072,-40.05495259309346,845.6595458984375,460,1.8383903171705163
electron,7,80,0,11,2.0003590252192596,2.174836467137152,0.08748865923258183,-0.0004499192338242136,0.007568425964564085,0.006048162933439016,-0.5040868423522582,-8.030286404010767e-05,0.20431865010180125,-0.2039020402057228,526.6859130859375,460,1.1449693762737772
electron,7,81,0,11,2.000358973846187,-2.3187853801516183,0.08748866147945916,-0.00044991924537900635,51.14602279663086,2.2318785190582275,-179.66275331700965,-0.0026031909103254036,76.14139689451615,-43.227428779910326,509.1292724609375,442,1.15187618203832
electron,7,82,0,11,2.0003589303934155,-2.279992815832861,0.0874886633799305,-0.00044991925515237147,-0.009328084997832775,0.00431058369576931,0.5822151706293965,-0.00023659784057045163,-0.1712705153678711,0.17156435452204408,447.195068359375,458,0.9764084461995087
electron,7,83,0,11,2.0003589837374864,-0.389539736446838,0.08748866104684853,-0.0004499192431542627,0.010073218494653702,0.00046412672963924706,-0.3979027896122145,-0.00010405712924980992,-0.13716497886054652,0.13735337959462604,450.5308532714844,460,0.9794148984162704
electron,7,84,0,11,2.00035891417626,-2.6687266018519726,0.08748866408921185,-0.00044991925879992215,0.024180183187127113,0.007706885226070881,-1.6394469608935758,-8.97625074476327e-05,7.295808914184682,-6.799714721401531,832.1763305664062,460,1.8090789794921875
electron,7,85,0,11,2.0003589569634,-2.46150434260161,0.08748866221785286,-0.00044991924917627023,0.043040819466114044,-0.01721152849495411,-2.92360539643699,0.0011855030906226388,14.495457025986052,-12.660290113254133,1300.684326171875,458,2.8399221095455784
electron,7,86,0,11,2.000358905818447,2.093958306693326,0.08748866445475319,-0.00044991926067975525,-0.0036763548851013184,0.008813473396003246,0.16529522012609377,-0.0007852596705506115,22.765970049947057,-18.544202469694795,472.4065856933594,460,1.0269708384638248
electron,7,87,0,11,2.000359002415812,0.604512749700887,0.08748866022992433,-0.00044991923895314776,0.0029838699847459793,-0.009232035838067532,-0.35458663020826453,0.0007249697906941133,0.11312854266902299,-0.11300070661642111,460.7430419921875,460,1.0016153086786685
electron,7,88,0,11,2.000358917391215,-2.2753039699925997,0.08748866394860103,-0.0004499192580768169,0.013505264185369015,0.02332182787358761,-0.9223121271513257,-0.0025684960256273925,1.113777106803376,-1.101508754466695,432.3371276855469,458,0.9439675276977006
electron,7,89,0,11,2.0003589122684464,-2.702479398588279,0.0874886641726529,-0.00044991925922902617,-0.007346516475081444,-0.005850190296769142,0.06655488405549193,0.0003213678970301753,0.023746299969294036,-0.023740662440373764,463.6169738769531,460,1.0078629866890285
electron,7,90,0,11,2.000358959601058,2.3269027819440877,0.08748866210249097,-0.00044991924858301015,0.0051962584257125854,-0.0007905730744823813,-0.23547313671468117,-3.288278844983117e-05,0.11376033040364378,-0.11363106333055648,453.1734924316406,460,0.9851597661557405
electron,7,91,0,11,2.0003589795370855,0.37826630894033353,0.08748866123055929,-0.00044991924409901375,0.019908417016267776,-0.012712713330984116,-1.06463257162015,0.00016453611755853914,5.850295595733762,-5.526952535000343,840.5775756835938,460,1.8273425558338994
electron,7,92,0,11,2.0003589590359265,0.5527940788973267,0.08748866212720784,-0.0004499192487101191,0.010836420580744743,-0.000857116945553571,-0.20227820762941384,-0.0003333051239958612,0.04534108786691435,-0.04532053904147924,418.5611267089844,458,0.9138889229453807
electron,7,93,0,11,2.0003589211849464,2.822259110005853,0.08748866378267656,-0.00044991925722353356,-0.00643030134961009,0.016739564016461372,0.3641428627991772,-0.0008438429137075931,0.046257747152795535,-0.04623635925463679,408.6200866699219,458,0.8921835953491744
electron,7,94,0,11,2.0003590131915963,-0.7592512137714309,0.08748865975862946,-0.0004499192365294665,0.01027753297239542,0.009325043298304081,-0.5056493457871181,-0.0006164248181005916,-0.20217373079501075,0.20258330101264316,443.6775207519531,460,0.9645163494607677
electron,7,95,0,11,2.0003589325166238,2.6979377531010758,0.08748866328706884,-0.000449919254674821,-0.0014213540125638247,0.0026910232845693827,0.3323293726791299,1.256456861353783e-05,-0.03190272939123561,0.031912910480708476,491.1486511230469,458,1.0723769675175696
electron,7,96,0,11,2.000358938096917,-2.342122411912566,0.08748866304300645,-0.00044991925341970564,-0.005748680327087641,0.0027397465892136097,0.5620481430348434,-8.120074413636713e-05,-0.07182713482592418,0.07187876328212527,493.211669921875,460,1.0721992824388586
electron,7,97,0,11,2.0003589984579757,0.839282623645338,0.08748866040302615,-0.00044991923984334133,-0.0012049247743561864,0.007863059639930725,-0.2570069995250224,-0.0010463686664233668,0.016001132500778094,-0.015998572547985913,437.6069030761719,460,0.9513193545134171
electron,7,98,0,11,2.0003589307870318,-2.9925744377190786,0.08748866336271512,-0.0004499192550638396,0.008476261980831623,-0.0030280821956694126,-0.1638091986460033,-4.0237771723142246e-05,-0.09759224675600305,0.09768758226234506,542.2391967773438,460,1.178780862559443
electron,7,99,0,11,2.0003589550457765,0.5262183044567945,0.08748866230172296,-0.00044991924960758066,-0.0035099824890494347,-0.007989848963916302,-0.16284924896980968,0.000576760769661469,0.07369310684245901,-0.07363884009334357,437.2529296875,460,0.9505498471467392
electron,8,0,0,11,2.000358914844003,1.0575850000776663,0.0874886640600071,-0.00044991925864973386,-0.0061307745054364204,-0.01742107979953289,0.2959975801095638,0.0009434020825519474,-0.13500141088717102,0.13518391107441438,461.13824462890625,460,1.0024744448454483
electron,8,1,0,11,2.0003589001349606,-0.1596575969750432,0.0874886647033289,-0.0004499192619580809,0.007078885566443205,0.015594199299812317,-0.2524113362284697,-0.0010088518428400112,0.04757630476464904,-0.047553680480687366,424.7496032714844,460,0.9233687027640964
electron,8,2,0,11,2.000358910413516,-2.7288447145309913,0.08748866425378103,-0.0004499192596462358,0.0056675453670322895,0.006976964883506298,0.1772168961036158,-0.00043083535058278943,-0.04640014253455888,0.046421682261288795,464.6829528808594,460,1.0101803323496943
electron,8,3,0,11,2.000358982385635,1.2179968439701263,0.08748866110597377,-0.00044991924345832014,0.0013336343690752983,0.0023702247999608517,-0.3209196689788474,-0.00028367578540568206,0.3078671137281899,-0.3069222012059499,407.1626281738281,462,0.881304389986641
electron,8,4,0,11,2.0003588962159204,-2.0468112456391165,0.08748866487473395,-0.0004499192628395486,-0.00927624199539423,-0.01284235343337059,0.6226527283499372,0.001328283360300997,0.4974468211507767,-0.4949845363097201,464.1737365722656,460,1.0090733403744905
electron,8,5,0,11,2.00035894295187,0.14693745704478203,0.08748866283066789,-0.0004499192523277332,-0.006986307445913553,0.0009660300565883517,0.5410638254267075,0.00046191699139555564,-0.3438865774544376,0.34507323800232487,524.29541015625,462,1.1348385501217533
electron,8,6,0,11,2.0003589889913234,-1.3632396700052232,0.0874886608170642,-0.0004499192419725736,-0.015870405361056328,0.01230637263506651,0.6218197015732674,-0.0008207953023089548,0.037224394199236344,-0.0372105428000955,471.8759460449219,458,1.0302968254255935
electron,8,7,0,11,2.0003589546120284,-1.4086688608598874,0.08748866232069358,-0.00044991924970513896,0.005803918931633234,0.0032676919363439083,-0.45098357675810163,-0.0002329310956798447,0.019783117257534073,-0.019779204314350186,460.327392578125,460,1.000711722995924
electron,8,8,0,11,2.000358919361729,-0.910016522679534,0.08748866386241767,-0.0004499192576336103,0.0009874142706394196,0.005426878109574318,0.021443639006690773,-0.0004417277080521337,-0.15715640933885358,0.15740377946682832,424.8599548339844,460,0.9236085974651834
electron,8,9,0,11,2.000358926654597,-0.416355587359936,0.08748866354345328,-0.00044991925599330377,0.0009986459044739604,-0.009535240940749645,-0.15851128432059491,0.0007514905440902109,-0.14183821450007406,0.14203968104756717,430.39703369140625,460,0.9356457254161006
electron,8,10,0,11,2.0003588932918075,3.131094846660295,0.08748866500262437,-0.00044991926349723793,0.03949689492583275,0.02302432246506214,-2.4363135639813294,-0.001121780592243049,1.5407862907142655,-1.51740630243196,462.35406494140625,460,1.005117532481318
electron,8,11,0,11,2.0003589294606225,-2.085540894257787,0.08748866342072759,-0.00044991925536217456,0.017015105113387108,-0.0009959222516044974,-1.5622341754406577,0.0002745268487426289,13.863167996232628,-12.175287443865352,1954.2689208984375,460,4.248410697605299
electron,8,12,0,11,2.000358975849533,1.8257464863969255,0.08748866139183986,-0.0004499192449284153,0.006383056286722422,0.01528937742114067,-0.19819519056563095,-0.0008502182198618646,0.21032557954731662,-0.2098841395145129,459.86029052734375,460,0.9996962837550951
electron,8,13,0,11,2.0003589001618476,0.39035467474896923,0.08748866470215297,-0.00044991926195203354,0.012977184727787971,0.0010930607095360756,-0.4568514152289982,2.90959918739786e-05,-0.09443059247162867,0.0945198481242091,429.63372802734375,460,0.9339863652768342
electron,8,14,0,11,2.000358897992683,0.273624567111243,0.08748866479702459,-0.0004499192624399204,-0.009069204330444336,-0.008027796633541584,0.5027672450649834,0.0008574663489295392,0.18219586523461656,-0.18186451560684935,435.0906677246094,458,0.949979623852859
electron,8,15,0,11,2.000358938602633,-1.9336928905474833,0.08748866302088822,-0.00044991925330596037,0.001399301108904183,-0.0016629182500764728,-0.13963565948693635,3.2516090480022575e-06,0.08483134877656354,-0.08475944619514457,419.0332946777344,462,0.9069984733284294
electron,8,16,0,11,2.0003589151178787,0.43653140883584624,0.08748866404802876,-0.000449919258588134,-0.005711681675165892,0.0011033527553081512,0.16816038946504408,0.000337573034452629,0.11113182063319026,-0.11100845491619192,425.9202880859375,460,0.925913669752038
electron,8,17,0,11,2.0003589332243563,-3.094490528328785,0.08748866325611511,-0.00044991925451563834,-0.002055681776255369,-0.0038581006228923798,-0.046729819408231066,0.0002763375044401578,-0.037051762174154006,0.03706549559342637,475.61834716796875,460,1.033952928626019
electron,8,18,0,11,2.0003589763621012,-0.3223632892563365,0.08748866136942193,-0.0004499192448131288,0.00039388606091961265,0.00202914047986269,0.3024360134623594,8.774140736605984e-06,0.23034616587052448,-0.2298167917023107,562.8377075195312,456,1.234293218244586
electron,8,19,0,11,2.000358905318372,-2.8616126784967277,0.0874886644766247,-0.0004499192607922318,-0.006873749196529388,-0.013679352588951588,0.4194984124992196,0.0007588805868709303,-0.2956062360535686,0.2964826572772931,476.10687255859375,460,1.035014940344769
electron,8,20,0,11,2.0003588790865905,-2.3846128364208474,0.08748866562391061,-0.000449919266692265,-0.009701063856482506,0.0008649295778013766,0.5538840893044572,-5.450044418114919e-05,-0.012848672972251434,0.01285032406837139,520.2485961914062,462,1.1260792125355115
electron,8,21,0,11,2.0003589959628596,1.29168747514632,0.08748866051215375,-0.00044991924040454096,0.0014988622860983014,-0.000656187767162919,-0.1927480116155067,0.000283723773773073,0.35442934445652424,-0.35317757947682143,551.1123046875,462,1.19288377637987
electron,8,22,0,11,2.000358996234565,0.3137837020021217,0.08748866050027032,-0.0004499192403434292,0.005286336876451969,0.00386135745793581,0.1888009447319483,-0.0006513911344828149,0.11050841840400408,-0.11038643210376095,403.47296142578125,460,0.877115133534307
electron,8,23,0,11,2.000358942089547,1.284907784320346,0.08748866286838285,-0.0004499192525216862,0.0009425539174117148,-0.0025625175330787897,-0.48848614834895443,0.00025531235372790173,-0.0911747531004866,0.0912579573177423,493.78302001953125,462,1.068794415626691
electron,8,24,0,11,2.0003589348258632,2.2884218384836448,0.08748866318607083,-0.0004499192541554286,0.01409935299307108,0.0020324920769780874,-0.6880452249777846,-0.0001321032538389305,-0.08490049765810076,0.08497263985221704,479.23419189453125,460,1.0418134606402853
electron,8,25,0,11,2.000359005313056,-1.76693351098961,0.08748866010320906,-0.00044991923830150175,22.33439826965332,0.15981197357177734,-125.98066499763361,0.00031889092313523715,81.286392735142,-44.83866191430086,426.3688659667969,444,0.9602902386639569
electron,8,26,0,11,2.0003588998839374,2.8646836619116067,0.08748866471430777,-0.0004499192620145409,0.0027369612362235785,-0.011767319403588772,-0.5889277197121956,0.0010866015873241541,0.04240781810825178,-0.04238984150137111,488.7261047363281,462,1.0578487115504938
electron,8,27,0,11,2.000359003825855,2.4002046794552827,0.087488660168254,-0.0004499192386360019,-0.002101542893797159,-0.014228415675461292,0.09153178739307322,0.0011503234986428162,0.42939525767083325,-0.4275593381491004,478.6858825683594,460,1.0406214838442596
electron,8,28,0,11,2.000358969979959,2.8803743923010985,0.08748866164855437,-0.0004499192462485955,-0.004444533959031105,0.004545388277620077,0.8032715020021008,-0.00037814968995528164,-0.0218097183834879,0.021814476059278054,464.5335388183594,460,1.0098555191703464
electron,8,29,1,11,2.000358959537007,2.2364500202167763,0.08748866210529234,-0.00044991924859741643,82.71873474121094,1.7744358777999878,-196.154419325663,-8.60650355520437e-05,57.60989911204858,-36.55220860911302,517.0138549804688,400,1.292534637451172
electron,8,30,0,11,2.000358916161539,2.1169743621839623,0.08748866400238273,-0.0004499192583533947,0.00761450408026576,-0.0025816767010837793,-0.3726566328148273,0.00019578853133919716,0.018183431101451094,-0.018180125330893783,389.56976318359375,462,0.8432245956354844
electron,8,31,0,11,2.000358924682796,-0.7852075252659956,0.08748866362969292,-0.0004499192564367998,-0.0022845708299428225,-0.0009124968782998621,0.22996999103219729,0.00024976836045371986,-0.026941644435591182,0.02694890491372406,451.60345458984375,460,0.9817466404127038
electron,8,32,0,11,2.0003588903995664,2.3171577395180254,0.08748866512912082,-0.0004499192641477587,0.005735183134675026,0.002084489446133375,0.038868071696285256,5.6498800341614475e-05,0.8427963337237837,-0.8357526411055514,488.656494140625,458,1.0669355767262554
electron,8,33,0,11,2.00035891313465,-0.20905581383044144,0.0874886641347682,-0.0004499192590342003,-0.001364288036711514,0.006261536385864019,0.045928042477577646,-0.00014929269197340445,-0.18801231667776008,0.18836646883966238,451.2465515136719,460,0.9809707641601563
electron,8,34,0,11,2.000358898594707,-0.9777925262088106,0.08748866477069418,-0.0004499192623045136,0.006437144707888365,0.0007523040985688567,-0.43330100829142015,1.98944562955633e-05,0.10041886215722184,-0.1003181238387255,493.6936950683594,460,1.0732471631920857
electron,8,35,0,11,2.0003589008384766,1.3581426216748052,0.08748866467255959,-0.0004499192617998466,-0.0009442399023100734,0.009104028344154358,-0.3147198345951896,-0.0006936624504984279,0.9260681580219814,-0.917570826767981,466.60919189453125,462,1.0099766058323187
electron,8,36,0,11,2.000358947738644,-2.8809278931231788,0.08748866262131123,-0.0004499192512510955,0.0013639944372698665,0.011848551221191883,0.062319240122121755,-0.00034135224514393603,0.5554605195888059,-0.5523921990100187,630.1790771484375,460,1.3699545155400816
electron,8,37,0,11,2.0003589501417713,-0.1126202593836853,0.08748866251620689,-0.0004499192507105859,0.017236288636922836,0.005192319396883249,-1.1700366344383206,-0.0006224625459615302,17.45993561888599,-14.864588105630348,583.283447265625,460,1.2680074940557065
electron,8,38,0,11,2.0003589190684554,2.118831540924217,0.08748866387524443,-0.0004499192576995731,0.0032139169052243233,0.005340373609215021,0.30288519272625436,-0.00038254030861692434,-0.07600685172992407,0.07606466608789769,476.13983154296875,462,1.030605695980452
electron,8,39,0,11,2.0003590025174303,2.273581973326466,0.08748866022547991,-0.00044991923893029185,0.005566414911299944,-0.0081913061439991,-0.309458983204447,0.0011239111332008167,0.033997199910278574,-0.03398564574236139,462.1087646484375,460,1.004584270974864
electron,8,40,0,11,2.0003590149027057,0.9737336134891302,0.08748865968379156,-0.000449919236144605,-0.00974230282008648,0.003286568447947502,0.5166435260980373,-0.00047320223244802506,0.09784367949256537,-0.09774803921436477,500.121826171875,460,1.0872213612432065
electron,8,41,0,11,2.0003589465422906,3.0667807531046836,0.08748866267363552,-0.0004499192515201784,-0.012029069475829601,0.0031952918507158756,0.7453489613564734,3.74352200793876e-05,0.3211325762277465,-0.3201046160276708,476.66168212890625,460,1.0362210481063179
electron,8,42,0,11,2.0003589221060496,-0.5068158773368138,0.08748866374239074,-0.0004499192570163597,-0.004500561393797398,0.002852564910426736,0.1819399779575681,-0.00029664243206130314,-0.12107398342874923,0.12122075021978168,466.3161315917969,460,1.0137307208517323
electron,8,43,1,11,2.0003590041685593,-1.076684109081036,0.08748866015326534,-0.00044991923855892117,38.22503662109375,1.2039471864700317,-62.85739768623699,0.00035149461377109725,12.48767238608153,-11.101369706736566,450.153564453125,284,1.5850477621588908
electron,8,44,0,11,2.000358900687395,-1.3199889625987302,0.08748866467916736,-0.00044991926183382774,-0.000565342023037374,-0.0028812785167247057,0.3901686152707473,0.00020948947227231174,-0.03469878916179247,0.034710833400688146,469.4410400390625,462,1.016106147270698
electron,8,45,0,11,2.0003589917167814,-1.918152323034051,0.08748866069786226,-0.00044991924135956565,0.01283432450145483,-0.0009981202892959118,-0.857720110175153,-0.00015051860086595648,1.52928997603582,-1.5062549697695937,533.5814208984375,458,1.1650249364594705
electron,8,46,0,11,2.000358905914513,1.9995653091725711,0.0874886644505516,-0.00044991926065814824,-0.020274346694350243,-0.008201341144740582,1.0939181986446833,0.0002775433040603653,0.7784208274916294,-0.7724082408714259,451.9292297363281,458,0.9867450430924195
electron,8,47,0,11,2.00035890046786,-1.539466565297022,0.08748866468876905,-0.0004499192618832054,39.60001754760742,-0.8010193109512329,-224.15095026694277,0.002041825650033288,147.8093541371368,-59.64639819663128,414.35247802734375,438,0.9460102238067208
electron,8,48,0,11,2.0003589542662232,0.5944980741555194,0.08748866233581787,-0.00044991924978291724,0.012196948751807213,0.004913052543997765,-0.8501173073748314,-0.0005199051236558505,3.821632540783313,-3.6809597838697967,557.8168334960938,460,1.2126452902088996
electron,8,49,0,11,2.000359000467215,-2.870478025680181,0.0874886603151491,-0.00044991923939142467,-0.0017471981700509787,-0.00025696432567201555,-0.02468466222627086,-8.375356542375534e-05,-0.20258836105705544,0.2029996146493403,472.71240234375,462,1.0231870180600648
electron,8,50,0,11,2.0003589709719343,-3.031687576655946,0.08748866160516885,-0.00044991924602548114,0.0022148513235151768,-0.0011555985547602177,-0.5089451030872993,0.00034751455182882585,-0.06840356151557472,0.06845038401611381,493.119140625,460,1.0719981317934784
electron,8,51,0,11,2.000358989040056,-0.04617858666124852,0.08748866081493281,-0.00044991924196161276,-0.0019481639610603452,-0.0018869725754484534,-0.5995185380884838,-0.00014540761964701443,0.03602122238635266,-0.03600825177390578,506.6043395996094,460,1.1013137817382812
electron,8,52,0,11,2.000358957119066,1.3705871191562646,0.08748866221104457,-0.00044991924914125793,0.014316417276859283,0.006883622612804174,-0.4333344043725429,-0.00029707303438974986,3.8672174673676336,-3.723231989518358,582.1072387695312,460,1.2654505190641985
electron,8,53,0,11,2.0003589433979503,-1.3546866647006395,0.0874886628111579,-0.0004499192522274011,-0.004260534420609474,0.012466221116483212,0.09481823457502259,-0.0008763264735915238,0.2913441535088774,-0.29049780513753026,155.50741577148438,134,1.1605031027722714
electron,8,54,0,11,2.0003589417259735,-2.0303509092807444,0.08748866288428428,-0.0004499192526034609,-0.008138477802276611,0.001214262330904603,0.5447721957834162,-0.00015002159838797824,-0.07658790099313015,0.07664660301755657,426.2809143066406,460,0.9266976397970449
electron,8,55,0,11,2.0003589637025803,-2.8217992185169125,0.08748866192310482,-0.00044991924766049884,-0.021391121670603752,-0.0020368003752082586,1.4874337726498155,0.0005243537643608437,0.004866798754250938,-0.004866561908487053,455.2199401855469,462,0.985324545856162
electron,8,56,0,11,2.0003589156564305,0.9825270542333411,0.08748866402447439,-0.0004499192584670033,-0.016408033668994904,-0.010289561934769154,0.959955768795151,0.0007925055092551647,0.0283198250961918,-0.028311807241902964,449.3304138183594,460,0.976805247431216
electron,8,57,0,11,2.000358994595591,-1.600212355473741,0.08748866057195326,-0.00044991924071206596,0.006365801207721233,-0.004579641856253147,-0.2342263667740596,0.0003348570486102487,-0.09637941708146495,0.09647239661495706,470.0310363769531,460,1.0218066008194633
electron,8,58,0,11,2.0003589855153576,2.464933367684076,0.0874886609690907,-0.00044991924275438524,0.004490427672863007,0.01247912272810936,-0.5440434958434714,-0.0015444554465534749,0.7736315468405274,-0.767692435973131,405.0821228027344,460,0.8806133104407269
electron,8,59,0,11,2.000358948048295,1.4988265599605277,0.08748866260776819,-0.0004499192511814491,0.005172961391508579,0.006829435471445322,-0.3054704066947078,-0.0001335927916556734,3.754959547416517,-3.61906511630462,485.6860046386719,466,1.0422446451473646
electron,8,60,0,11,2.000359002602863,0.21292596676970577,0.08748866022174338,-0.00044991923891107643,0.008616408333182335,0.0012807889143005013,-0.6155780854329995,-0.00012472421472052575,-0.2577725534139329,0.25843873754671315,443.7499694824219,460,0.9646738467009172
electron,8,61,0,11,2.0003589429798043,2.8401916464448913,0.08748866282944613,-0.0004499192523214502,-0.009716348722577095,0.01380021870136261,0.3363648771301797,-0.0009522330070012158,0.13773889016821061,-0.13754943110837714,437.23956298828125,458,0.954671534908911
electron,8,62,0,11,2.000358938715717,-2.4734559773494142,0.08748866301594231,-0.0004499192532805255,-0.001167074078693986,-0.0024393475614488125,0.23682108415545855,-0.00023037624178383342,-0.2184785164668577,0.21895689023233683,550.9471435546875,460,1.197711181640625
electron,8,63,0,11,2.000358989024144,-0.9697492657387896,0.08748866081562874,-0.0004499192419651916,-0.001357124070636928,-0.0016958210617303848,0.1504359925432741,-2.1549168499682136e-05,-0.1311941244391346,0.13136646952864675,482.11865234375,460,1.048084026834239
electron,8,64,0,11,2.000358953228591,1.1800090922699764,0.08748866238120026,-0.0004499192500163007,0.0051991599611938,-0.0007169106393121183,-0.2514972077205524,-0.00014948465350098084,0.14411105168906974,-0.1439036705959601,484.4019470214844,458,1.057646172535992
electron,8,65,0,11,2.0003590204464357,0.0021747622273481353,0.08748865944132833,-0.0004499192348977135,-0.004413471091538668,0.0007898480398580432,0.6022025730841891,0.00026205110564203604,1.6710719375846141,-1.643606097327739,410.9478759765625,458,0.8972661047523198
electron,8,66,0,11,2.0003589563944,2.910993690899417,0.08748866224273891,-0.0004499192493042493,0.0023921553511172533,0.00638128025457263,-0.24902384619451823,-0.00018809342369288662,-0.08266125752462483,0.08272964288778192,447.3630676269531,460,0.9725284078846808
electron,8,67,0,11,2.0003589241654893,-0.9225707231827922,0.08748866365231808,-0.00044991925655315205,-0.011453697457909584,-0.00148848129902035,0.5300222703166213,-0.0001374606875353679,-0.0665882011437371,0.06663257057385732,479.599365234375,460,1.0426073157269022
electron,8,68,0,11,2.000358929563807,1.0176749175796374,0.08748866341621465,-0.00044991925533896635,-0.009396050125360489,0.00521748885512352,0.39279997254770826,-4.1049938507745076e-05,-0.09913832202503774,0.09923670362785406,412.2992858886719,462,0.892422696728727
electron,8,69,0,11,2.000358936838121,0.916607447535883,0.08748866309806175,-0.000449919253702833,-0.00026663823518902063,-0.0017943980637937784,-0.40859785784341796,-0.0002454264967090558,0.1244195734902234,-0.12426496355257352,480.9744567871094,460,1.0455966451893681
electron,8,70,0,11,2.0003589545973623,-2.326321595389938,0.08748866232133501,-0.00044991924970843764,-0.0017816433683037758,-0.010404071770608425,0.0004703594203014916,0.0008643084576070992,0.027616686371682124,-0.027609061663713193,470.1838684082031,460,1.022138844365659
electron,8,71,0,11,2.000358955326533,-1.7524239928502472,0.08748866228944366,-0.00044991924954443315,-0.009781643748283386,0.004438383039087057,0.9508044499786372,-0.00033635257369582505,-0.19242185026992317,0.19279282579251325,457.2486572265625,460,0.9940188200577446
electron,8,72,0,11,2.0003589277884792,1.0701650446926392,0.08748866349386125,-0.0004499192557382718,0.02466602623462677,0.0010854904539883137,-1.6983813320434749,2.9082299004501433e-05,11.382170924147905,-10.219024130800298,1431.7933349609375,464,3.0857614977606413
electron,8,73,0,11,2.000358903491194,2.239447542109075,0.08748866455653904,-0.00044991926120319933,0.0023298149462789297,0.0005273745628073812,-0.19569007355269008,-8.116500476597344e-05,-0.0848632507095812,0.0849353295912654,457.6452941894531,460,0.9948810743248981
electron,8,74,0,11,2.0003589654661424,1.628053209584746,0.08748866184597281,-0.00044991924726383973,0.006032295525074005,0.01969229243695736,-0.4021141944261508,-0.0012696938121822265,2.1862153077349116,-2.139442488550052,525.5338134765625,460,1.1424648119055707
electron,8,75,0,11,2.0003589993630704,2.783707013154404,0.0874886603634405,-0.0004499192396397681,-0.0018826979212462902,0.0013823260087519884,-0.18464567698694978,0.00012485519241811627,0.9829328156026349,-0.9733652887636933,434.03753662109375,462,0.9394751874915449
electron,8,76,0,11,2.0003589359613234,-2.855481264951182,0.0874886631364098,-0.00044991925390004174,0.002203234937041998,-0.01326758973300457,-0.31125747923788083,0.0009484843021163591,0.03642609472147455,-0.03641283094919028,582.0388793945312,460,1.265301911727242
electron,8,77,0,11,2.00035894261406,0.8398301430204296,0.0874886628454425,-0.0004499192524037131,-0.0013026536908000708,-0.0010829289676621556,-0.19751267222400948,9.302383010605098e-05,0.3187066247408946,-0.3176941125577543,206.1463165283203,216,0.95438109503852
electron,8,78,0,11,2.000358937064543,3.064589885783029,0.08748866308815885,-0.00044991925365190635,-0.0016052984865382314,0.004301339387893677,-0.0809708355191674,-0.0008940591324131525,-0.23176526466497266,0.2323036638663611,451.0977478027344,460,0.9806472778320312
electron,8,79,0,11,2.0003589658089123,-1.3841199354462126,0.08748866183098128,-0.0004499192471867442,0.00029671829543076456,0.001608160906471312,0.3406481079557544,-0.00022837830122282576,-0.11503652410679238,0.11516901053335882,431.5007019042969,458,0.9421412705333992
electron,8,80,0,11,2.0003589717465884,0.036257146909129734,0.08748866157128822,-0.0004499192458512465,-0.012170120142400265,-0.004131500609219074,0.7290327407001307,0.0002606408159493284,-0.146499880850367,0.1467148178837529,514.0387573242188,458,1.1223553653367222
electron,8,81,0,11,2.0003590171910064,1.171588685314024,0.08748865958370936,-0.00044991923562992216,2.7203140258789062,-0.4623021185398102,-68.71547917541321,0.004475883282043819,217.03709207192625,-68.457949400661,559.9033203125,222,2.522087028434685
electron,8,82,0,11,2.0003590138726857,0.89090653723615,0.08748865972884101,-0.00044991923637627637,-0.005409689154475927,0.00031100126216188073,0.6127708540599741,-0.00034379314310950537,0.11129201126625425,-0.11116828984059884,453.9241027832031,460,0.986791527789572
electron,8,83,0,11,2.0003589805509194,2.2118332352533105,0.08748866118621776,-0.00044991924387098294,-0.011528686620295048,-0.0007905284292064607,1.0011229620214834,0.0001132612662320398,0.05524571105575925,-0.05521520702202541,467.307373046875,462,1.0114878204477813
electron,8,84,0,11,2.0003589030834905,1.2910815206306852,0.08748866457437057,-0.00044991926129489974,0.006214349530637264,-0.006469291169196367,-0.2010789650357392,0.00035480570103149645,-0.016314685164780664,0.016317347288617168,528.5137939453125,462,1.14396925096388
electron,8,85,0,11,2.0003589211157475,-0.3135608963263612,0.08748866378570307,-0.0004499192572390977,-0.0005684252246282995,-0.0018896909896284342,0.060700584707751304,-8.53365590642724e-05,0.0024259778801630646,-0.002425919027894874,442.0365905761719,460,0.9609491099481997
electron,8,86,0,11,2.0003589257641625,-3.072462772179542,0.08748866358239775,-0.00044991925619357966,-0.012157769873738289,-0.0034381712321192026,0.8191812524178665,0.00048361978094453584,-0.07405297633434493,0.07410785540696617,479.63690185546875,462,1.0381751122412743
electron,8,87,0,11,2.0003589748131843,2.7263007056364965,0.0874886614371661,-0.0004499192451615101,0.021328596398234367,0.0046793376095592976,-1.456488336081474,-0.0005522471953753327,9.134993368222222,-8.37036140864617,680.994140625,458,1.4868867699235808
electron,8,88,0,11,2.000358970613554,-2.0072898777080286,0.08748866162084316,-0.0004499192461060878,0.04351293668150902,0.002702925121411681,-2.728947822977279,3.684767700458391e-05,16.776663226862446,-14.366451963326236,2205.819091796875,460,4.795258895210598
electron,8,89,0,11,2.0003589340165333,-2.5127695133634376,0.08748866322146807,-0.00044991925433746245,0.00829371903091669,0.0036787118297070265,-0.4057357362938774,-0.00017650874959383722,-0.5891081590973608,0.5925992093906222,500.5772399902344,460,1.0882113912831182
electron,8,90,0,11,2.0003589162590685,2.5216558265821667,0.08748866399811712,-0.0004499192583314584,95.46526336669922,3.769235849380493,-313.3406925337048,-0.0011408083705803512,223.437626480893,-69.08213769435774,306.16461181640625,314,0.9750465344471536
electron,8,91,0,11,2.000358935301387,-2.4149790171552836,0.0874886631652731,-0.00044991925404847417,-0.0038834342267364264,0.00832569133490324,0.9391669202982733,-0.0005308359548467645,2.963781276652883,-2.8784697297484723,650.8765258789062,456,1.4273608023660225
electron,8,92,0,11,2.000358993319382,1.8379201902254154,0.08748866062777015,-0.0004499192409991099,0.0032282827887684107,-0.006276373751461506,-0.3640664918949099,0.0006143208204033718,0.09916867861367272,-0.09907043177558401,424.7214050292969,462,0.9193104004963136
electron,8,93,0,11,2.000358913982074,-2.0832623833022974,0.08748866409770487,-0.00044991925884359837,0.00584493950009346,-0.004111339338123798,-0.29641453400630624,0.00011084436663152952,2.586048165760982,-2.52085757468929,498.10272216796875,458,1.0875605287510235
electron,8,94,0,11,2.0003589503701464,0.5774459907414238,0.08748866250621856,-0.0004499192506592199,0.017702359706163406,-0.00688266521319747,-1.2537905575553676,8.14715516983533e-06,12.172424776039353,-10.851530400936333,834.0864868164062,460,1.813231493079144
electron,8,95,0,11,2.0003590109633453,1.6211772565932037,0.08748865985608531,-0.000449919237030643,0.011916146613657475,0.0013230006443336606,-0.877440461611867,-1.7889973883161714e-05,-0.04034043488868336,0.04035671496300399,508.1368408203125,460,1.1046453061311141
electron,8,96,0,11,2.000358923565004,0.35882566073119937,0.08748866367858121,-0.00044991925668821275,0.033913251012563705,0.018361935392022133,-2.1670232075482465,-0.0009263877920455688,9.840024784930915,-8.958505612319268,928.1302490234375,460,2.0176744543987772
electron,8,97,0,11,2.0003588936598464,0.4073419352488877,0.08748866498652763,-0.0004499192634144589,-0.0038261066656559706,-0.0062274448573589325,0.22648969122157636,0.000554041264616778,0.208691355188092,-0.20825674137225023,466.5335998535156,460,1.0142034779424254
electron,8,98,0,11,2.000358956110828,1.286593422155317,0.08748866225514135,-0.00044991924936803004,0.000707624014467001,-0.007507864385843277,0.13746335035924595,0.0006002077933816019,0.17565894179196168,-0.17535092221756712,565.79052734375,458,1.2353504963837336
electron,8,99,0,11,2.000358950669839,-1.2424199655749304,0.08748866249311106,-0.00044991925059181326,0.045195359736680984,0.008384636603295803,-2.99572198610476,-0.0004262589334263073,18.74865168311213,-15.788517526198135,2756.81298828125,458,6.019242332491812
electron,9,0,0,11,2.0003589361891962,2.9857101001608926,0.08748866312644343,-0.00044991925384878874,0.13331373035907745,0.06824664026498795,-36.6968669760781,-0.005215619434331464,989.0774916950708,-90.81791692854131,8.268731117248535,4,2.067182779312134
electron,9,1,0,11,2.00035892763054,2.5184054562377276,0.08748866350076896,-0.00044991925577379544,-0.00668049231171608,-0.0014634622493758798,0.3814509583173198,0.00011939823009270156,0.08781286062337548,-0.08773581729241785,419.30133056640625,458,0.9155050885729394
electron,9,2,0,11,2.0003589570627205,1.4471592013377914,0.08748866221350893,-0.0004499192491539311,0.006355685647577047,0.004003400448709726,-0.3438298244247129,-3.594667141282315e-06,0.1095943743082258,-0.10947439652831524,464.8858642578125,458,1.0150346381174946
electron,9,3,0,11,2.0003589586999677,-0.44271450195008805,0.08748866214190149,-0.0004499192487856827,0.00714079150930047,-0.021125109866261482,-0.09186115568587949,0.0010127242025313454,0.4001092837774517,-0.39851478910900223,613.1318359375,458,1.3387157989901746
electron,9,4,0,11,2.0003589188937427,2.1763037672389456,0.08748866388288574,-0.0004499192577388694,0.05668780580163002,-0.006565956864506006,-3.70159057268582,0.000464374630774686,25.77228920222137,-20.49123011570833,4343.2275390625,460,9.441798997961957
electron,9,5,0,11,2.00035895401512,-0.7759920726472936,0.08748866234680024,-0.00044991924983939517,-0.011952156201004982,-0.0006857061525806785,1.0912786180578005,6.047274212035714e-05,-0.09642672453621727,0.09651979541345723,542.0448608398438,460,1.1783583931300952
electron,9,6,0,11,2.0003589897653598,0.9230133916751468,0.08748866078321058,-0.00044991924179847795,-0.01162901520729065,0.00022001334582455456,0.5916927441036446,-0.00010273811284619572,-0.18844189450950882,0.1887976684126466,459.8634033203125,460,0.9997030506963315
electron,9,7,0,11,2.0003589261663217,-2.6234059958021483,0.08748866356480871,-0.0004499192561031263,0.016427839174866676,-0.0006641230429522693,-1.1126370866456625,9.06836284324114e-05,-0.0022570929077363865,0.0022571438535582684,446.7640686035156,464,0.9628535961282665
electron,9,8,0,11,2.000358927530302,-1.336091271724467,0.08748866350515301,-0.0004499192557963408,0.005651943385601044,-0.0029188902117311954,-0.5332314112140857,-0.0001362460957329975,1.5754019277022508,-1.5509679487397574,438.1857604980469,462,0.9484540270520495
electron,9,9,0,11,2.0003589742490813,-0.669901696373045,0.08748866146183798,-0.0004499192452883877,0.02864261530339718,-0.009887929074466228,-2.1852577437763143,0.0007601352991979393,12.879957255617747,-11.41031372509379,435.33319091796875,460,0.9463765019955842
electron,9,10,0,11,2.0003590081142137,-0.05260849909124278,0.0874886599806963,-0.00044991923767146754,-0.005946628283709288,0.01288315374404192,0.8482688778390785,-0.0007795257000146882,-0.03904684149724374,0.0390620940111716,465.28173828125,460,1.0114820397418478
electron,9,11,0,11,2.0003589398916106,0.4523082561093925,0.08748866296451285,-0.00044991925301604444,130.6432647705078,6.318041801452637,-446.046573040223,-0.0038177413408060357,206.73348391785845,-67.39840765908053,344.197265625,356,0.966846251755618
electron,9,12,0,11,2.0003589623896545,-1.5963519376940687,0.08748866198052757,-0.0004499192479558011,0.012547751888632774,0.007666218560189009,-0.6180244259874623,-0.00010540661801689,0.024130458216992386,-0.02412463683158205,460.2558898925781,458,1.0049255237829218
electron,9,13,0,11,2.0003589500934575,-0.6690354807134994,0.08748866251831997,-0.00044991925072145256,-0.0037361111026257277,-0.005178583320230246,0.40076801742394697,5.503364676487377e-05,-0.1117576887656224,0.11188272631468593,423.5445861816406,460,0.9207491003948709
electron,9,14,0,11,2.0003589851639694,1.6186025228020808,0.08748866098445919,-0.00044991924283341924,0.009449057281017303,0.0064628333784639835,-0.5848493096491936,-0.0005908854536440661,1.225798642495054,-1.2109547752982284,474.5484924316406,460,1.0316271574600884
electron,9,15,0,11,2.000358921920701,-1.649066050031643,0.08748866375049723,-0.00044991925705804815,-0.009683692827820778,0.0013985898112878203,0.5426001338768582,0.00034972522893773894,0.09279345741262303,-0.09270743098213219,425.37652587890625,460,0.9247315779976223
electron,9,16,0,11,2.0003589715829673,-1.3097772772933847,0.08748866157844443,-0.00044991924588804805,0.005161845125257969,-0.0025114964228123426,-0.5816046569937505,0.0003344835130892343,0.24130386813576732,-0.24072299423917137,454.6961975097656,460,0.988469994586447
electron,9,17,0,11,2.0003589797418875,0.9055445366657655,0.08748866122160197,-0.00044991924405294985,0.0030642712954431772,0.0026905809063464403,-0.33630664714978664,2.030033674001175e-05,2.524353280417994,-2.4621986870900323,516.9735717773438,460,1.1238555908203125
electron,9,18,0,11,2.000358913009299,-0.8756165277037219,0.08748866414025061,-0.0004499192590623941,0.003396939719095826,-0.00771565455943346,0.09284129472530989,0.0002474134664273986,-0.0034738621872498817,0.0034739828686371744,566.7364501953125,458,1.2374158301207696
electron,9,19,0,11,2.0003590074574134,1.7895031865050819,0.08748866000942243,-0.0004499192378191946,3.5483994483947754,-0.37950506806373596,-32.8755076339271,0.0002216236872290278,29.466803056174165,-22.760122564692395,464.9740905761719,444,1.0472389427391258
electron,9,20,0,11,2.0003589551945056,1.1865303804378593,0.08748866229521807,-0.00044991924957412863,0.0015368071617558599,-0.008979368954896927,0.10988216590046562,0.0006533601952833368,1.7820323346911537,-1.7508319433348234,530.0966186523438,460,1.1523839535920517
electron,9,21,0,11,2.000358904780124,1.7730222606346189,0.08748866450016579,-0.0004499192609132942,0.013627276755869389,0.007309898734092712,-0.7742309257565694,-0.0007268695158251237,8.824661165460856,-8.109063764548306,687.6439819335938,458,1.501406074090816
electron,9,22,0,11,2.000358944519412,1.7553020850882286,0.0874886627621091,-0.0004499192519751628,-0.0028154836036264896,0.005045405123382807,-0.1809732184165913,-0.0001105035967267215,-0.1793556586784063,0.17967792119745696,403.9419860839844,458,0.8819694019300969
electron,9,23,0,11,2.000358978337984,2.9665008846669925,0.08748866128300378,-0.0004499192443687148,0.0043328567408025265,-0.006319526582956314,-0.2437893300784033,0.0004133184018259295,0.08131437564430823,-0.08124830908905102,505.4797668457031,460,1.098869058360224
electron,9,24,0,11,2.000358970217457,-2.4858930522914116,0.08748866163816704,-0.00044991924619517765,4.411493301391602,-0.06486240774393082,-41.83622055099568,-0.00014495395746483286,40.42765327325996,-28.788954547713825,459.1627197265625,444,1.03415026965442
electron,9,25,0,11,2.0003589654861664,-2.263821929873138,0.08748866184509704,-0.00044991924725933596,0.0033760634250938892,-0.009173808619379997,-0.009208737701715819,0.0005571289464144924,-0.05777579648421182,0.05780919620776015,448.120361328125,460,0.9741746985394022
electron,9,26,0,11,2.000358921686527,-2.1836991892199595,0.08748866376073917,-0.0004499192571107184,0.0014863725518807769,0.0023181757424026728,-0.2731694836537457,-0.0003600096383865742,-0.10599551468619348,0.10610798439036297,507.955810546875,460,1.104251762058424
electron,9,27,0,11,2.0003589807946907,-2.438183046548971,0.08748866117555607,-0.00044991924381615413,0.0026950854808092117,0.007638318929821253,-0.313543111673642,-0.0005540499742697491,-0.04746395773132337,0.04748649670203527,478.59710693359375,460,1.0404284933338994
electron,9,28,0,11,2.00035892590861,-2.249096324202399,0.08748866357608011,-0.0004499192561610906,-0.009195838123559952,0.0017727186204865575,0.40357327161277823,0.00020614526467153949,-0.1481840254063521,0.1484039363330615,475.7316589355469,458,1.038715412523028
electron,9,29,0,11,2.0003589994493156,-1.4896013355903537,0.08748866035966844,-0.0004499192396203699,1.7140244245529175,0.017650745809078217,-28.325595790871905,0.0010254217741015453,59.07580837102185,-37.13689025124164,451.8107604980469,446,1.0130286109821678
electron,9,30,0,11,2.0003589707565665,-0.8798926744628955,0.08748866161458829,-0.0004499192460739215,-0.0033736680634319782,0.005657884757965803,-0.019165499110074258,-0.00021983226888516727,0.08487823829928014,-0.08480625624302222,397.6407775878906,460,0.8644364730171535
electron,9,31,0,11,2.0003589993775903,-0.6946569914296751,0.08748866036280545,-0.0004499192396365023,-9.403702279087156e-05,0.010690429247915745,-0.28798633063986667,-0.0007029937182322366,-0.07738713730763978,0.07744707137911566,457.4662780761719,460,0.9944919088612432
electron,9,32,0,11,2.0003589020947756,1.7917828134521985,0.08748866461761348,-0.00044991926151728077,-0.013034041039645672,-0.002989670028910041,0.6350704207873648,0.00010676837913639603,0.0370130508231006,-0.036999356232576934,498.38629150390625,462,1.0787582067184118
electron,9,33,0,11,2.0003589440076817,1.2358997685521766,0.08748866278449038,-0.0004499192520902608,-0.003096552798524499,0.0029185533057898283,0.3981964975670049,-0.0002244155458543673,0.05757260751487625,-0.05753948053558718,462.4833679199219,458,1.0097890129255935
electron,9,34,0,11,2.0003589954789995,-1.8591277964993973,0.08748866053331608,-0.0004499192405133704,0.004843206610530615,-0.001062451978214085,0.08872827735140199,6.107805263286248e-05,-0.05624122110611045,0.05627286965516093,502.4976501464844,462,1.0876572513993168
electron,9,35,0,11,2.0003589372681607,-2.1639214967905103,0.08748866307925333,-0.00044991925360610884,0.0003920863091479987,-0.00038577112718485296,0.2583479105053854,9.250950623403142e-05,0.08353107761057013,-0.08346136143596909,467.44927978515625,458,1.0206316152514328
electron,9,36,0,11,2.0003589121343524,-2.9663574463551794,0.08748866417851771,-0.0004499192592591865,-0.008114056661725044,0.0002559855056460947,0.08056227619990253,0.000174226374956718,-0.11782720470627096,0.11796620098338592,502.3620300292969,458,1.096860327574884
electron,9,37,0,11,2.000358934595995,-1.8700090839108805,0.08748866319612444,-0.00044991925420713035,-0.0004834699211642146,0.002081314567476511,-0.05982382685143506,-5.4393708266625707e-05,0.042894705029684364,-0.042876313361541615,458.9839172363281,460,0.9977911244268003
electron,9,38,0,11,2.0003588989936523,-1.9266285673552457,0.08748866475324572,-0.00044991926221478316,0.007495892234146595,0.003606522921472788,-0.6058438843783431,-0.00044433630208910724,11.702834650039586,-10.476757090994226,478.1998291015625,460,1.039564845872962
electron,9,39,0,11,2.000358936175259,-2.6226161682240137,0.087488663127053,-0.0004499192538519235,0.004173953551799059,0.0138528598472476,-0.28264883836426336,-0.0010368197461249617,0.6904741978916962,-0.6857393446520784,480.6332702636719,462,1.0403317538174717
electron,9,40,0,11,2.0003589457125397,-0.3823596988086326,0.0874886627099259,-0.00044991925170680537,0.0019907017704099417,-0.008990539237856865,-0.11785289005211697,0.0008145381906287524,-0.012056163908366583,0.012057617594516266,468.2616882324219,460,1.0179601918096128
electron,9,41,0,11,2.0003589347968616,2.022588873647548,0.08748866318733926,-0.00044991925416195164,0.008081857115030289,-0.013792355544865131,-0.3980643976699838,0.0007421404215550848,-0.06894873770897861,0.0689963097936467,470.9957275390625,460,1.023903755519701
electron,9,42,0,11,2.000358949592867,1.4315958041607002,0.08748866254021403,-0.00044991925083404506,25.82672691345215,0.0751555785536766,-150.33769792901074,-1.5813946025344805e-05,99.56869767733771,-49.891941389686366,459.7640380859375,444,1.035504590283643
electron,9,43,0,11,2.000358984360336,0.3660135852533658,0.08748866101960728,-0.0004499192430141718,0.0031683756969869137,-0.0015706026460975409,-0.3391193586667063,-0.00011907002191136051,-0.055161507275949886,0.05519195198856466,423.348388671875,460,0.9203225840692935
electron,9,44,0,11,2.0003589340944754,-1.5704585214530795,0.08748866321805916,-0.0004499192543199318,0.00024370686151087284,0.004123243037611246,-0.031719597640700314,-0.000564743599929432,0.03398084085646433,-0.03396929780344013,467.5480041503906,458,1.0208471706340407
electron,9,45,0,11,2.000359011126352,0.8914345861079338,0.08748865984895599,-0.0004499192369939797,-0.007712278515100479,-0.0013088769046589732,0.4722117779609736,0.00010568536302674181,0.35580793377358266,-0.3545464294486891,599.6707153320312,460,1.303631989852242
electron,9,46,0,11,2.0003589655203338,2.974400365276567,0.08748866184360268,-0.0004499192472516511,-0.008101005107164383,0.006842294242233038,0.7611871526322922,-0.0005973310650038977,-0.03361527988032015,0.03362658355048339,449.9544677734375,462,0.9739274194230249
electron,9,47,0,11,2.00035897937504,2.266700814200088,0.08748866123764659,-0.0004499192441354609,0.004522108938544989,-0.004878610372543335,0.1634855740819674,0.00027156370074604697,-0.12700290235656223,0.1271644048414819,457.9149169921875,460,0.9954672108525815
electron,9,48,0,11,2.0003589822758925,-0.23079031988914525,0.08748866111077351,-0.0004499192434830033,-0.000917622062843293,6.183277582749724e-05,0.05397483642613499,0.00011812657080607913,-0.03279938901286937,0.032810150541787875,458.212890625,460,0.9961149796195652
electron,9,49,0,11,2.0003590310136405,2.151241782374826,0.087488658979156,-0.0004499192325209458,4.8331732749938965,-0.7706871628761292,-43.71834106012873,0.0027636063549733303,41.00744523094616,-29.08175888427945,450.4034729003906,446,1.0098732576241942
electron,9,50,0,11,2.000358942138352,2.956758460446529,0.08748866286624829,-0.000449919252510709,0.01868797279894352,0.0004202157724648714,-1.0814279758259993,-0.00011677708972851475,0.0641511601593855,-0.06411003282955532,496.71038818359375,460,1.0798051917034648
electron,9,51,0,11,2.0003589339789665,-2.166329930023137,0.08748866322311111,-0.00044991925434591197,0.008360895328223705,0.00889608170837164,-0.3487370453445493,-0.00031805488141722904,-0.1594067799041552,0.15966129082661096,502.3294677734375,460,1.0920205821161684
electron,9,52,0,11,2.0003589590926425,2.513263888134161,0.08748866212472728,-0.0004499192486973626,-0.0014620517613366246,0.007675850298255682,0.45280955870996564,-0.00032244217500498884,0.024880660081509735,-0.024874471148889386,540.9387817382812,460,1.1759538733440897
electron,9,53,0,11,2.0003589386912863,-2.064730646470992,0.08748866301701082,-0.0004499192532860205,0.004262334201484919,-0.0075893886387348175,-0.32114758113221953,0.00047799515798079006,-0.11609874147577746,0.11623368732393352,498.7196350097656,460,1.084173119586447
electron,9,54,0,11,2.000359008732764,1.9157045564144939,0.08748865995364309,-0.0004499192375323437,-0.003691739635542035,0.0016732914373278618,-0.17888159454759744,1.1323655079595318e-05,0.11215208831431245,-0.11202644831306073,437.5382995605469,460,0.9511702164359714
electron,9,55,0,11,2.000358951743635,2.382314462266988,0.08748866244614702,-0.0004499192503502959,-0.003969990182667971,8.406976849073544e-05,0.2953819407758296,0.00021200255095381315,-0.16905716178064925,0.16934344900921477,454.1268310546875,462,0.9829585087763799
electron,9,56,0,11,2.000358905022317,2.3801101407857015,0.08748866448957313,-0.0004499192608588203,7.563679218292236,0.7942093014717102,-43.091650948055005,-0.0010638965185343074,28.26781393061724,-22.038119356979056,428.0516662597656,444,0.9640803294138865
electron,9,57,0,11,2.000358998385282,1.8205307085238165,0.08748866040620552,-0.00044991923985969153,0.002610191935673356,0.008808999322354794,-0.06490537745418301,-0.00020992178830848973,0.03389349440901995,-0.0338820106116378,467.8233642578125,462,1.0126046845407197
electron,9,58,0,11,2.00035894737699,-1.2181245436783432,0.08748866263712869,-0.00044991925133243844,-0.003053481224924326,-0.00183533551171422,0.04104281622163697,-9.09009941958e-05,0.003190594816708244,-0.0031904930210083335,420.2624206542969,460,0.9136139579441236
electron,9,59,0,11,2.0003589723848276,0.539812150001841,0.08748866154337388,-0.0004499192457076942,0.005099091213196516,-0.002871496370062232,0.21761417357402113,-4.348440552216781e-05,-0.023607890869077296,0.023613465510245586,484.1112365722656,460,1.0524157316788383
electron,9,60,0,11,2.0003589978827025,2.154973723296259,0.08748866042818658,-0.0004499192399727313,-0.006131097674369812,-0.010973584838211536,-0.31516731176184365,0.00056303122315772,-0.1618293449300716,0.16209165679644702,428.7408447265625,460,0.9320453146229619
electron,9,61,0,11,2.000358992308551,-1.9880005163952006,0.08748866067198033,-0.00044991924122646525,-0.010381908155977726,-0.0013524183304980397,0.47100017510781633,7.035388681178589e-05,-0.05091765688004753,0.050943596165548166,457.9581604003906,460,0.9955612182617187
electron,9,62,0,11,2.000358940539165,-2.899851730642437,0.0874886629361911,-0.00044991925287039694,0.009282219223678112,0.0021334062330424786,-0.5202977083929028,0.00014812823345229653,1.0959570673209686,-1.0840760591357328,517.3706665039062,462,1.1198499274976326
electron,9,63,0,11,2.000359009274896,1.441856927438528,0.08748865992993214,-0.00044991923741040775,0.009024737402796745,0.002296186750754714,-0.5391307313746818,-0.00022954614132740525,0.0037888077076238674,-0.003788664162421716,495.5994873046875,460,1.0773901897927989
electron,9,64,0,11,2.0003589533644583,-1.3508288679891856,0.0874886623752579,-0.0004499192499857415,0.00594753585755825,-0.0069152177311480045,-0.7296981042592687,0.000213977025701112,-0.22072241725197855,0.221210678809479,497.6579284667969,462,1.077181663348045
electron,9,65,0,11,2.0003589639275554,1.1632431649464017,0.0874886619132652,-0.00044991924760989755,-0.0011513003846630454,0.00226215785369277,0.08440978351775819,-0.00033940693556210044,-0.07470440646676693,0.07476025567204049,401.0552673339844,458,0.8756665225632847
electron,9,66,0,11,2.0003589100020793,0.8962773381812926,0.08748866427177583,-0.0004499192597387758,0.00900593213737011,0.00223454087972641,-0.28452268675527304,-0.00032509672874604656,0.32616984423644524,-0.3251094352977363,487.87274169921875,460,1.0605929167374322
electron,9,67,0,11,2.000358906961246,2.925396103906779,0.08748866440477118,-0.0004499192604227178,-0.002419818192720413,-0.0028758959379047155,0.20180220589205433,0.000385964198687222,-0.10564694139898247,0.10575867220143535,497.88629150390625,462,1.0776759556361608
electron,9,68,0,11,2.0003590114181082,0.5034894949878184,0.08748865983619558,-0.0004499192369283581,0.01251294557005167,-0.0037510674446821213,-0.7141239131418509,-0.00024047604932653233,0.08938247320647451,-0.08930265228722145,419.08526611328125,462,0.9071109656131628
electron,9,69,0,11,2.0003589394088124,-2.160464000891932,0.08748866298562875,-0.00044991925312463504,0.22329770028591156,-0.002338455058634281,-16.761588860265242,-6.678381330361971e-05,134.2800917887746,-57.31604882152797,1270.59375,450,2.823541666666667
electron,9,70,0,11,2.000359001247141,0.2795683732374181,0.08748866028103788,-0.00044991923921600433,-0.002371972892433405,-0.005199102219194174,0.15446635646920726,-0.00029136395964582396,-0.14585800904648782,0.14607106539427372,481.70489501953125,460,1.0471845543902853
electron,9,71,0,11,2.000358953734013,-0.4057487683697847,0.08748866235909487,-0.00044991924990262156,0.005768174771219492,0.004404356703162193,-0.7185799673887772,-0.00023982292113329529,-0.04214805603072717,0.04216582810759155,463.194091796875,462,1.0025846142789503
electron,9,72,0,11,2.0003589031089057,0.1589385349550481,0.087488664573259,-0.00044991926128918334,-0.00018465887114871293,-0.0015925347106531262,-0.12963304903459982,0.00010430973189388959,-0.12706492824317098,0.12722658861671282,452.196044921875,460,0.9830348802649457
electron,9,73,1,11,2.0003589129912376,0.13712687351355593,0.08748866414104056,-0.0004499192590664565,356.26483154296875,17.396759033203125,-616.6597113812927,-0.00013362412725043127,193.7832630253474,-65.96130120885338,314.7465515136719,302,1.0422071242174566
electron,9,74,0,11,2.0003589554502583,2.349678404232873,0.08748866228403235,-0.00044991924951660493,-0.004749680403620005,-0.010023146867752075,0.30266533194645007,0.0005239808744034735,-0.07218851394230862,0.07224066340368314,491.614501953125,460,1.0687271781589673
electron,9,75,0,11,2.000358985389866,-1.3274120759835832,0.08748866097457927,-0.0004499192427826107,0.011055223643779755,-0.008631208911538124,-0.9458589681989871,0.0006386689709849958,1.2608394867231025,-1.2451402665770064,453.23260498046875,462,0.9810229545031791
electron,9,76,0,11,2.0003589603340046,-1.6943237221424832,0.08748866207043447,-0.00044991924841815634,3.8806214433861896e-05,0.005695244297385216,-0.17195580551487843,-0.00048606432120122667,0.24647824736797488,-0.24587222581502238,513.4952392578125,458,1.121168644667713
electron,9,77,0,11,2.000358918173681,-1.642270242268317,0.0874886639143787,-0.00044991925790082517,0.001904545002616942,-0.006494929548352957,-0.16006321263994927,0.00012497830135005383,-0.13229733703060084,0.132472594745736,419.7279357910156,464,0.9045860685151199
electron,9,78,0,11,2.000358946272888,3.029519923606401,0.08748866268541824,-0.0004499192515807723,-0.00796706136316061,-0.009093075059354305,0.5775609822218364,3.060302588928088e-05,0.3852953859980766,-0.38381655850745305,500.2613220214844,460,1.0875246130901834
electron,9,79,0,11,2.0003589144453215,-0.29299034099849175,0.08748866407744404,-0.000449919258739405,0.0017653829418122768,-0.0015929158544167876,-0.49762506214667823,-3.2463537883442584e-06,-0.04629644221761601,0.0463178857508237,447.4965515136719,462,0.9686072543585972
electron,9,80,0,11,2.00035890005345,-1.1180854791842079,0.0874886647068939,-0.00044991926197641426,0.011433328501880169,-0.014043351635336876,-0.6305223264122528,0.0011466979778328168,-0.0971150994527679,0.09720950455979127,248.011474609375,230,1.0783107591711956
electron,9,81,0,11,2.0003589060302898,-2.046142757799229,0.08748866444548793,-0.0004499192606321078,-0.017897693440318108,-0.009374654851853848,1.4361747761575394,0.00037094378748707413,-0.24244013202004347,0.2430293326549854,520.9869384765625,460,1.1325803010360054
electron,9,82,0,11,2.000358993461394,-2.7399582065930326,0.08748866062155905,-0.0004499192409671687,0.036791760474443436,-0.008454475551843643,-2.632697642807269,0.0006663258791810012,20.360234979309404,-16.916081115004,494.7620544433594,460,1.0755696835725204
electron,9,83,0,11,2.000358974640879,2.319869180586237,0.08748866144470213,-0.00044991924520026484,0.0048625958152115345,0.0059270490892231464,-0.19802656402001517,-0.00046902421764372093,-0.046746241883114686,0.0467681042142299,440.6012878417969,458,0.9620115455061067
electron,9,84,0,11,2.000358953587886,1.6119085838200475,0.08748866236548597,-0.00044991924993548833,0.000417963950894773,-0.006456287577748299,-0.03424185532585611,8.309268612688436e-05,0.18230861709674637,-0.18197685760420287,510.5465393066406,458,1.1147304351673377
electron,9,85,0,11,2.000358929916342,-1.689007972681095,0.08748866340079602,-0.00044991925525967447,0.0020607952028512955,-0.002047052374109626,-0.061179197262006824,-0.0001328261748820142,0.8514081370368521,-0.8442203760605455,442.8997802734375,458,0.9670300879332696
electron,9,86,0,11,2.0003589653363147,2.402091856586356,0.08748866185165102,-0.0004499192472930405,-0.00034341184073127806,-0.003509235568344593,0.1841825371791117,0.0003481550552779933,0.029059738718322934,-0.02905129648747591,502.18218994140625,460,1.0917004129161005
electron,9,87,0,11,2.0003589255114105,-0.5428022377180184,0.08748866359345223,-0.00044991925625042844,-0.004836288746446371,-0.007643032819032669,0.12912675610432522,0.0006869237626383196,0.04521003761086023,-0.04518960737237552,456.8608093261719,462,0.9888762106627097
electron,9,88,0,11,2.0003589336910355,-2.375780439051027,0.0874886632357042,-0.0004499192544106732,0.0013992348685860634,-0.00042243883945047855,0.06446805798487887,0.00027001198192427855,0.01654126321795137,-0.016538527536587962,428.70196533203125,460,0.9319607942000679
electron,9,89,0,11,2.0003590061689964,1.660905333275476,0.08748866006577326,-0.00044991923810898437,0.007640230935066938,0.001321739866398275,-0.38513731447742394,-7.850810730768154e-05,-0.016852901675788175,0.01685574235745969,461.6772766113281,460,1.0036462535028872
electron,9,90,0,11,2.000358953722637,-2.926766803791888,0.08748866235959242,-0.00044991924990518017,-0.011246420443058014,0.010144339874386787,0.7709770706965102,-0.000610019919750196,0.438009022165012,-0.4360988697698595,459.67572021484375,462,0.9949690913741207
electron,9,91,0,11,2.0003589216841906,1.9024290543939542,0.08748866376084137,-0.00044991925711124393,0.009272660128772259,-0.008814232423901558,-0.8573037530850147,0.0003870824297065728,3.2044089489529353,-3.1049147818267246,520.4630126953125,460,1.1314413319463315
electron,9,92,0,11,2.00035899047308,-0.4202039900509245,0.08748866075225739,-0.0004499192416392981,0.008824133314192295,0.006113077979534864,-0.627630642282273,-0.00011445784517197244,0.1229668053701832,-0.12281578272568074,417.3122863769531,460,0.9072006225585938
electron,9,93,0,11,2.0003589742490533,-3.0143815981998903,0.0874886614618392,-0.000449919245288394,-0.004868109244853258,0.004050821997225285,0.07433768658460238,-0.00034532224513006415,0.10600511772516885,-0.10589286586804232,422.9920959472656,462,0.9155673072451637
electron,9,94,0,11,2.0003589544464164,-2.0290022886316983,0.08748866232793685,-0.0004499192497423883,0.004356129094958305,0.0022693180944770575,-0.2147161443026846,0.0002013930423939575,-0.13276773965975644,0.13294424673114105,429.955810546875,460,0.9346865446671195
electron,9,95,0,11,2.0003589058300033,2.037147465989958,0.08748866445424776,-0.0004499192606771561,-0.00535955373197794,-0.000877993879839778,0.32621259890897036,0.00023055248853941224,-0.18993387867078737,0.1902953139414928,513.4144287109375,460,1.1161183232846468
electron,9,96,0,11,2.0003589586147,-2.9613382980543053,0.08748866214563081,-0.00044991924880486106,0.003131514647975564,0.005268795881420374,0.15618059214705937,-0.00019134177972504607,-0.23042517336368168,0.23095735725454056,491.9697570800781,460,1.0694994719132134
electron,9,97,0,11,2.0003589627111,2.033368665300931,0.08748866196646868,-0.0004499192478835018,-0.006243026349693537,0.005509397014975548,0.463646329317946,-0.0007855179525869949,-0.15404927989939,0.15428695784692104,438.548095703125,460,0.9533654254415761
electron,9,98,0,11,2.0003589079257353,-1.7505312472924583,0.08748866436258781,-0.0004499192602057856,-0.008069247007369995,-0.014165889471769333,0.6152898415916486,0.0007185730598784634,-0.046730169447117526,0.046752016743751006,537.7532958984375,460,1.169028904127038
electron,9,99,0,11,2.000358922120269,-1.4954934489575553,0.08748866374176884,-0.0004499192570131615,0.0035394125152379274,-0.004611567128449678,-0.18831373775718419,0.00040000920611477087,-0.07909225894946477,0.07915486431971283,425.9320983886719,462,0.9219309488932291
electron,10,0,0,11,2.0003589162509234,2.662055128956765,0.08748866399847337,-0.0004499192583332904,0.015286151319742203,0.00011046230792999268,-0.528448964089101,0.00020227054036787984,2.9835744523703904,-2.8971362357890262,500.3135681152344,460,1.0876381915548574
electron,10,1,0,11,2.000358894084231,-2.3288768283914325,0.08748866496796655,-0.00044991926331900664,6.3571367263793945,0.38293567299842834,-53.16653327238585,-0.0020492884349350843,50.671020199117756,-33.63023634681307,413.5210876464844,448,0.9230381420680455
electron,10,2,0,11,2.000358924358417,1.725845977505199,0.08748866364388012,-0.0004499192565097589,0.0007270285277627409,-0.0023548458702862263,-0.28912707184947095,0.0005248363313243437,-0.10703683850446569,0.10715153011471,466.7965087890625,460,1.0147750191066576
electron,10,3,0,11,2.0003589030670375,-1.821597692615082,0.08748866457509018,-0.00044991926129860034,0.010220524854958057,0.008706049993634224,-1.068475597808538,-0.0004533885793588238,7.830295815507981,-7.261684442473575,417.1643981933594,460,0.906879126507303
electron,10,4,0,11,2.0003589899230576,-2.0408011483165422,0.08748866077631343,-0.00044991924176300866,84.00848388671875,2.2619071006774902,-298.6990405109724,-0.001130083763297679,134.8241653386169,-57.414944984133214,467.7695617675781,442,1.0583021759447468
electron,10,5,0,11,2.0003589396177457,-0.7055356640700684,0.08748866297649074,-0.0004499192530776419,0.005389048717916012,-0.003557786578312516,-0.18422414022822853,0.000586706619990579,0.056763803105687224,-0.05673160009190494,536.3221435546875,460,1.1659177033797554
electron,10,6,0,11,2.000358915155051,-2.803002703938367,0.08748866404640296,-0.00044991925857977317,-0.005376659799367189,-0.014539419673383236,0.010598454358135001,0.0006294420803823197,0.7350746782397365,-0.729710759224288,470.1108703613281,460,1.021980152959409
electron,10,7,0,11,2.0003589701100397,-2.8458216216774592,0.08748866164286509,-0.0004499192462193378,-0.009688111022114754,-0.0022978184279054403,0.933411380828364,-0.00010899000962152905,-0.0014139679343843571,0.001413987927722432,444.3899230957031,460,0.9660650502080502
electron,10,8,0,11,2.0003589981423673,-1.8882273549182444,0.08748866041682976,-0.00044991923991432773,-0.015365513041615486,-0.0075682420283555984,1.8078202350169104,0.0013908801457999387,-0.04301910858416938,0.04303762298592571,424.5835876464844,460,0.9230077992314878
electron,10,9,0,11,2.000358941582441,-0.7454640745412752,0.08748866289056188,-0.00044991925263574404,-0.006020237226039171,-0.012217684648931026,0.48201077098097844,0.0010382789453183966,-0.19325052689115269,0.1936247076589009,432.9033508300781,460,0.9410942409349524
electron,10,10,0,11,2.0003589485254003,2.4258217261180626,0.08748866258690127,-0.00044991925107413887,-0.0024440076667815447,-0.006437853444367647,-0.20927647206647748,0.0008122956888937105,0.6361314503611569,-0.6321103973227897,454.28399658203125,460,0.9875739056131114
electron,10,11,0,11,2.0003589832922977,-2.826142394336271,0.08748866106631953,-0.00044991924325439423,-0.0034114914014935493,-0.008660201914608479,-0.1286627926351258,0.0005818283998708096,-0.10142555102097438,0.10152852688880762,468.41583251953125,460,1.0182952880859375
electron,10,12,0,11,2.000358906951293,2.057211672187478,0.08748866440520649,-0.0004499192604249564,0.0064091430976986885,-0.0025648281443864107,-0.497614265114521,0.00019765822424526458,-0.31444941512767527,0.31544131850879914,475.2724609375,462,1.0287282704274892
electron,10,13,0,11,2.000359001351064,1.9366143993154725,0.08748866027649266,-0.00044991923919263,0.0008154768729582429,0.007345837075263262,-0.6036809698304335,-0.00031300789173466237,-0.16050956134786812,0.1607676087314412,422.8169250488281,460,0.9191672283670177
electron,10,14,0,11,2.0003589760829046,0.9803276027013337,0.08748866138163301,-0.00044991924487592554,-0.003763361368328333,-0.002016344340518117,-0.012930708078062736,-0.0001714554161140608,0.007467826535503699,-0.007467268892816388,446.9499816894531,460,0.971630394977072
electron,10,15,0,11,2.0003589591537096,-2.3625404984667404,0.08748866212205642,-0.0004499192486836274,-0.006027498748153448,0.0009428846533410251,0.5314500048263504,-0.0001241375191664007,-0.08194309636592402,0.08201029814356917,417.0511474609375,458,0.910592025023881
electron,10,16,0,11,2.0003589526572783,2.327438724302477,0.08748866240618747,-0.0004499192501447999,0.01893305405974388,0.012559437192976475,-1.6216161481801272,-0.0008490420424751566,14.249672865694926,-12.472397082874787,431.0502014160156,460,0.9370656552522079
electron,10,17,0,11,2.0003589778447988,-1.1076371281426822,0.08748866130457396,-0.00044991924447964157,0.0699262022972107,0.008193020708858967,-3.9133221823299813,-0.0008035998498010094,19.98449436712785,-16.655897474534836,1943.0716552734375,458,4.24251453116471
electron,10,18,0,11,2.0003589043031678,1.6984099741897958,0.08748866452102617,-0.00044991926102057084,-0.012112454511225224,-0.009902671910822392,0.6332997359854708,0.0008960606324200232,-0.1197358558883075,0.11987939450734156,574.6571044921875,462,1.2438465465198865
electron,10,19,1,11,2.0003589174229264,-3.0254557769058392,0.08748866394721408,-0.00044991925806968434,80.05086517333984,1.3581045866012573,-121.24538415558294,7.589384354214634e-05,22.80544263853724,-18.570384299385065,413.6805114746094,234,1.7678654336521769
electron,10,20,0,11,2.0003589280193377,-0.11450028297374754,0.08748866348376431,-0.00044991925568634727,0.004549647681415081,0.0017013075994327664,-0.5736810260006941,0.00022504747996172914,-0.12338300642334639,0.12353542814859138,518.6758422851562,460,1.1275561788807744
electron,10,21,0,11,2.0003589168160527,1.9217322619136346,0.0874886639737566,-0.0004499192582061819,-0.008225882425904274,-0.0028806834015995264,0.10780976452706703,-0.0001602895879228572,-0.00174653472290179,0.0017465652272629008,432.6386413574219,460,0.9405187855596128
electron,10,22,0,11,2.0003589743550756,-0.589764679316306,0.08748866145720216,-0.0004499192452645475,0.00769414659589529,-0.00948102306574583,-0.5858293735743203,0.0005336898077514529,1.1390337079087058,-1.126205843728204,402.6471862792969,460,0.8753199701723845
electron,10,23,0,11,2.000358915902573,1.3383697649073822,0.08748866401370897,-0.00044991925841164106,0.01936986856162548,-0.013134430162608624,-1.5420099330170078,0.00028955407682523804,4.719864781202805,-4.50713414409414,577.564453125,460,1.255574898097826
electron,10,24,0,11,2.0003589174633403,0.18261861318615685,0.08748866394544651,-0.00044991925806059445,5.050374507904053,0.04528556019067764,-43.4176426556469,-0.00015859082723666817,42.90156979964048,-30.02176243395502,461.3649597167969,446,1.0344505823246566
electron,10,25,0,11,2.0003589288367074,0.47634374062073453,0.08748866344801544,-0.0004499192555025051,0.011732972227036953,-0.013668249361217022,-0.6509021903298717,0.0008600604999864231,-0.0003939799876658634,0.0003939815398768887,444.967529296875,460,0.9673207158627717
electron,10,26,0,11,2.000358960944355,1.6463935631705213,0.08748866204373988,-0.0004499192482808768,-0.011705433949828148,0.003595131915062666,0.627253632457192,-0.0003789696490064526,-0.018394707645049854,0.018398091920271815,487.35272216796875,458,1.0640889130304994
electron,10,27,0,11,2.0003589866559763,0.25179754590454634,0.08748866091920406,-0.0004499192424978381,0.0008539763512089849,0.007785473018884659,-0.23888444366987338,-0.00041777859880000323,-0.20156699885293441,0.20197411200897247,485.33642578125,460,1.0550791864809783
electron,10,28,0,11,2.0003589906705255,-0.14344180975906337,0.08748866074362181,-0.00044991924159488875,0.01331294048577547,0.005192483309656382,-0.6586476708224931,-0.00014820896664045902,0.39840962589707035,-0.3968286224668401,467.7892761230469,460,1.0169332089631453
electron,10,29,0,11,2.0003589995459303,-1.8479079309818696,0.08748866035544285,-0.0004499192395986394,-0.011408130638301373,-0.012573049403727055,0.7062260029266909,0.0008498339453994336,-0.1318857477656257,0.1320599159732962,464.0858154296875,462,1.0045147520123106
electron,10,30,0,11,2.0003589387430822,1.0245774301170012,0.08748866301474545,-0.00044991925327437057,0.002037616679444909,0.011381859891116619,-0.42467437969651023,-0.0007117284506318322,0.31210837843734085,-0.3111372928778221,392.826171875,460,0.8539699388586957
electron,10,31,0,11,2.0003589280436427,0.13661679000874394,0.0874886634827013,-0.0004499192556808806,-0.013946505263447762,-0.0024071361403912306,0.9536656616128125,-3.56110811586402e-05,0.36438770206273063,-0.36306473880399476,453.56231689453125,460,0.9860050367272418
electron,10,32,0,11,2.000358935196572,-0.9447295721912784,0.08748866316985733,-0.00044991925407204906,0.019068073481321335,0.009444610215723515,-1.2225452518063173,-0.0006362393231356817,0.14115396283558027,-0.14095499926829785,493.8839416503906,460,1.0736607427182405
electron,10,33,0,11,2.0003590118239356,-1.497416923152032,0.08748865981844613,-0.0004499192368370797,-0.0011449443409219384,-0.006412473041564226,-0.19185770886887,0.0003433738157396643,-0.1621068023113555,0.16237001515082447,456.62457275390625,462,0.9883648760907062
electron,10,34,0,11,2.0003589408811417,-1.138049706808232,0.08748866292123425,-0.00044991925279347985,0.0016583226388320327,0.0036424309946596622,-0.07452071557167983,0.0002551483881033656,-0.28874119548685484,0.28957732451550383,496.99664306640625,460,1.0804274849269702
electron,10,35,0,11,2.000358991915616,2.0674031281521574,0.08748866068916593,-0.0004499192413148439,0.0017204339383170009,-0.0006582218338735402,-0.0815892269865337,-0.00016854899721417682,-0.12983555753887138,0.1300043494107509,456.9973449707031,462,0.9891717423608293
electron,10,36,0,11,2.000358917837194,-1.552163477627902,0.08748866392909546,-0.0004499192579765075,0.01252314355224371,0.01216431986540556,-0.761989863247825,-9.521617232818858e-05,0.023254958854317914,-0.02324955218051933,488.9206237792969,458,1.067512278994098
electron,10,37,0,11,2.000358902779575,0.8662411220621082,0.08748866458766277,-0.0004499192613632562,0.019633013755083084,0.013531113043427467,-1.1474140237781594,-0.0007177426420908739,3.0638694648572318,-2.9727871471990026,478.37872314453125,460,1.0399537459663724
electron,10,38,0,11,2.000358917570325,-0.049471255328530334,0.08748866394076737,-0.00044991925803653155,-0.00667003495618701,-0.008245657198131084,0.28114014493849093,0.0003493599602183428,-0.3078443651592703,0.3087949730838152,467.4393310546875,460,1.016172458814538
electron,10,39,0,11,2.0003589954133134,0.8364180155818731,0.08748866053618896,-0.00044991924052814445,0.00213997601531446,0.002949806395918131,0.2193025524347414,-0.000553185067553405,-0.2301969342446461,0.230728063172516,490.0837097167969,460,1.0653993689495584
electron,10,40,0,11,2.0003589710499536,-2.4154643367029722,0.08748866160175657,-0.00044991924600793306,-0.00268609169870615,0.0006197591428644955,0.38641197457867094,-0.0001819162513957001,-0.03686874893052811,0.03688234699045495,473.7711181640625,458,1.0344347558167304
electron,10,41,0,11,2.000358994109808,-2.2101768004038367,0.0874886605931997,-0.0004499192408213279,-0.003920564893633127,-0.004590011201798916,0.04420152688355827,-0.00013687648313041867,0.1899824995550724,-0.18962225046393527,479.2711181640625,462,1.0373833726494859
electron,10,42,0,11,2.0003589821595984,0.44803735321978777,0.0874886611158598,-0.0004499192435091601,-0.0014176882104948163,0.007483880966901779,0.15551143666059364,-8.388847658520604e-05,0.047302254025691666,-0.047279889572231816,473.3624572753906,460,1.0290488201638928
electron,10,43,0,11,2.0003589478387993,2.9193039997298507,0.08748866261693078,-0.0004499192512285686,-0.012271981686353683,-0.0007344222976826131,1.2494460861893764,0.00010154007224005834,-0.04177316725375451,0.0417906245212364,306.2249450683594,310,0.9878224034463206
electron,10,44,0,11,2.000358941937606,2.4871674943909197,0.08748866287502821,-0.0004499192525558607,0.004960065241903067,0.007491620723158121,-0.7385183319597033,-0.00010277745756681611,0.9199185182776007,-0.9115331559755425,508.4385070800781,462,1.1005162490910783
electron,10,45,0,11,2.0003589825098924,-0.4496304984917914,0.08748866110053918,-0.00044991924343037223,-0.008195684291422367,0.00017601162835489959,0.6683166852270439,-0.00017015128341577035,0.35591646565594964,-0.35465419298697537,536.5521850585938,460,1.1664177936056386
electron,10,46,0,11,2.000358960058864,-2.189195067681235,0.08748866208246815,-0.0004499192484800408,0.02951335348188877,-0.004026990383863449,-2.0991255865872027,0.00023034624406230442,8.315876720689625,-7.677431021616055,871.2010498046875,460,1.8939153256623642
electron,10,47,0,11,2.000359009362419,3.0728844721976714,0.0874886599261042,-0.00044991923739072216,0.003950592130422592,0.003848263993859291,-0.12293655314010721,-6.989844488755614e-06,-0.1971024776305626,0.19749173874072967,420.8396911621094,462,0.9109084224288082
electron,10,48,0,11,2.000359020912687,2.480136091809415,0.08748865942093614,-0.0004499192347928446,-0.004363658372312784,-0.006399423815310001,0.17649402127339897,0.00019656797316786045,-0.07368597726760454,0.07374031353827579,432.1341247558594,462,0.9353552483893061
electron,10,49,0,11,2.0003589089704747,2.866360330668123,0.08748866431689459,-0.0004499192599708035,0.0010368425864726305,-0.004015127196907997,-0.11339196267856622,0.00039634294533533176,-0.08112408085163002,0.08118994544863166,483.5483703613281,462,1.046641494288589
electron,10,50,0,11,2.000358916244248,-0.03765480947928378,0.08748866399876533,-0.00044991925833479183,-0.0004617118393070996,0.0022978964261710644,0.14515203671404409,2.3076626139303946e-05,0.43265107455425184,-0.4307872688067188,494.6144714355469,460,1.075248850946841
electron,10,51,0,11,2.000358937143579,-0.6076900776662346,0.08748866308470209,-0.00044991925363412966,0.00470693688839674,0.0036752168089151382,-0.11416112999951267,-0.0004550783707662348,-0.046172403140388306,0.04619373189649893,508.1346435546875,460,1.1046405294667119
electron,10,52,0,11,2.0003589661137022,-1.6931447785742366,0.08748866181765083,-0.00044991924711819105,0.0017681908793747425,0.00820008572191,-0.21435800718427878,-0.00040090393219474607,0.19835803624454476,-0.1979653560518336,546.3377685546875,458,1.1928772239185317
electron,10,53,0,11,2.0003589187392805,-2.5541120991978343,0.08748866388964137,-0.0004499192577736109,-0.0013419580645859241,0.0036877573002129793,-0.24376055863539747,-0.00020260135101755894,0.0038036876034146026,-0.003803542928523843,486.9957275390625,460,1.0586863642153532
electron,10,54,0,11,2.000358972609007,-0.196869355104839,0.08748866153356906,-0.000449919245657272,0.006590549368411303,0.0026861748192459345,-0.790897347057673,-0.00021757466194506636,0.04189396095428448,-0.041876417264388566,438.0196838378906,460,0.9522167039954144
electron,10,55,0,11,2.000358978835974,-0.4456978187260234,0.08748866126122344,-0.0004499192442567072,-0.003515992546454072,0.0028429487720131874,0.09808394285076849,-4.40429169164952e-05,-0.01840675074662384,0.01841013945510044,456.53155517578125,460,0.9924599025560462
electron,10,56,0,11,2.0003589476882975,1.9499697267106013,0.08748866262351321,-0.0004499192512624194,0.011429895646870136,0.005040877964347601,-0.3907262375788534,-9.75096455697877e-05,5.22703025579674,-4.967383611502045,582.087646484375,460,1.2654079271399457
electron,10,57,0,11,2.0003589468658314,-2.2789617959818425,0.08748866265948498,-0.0004499192514474079,-0.0028503036592155695,-0.0009500336600467563,0.30269068093913276,-0.00022020584281169653,0.44289899892677514,-0.44094605327103453,506.65179443359375,458,1.1062266254008597
electron,10,58,0,11,2.0003589214547155,0.6419863372740672,0.0874886637708778,-0.00044991925716285727,0.006555183790624142,0.010946780443191528,-0.41845139836527157,-0.00047883895846553837,0.21520023819796918,-0.21473812124953742,442.4902038574219,462,0.9577710040203937
electron,10,59,0,11,2.0003589901440413,0.074764336565867,0.08748866076664838,-0.0004499192417133052,-0.002039992483332753,-0.00024685662356205285,-0.08855305089050525,0.00020344351334658506,-0.07093185713569658,0.07098220613272953,481.6939697265625,462,1.0426276401007846
electron,10,60,0,11,2.0003589941529003,-0.20365280393165136,0.08748866059131499,-0.0004499192408116356,0.0023315998259931803,-0.005582188721746206,-0.18344339329218196,0.00037204287700776106,0.148033119826224,-0.1478143056979468,444.4862976074219,460,0.9662745600161345
electron,10,61,0,11,2.000358951620292,1.2399122517859409,0.08748866245154159,-0.0004499192503780381,-0.0009505036287009716,0.0006980961188673973,0.14664713984036126,-0.0002799890935780286,-0.10681554204019379,0.10692975964254221,437.3163146972656,458,0.9548391150595319
electron,10,62,0,11,2.000358904181221,2.3828122166267383,0.08748866452635971,-0.00044991926104799904,-0.008740831166505814,0.0017430473817512393,0.646397722626979,-0.0002337007111474637,-0.019833591395015716,0.019837525888837013,525.2154541015625,462,1.1368299872328194
electron,10,63,0,11,2.0003589821922594,-0.324315972027485,0.08748866111443133,-0.000449919243501814,0.0026232001837342978,-0.011752266436815262,-0.38906246691500224,0.0005477940995922553,-0.032708831690025815,0.03271953386729371,482.4024353027344,458,1.0532804264251843
electron,10,64,0,11,2.0003589287636885,-1.9128710576194108,0.08748866345120902,-0.00044991925551892846,0.013617982156574726,-0.010653220117092133,-1.1588982445418505,0.0006075156168795087,-0.020873819985402872,0.02087817805870476,531.7244262695312,460,1.1559226658033288
electron,10,65,0,11,2.0003589487584534,2.794658691166584,0.08748866257670834,-0.00044991925102172073,0.003466396126896143,0.006761533673852682,-0.14689612263873997,-0.0002464839578004141,0.39351073259675423,-0.39196829528643246,416.6702575683594,462,0.9018836743903883
electron,10,66,0,11,2.000358997117142,0.2847938693610791,0.0874886604616695,-0.0004499192401449206,-0.008300787769258022,-0.008076690137386322,0.29133190234864603,0.0006834698250240689,-0.18080201802863805,0.18112950382679072,468.3812255859375,460,1.0182200556216032
electron,10,67,0,11,2.0003588960407366,-2.88162073798187,0.08748866488239587,-0.0004499192628789508,-0.004367458634078503,-0.0053060720674693584,0.7871121884130972,0.00045764575698553633,0.13924374248564433,-0.1390501238892151,502.4017028808594,460,1.09217761495839
electron,10,68,0,11,2.000359005709791,-0.6658603920728365,0.08748866008585729,-0.0004499192382122685,-0.006471587345004082,0.004017121158540249,0.29353044335045375,-6.68777710799151e-05,-0.22215585292828588,0.22265048401009072,415.30255126953125,460,0.9028316331946331
electron,10,69,0,11,2.0003589272698856,-1.4788196468310157,0.0874886635165427,-0.0004499192558549135,0.003944024443626404,-0.002898566657677293,-0.13597965671618972,9.496030996104798e-05,0.06236506110910024,-0.062326191341780746,458.75848388671875,460,0.9973010519276495
electron,10,70,0,11,2.0003589668487853,2.5645514664032385,0.08748866178550088,-0.0004499192469528567,-0.009480427019298077,0.0018994923448190093,0.1417461059167735,-0.00024427034415566706,-0.11476478767723071,0.11489664857200708,480.0024108886719,460,1.0434835019318953
electron,10,71,0,11,2.0003589524490826,-1.4334702227928933,0.08748866241529321,-0.00044991925019162714,0.02855105884373188,-2.719909025472589e-05,-3.3145214698020453,0.0002798252169814164,37.77259581342959,-27.41662490309822,475.4786682128906,458,1.0381630310325123
electron,10,72,0,11,2.000358936755031,-2.038733490176409,0.08748866310169581,-0.00044991925372152156,82.76354217529297,2.3633694648742676,-265.81072025755105,-0.0012278526072729001,104.74961633094516,-51.15985964126745,431.3584899902344,442,0.9759241854982679
electron,10,73,0,11,2.0003589669664446,-2.8000444809054605,0.08748866178035489,-0.0004499192469263929,0.019043445587158203,0.013158109039068222,-1.2114604855306688,-0.0007701546692823469,1.210686888206545,-1.1962045960065781,8.642243385314941,6,1.4403738975524902
electron,10,74,0,11,2.000358966246823,-2.7036901992403237,0.0874886618118286,-0.00044991924708824967,0.005776579491794109,0.004243628587573767,-0.4738289274008878,-0.0002489791374206407,0.05132497629833882,-0.05129864727978033,470.7908630371094,460,1.0234583979067595
electron,10,75,0,11,2.000358892210785,-1.5695705652831606,0.08748866504990448,-0.0004499192637403807,0.05118916183710098,-0.005672700237482786,-3.5618304611630958,0.00010907762683044775,21.961977170246477,-18.007232811247228,452.0816650390625,458,0.9870778712643286
electron,10,76,0,11,2.0003589562427377,0.26612021259814644,0.08748866224937209,-0.00044991924933836106,0.01607969030737877,-0.00415831059217453,-1.6572647526874595,-6.951744012602401e-05,15.66322166801283,-13.542093538576022,510.7095947265625,462,1.1054320232176678
electron,10,77,0,11,2.000359022308529,-2.574793857105589,0.08748865935988694,-0.0004499192344788929,-0.006052048411220312,0.009426954202353954,0.5674777110575846,-0.00021850381083755865,-0.09681790318170688,0.09691173108768736,415.9477233886719,458,0.9081828021586722
electron,10,78,0,11,2.0003589063416114,2.8027012492369403,0.08748866443187182,-0.0004499192605620856,-0.001113982405513525,0.000308357848552987,0.3194664765606703,5.387689322049194e-05,0.09416403771633346,-0.09407545247178871,470.80859375,460,1.0234969429347827
electron,10,79,0,11,2.000358960117217,-1.224106930309946,0.08748866207991599,-0.000449919248466916,-0.003334837267175317,-0.005695289932191372,0.29446941059307896,0.0007587712248706968,0.20133979674623736,-0.20093523415419895,444.7276611328125,460,0.9667992633322011
electron,10,80,0,11,2.0003589684132015,2.239590612272964,0.08748866171707882,-0.0004499192466009894,0.03934235870838165,-0.0016402711626142263,-2.124276976333217,-8.204878439678487e-05,14.19947681890241,-12.433924580425137,2024.452880859375,460,4.400984523607337
electron,10,81,0,11,2.000358925642432,0.5483820395436149,0.08748866358772181,-0.0004499192562209592,0.0025445495266467333,-0.004446350038051605,0.1813216242928517,0.0005572687648210672,0.07089716671864843,-0.07084693824672104,523.3353271484375,460,1.137685493800951
electron,10,82,0,11,2.0003589645173454,-1.9101199270170377,0.08748866188746986,-0.00044991924747724243,0.0050331163220107555,0.014199690893292427,-0.0636219102694291,-0.0010017411730915,0.21259551806619525,-0.212144508349621,450.7581787109375,460,0.979909084154212
electron,10,83,0,11,2.0003589099481065,-0.3290475139376663,0.08748866427413642,-0.00044991925975091534,0.021204138174653053,0.0026907268911600113,-1.298355126664763,5.886148937524205e-05,9.778403405762212,-8.907401731485697,1054.8978271484375,458,2.3032703649529203
electron,10,84,0,11,2.0003589762135294,1.9371080084082708,0.08748866137591993,-0.00044991924484654545,-0.002574605168774724,-0.00023230504302773625,0.31367108849433833,-7.239249078427878e-05,-0.01676383742584231,0.016766648159488366,505.0570068359375,460,1.0979500148607337
electron,10,85,0,11,2.0003589096407874,-0.4493050804611679,0.08748866428757747,-0.0004499192598200373,0.005244308151304722,-0.012342450208961964,-0.38842053446808134,0.0014654044327632593,0.23983884276798687,-0.2392649923791123,445.5707092285156,460,0.9686319765837296
electron,10,86,0,11,2.0003589228070617,2.377332413827201,0.08748866371173093,-0.0004499192568586886,-0.001820576493628323,-0.009799412451684475,0.08681949494260266,0.0009429851983146914,0.04225371625962002,-0.04223587003493514,480.6999816894531,460,1.0449999601944633
electron,10,87,0,11,2.0003589624204015,0.2412637904697046,0.08748866197918281,-0.0004499192479488855,0.003026501275599003,-0.0029528415761888027,-0.23718033367248204,-0.00018763122413978373,0.13104478093136437,-0.13087327833047743,461.198486328125,462,0.9982651219223485
electron,10,88,0,11,2.0003589105751747,2.980521664081729,0.08748866424671065,-0.0004499192596098756,79.66421508789062,1.901656985282898,-436.634764133609,0.00010261877664674568,310.21629325267776,-75.62261625273774,185.70840454101562,200,0.9285420227050781
electron,10,89,0,11,2.000358961411214,2.2233646718736817,0.08748866202332112,-0.0004499192481758712,0.033435069024562836,-0.0008844651747494936,-2.5175420519043534,0.00015383629105952812,11.641178690403349,-10.427316181143139,736.1173706054688,460,1.6002551534901495
electron,10,90,0,11,2.0003590152116977,1.9916856771231888,0.08748865967027734,-0.0004499192360751068,0.015040320344269276,-0.009093071334064007,-1.0118966819046005,0.0005910759664337767,1.9059429318109522,-1.8702961544512577,893.6602172851562,458,1.9512231818453194
electron,10,91,0,11,2.000358901734554,-2.5461362069211972,0.08748866463336831,-0.0004499192615983015,-0.0038251664955168962,0.004531064070761204,0.15384608135349254,0.00011673724022025211,-0.038004231535177305,0.038018680242458844,505.28515625,460,1.098445991847826
electron,10,92,0,11,2.000358910809111,-0.9308956538829003,0.0874886642364791,-0.0004499192595572588,-0.0030238842591643333,0.0061170184053480625,0.2146040591393117,-0.0005946661500266098,0.08095521974349634,-0.08088973528053985,413.88873291015625,462,0.8958630582470914
electron,10,93,0,11,2.0003589286178003,2.5981271582542047,0.08748866345758967,-0.0004499192555517415,0.00020692587713710964,0.006183321587741375,-0.15095052105040807,-0.000349220894532723,0.23269837258472706,-0.23215814436097484,409.7001037597656,456,0.8984651398240474
electron,10,94,0,11,2.000358996031378,-2.3974745207233736,0.08748866050915699,-0.0004499192403891298,-0.015184479765594006,-0.009136292152106762,0.7331304951021522,0.0006536227516653059,0.052031552010735366,-0.05200449326577367,452.02728271484375,458,0.986959132565161
electron,10,95,0,11,2.0003590045658237,0.3641118217963622,0.08748866013589039,-0.00044991923846956876,0.006493668537586927,-0.008831539191305637,-0.4885305423186215,0.00039260693487987164,5.3654306310011375,-5.092211552564474,487.22821044921875,460,1.0591917618461277
electron,10,96,0,11,2.0003589196848295,1.8090179988963266,0.0874886638482864,-0.00044991925756093874,0.02990150824189186,0.002150758868083358,-1.8093416316171673,-0.00025459891164851534,14.955973054804986,-13.010174815078777,1142.9393310546875,460,2.4846507196841032
electron,10,97,0,11,2.0003589185468718,2.5485375482893176,0.08748866389805665,-0.00044991925781688737,28.24514389038086,0.12576307356357574,-100.5776483869738,0.0009273238915742388,40.6723985669844,-28.912849273425383,421.4993896484375,442,0.9536185286163744
electron,10,98,0,11,2.0003589981156336,2.1041141869604587,0.08748866041799899,-0.00044991923992034066,-0.0051168710924685,-0.006981890182942152,0.5520461022854306,0.0005124715934145818,-0.03474566974425477,0.03475774655607399,538.9441528320312,460,1.171617723547894
electron,10,99,0,11,2.000358950039352,-2.3907363994773863,0.08748866252068635,-0.000449919250733622,0.0029778294265270233,-0.00020943385607097298,-0.0910178962709729,0.00011653073664549818,0.5743685828988827,-0.571088430374246,428.2304992675781,460,0.9309358679729959
muon,1,0,0,13,2.0003590347924276,-0.8959747300154015,0.08748865881388518,-0.0004499192316710239,-0.0006241312948986888,0.002014217898249626,0.19255733550038734,-1.2382952621903254e-05,-0.032240458132079416,0.03225085595578296,458.3282470703125,460,0.9963657545006793
muon,1,1,0,13,2.0003589428232003,0.299970390820483,0.08748866283629544,-0.00044991925235667344,-0.008792414329946041,0.006704697851091623,0.6273960828983571,-0.00011892282698758305,0.11651514779663617,-0.11637954799427798,410.269775390625,458,0.8957855357873908
muon,1,2,0,13,2.0003590106660916,0.7537287374010024,0.08748865986908615,-0.0004499192370975011,-0.001485563232563436,0.0005190368392504752,0.4205803403916075,0.00016574447308838336,0.05397288764571315,-0.05394377263392001,485.1805419921875,460,1.0547403086786684
muon,1,3,0,13,2.0003589718475334,1.0994054471031127,0.08748866156687324,-0.00044991924582854205,-0.006341824308037758,-0.002924488391727209,0.2033318504395254,0.00022067590604241127,-0.13421585494550992,0.13439623600266243,410.5244140625,460,0.8924443783967392
muon,1,4,0,13,2.0003589007390112,1.1913540483683351,0.08748866467690986,-0.00044991926182221827,0.00886590126901865,0.009342432022094727,-0.6537557810548655,-0.0005154594681314739,0.19317335015326514,-0.19280091017594256,462.7341613769531,460,1.0059438290803329
muon,1,5,0,13,2.0003589759956952,1.4433126413931348,0.08748866138544724,-0.0004499192448955406,0.00027641738415695727,0.0010991846211254597,-0.11932493347899253,5.332114610030747e-05,0.09616634479934486,-0.09607395398948988,529.583740234375,458,1.1562963760575873
muon,1,6,0,13,2.000358977165081,0.21398956110742362,0.08748866133430241,-0.0004499192446325232,-0.0014741352060809731,-0.00018497000564821064,0.18092462751595484,0.00012813992759944104,-0.2702066223060002,0.2709387166608,464.6822509765625,462,1.0058057380445076
muon,1,7,0,13,2.000358990065585,0.5901949801822073,0.08748866077007979,-0.0004499192417309515,0.00194010220002383,0.004220176953822374,-0.21545080140894513,0.0002644116109398048,-0.09500181474556939,0.0950921540175607,455.4390869140625,460,0.9900849715523098
muon,1,8,0,13,2.000358961703366,-1.715356793862471,0.08748866201054341,-0.0004499192481101606,-0.003632289357483387,-0.0036580348387360573,0.5861191569656032,0.00023794590819591066,-0.09240282242772037,0.09248828421274091,432.28485107421875,460,0.9397496762483016
muon,1,9,0,13,2.000358984763994,1.039694819280154,0.0874886610019527,-0.00044991924292338135,0.0037144306115806103,-0.003735714126378298,-0.31546098852808235,0.00020460556861538748,-0.1315824578539732,0.13175582540740066,420.7973937988281,460,0.9147769430409307
muon,1,10,0,13,2.0003589743984818,-0.522088252025668,0.08748866145530373,-0.00044991924525478465,0.012378780171275139,-0.011964875273406506,-0.8664503516513378,0.0011009248622354806,0.1151841803010966,-0.11505165899076876,457.8309326171875,460,0.9952846361243206
muon,1,11,0,13,2.000358903403737,3.071648971175916,0.08748866456036412,-0.0004499192612228701,-0.022996896877884865,0.007984704338014126,2.0245155336788834,-0.00041972684149586825,-0.10854508701652195,0.10866303540285766,451.2708740234375,464,0.9725665388436153
muon,1,12,0,13,2.000358936741647,1.2205075345204683,0.08748866310228118,-0.00044991925372453185,-0.003983896691352129,0.005188639275729656,0.3856100870756052,-0.0002894072781921275,-0.11167426266866891,0.11179911350434031,457.69500732421875,460,0.9949891463569973
muon,1,13,0,13,2.0003588974499267,-3.0085479103381636,0.08748866482076284,-0.0004499192625619968,0.011114359833300114,-0.0027037523686885834,-0.5375064556596421,0.0002126185745275344,0.09516623795571072,-0.09507575793368034,420.6206970214844,460,0.9143928196119225
muon,1,14,0,13,2.0003590119697527,2.8358784450924808,0.0874886598120686,-0.00044991923680428263,0.0002290018746862188,0.004522974602878094,-0.304295007031552,-0.0005529757271763303,0.2338863173579841,-0.23334056570196632,497.59649658203125,460,1.0817315143087636
muon,1,15,0,13,2.000358909143717,0.40139326511737816,0.08748866430931758,-0.000449919259931838,-0.0023213194217532873,-0.010207363404333591,0.24637521389014871,0.00022497214860249526,-0.1287658893868784,0.12893190970712132,432.6510925292969,460,0.9405458533245584
muon,1,16,0,13,2.0003589539425617,0.5968395052983819,0.0874886623499737,-0.0004499192498557149,-0.0021598574239760637,0.009484326466917992,0.3593386576117297,-0.0004648453472004127,-0.06651555808332728,0.06655983072620546,442.4859924316406,460,0.9619260705035666
muon,1,17,0,13,2.0003589682447402,-1.5383220743812112,0.08748866172444673,-0.0004499192466388796,0.0027593302074819803,-0.009138940833508968,0.29168841014182156,0.000515517574430982,-0.1466164918714218,0.14683177146369683,444.21038818359375,460,0.965674756920856
muon,1,18,0,13,2.0003589351717395,-0.7576041052249036,0.08748866317094342,-0.0004499192540776344,0.0037879731971770525,-0.0009335525683127344,-0.2903511616625387,-7.411536992565915e-05,-0.09288929843960618,0.09297566288057127,560.75830078125,462,1.2137625558035714
muon,1,19,0,13,2.0003589844284586,-0.39004158794951327,0.08748866101662785,-0.00044991924299884973,-0.0020984529983252287,0.0027724795509129763,0.2672058351028683,-0.00022706618468433526,-0.1589967351412942,0.15924993734239673,470.9363098144531,460,1.023774586553159
muon,1,20,0,13,2.0003589814809377,-2.1404694430025963,0.08748866114554203,-0.00044991924366180396,-0.006436663214117289,0.009321638382971287,0.1801363619713392,-0.0005733767503241366,-0.020327816131948704,0.020331949173186117,515.239013671875,458,1.1249760123840065
muon,1,21,0,13,2.0003589706103293,2.9369425406559064,0.08748866162098419,-0.00044991924610681306,-0.0034421030431985855,-0.005975324660539627,0.46328400534845215,0.00012003340922821237,0.03371098243630739,-0.03369962196266782,429.9122314453125,458,0.9386729944220797
muon,1,22,0,13,2.0003589493215737,0.3705349940791037,0.08748866255207945,-0.0004499192508950641,0.006354373414069414,0.015015634708106518,-0.4525560870077272,-0.0009267070405094696,-0.26545353167384456,0.26616006296089173,421.72076416015625,458,0.9207876946728303
muon,1,23,0,13,2.000358923734228,-2.1761502612745454,0.08748866367117994,-0.000449919256650151,-0.0030145240016281605,0.01215416844934225,0.12534748670356421,-0.0008568291641914139,-0.0003748290291929337,0.0003748304341573256,498.67572021484375,460,1.0840776526409648
muon,1,24,0,13,2.000359041374837,-1.562715589305628,0.08748865852599377,-0.0004499192301905134,-0.0012792338384315372,-0.00843660905957222,-0.009835460912599459,0.0007679985975719006,-0.4750406081452357,0.4773080150426155,466.1036071777344,460,1.0132687112559442
muon,1,25,0,13,2.000358955579142,-0.2599734185108103,0.08748866227839543,-0.0004499192494876165,-0.005465751979500055,0.0033547873608767986,0.3000018962778239,-0.0004971584436710003,0.05675166412791991,-0.05671947488202884,447.5299072265625,460,0.9728911026664402
muon,1,26,0,13,2.0003589835119153,0.4624461448905618,0.08748866105671423,-0.000449919243204998,0.0017476181965321302,-0.0034357768017798662,-0.3021276710183374,0.0003011128843258132,0.05447608639005193,-0.05444642610793518,481.1685791015625,460,1.046018650220788
muon,1,27,0,13,2.0003589874456345,0.47453708782659204,0.0874886608846672,-0.00044991924232022884,0.003810605965554714,0.00025550241116434336,-0.272615103584839,-0.00012391276435927412,0.1081921915553953,-0.10807526256030095,475.4243469238281,460,1.0335311889648438
muon,1,28,0,13,2.000358961159478,2.3544803475043516,0.08748866203433116,-0.0004499192482324915,-0.016263306140899658,0.0030197659507393837,0.9209300377626128,2.194610232274241e-05,-0.00504334411146662,0.00504359847748601,456.1893310546875,460,0.9917159370754076
muon,1,29,0,13,2.000358953873133,-1.2703285789209435,0.08748866235301027,-0.00044991924987133083,-0.019728800281882286,0.020292939618229866,1.5806531625817133,-0.0018437094001484827,0.0982675583673069,-0.0981710880360762,465.3437805175781,462,1.007237620167918
muon,1,30,0,13,2.0003589554101775,0.2627990703153411,0.08748866228578533,-0.00044991924952561985,-0.002014715224504471,0.016404271125793457,-0.20919843194877608,-0.000647041780929225,-0.07774511090878874,0.0778056009595583,408.82769775390625,460,0.8887558646824049
muon,1,31,0,13,2.0003589553341055,2.184004034874091,0.08748866228911246,-0.0004499192495427299,-0.005555179435759783,-0.003485665423795581,0.20054352556719834,0.0007215032115284042,-0.01746349832937858,0.01746654859980157,459.5673828125,462,0.9947345948322511
muon,1,32,0,13,2.0003589691254704,-2.005494504329153,0.08748866168592669,-0.0004499192464407864,-0.006081426981836557,0.0011250808602198958,0.3296426500760674,7.42718782594104e-05,-0.05914697454094256,0.059181978890929514,496.55841064453125,460,1.079474805748981
muon,1,33,0,13,2.0003590064607564,-1.4019138846627528,0.0874886600530127,-0.0004499192380433619,-0.005530622322112322,-0.0075224400497972965,0.09906628048961252,0.00034010277629104024,-0.07049764054401493,0.07054737477871356,462.5002136230469,460,1.0054352470066237
muon,1,34,0,13,2.000358965979134,1.6082661295104899,0.08748866182353637,-0.00044991924714845807,0.006870320066809654,0.007113130297511816,-0.30447484740392383,-0.0008731366374745142,0.07070512426082372,-0.07065516743688902,492.20843505859375,460,1.0700183370838994
muon,1,35,0,13,2.0003589947192673,0.2204161085224304,0.0874886605665441,-0.0004499192406842488,0.007108696736395359,0.009251490235328674,-0.25587752820585563,-0.0005731824562306836,-0.10526090687193837,0.10537182220757409,467.6293640136719,460,1.016585573942765
muon,1,36,0,13,2.0003589471632663,0.21851024975190514,0.08748866264647621,-0.00044991925138050903,-0.001192221650853753,0.013018585741519928,-0.07198204408043196,-0.0004169384104647095,-0.22353013309619837,0.2240309096867908,499.74481201171875,462,1.0816987272980925
muon,1,37,0,13,2.0003589479443327,-0.16997188453170212,0.08748866261231512,-0.0004499192512048322,0.004923482425510883,-0.006698670331388712,-0.4324602654322829,0.00045719354164987236,0.012790142267159558,-0.012788506598975749,454.7620544433594,460,0.98861316183339
muon,1,38,0,13,2.0003589545857823,-2.5917260521889736,0.08748866232184149,-0.0004499192497110422,-0.014263981953263283,-0.005491942632943392,0.9808415413905536,0.00028820721360467427,-0.21209960768855526,0.2125504263088949,479.8771667480469,460,1.0432112320609714
muon,1,39,0,13,2.0003589405478923,-0.9552666633761746,0.08748866293580941,-0.00044991925286843405,0.011692449450492859,-0.0029630332719534636,-0.7258564793246602,0.0004124673828322517,-0.1540633235113236,0.1543010448291994,464.6276550292969,462,1.005687564998478
muon,1,40,0,13,2.000358943234782,-1.7748584708131587,0.0874886628182943,-0.0004499192522641008,-0.005573973525315523,-0.002109074965119362,-0.2160111509525997,0.00011115857042716393,-0.17239542459326684,0.17269313966463512,466.72711181640625,460,1.0146241561226224
muon,1,41,0,13,2.0003589383051965,-0.4523554317879469,0.08748866303389703,-0.00044991925337285954,-0.006921601481735706,-0.004341867286711931,0.13314413307019546,0.00026898400360907126,-0.0026187320881567917,0.0026188006675158877,481.7498779296875,460,1.0472823433254077
muon,1,42,0,13,2.000358973342645,-1.8153085993479798,0.08748866150148231,-0.00044991924549226265,-0.0025543540250509977,0.003808396402746439,0.01838671675424841,-0.0004108575917037144,0.061836934115702284,-0.06179871968213147,470.2953186035156,460,1.022381127398947
muon,1,43,0,13,2.000359030565081,0.005499635545283615,0.08748865899877442,-0.00044991923262183544,0.006551134400069714,-0.0016994206234812737,-0.1666785233915445,0.00040814253254042865,0.051088852165215456,-0.05106276478480018,437.13287353515625,460,0.9502888555112092
muon,1,44,0,13,2.0003589687624204,-0.40167938656185154,0.08748866170180522,-0.00044991924652244337,-0.003044875105842948,0.0047357454895973206,0.22851414058688846,-9.853690398417547e-05,0.02167914764853961,-0.021674448812778455,483.86663818359375,460,1.0518839960512907
muon,1,45,0,13,2.00035890696624,-0.9556074735701421,0.08748866440455276,-0.0004499192604215945,0.0002939312835223973,0.01046118512749672,0.07307501438647002,-0.0006134194294627332,0.1997911201635394,-0.1993927511524859,549.0585327148438,462,1.1884383824996618
muon,1,46,0,13,2.0003588948684086,1.308649649280808,0.08748866493366937,-0.00044991926314263,0.004573959857225418,0.006652414798736572,-0.31100716044663024,-0.0006848412241814567,-0.12776395694421577,0.1279274020550927,460.42095947265625,462,0.9965821633607278
muon,1,47,0,13,2.0003589518559832,2.7526135581799043,0.0874886624412333,-0.0004499192503250266,-0.00238600792363286,0.004887751769274473,0.24603425783986665,-0.00035207345054497075,-0.26264599878134903,0.2633376445680831,423.3880615234375,460,0.9204088293987772
muon,1,48,0,13,2.00035894137197,0.42988614066362507,0.08748866289976714,-0.0004499192526830831,0.002228077733889222,0.0026854625903069973,-0.05687101602680489,-0.00043569922569869357,-0.12149348558125157,0.12164127180226568,423.011474609375,456,0.9276567425644189
muon,1,49,0,13,2.0003590027979232,1.5077829013976793,0.08748866021321212,-0.0004499192388672036,-0.0030023609288036823,0.005245612468570471,0.09158743288706361,-0.0002826839654246488,0.11890509196811302,-0.11876387567252229,470.6392517089844,460,1.0231288080630094
muon,1,50,0,13,2.000358970500117,-1.3268578067241406,0.08748866162580449,-0.00044991924613160193,-0.014227572828531265,0.0009043110767379403,0.9425893245433858,-0.00014162353557545249,-0.003186366399016979,0.0031864679315631835,507.56085205078125,462,1.098616562880479
muon,1,51,0,13,2.0003589120483025,2.5154827943084426,0.08748866418228123,-0.00044991925927854076,-0.013759879395365715,0.005431345198303461,1.1123308899216866,-0.0008449832521435913,-0.08477226179475032,0.08484418613034474,498.5630187988281,460,1.0838326495626698
muon,1,52,0,13,2.000358992382643,-2.969298456286871,0.08748866066873982,-0.0004499192412098006,0.0006312025361694396,0.004158257506787777,-0.469829464471605,-0.000159213399300126,-0.038148481277932626,0.03816303989805817,522.4345092773438,460,1.1357271940811822
muon,1,53,0,13,2.0003589668352446,1.8330332656884094,0.0874886617860931,-0.0004499192469559023,-0.00771570997312665,0.008802738040685654,0.948486707220475,-0.00019011207438884847,-0.010651404813892628,0.010652539458983885,478.6529846191406,460,1.040549966563349
muon,1,54,0,13,2.000359004971343,0.9749106917867849,0.0874886601181544,-0.00044991923837835965,0.0021230021957308054,-0.0004055483441334218,-0.2758656034658191,-9.579350667368591e-05,-0.35839920295956584,0.3596883230424967,446.82098388671875,460,0.9713499649711277
muon,1,55,0,13,2.000358910132162,-0.08022315393881714,0.08748866426608647,-0.00044991925970951774,-0.0019351971568539739,0.012517675757408142,0.12666325764572328,-0.00066645997426594,-0.16810187404503044,0.1683849322717789,450.6126403808594,460,0.979592696480129
muon,1,56,0,13,2.0003589001811606,-0.6552416013214655,0.08748866470130828,-0.0004499192619476897,-0.01355986949056387,-0.016076331958174706,0.432305190331439,0.0007254049035653742,-0.009050504303088604,0.009051323493508073,450.6207275390625,462,0.9753695401278409
muon,1,57,0,13,2.0003590001474674,1.5143202929046047,0.08748866032913374,-0.0004499192394633421,-0.0004999706870876253,0.0018704496324062347,-0.15906377099872415,-0.00036411147669004884,-0.27538688821551277,0.2761473618421868,469.4029846191406,460,1.0204412709111752
muon,1,58,0,13,2.0003589066707432,2.49748101665509,0.08748866441747676,-0.00044991926048805746,-0.0009296195348724723,-0.000974340015091002,0.08163021075491272,-0.0002820325185967504,-0.15306236928866093,0.15329700932317478,426.1026306152344,462,0.9223000662667411
muon,1,59,0,13,2.0003588984507568,0.24930147604993685,0.08748866477699006,-0.00044991926233689083,-0.015435516834259033,-0.00904921256005764,1.3102762217153674,0.0006989031127003359,-0.14185902847463316,0.14206055419665528,481.63153076171875,462,1.042492490826231
muon,1,60,0,13,2.000358919082912,-2.413818390362417,0.08748866387461215,-0.0004499192576963216,0.005664121359586716,0.004265066236257553,-0.5709815095311654,-0.000583475016103091,-0.25646357615634485,0.25712300300497387,514.0740356445312,458,1.122432392236968
muon,1,61,0,13,2.0003589198319705,-0.6845273185081444,0.08748866384185096,-0.0004499192575278439,-0.0026693306863307953,0.0004890345735475421,0.04277709197619828,0.00025581056915978395,-0.0070959811088566254,0.007096484674075066,443.02337646484375,460,0.9630942966627039
muon,1,62,0,13,2.0003589533559256,-0.1263309577221462,0.08748866237563109,-0.0004499192499876607,0.00038919749204069376,-0.014801367186009884,0.015513014275714276,0.0009607487185575997,-0.11171871378187685,0.11184366408483845,520.236572265625,460,1.130949070142663
muon,1,63,0,13,2.0003589923087457,-0.8628226148304957,0.08748866067197182,-0.0004499192412264215,-0.0013732626102864742,0.0031595954205840826,0.0524746594446901,-0.0003402774121985669,-0.3498741150831271,0.3511025319598549,490.1287536621094,458,1.0701501171661776
muon,1,64,0,13,2.0003590206644755,2.1917578234279653,0.08748865943179204,-0.00044991923484867215,0.0015577286249026656,-0.0030843454878777266,-0.35681863670555813,4.983732842661626e-06,0.18277125263707314,-0.1824378087687015,545.2879028320312,460,1.1854084844174593
muon,1,65,0,13,2.000358911479875,1.2600052935885924,0.08748866420714224,-0.0004499192594063911,-0.0021288865245878696,-0.006539684720337391,0.18829276089493696,0.00031767237456475916,-0.15966665000444238,0.1599219920918449,409.1939697265625,460,0.8895521081012229
muon,1,66,0,13,2.000358934216084,-1.371428256141056,0.08748866321274043,-0.0004499192542925797,-0.0160507969558239,0.004472857806831598,0.6095219720496647,-9.978266187907203e-05,0.08640948687743892,-0.08633488534600905,453.7392883300781,458,0.9906971360918736
muon,1,67,0,13,2.000358961578282,0.9384265963359214,0.08748866201601414,-0.0004499192481382944,8.937515667639673e-05,0.0069116102531552315,-0.32703321412574926,-0.000511716615776106,0.0788554392320211,-0.07879330642415464,494.31903076171875,460,1.074606588612432
muon,1,68,0,13,2.0003589027282973,2.1623560122325878,0.08748866458990548,-0.0004499192613747895,0.005147875752300024,0.001671203295700252,-0.5162886455516436,-0.00019810190060112753,0.06836029843956933,-0.06831359905937669,425.9099426269531,460,0.9258911796238112
muon,1,69,0,13,2.0003590077573636,2.8339167888970103,0.08748865999630366,-0.00044991923775173,0.0008159294375218451,0.00662257382646203,-0.029211840125498156,-0.0005433423106995655,0.19887114781047904,-0.1984764354451784,461.3069763183594,460,1.0028412528659987
muon,1,70,0,13,2.000358914891459,2.2480563353059946,0.08748866405793156,-0.00044991925863906016,-0.012762562371790409,0.006180879659950733,0.9475518705190922,-0.0007209160596939462,0.09436499456870838,-0.09427603099718741,485.3435974121094,460,1.0550947769828465
muon,1,71,0,13,2.0003589052481976,1.1764419069940164,0.0874886644796939,-0.0004499192608080154,-0.00249701295979321,-0.010682465508580208,0.22876351532197248,0.0004221515937237602,0.03231694793883205,-0.03230650746162747,465.47381591796875,460,1.011899599821671
muon,1,72,0,13,2.0003589470351377,-0.5263276825390081,0.08748866265208011,-0.0004499192514093276,-0.004245667718350887,-0.0058679115027189255,0.40532450296681954,0.00020853037446255662,0.02772627576056005,-0.027718590427744532,449.4447021484375,460,0.9770537003226902
muon,1,73,0,13,2.000358910873435,0.0518564916982631,0.08748866423366579,-0.0004499192595427911,0.0005693576531484723,-0.00275874393992126,-0.14079360508720967,0.00025399223567930396,-0.03288058146640353,0.03289139634877175,444.1954345703125,460,0.9656422490658967
muon,1,74,0,13,2.0003589338655985,-2.8079125206797704,0.08748866322806943,-0.0004499192543714106,0.0022568635176867247,-0.004395557101815939,-0.1528937489405635,0.0005226760787619272,-0.7640600476047145,0.7699428734904475,571.1309204101562,462,1.2362141134418967
muon,1,75,0,13,2.0003589323032407,-1.55992850712478,0.08748866329640147,-0.000449919254722815,0.006298530381172895,0.00772090582177043,-0.4704291468875521,-0.0003139496847986839,-0.04065486217357386,0.04067139707400059,441.42657470703125,454,0.9723052306322274
muon,1,76,0,13,2.000358902018726,1.6530818899043003,0.08748866462093964,-0.00044991926153438585,0.0010554586770012975,-0.007411745842546225,0.03731652422755971,0.000422337716992946,-0.04213770288447016,0.04215546622957614,509.54010009765625,460,1.1076958697775137
muon,1,77,0,13,2.000358945855102,1.9193623789602108,0.08748866270369073,-0.00044991925167474036,-0.016448454931378365,0.004642448853701353,0.8862487024479115,5.742509776572591e-05,0.18301978447078035,-0.18268543398325046,420.11895751953125,460,0.9133020815641983
muon,1,78,0,13,2.0003589455333017,-2.571301226027054,0.08748866271776513,-0.0004499192517471194,-0.005563342943787575,-0.0023260321468114853,0.4847091508333179,0.00041814494329138474,-0.13663645446025108,0.13682340510988059,444.64093017578125,458,0.9708317252746316
muon,1,79,0,13,2.0003589244228692,2.712630039233575,0.0874886636410612,-0.0004499192564952623,-0.00497851986438036,-0.001979655819013715,0.12564085065358555,0.00029108181849538117,-0.0023671475981716004,0.0023672036333795034,450.0919189453125,460,0.978460693359375
muon,1,80,0,13,2.000358980611116,-0.8102927473958532,0.08748866118358496,-0.00044991924385744353,0.004447276704013348,0.015332316979765892,-0.060233694692435336,-0.0015574643747699596,-0.14659646853376562,0.14681168928566793,508.8807678222656,460,1.1062625387440557
muon,1,81,0,13,2.000358934641327,-1.177441495120935,0.0874886631941418,-0.0004499192541969344,0.003029650542885065,0.000654228962957859,-0.3584449883178298,0.00013065636400182157,-0.16445878482161444,0.16472969727999615,530.7312622070312,460,1.1537636134935463
muon,1,82,0,13,2.0003589229043035,-3.0608860144408703,0.08748866370747792,-0.000449919256836817,-0.0002083678264170885,-0.00404944596812129,-0.24331714787484415,-0.00013471147845493803,-0.2837870838037554,0.2845947268798255,452.51824951171875,460,0.9837353250254756
muon,1,83,0,13,2.0003589575186282,-0.6223617990977042,0.08748866219356913,-0.0004499192490513887,0.0033840329851955175,0.005487584508955479,-0.246445321393729,-0.0004308779938544671,0.10531860052934243,-0.10520779714972912,438.4992980957031,460,0.9532593436863112
muon,1,84,0,13,2.000358977443738,1.3154544384330507,0.08748866132211496,-0.00044991924456984795,0.0018800267716869712,-0.004398837685585022,0.03962208330676731,0.0004857082037944688,-0.08549348739832148,0.08556664130400532,515.8299560546875,462,1.1165150563954276
muon,1,85,0,13,2.0003589698319004,2.4991419479269967,0.08748866165502993,-0.0004499192462818967,-0.006518907379359007,-0.005005174782127142,0.35308152246615876,0.0010354191579011324,-0.24329081583307555,0.24388416360440884,443.8126525878906,462,0.9606334471599364
muon,1,86,0,13,2.0003589964738535,-0.23356804955058463,0.08748866048980468,-0.0004499192402896086,-0.007245694752782583,0.008204201236367226,0.4015784268892597,-0.0005377846710752782,0.30900630764753784,-0.3080544001201858,518.5709838867188,460,1.127328225840693
muon,1,87,0,13,2.0003589111281843,1.6450341084891755,0.08748866422252395,-0.0004499192594854931,-0.00013922833022661507,-0.014519887045025826,0.5899330681364834,0.0008468498460795643,-0.202469913267315,0.2028806856155052,455.37298583984375,462,0.9856558135061553
muon,1,88,0,13,2.000359016620117,-1.013758687418329,0.08748865960867805,-0.00044991923575832623,-0.0008785935351625085,0.0015402974095195532,0.38686220012840167,-0.0003017568472186982,0.0053028457681458105,-0.005302564581321493,420.00823974609375,460,0.9130613907523777
muon,1,89,0,13,2.000358981417339,-0.3135698766409841,0.08748866114832363,-0.00044991924367610855,0.013253011740744114,0.0036638693418353796,-0.7834105790170964,-5.2201189770312295e-05,-0.15034826195736636,0.1505746483240779,452.1725158691406,456,0.9916063944498698
muon,1,90,0,13,2.000358961678014,0.39254666759474754,0.08748866201165223,-0.0004499192481158628,-0.009748997166752815,-0.018965385854244232,1.094416837854384,0.0013633933591554181,-0.014364684161031113,0.014366747898988211,460.67974853515625,462,0.9971423128466586
muon,1,91,0,13,2.000358927819762,0.797170803393431,0.08748866349249304,-0.0004499192557312357,-0.015754707157611847,0.0011686210054904222,0.3094817742630429,-0.00025861441879690417,0.05703489747731128,-0.05700238622477059,501.5022888183594,458,1.0949831633588634
muon,1,92,0,13,2.0003589141019886,-2.812365002317771,0.08748866409246021,-0.0004499192588166272,-0.009063792414963245,-0.005580727010965347,0.2695986465064415,0.0004617518168300999,-0.08400885515043335,0.0840794893668634,427.1113586425781,462,0.9244834602653206
muon,1,93,0,13,2.0003589623016884,2.777994640611608,0.0874886619843749,-0.00044991924797558637,0.0065385401248931885,0.000792896724306047,-0.5881865253041241,-0.00010761199372090469,0.01273264198984536,-0.012731020994523442,417.7782287597656,462,0.9042818804323931
muon,1,94,0,13,2.0003589598002445,-1.9192732275878053,0.08748866209377926,-0.0004499192485382093,0.008397366851568222,0.008141607977449894,-0.9699164475340805,-0.0005624402462450773,-0.0819560014288067,0.08202322438374772,430.9256896972656,460,0.9367949776027513
muon,1,95,0,13,2.000358935745257,-1.4913922258507437,0.08748866314585978,-0.0004499192539486392,0.00024714262690395117,-0.016890613362193108,-0.20995653756195054,0.0010905519634885202,-0.2250896541587265,0.22559745068026124,490.21746826171875,460,1.0656901483950407
muon,1,96,0,13,2.000359008112392,-1.63254991368356,0.08748865998077597,-0.00044991923767187726,-0.0034147428814321756,0.015444298274815083,-0.07030173239463977,-0.0009011936812421267,0.09486127876736859,-0.09477137742683302,491.60791015625,460,1.0687128481657608
muon,1,97,0,13,2.0003590038423753,-1.333467855697613,0.08748866016753147,-0.0004499192386322862,8.36375038488768e-05,0.0037749663460999727,0.06796384428042757,-0.00025296355374286594,0.07196194211085327,-0.0719101941385783,440.2859191894531,464,0.9488920672186489
muon,1,98,0,13,2.000358950668114,0.09548393844050417,0.08748866249318651,-0.0004499192505922013,-0.006553476210683584,0.007405356969684362,0.8316913397883458,3.9037275356729184e-05,-0.026170572994734183,0.026177423776524933,540.4762573242188,460,1.174948385487432
muon,1,99,0,13,2.000358991607697,-2.1081262526269944,0.08748866070263323,-0.0004499192413841008,-0.0004070909053552896,-0.0015859936829656363,0.0871119257004338,-2.9759595321976473e-05,0.01618838167790244,-0.016185761465069604,420.0946960449219,462,0.9092958788851123
muon,2,0,0,13,2.0003589301606275,-1.8874352795994045,0.08748866339011183,-0.00044991925520473,-0.011729417368769646,0.006821330636739731,0.7969958698512691,-0.0004242258219241124,-0.11262548704343313,0.11275247506763317,449.45257568359375,460,0.9770708167034646
muon,2,1,0,13,2.000358970828432,0.038257014435733795,0.08748866161144514,-0.0004499192460577575,-3.0003870051587e-05,0.013226395472884178,0.21852137425994872,-0.0010280265454127302,0.031065303753071323,-0.031055656219136994,428.1065368652344,458,0.9347304298367562
muon,2,2,0,13,2.000358912435386,-0.3287726204717338,0.08748866416535155,-0.0004499192591914782,0.008782269433140755,0.00868953950703144,-0.39760657904747143,-0.00041763283333555445,0.027679264854235934,-0.027671605557244974,471.9117431640625,458,1.0303749850743722
muon,2,3,0,13,2.0003589214777504,0.2193364117510787,0.08748866376987033,-0.0004499192571576763,-0.00458491500467062,0.010008329525589943,0.6411608092316556,-0.0010800561081462379,-0.15132155567558186,0.1515508848321438,428.85595703125,460,0.9322955587635869
muon,2,4,0,13,2.0003589410634617,-1.6503798205890683,0.08748866291326021,-0.00044991925275247256,0.010241360403597355,-0.003573240479454398,0.1571614780453423,0.0004943194838192555,-0.13271018969169293,0.13288654367588293,464.4155578613281,460,1.0095990388289742
muon,2,5,0,13,2.000358934995633,1.749475510736952,0.08748866317864569,-0.000449919254117244,0.000794261577539146,3.129294054815546e-05,0.032750943651072006,-3.2429379188139706e-05,-0.40901362985637013,0.41069342192899044,575.911865234375,462,1.2465624788622836
muon,2,6,0,13,2.0003590214036016,0.5561953677380254,0.08748865939946528,-0.00044991923468242845,0.000964530510827899,-0.010852750390768051,-0.756193562762908,0.0004496791186774235,2.436653067613256,-2.3786925818485543,521.9108276367188,460,1.1345887557319974
muon,2,7,0,13,2.0003590074857907,0.3206821315511635,0.08748866000818131,-0.000449919237812812,0.007990377023816109,0.01614387147128582,-0.23859073962478883,-0.0011240927283656388,-0.08130675165076598,0.08137291332330024,465.0399475097656,462,1.0065799729648606
muon,2,8,0,13,2.0003590070294583,1.2297758471087519,0.08748866002813968,-0.0004499192379154499,-0.002518185181543231,-0.0017285470385104418,0.15848764619197375,0.0004017414544424114,-0.07969607341818859,0.07975963871841775,437.88153076171875,460,0.9519163712211277
muon,2,9,0,13,2.0003589796727335,3.0311617654439593,0.08748866122462652,-0.00044991924406850386,-0.00196336442604661,-0.002600425621494651,0.07822097571841269,0.0002768834283123217,-0.07256248727652644,0.07261517865630536,420.7035217285156,460,0.9145728733228601
muon,2,10,0,13,2.000358979445109,2.0091845245650863,0.08748866123458203,-0.00044991924411970103,0.0013814318226650357,-0.0019230435136705637,0.02510830844881795,-3.5444920266233804e-05,0.018115439821416404,-0.018112158724205095,490.4143371582031,460,1.0661181242569633
muon,2,11,0,13,2.000358946372695,-0.21829378762000534,0.08748866268105301,-0.0004499192515583237,0.0028713862411677837,-0.0013452632119879127,-0.29775343185928227,3.6965826084284226e-05,-0.25285916141650383,0.2535001597947371,490.08416748046875,460,1.0654003640879754
muon,2,12,0,13,2.0003589429568107,-2.478182644385178,0.08748866283045179,-0.0004499192523266219,0.00020071174367330968,0.00485580088570714,0.08282138713111564,-0.0003815185342825045,-0.026474986284692376,0.02648199738986475,458.738525390625,460,0.997257663892663
muon,2,13,0,13,2.0003590281522907,2.239205239093823,0.08748865910430137,-0.0004499192331645184,0.00846391636878252,0.002221467671915889,-0.7673480873533478,-5.9709330989754505e-05,-0.14773258287028063,0.14795115493285657,414.5443115234375,460,0.9011832859205163
muon,2,14,0,13,2.000358961988935,3.1374614663959095,0.08748866199805364,-0.00044991924804593065,-0.009611161425709724,0.003527372609823942,0.6777814983776054,6.474972412959246e-05,0.027843459739689432,-0.027835709315177676,443.7933654785156,458,0.9689811473330036
muon,2,15,0,13,2.0003589620828333,-2.4727853008563248,0.08748866199394685,-0.0004499192480248111,0.007747129537165165,-0.01333284005522728,-0.3942779248031769,0.00046953232148665147,-0.1466814862466045,0.14689695688621637,411.19085693359375,460,0.8938931672469429
muon,2,16,0,13,2.0003588898911895,-2.6818856516240506,0.08748866515135544,-0.00044991926426210245,-0.006478702183812857,-0.013306592591106892,-0.20033928171114823,0.0012012730362437468,0.027471139824532715,-0.02746359526187738,432.1481018066406,460,0.9394523952318274
muon,2,17,0,13,2.0003589302464353,1.866335557932145,0.0874886633863589,-0.00044991925518543015,0.001728805131278932,-0.008525898680090904,-0.6402006094521351,0.0004538102040150954,-0.2361060880418339,0.23666486820392915,482.90106201171875,458,1.0543691310299537
muon,2,18,0,13,2.0003589685063545,2.846227942304202,0.08748866171300464,-0.0004499192465800375,0.005148784723132849,0.0029329771641641855,-0.36674578625772725,0.0002544119888538837,0.3447055429314012,-0.3435214056051199,572.2304077148438,462,1.2385939560927355
muon,2,19,0,13,2.0003589933886414,1.149726463809977,0.08748866062474099,-0.00044991924098353213,0.00967438891530037,-0.004661431536078453,-0.7161631736853913,0.0003059114902034671,-0.08826128549437794,0.08833925485632195,467.39447021484375,460,1.0160749352496603
muon,2,20,0,13,2.000358929467858,0.968375560598314,0.08748866342041113,-0.0004499192553605472,0.0029534646309912205,-0.000552590936422348,-0.36227400773780616,-1.2231096955320209e-05,-0.07834152521224427,0.07840294727694254,509.137451171875,460,1.1068205460258151
muon,2,21,0,13,2.0003589620190496,0.019017092955413463,0.08748866199673654,-0.00044991924803915726,-0.0053566149435937405,-0.00705937622115016,-0.1928639385134004,0.00028746993123053566,-0.19318482043166899,0.19355874654862057,439.6680603027344,460,0.9558001310929009
muon,2,22,0,13,2.0003590005930363,-2.284112762257741,0.08748866030964612,-0.0004499192393631251,-0.016314459964632988,-0.003376786131411791,0.9248960468033474,0.00036281933989763815,0.012786305887807433,-0.012784671200642004,403.3396301269531,458,0.8806542142509893
muon,2,23,0,13,2.0003589002029947,-0.6502475765837091,0.08748866470035334,-0.00044991926194277873,0.001346207456663251,0.0010040868073701859,-0.6788941728216313,0.00012721268955449838,-0.19040637296519908,0.19076961046120192,488.6744689941406,460,1.0623358021611753
muon,2,24,0,13,2.0003589692304042,0.04282263055199968,0.08748866168133726,-0.0004499192464171848,0.0065697296522557735,0.0038638990372419357,-0.3766207372604552,0.00015954377778062967,-0.013271099963346418,0.013272861418054538,470.20635986328125,460,1.0221877388332201
muon,2,25,0,13,2.0003589107905415,-1.9714731623759718,0.08748866423729126,-0.00044991925956143546,0.008469249121844769,0.00412771524861455,-0.9481261143235997,-0.000271847394735264,0.026851191754684523,-0.0268439838251083,442.50152587890625,460,0.9619598388671875
muon,2,26,0,13,2.00035896912437,0.6379337895193703,0.08748866168597483,-0.00044991924644103393,0.007127962075173855,0.0020769285038113594,-0.039695529044370126,0.00022472890278554813,-0.04344749139372113,0.04346637644387791,488.7969970703125,462,1.0580021581608496
muon,2,27,0,13,2.000358895902745,0.19499607456416976,0.08748866488843113,-0.00044991926290998774,0.0063384356908500195,0.0005608810461126268,-0.4509396621693307,8.865574688762812e-05,-0.23099754487950752,0.23153237899057408,486.7132873535156,456,1.067353700336657
muon,2,28,0,13,2.0003589853667285,0.1768635664979426,0.08748866097559123,-0.00044991924278781477,-0.001504313200712204,-0.0017711693653836846,-0.23913429178873402,-0.0002397917353072626,0.014551493910864643,-0.014549376759178239,465.6705017089844,458,1.0167478203252933
muon,2,29,0,13,2.0003589383795166,2.460334002449862,0.08748866303064654,-0.0004499192533561435,0.0060273427516222,-0.008045544847846031,-0.3458852318445338,0.0003944443335311687,-0.12307846125219345,0.12323013100123026,469.73663330078125,460,1.021166594132133
muon,2,30,0,13,2.0003589581707364,0.8634529007747386,0.0874886621650482,-0.000449919248904717,-0.004069783724844456,0.0022836867719888687,0.1763807461049316,0.00029533757602921706,-0.0005412931644163657,0.0005412960944174857,392.8477478027344,460,0.8540168430494226
muon,2,31,0,13,2.0003590028505216,-0.08801926321305563,0.08748866021091166,-0.0004499192388553732,-0.008010366931557655,-0.0036691739223897457,0.8550176671915238,0.0003979042226630175,-0.10066773885641693,0.100769180912307,467.8706359863281,460,1.0171100782311482
muon,2,32,0,13,2.0003589487078353,2.9862441395331816,0.08748866257892221,-0.0004499192510331057,-0.003786476794630289,0.0005730324774049222,0.2682830284639337,-0.0002575331710395201,-0.0843305605535398,0.08440173701148493,493.5094299316406,460,1.0728465868079144
muon,2,33,0,13,2.0003589488316003,-0.6970792918903117,0.08748866257350917,-0.0004499192510052686,-0.014589833095669746,-0.0074776955880224705,0.7306247455363124,0.0005585140259933979,-0.17140543745403328,0.17169974014473177,556.0924072265625,460,1.208896537449049
muon,2,34,0,13,2.0003590279289707,-3.138836282004913,0.0874886591140686,-0.0004499192332147474,-0.0021451441571116447,-0.014760948717594147,0.12482952078229914,0.0008729841406883293,-0.1540913053657206,0.15432911311068653,492.5909729003906,456,1.0802433616236637
muon,2,35,0,13,2.000359032756907,-2.2281396801960134,0.08748865890291167,-0.00044991923212885164,-0.002785647055134177,0.000417037692386657,0.06608324166768043,-7.318722989989312e-05,-0.14817869186527888,0.14839858695016558,456.49871826171875,462,0.988092463769954
muon,2,36,0,13,2.0003589906134387,0.3200432294540388,0.0874886607461186,-0.0004499192416077287,-0.0008191268425434828,0.013293762691318989,-0.09133755492990447,-0.0006349404983730794,-0.21507340268248448,0.21553696536793165,494.5809020996094,462,1.0705214331160375
muon,2,37,0,13,2.000358963856817,-0.05389343532280323,0.08748866191635905,-0.00044991924762580806,0.01552041806280613,0.01550805289298296,-1.186099327045706,-0.0012513356519776447,-0.17265314260107795,0.172951749231302,464.68115234375,460,1.010176418138587
muon,2,38,0,13,2.0003589298344218,-0.6005302426180892,0.08748866340437893,-0.00044991925527809994,0.009665554389357567,0.001396615756675601,-0.7602217831559344,-5.630126515392131e-05,0.1061128625741678,-0.10600038253393021,467.4769592285156,460,1.0162542591924253
muon,2,39,0,13,2.0003589984417287,0.3028267570884426,0.08748866040373673,-0.0004499192398469956,-0.006868212483823299,-0.012270817533135414,0.5510798542301409,0.0006357340130723477,-0.0998852489005884,0.09998511928584802,460.63427734375,460,1.0013788637907608
muon,2,40,0,13,2.000358898657884,-1.3655256421573974,0.08748866476793105,-0.0004499192622903039,-0.004045490175485611,-0.002072144765406847,0.2922208317137631,-6.698676128202852e-05,0.14101629140278066,-0.14081771548276312,477.518310546875,458,1.042616398573963
muon,2,41,0,13,2.0003588878272485,-0.9042476008090315,0.08748866524162496,-0.0004499192647263226,0.0028118169866502285,0.0027443652506917715,-0.2673079815568302,-0.00037332530679906606,-0.20891387946887593,0.2093512432729101,472.9324035644531,458,1.0326035012324304
muon,2,42,0,13,2.0003590045886277,2.160307460285333,0.08748866013489302,-0.00044991923846443967,-0.010203992016613483,0.0037128697149455547,0.28676464447663363,-0.0002694293042236201,-0.123327433938115,0.12347971830613605,461.9073181152344,460,1.0041463437287703
muon,2,43,0,13,2.0003589638018684,-1.1293529041895838,0.08748866191876231,-0.000449919247638167,-0.008763356134295464,0.00818684697151184,0.14469705915165498,-0.0003179865218430611,1.0117166405211133,-1.0015834540477992,484.7137145996094,460,1.05372546652089
muon,2,44,0,13,2.0003589868815426,2.018393266694062,0.08748866090933859,-0.00044991924244710396,0.007703184150159359,0.0012634707381948829,-0.5926971597602915,-0.0003789759651857544,0.05494846848215176,-0.054918291721934596,488.6877746582031,460,1.062364727517833
muon,2,45,0,13,2.000359017271742,-0.8196887725724444,0.08748865958017826,-0.00044991923561176324,-0.0007478957413695753,-0.0009547489462420344,0.05385817425107575,-8.092906040668701e-05,-0.21830641230006007,0.2187840318707201,569.5731811523438,460,1.2382025677224864
muon,2,46,0,13,2.0003589232879277,-2.539830261863155,0.08748866369069955,-0.0004499192567505325,-0.010076229460537434,-0.00847288966178894,0.7160250314899308,0.00047905991731742037,0.04335341566238184,-0.04333462862071188,461.3753662109375,460,1.0029899265455162
muon,2,47,0,13,2.000358955050213,-2.9187197808789387,0.08748866230152892,-0.0004499192496065828,-0.007249688263982534,0.013894048519432545,0.30804915896798235,-0.0005247554173355012,0.10600415693802236,-0.10589190711461235,430.482421875,462,0.9317801339285714
muon,2,48,0,13,2.000358935534374,-1.6603769086197422,0.08748866315508307,-0.00044991925399607093,-0.007611291948705912,-0.026373736560344696,0.7244370773837883,0.002150002163406009,-0.17147078784254846,0.1717653151817245,432.8345031738281,460,0.9409445721170177
muon,2,49,0,13,2.0003589065674783,1.132274431627852,0.0874886644219932,-0.00044991926051128373,0.008074683137238026,0.020543698221445084,-0.8348650156082549,-0.0013017264341887852,-0.010123985703813322,0.010125010758470422,472.26690673828125,462,1.0222227418577516
muon,2,50,0,13,2.0003589733908873,1.3332487610740302,0.08748866149937237,-0.000449919245481412,0.008308518677949905,-2.2137041014502756e-05,-0.30317582317573866,-0.0003028018191965909,-0.045666034997249166,0.045686898392259014,481.4344787597656,460,1.0465966929560122
muon,2,51,0,13,2.0003589941199635,-0.9065511866732567,0.08748866059275553,-0.00044991924081904376,0.028294939547777176,0.009764792397618294,-1.2676075772315443,-0.000346498567780712,-0.07762674105325414,0.0776870469760293,756.8176879882812,460,1.6452558434527853
muon,2,52,0,13,2.000358891140801,-1.5694773130116288,0.08748866509670182,-0.0004499192639810407,0.005301555618643761,0.013376149348914623,-0.4336901011641192,-0.000825530700625618,-0.18390580329204637,0.18424463987703005,532.7803344726562,456,1.1683779264751233
muon,2,53,0,13,2.000358936781747,2.9913790074379665,0.08748866310052734,-0.00044991925371551264,-0.0040702419355511665,-0.0012835038360208273,0.31615819618879826,0.0002826483017935172,-0.30429857184737175,0.3052273743885217,482.5283203125,460,1.048974609375
muon,2,54,0,13,2.000358975371754,-0.9826158282124342,0.08748866141273623,-0.000449919245035877,-0.0036159646697342396,0.006893729791045189,0.04768341415539723,-0.00032442331745272113,0.022158160352753004,-0.022153251599742078,668.0123901367188,460,1.4522008481233015
muon,2,55,0,13,2.0003589647499846,1.4745483952116358,0.08748866187729504,-0.00044991924742491743,0.007814068347215652,0.0063430871814489365,-0.3289537977564372,-0.00038090663351680876,-0.15083424482415436,0.15106209819918562,449.35821533203125,460,0.9768656855044158
muon,2,56,0,13,2.000358948517653,-1.005515401633053,0.0874886625872401,-0.00044991925107588134,-0.00119502074085176,-0.011507406830787659,0.027244360714107074,0.000959727777406813,-0.011629090905042464,0.011630443419875807,454.1661071777344,460,0.9873176242994226
muon,2,57,0,13,2.0003589508945074,-0.8388114619117376,0.08748866248328487,-0.00044991925054128104,-0.004401276353746653,0.000489658850710839,0.10872362667291302,-0.00016081708867350664,0.023198393699956122,-0.023193013293426143,484.8506164550781,460,1.05402307925017
muon,2,58,0,13,2.000358923953427,-2.1662520461114307,0.08748866366159294,-0.0004499192566008489,0.0019189398735761642,-0.015777913853526115,-0.15768479982414263,0.0008518422960105132,-0.04839828764736316,0.04842172293212136,419.1559753417969,460,0.9112086420473845
muon,2,59,0,13,2.000358906925928,0.4077730041714486,0.08748866440631586,-0.0004499192604306615,0.0014557770919054747,1.8284905308973975e-05,-0.11597692688075645,-0.0002945569334192877,-0.2363077801388364,0.23686751650897125,481.1668701171875,460,1.0460149350373642
muon,2,60,0,13,2.0003589554151078,-1.8980136077933667,0.0874886622855697,-0.000449919249524511,-0.006309757474809885,0.0014649279182776809,0.24046116403320106,-0.00043687580323556463,0.029214490890573833,-0.029205958518483083,437.4752197265625,458,0.9551860692719705
muon,2,61,0,13,2.0003589321504003,-2.32745520727899,0.08748866330308616,-0.00044991925475719176,0.002199449809268117,-0.005839969962835312,-0.10092599127364821,0.0005977406032592059,-0.17128983372056797,0.17158373922217174,431.8765869140625,458,0.9429619801617085
muon,2,62,0,13,2.0003590049168967,-0.5664175313787819,0.08748866012053569,-0.00044991923839060566,-0.008281592279672623,0.00737512344494462,0.6900590734840728,-0.0003512217636593151,-0.10603663907633626,0.1061491961163023,519.015869140625,460,1.1282953676970109
muon,2,63,0,13,2.0003589295786095,-0.5108047315858864,0.08748866341556726,-0.00044991925533563703,-0.026331478729844093,-0.06617216020822525,2.2429415964149158,0.006887028892381811,0.07138251452454254,-0.07133159623749645,473.2186279296875,460,1.0287361476732337
muon,2,64,0,13,2.0003589073208556,-1.2967530365354334,0.08748866438904312,-0.0004499192603418347,0.0018667731201276183,-0.006053080782294273,-0.07344528371944214,0.0002477782960841335,0.06413001244485478,-0.06408891221747832,486.35284423828125,460,1.0572887918223506
muon,2,65,0,13,2.000358928983124,-2.203637949980229,0.08748866344161169,-0.0004499192554695732,-0.0019490461563691497,-0.0022162299137562513,0.4607363114059737,0.0005193231039510582,0.08482439880091336,-0.08475250799553999,410.446533203125,460,0.8922750721807066
muon,2,66,0,13,2.0003589608273047,0.1099365392967663,0.08748866204885926,-0.00044991924830720364,-0.009023494087159634,0.02025671675801277,0.7353907183208219,-0.0013574171510168515,0.053672835589964316,-0.05364404331078855,446.1432800292969,458,0.9741119651294692
muon,2,67,0,13,2.0003589087091878,-3.0809487281328503,0.08748866432832236,-0.00044991926002957205,-0.0025942628271877766,0.006991751957684755,0.46433787406119365,-0.0007024835936879636,-0.23804776571996622,0.23861578526543087,484.8868408203125,460,1.0541018278702445
muon,2,68,0,13,2.0003589952239484,2.262747126264405,0.08748866054447112,-0.0004499192405707363,-0.006197699345648289,-0.002554386155679822,0.2257054616690013,0.0005507898029524366,-0.16985710799889064,0.1701461132662549,424.422119140625,460,0.9226567807404892
muon,2,69,0,13,2.000358899651613,-1.0708683887995916,0.08748866472446883,-0.0004499192620667951,0.0015484540490433574,-0.0042402856051921844,-0.31994185073802583,0.0002566665033105625,-0.10126154242347385,0.10136418536104659,458.9368591308594,464,0.9890880584716797
muon,2,70,0,13,2.000358978234017,-0.3769214687919622,0.08748866128755091,-0.00044991924439209886,0.007233089301735163,0.0031023563351482153,-0.7242621803278393,-0.00019993889165399736,-0.15279358141493726,0.15302739745606525,469.2373962402344,460,1.0200812961744226
muon,2,71,0,13,2.0003589532262036,1.9952966681664095,0.08748866238130468,-0.00044991925001683765,0.007030383218079805,-0.0024322187528014183,-0.3547183220491412,0.00018067292438608828,0.04936431541993915,-0.04933995908690448,457.7322082519531,464,0.9864918281292093
muon,2,72,0,13,2.000358964582518,-1.8871854729009732,0.08748866188461943,-0.00044991924746258386,-0.0002263094938825816,0.00045040089753456414,0.011939461336929469,-0.00029851812060041616,-0.21156867734931847,0.21201723941851122,454.62445068359375,462,0.9840356075402462
muon,2,73,0,13,2.000358922489983,-2.0112783784388197,0.08748866372559884,-0.0004499192569300057,-0.005585006438195705,0.016568196937441826,0.12658781992325174,-0.0008127366826377186,-0.1175808778428015,0.11771929322116224,453.1568908691406,460,0.9851236758024796
muon,2,74,0,13,2.00035898111938,0.49094089122525286,0.0874886611613553,-0.00044991924374312525,-0.004730474669486284,-0.0005935811204835773,0.3972127843754336,-0.00010351335137299966,-0.08740803271263768,0.08748450119406036,460.8927307128906,462,0.997603313231365
muon,2,75,0,13,2.0003589695751742,0.998258629575896,0.08748866166625822,-0.00044991924633963935,0.0022721500135958195,0.0058694519102573395,0.14038966543705733,-8.271183524931336e-05,0.15794190511056322,-0.157692842031635,442.2031555175781,460,0.9613112076469089
muon,2,76,0,13,2.0003589641108066,3.120284701666148,0.08748866190525044,-0.00044991924756868085,0.0013083622325211763,0.010463961400091648,-0.09718068531316959,-0.0008375154933546874,-0.09310778816491355,0.09319455955800093,504.7978515625,460,1.0973866338315217
muon,2,77,0,13,2.000358914113889,-1.878279337323484,0.08748866409193974,-0.0004499192588139506,0.006213421933352947,-0.008314982987940311,-0.35237368268048463,0.0006688779579450549,0.2746858381118672,-0.27393338190590977,424.73724365234375,460,0.9233418340268342
muon,2,78,0,13,2.0003589316619412,2.094268011305586,0.08748866332444964,-0.0004499192548670556,-0.008238034322857857,-0.0019298054976388812,0.5698926708546104,8.224162119790934e-07,-0.06700182206690825,0.06704674460742807,451.39202880859375,456,0.9898948000188459
muon,2,79,0,13,2.000358901514535,-0.5418390156284866,0.08748866464299118,-0.0004499192616477881,-0.004520390182733536,-0.00031328824115917087,0.2462388531264681,-8.998657864486836e-05,-0.06917033544785481,0.0692182139186136,436.585693359375,462,0.9449906782670454
muon,2,80,0,13,2.000358929285413,2.4418139144101,0.08748866342839064,-0.0004499192554015826,0.0023675095289945602,0.001913175918161869,-0.481097332463154,7.982320224628192e-06,-0.17273896069859826,0.17303786450736397,502.27789306640625,458,1.0966766224157343
muon,2,81,0,13,2.000358947193044,-1.6458295618245242,0.08748866264517385,-0.0004499192513738115,-0.010232947766780853,-0.010383591055870056,0.5453859517214887,0.00045476461951654557,0.13438185687458398,-0.13420151438760106,517.9776611328125,460,1.1260383937669838
muon,2,82,0,13,2.0003590066068324,1.4429665962067377,0.08748866004662385,-0.0004499192380105066,-0.00906197726726532,0.0054517327807843685,0.9187301787603186,-0.0007555423470007455,0.00877602569362738,-0.0087752555749386,466.76214599609375,458,1.0191313231355759
muon,2,83,0,13,2.0003589539627633,-0.031093821315140074,0.08748866234909014,-0.0004499192498511712,-0.011402000673115253,-0.02051587589085102,0.7043447476332843,0.002185125006332833,-0.008381542047807054,0.00838224460915755,448.4198303222656,460,0.9748257180918818
muon,2,84,0,13,2.0003589432981874,-1.0502300446626414,0.08748866281552117,-0.0004499192522498397,0.02111363224685192,0.006201212294399738,-1.2337977293264135,-0.00047299674792092294,0.17346541809914706,-0.17316503664432806,520.9400024414062,462,1.1275757628601868
muon,2,85,0,13,2.0003589273516593,-0.4639764051642723,0.08748866351296622,-0.00044991925583652104,-0.004557257518172264,-0.00039524046587757766,0.4194598403282068,8.755443642419203e-05,0.23754334938603397,-0.23698041816334528,487.6564636230469,462,1.055533471045556
muon,2,86,0,13,2.0003589720442805,-1.1138175963965666,0.0874886615582682,-0.00044991924578428985,0.00073664216324687,0.005790374707430601,-0.30288700187086626,-0.0006081192203737651,-0.04438530390052515,0.04440501320056884,478.6695251464844,460,1.0405859242314879
muon,2,87,0,13,2.0003589663909924,-1.607442586526849,0.08748866180552313,-0.00044991924705582313,-0.004224518314003944,0.0036066037137061357,0.03597031591140443,-0.00010575662030050392,-0.08969868061255332,0.08977921138063497,461.41522216796875,456,1.0118754872104578
muon,2,88,0,13,2.000358907021564,2.6538354501228065,0.08748866440213308,-0.0004499192604091511,0.000522758171427995,-0.00011157923290738836,-0.1618012885780118,0.00012912033640756493,-0.02951059246460118,0.029519303786049528,419.46051025390625,460,0.9118706744650136
muon,2,89,0,13,2.0003589666533608,1.4322583126008284,0.08748866179404807,-0.00044991924699681147,0.0018620217451825738,0.0062842098996043205,0.01221428515796319,-0.00017971852241110975,-0.08482775245401564,0.08489977102160129,465.1486511230469,460,1.0111927198327106
muon,2,90,0,13,2.0003588376596215,-0.003998611693101698,0.08748866743578065,-0.00044991927600998897,0.005896161310374737,0.004275629762560129,0.0016876615758472727,-0.0004888562036906574,-0.000734909276225871,0.0007349146771741852,472.970703125,458,1.0326871247270741
muon,2,91,0,13,2.000359004181818,2.94539554546389,0.08748866015268544,-0.000449919238555939,0.0036064262967556715,0.006446812767535448,-0.38607547792812724,-0.0006086319048521915,-0.020320212843499583,0.020324342793219007,530.1356201171875,460,1.1524687393851902
muon,2,92,0,13,2.0003590262949493,-2.1962874811323236,0.08748865918553494,-0.00044991923358227024,0.006413917522877455,-0.002856793813407421,-0.5697328416753855,0.000423296826714048,-0.13525459401673137,0.1354377798360011,418.5666198730469,460,0.9099274345066236
muon,2,93,0,13,2.000358920883715,-1.4997778067177354,0.08748866379585135,-0.0004499192572912863,0.0012268752325326204,0.0031588999554514885,-0.26224760355364474,-0.0006750425728784815,0.17973891381950194,-0.17941643267220198,425.9049377441406,462,0.921872159619352
muon,2,94,0,13,2.0003589570407616,2.0281461832418053,0.08748866221446933,-0.0004499192491588701,0.009785087779164314,-0.013031604699790478,-0.22474502464220336,0.0006093198941236611,-0.025148203274642813,0.025154529186769133,429.7649841308594,460,0.934271704632303
muon,2,95,0,13,2.0003589271215603,0.10040608344591538,0.08748866352302993,-0.0004499192558882747,-0.004987413063645363,-0.0007989770383574069,0.2699464746626218,-1.4727144074092036e-05,-0.4118667091256749,0.41357006654870637,524.8068237304688,460,1.1408843994140625
muon,2,96,0,13,2.0003589073973953,-1.368798088159623,0.08748866438569555,-0.0004499192603246194,0.006253762636333704,-0.0005744716618210077,-0.5782136058190002,0.000314259830098057,-0.1228665417835424,0.12301768936424051,474.7913513183594,458,1.0366623391230554
muon,2,97,0,13,2.000359003321926,1.855754968747034,0.0874886601902941,-0.0004499192387493453,0.0010486538521945477,0.00275996420532465,-0.055787190332390324,-0.0002074777819612711,-0.11644482293046123,0.11658057497457527,455.9895324707031,460,0.9912815923276155
muon,2,98,0,13,2.0003588827361036,2.3298685116953695,0.08748866546429374,-0.00044991926587141913,0.005794815719127655,0.004353890661150217,-0.33803417156574866,-8.204508103110131e-05,-0.14980335005105969,0.15002809716662888,542.4846801757812,460,1.1793145221212635
muon,2,99,0,13,2.0003589146763567,1.737819353767344,0.08748866406733938,-0.00044991925868744073,0.0019398906733840704,-0.001033009379170835,0.0730355301412633,-0.00013143358285375162,-0.019432008768009667,0.019435785531555012,421.61871337890625,460,0.9165624203889267
muon,3,0,0,13,2.0003589740789085,0.6663704444276757,0.08748866146928073,-0.0004499192453266628,0.011855360120534897,0.00020334248256403953,-0.8996058809227492,0.00023238831633327905,-0.004893918677987598,0.004894158194115025,466.0247497558594,458,1.017521287676549
muon,3,1,0,13,2.000358899617643,-2.9509397409412546,0.08748866472595457,-0.0004499192620744356,-0.007222053594887257,-0.005754528567194939,0.30096988412564585,0.00018368806487795153,-0.020985244256112288,0.020989648985213636,413.4108581542969,458,0.9026437950967181
muon,3,2,0,13,2.000358973020336,3.1230159819555063,0.08748866151557896,-0.0004499192455647561,-0.003136082785204053,0.0016990939620882273,0.07881517889307688,-0.00024149100767109632,-0.027165632398166856,0.027173014119296665,472.92034912109375,462,1.0236371193097267
muon,3,3,0,13,2.0003589734429448,0.6756567150172932,0.08748866149709555,-0.0004499192454697033,-0.012714829295873642,0.006538249086588621,0.3221243801372342,-0.00018829384372565094,-0.017449655850559145,0.017452701286870667,416.62872314453125,458,0.9096697011889329
muon,3,4,0,13,2.0003589072469543,1.9021811143956115,0.0874886643922753,-0.0004499192603584565,-0.0014198262942954898,0.005749741569161415,-0.0658886036803974,-0.00021658659343191944,-0.020583804872096056,0.020588042674631577,465.4035949707031,458,1.0161650545211858
muon,3,5,0,13,2.000358920501764,0.5447335850264751,0.08748866381255654,-0.00044991925737719444,0.0001332135871052742,0.008637702092528343,-1.099320523501035e-06,-0.00030097874013451653,-0.12443130769465381,0.12458633209688894,543.8992309570312,460,1.1823896325152854
muon,3,6,0,13,2.000358904496987,0.3373649123238839,0.0874886645125492,-0.00044991926097697713,0.0003111446276307106,-0.00573065597563982,0.18730730540383878,0.0006641985727207228,-0.2256604564827882,0.22617083462062862,467.7151184082031,460,1.016771996539572
muon,3,7,0,13,2.000358958386589,-2.1066578637194153,0.08748866215560758,-0.0004499192488561676,-0.008237374015152454,0.008513382636010647,0.8152733873840745,-0.0002253685912879666,-0.03647479235322788,0.036488101312407324,458.5747375488281,462,0.9925860120104505
muon,3,8,0,13,2.000358955947727,-0.4113086958781586,0.08748866226227481,-0.0004499192494047146,0.0020048741716891527,-0.0004285974137019366,-0.03919998251339374,-0.00034694727213580023,0.020656455662289123,-0.02065218965188815,449.13580322265625,460,0.9763821809188179
muon,3,9,0,13,2.000358908150371,-0.14184266964105222,0.08748866435276303,-0.00044991926015526063,-0.011932874098420143,-0.008047365583479404,0.3763500800475772,0.0005921888710376244,0.04095924754665247,-0.0409424778158113,436.21905517578125,458,0.9524433519121861
muon,3,10,0,13,2.000358921749076,-2.9858142047369323,0.0874886637580035,-0.0004499192570966499,0.0009718078072182834,0.010339486412703991,0.07020525573109282,-0.0006419247042773052,0.1591232786324443,-0.15887047871792678,457.89886474609375,460,0.9954323146654211
muon,3,11,0,13,2.0003588952169604,3.0797068622209793,0.08748866491842494,-0.00044991926306423393,-0.0060737403109669685,5.517067984328605e-05,0.4096481702560162,-8.803480196223346e-05,-0.058290332882782896,0.05832433032909508,450.4989929199219,460,0.9793456367824389
muon,3,12,0,13,2.0003589953937237,1.0886234053807184,0.08748866053704575,-0.00044991924053255054,-0.0030936873517930508,0.002854253863915801,-0.06389705704901161,-5.333306674316918e-05,-0.10651579687471781,0.10662937400213938,464.5385437011719,460,1.0098663993503736
muon,3,13,0,13,2.0003589984856895,2.7553909151897757,0.08748866040181405,-0.0004499192398371079,0.007745537906885147,0.0018255917821079493,-0.20197323420934055,-0.00021914560269600813,0.054069308588177434,-0.05404008948542971,433.5484924316406,460,0.9424967226774796
muon,3,14,0,13,2.000358902225412,2.5465889808859674,0.08748866461189991,-0.00044991926148789813,-0.003968473058193922,-0.005565509665757418,0.3241660866888374,0.00039628304568523065,-0.14064272848869952,0.14084081084790384,437.37408447265625,462,0.946697152538217
muon,3,15,0,13,2.0003589133772057,1.3600818161381045,0.08748866412415966,-0.00044991925897964487,-0.005166604649275541,-0.004894064739346504,0.4211421596249654,0.00039253589138522893,-0.0016432077751010507,0.0016432347768680843,412.5154113769531,462,0.8928905008159158
muon,3,16,0,13,2.0003589928403995,1.8739436416132953,0.08748866064871916,-0.0004499192411068423,0.008846503682434559,-0.00796898826956749,-0.2916602595355311,0.0007944162336432081,-0.02117464529581362,0.021179129901457344,441.0800476074219,462,0.9547187177649824
muon,3,17,0,13,2.000358936718555,0.6899183751499778,0.08748866310329115,-0.0004499192537297258,0.007905923761427402,-0.006638084072619677,-0.4229904568320286,0.000135938916495687,0.03819208184623645,-0.03817750106378594,465.63037109375,460,1.0122399371603261
muon,3,18,0,13,2.0003589504898693,-0.7302864271379443,0.0874886625009823,-0.00044991925063229195,0.003418677719309926,0.008172846399247646,-0.3204268240002417,-0.000530879994039557,-0.1423157068596305,0.1425185331174374,569.3079833984375,460,1.2376260508661685
muon,3,19,0,13,2.0003589850436247,1.6433375847105511,0.08748866098972265,-0.00044991924286048705,0.0003152135177515447,-0.0028801211155951023,-0.04480001969420222,-0.00028356391044560836,-0.2288843096563861,0.2294093917590005,475.91290283203125,460,1.0345932670261548
muon,3,20,0,13,2.0003589274323668,-2.625345202606392,0.08748866350943636,-0.00044991925581836835,0.006518888752907515,0.003267603227868676,-0.36600001506803537,-0.00027382852131914437,0.09287782602347269,-0.0927916431625728,527.2639770507812,460,1.1462260370669157
muon,3,21,0,13,2.0003589212268706,-2.7199917442520927,0.08748866378084293,-0.000449919257214104,0.013476751744747162,-0.005119134206324816,-0.3792636672188543,0.00039177627548107885,-0.02209030824630314,0.022095189141693443,422.4197998046875,462,0.9143285710058171
muon,3,22,0,13,2.000358981634146,2.664864304198064,0.08748866113884125,-0.0004499192436273445,0.0040129381231963634,0.004938569385558367,-0.1611734760182948,-0.0003995621488777218,-0.2106880864158496,0.21113291832124784,402.9765319824219,460,0.8760359390922214
muon,3,23,0,13,2.0003589854009096,-0.2004144380706194,0.08748866097409626,-0.0004499192427801268,0.01109409425407648,0.004944832995533943,-0.6846000534650731,-0.0002063684292544915,-0.16257386595436024,0.1628385989599518,485.1913146972656,460,1.0547637276027513
muon,3,24,0,13,2.000358913694253,1.8245742868749872,0.08748866411029313,-0.0004499192589083348,-0.011793992482125759,-0.0029505635611712933,0.9459901483281907,0.00011030791224028724,0.14137929014344292,-0.14117969129805513,478.35565185546875,458,1.0444446547062636
muon,3,25,0,13,2.000358948549441,0.30566103864719785,0.08748866258584981,-0.00044991925106873163,-0.0029231642838567495,-0.007431518752127886,0.05088638255679179,0.00028763325489039593,-0.08802418396422608,0.08810173479734462,442.3553466796875,460,0.9616420579993207
muon,3,26,0,13,2.0003589030149733,0.2404106704229751,0.08748866457736727,-0.0004499192613103106,0.0014953985810279846,-0.0019256055820733309,-0.12144424862053915,-6.8886468770471e-05,-0.09768419525363425,0.09777971057702133,485.9008483886719,462,1.0517334380707184
muon,3,27,0,13,2.000358966840754,1.871258457646531,0.08748866178585214,-0.0004499192469546631,0.004310492891818285,0.003172825323417783,-0.24159763829123548,-0.00017204441620034816,0.06417827056482657,-0.06413710847781441,488.5003967285156,462,1.0573601660790382
muon,3,28,0,13,2.0003589546038802,2.269247798648967,0.08748866232104995,-0.00044991924970697164,-0.003141622291877866,-0.018441587686538696,0.3306582296951355,0.0006431752257754636,-0.0921185551496776,0.0922034916740003,463.9373474121094,460,1.00855945089589
muon,3,29,0,13,2.0003589900639045,-0.5642562526433877,0.08748866077015328,-0.00044991924173132947,0.0012554184067994356,0.000833977188449353,0.20456492595000153,-6.450172016549127e-05,0.11415644440983264,-0.11402627606737802,474.2618713378906,462,1.0265408470517112
muon,3,30,0,13,2.000358969245984,1.7185307400638203,0.08748866168065585,-0.00044991924641368054,-0.022205734625458717,-0.004678251687437296,1.9103629177470438,0.00019529166416608346,-0.12204193151302159,0.12219105583771062,389.3357849121094,458,0.850078132995872
muon,3,31,0,13,2.00035892810889,1.4753150064398934,0.08748866347984761,-0.00044991925566620523,0.0024699566420167685,-0.0034983018413186073,-0.32344645759363466,-0.0003696802111098213,0.07265030199829825,-0.07259755965196911,486.5062255859375,460,1.0576222295346467
muon,3,32,0,13,2.0003589881431987,-0.3228448895015457,0.08748866085415818,-0.0004499192421633332,0.005570423323661089,0.00833648070693016,-0.6604227028152443,-0.0007317534506890988,0.04107321564726174,-0.04105635248306702,488.5520324707031,458,1.0667074944775177
muon,3,33,0,13,2.0003589159979596,1.6388715966102863,0.08748866400953711,-0.0004499192583901868,-0.0015640698838979006,0.005772856995463371,-0.03866986010314655,-0.00044939450260580993,0.00859684134531901,-0.008596102352043378,465.2065734863281,460,1.0113186380137569
muon,3,34,0,13,2.000358931659962,-0.8876419425356105,0.08748866332453621,-0.00044991925486750076,0.0037843487225472927,-0.005169018171727657,-0.06082054498646183,0.00016563670950996146,-0.17039718055235575,0.17068802813985082,533.41064453125,460,1.1595883576766304
muon,3,35,0,13,2.0003589829528012,2.1426487045985168,0.0874886610811679,-0.0004499192433307535,-0.009608641266822815,0.0063056182116270065,0.76579277697153,-0.0006055631941287165,-0.022184253366348942,0.022189175869336768,476.5943603515625,458,1.0405990400689138
muon,3,36,0,13,2.000358980513736,-2.024428078500513,0.08748866118784404,-0.00044991924387934626,0.007828372530639172,0.0036533616948872805,-0.46472850632284235,-0.0003398308932349714,-0.22135499354348687,0.22184606087722006,493.8348388671875,460,1.073553997537364
muon,3,37,0,13,2.0003589663161443,1.8876251386656742,0.08748866180879673,-0.0004499192470726579,0.003912711050361395,-0.0024720518849790096,-0.05463829183383062,-1.2527508564799672e-05,-0.09869661640845512,0.09879412286494621,462.59130859375,460,1.0056332795516305
muon,3,38,0,13,2.000358945631805,-0.2071776587966741,0.08748866271345694,-0.00044991925172496413,0.006172057706862688,-0.004835309460759163,-0.5735259052454533,0.00032285202176492167,0.004613616867380215,-0.0046134040225863865,459.732421875,460,0.999418308423913
muon,3,39,0,13,2.000358973765658,0.7133066749730128,0.0874886614829812,-0.0004499192453971188,-0.006334393285214901,-0.0034659646917134523,0.09279487943469888,1.0815486260890017e-05,-0.24221681899241068,0.24280493337841164,464.504150390625,458,1.0142012017262554
muon,3,40,0,13,2.0003590130473,2.4327523497595465,0.08748865976494047,-0.0004499192365619215,-0.007966672070324421,0.006436076480895281,0.2889843926752178,-0.00037803604763242404,-0.12833376902478044,0.12849867621912536,468.5184020996094,458,1.0229659434489287
muon,3,41,0,13,2.000358942771393,-0.014255609732278041,0.08748866283856131,-0.00044991925236832596,0.0016260886332020164,-0.004174495115876198,0.12104436398332509,-3.867262564398455e-05,-0.10518587692260518,0.10529663411055327,474.29852294921875,460,1.0310837455417798
muon,3,42,0,13,2.0003589313523604,-0.07568300003908698,0.08748866333798962,-0.0004499192549366863,0.008366216905415058,0.002427992643788457,-0.7044873128073947,-0.00019585802392559082,-0.0699709609995336,0.0700199546346856,479.15478515625,460,1.0416408372961956
muon,3,43,0,13,2.000358961354352,0.9908441431726118,0.08748866202580806,-0.00044991924818866055,-0.009848620742559433,0.004018081352114677,0.3735892568925703,-0.00044009419429179297,-0.04320853854520285,0.0432272163936603,415.9397277832031,460,0.9042167995287025
muon,3,44,0,13,2.0003589607858214,-0.6941734641494778,0.08748866205067359,-0.00044991924831653407,0.009171715937554836,0.002447364619001746,-0.40095153426855656,-6.7311987372448145e-06,-0.07630879571859571,0.07636707051042001,481.7900695800781,460,1.0473697164784308
muon,3,45,0,13,2.000358920256569,1.9227385712010325,0.08748866382328051,-0.0004499192574323435,-0.005149991251528263,0.0020197946578264236,0.46501633101092565,-2.2528202209645687e-05,0.12221292414759201,-0.12206374647370749,537.4801025390625,460,1.168435005519701
muon,3,46,0,13,2.0003589985449373,1.2630193473986169,0.08748866039922276,-0.000449919239823782,0.0033864618744701147,0.0009870071662589908,-0.23283979211052852,0.0005459321696515973,0.309472156376242,-0.30851738098451303,461.6084289550781,460,1.0034965846849524
muon,3,47,0,13,2.0003589577728658,1.310871593668181,0.08748866218244968,-0.0004499192489942058,-0.013096636161208153,0.0046805948950350285,0.8949115732130863,-0.00033482509767947255,-0.09818601745990191,0.09828251714935704,415.4599609375,460,0.903173828125
muon,3,48,0,13,2.000358917980505,0.455526385191196,0.08748866392282756,-0.0004499192579442742,-0.005757636856287718,-0.0026284842751920223,1.0942186086239647,0.00041011946292607293,-0.0837563829594953,0.08382659308182794,434.75250244140625,462,0.9410227325571564
muon,3,49,0,13,2.0003589110818107,0.28424745709017724,0.08748866422455218,-0.0004499192594959234,0.010422001592814922,-0.011952320113778114,-0.6991019876381732,0.0009964127989539884,0.30386589488279026,-0.30294534729223344,481.1669921875,460,1.0460152004076086
muon,3,50,0,13,2.0003589219841027,0.03201510755381252,0.08748866374772427,-0.0004499192570437879,0.00763085950165987,0.011821664869785309,-0.355873238655581,-0.00039264316838619195,-0.044116120850515486,0.044135591761520404,488.27545166015625,460,1.0614683731742527
muon,3,51,0,13,2.0003589078905475,-1.6462194196224729,0.0874886643641268,-0.0004499192602137,-0.009218720719218254,0.016702665016055107,0.6318561077633955,-0.0007761177175318046,-0.3123664538437471,0.31334523925590974,487.39605712890625,460,1.0595566459324048
muon,3,52,0,13,2.000359010757734,-3.090649213631014,0.08748865986507803,-0.000449919237076889,-0.0033906823955476284,-0.009505645371973515,-0.26050583614889433,0.0005256373222503052,-0.1301063013360455,0.1302757983588328,522.7770385742188,460,1.136471822987432
muon,3,53,0,13,2.0003589833761386,2.7848402545021256,0.08748866106265261,-0.00044991924323553676,0.007999014109373093,0.004485309589654207,-0.514654831715422,2.760206467435078e-05,0.15400317076894096,-0.15376636569020063,471.448974609375,462,1.0204523259943181
muon,3,54,0,13,2.000359002841843,-0.13766802979658863,0.08748866021129123,-0.00044991923885732515,-0.011327050626277924,-0.0016362477326765656,0.8992416972996853,0.00023200214413174325,-0.0883384374819214,0.08841654327471923,431.4767761230469,460,0.937992991571841
muon,3,55,0,13,2.0003589159704704,-0.25372288952223954,0.08748866401073939,-0.00044991925839636964,-0.0006885461043566465,0.00559578463435173,-0.20902027733626927,-0.0005448438918352755,-0.10132541423835606,0.10142818676875577,453.7109375,462,0.9820583062770563
muon,3,56,0,13,2.000358924422695,-1.380176373100704,0.0874886636410688,-0.00044991925649530147,-0.00664298702031374,-0.0010765668703243136,0.24230060619712113,0.00028258070602668606,-0.1342570346512009,0.13443752648771562,471.01837158203125,458,1.028424392100505
muon,3,57,0,13,2.0003589558541153,-2.1856840377809648,0.08748866226636906,-0.0004499192494257697,0.008896827697753906,0.012840972281992435,-0.777649307047934,-0.000568289124603466,0.0030551763586604648,-0.00305508302047534,474.3547058105469,460,1.031205882196841
muon,3,58,0,13,2.0003589546763516,1.5428288908791175,0.0874886623178803,-0.00044991924969067147,0.0035936501808464527,-0.002736849244683981,0.172641675509011,0.0001464822734511817,-0.14917229724222503,0.14939515342455917,417.7255554199219,460,0.9080990335215693
muon,3,59,0,13,2.0003589183518344,-0.6968890470850411,0.0874886639065869,-0.000449919257860755,-0.0011863252148032188,-0.012545165605843067,-0.02240711570355991,0.0007140510134570482,-0.19691942669798818,0.19730796441034437,473.46484375,460,1.0292713994565217
muon,3,60,0,13,2.000358906171624,0.34220543126688974,0.08748866443930649,-0.00044991926060031906,0.00505025452002883,-0.0014269378734752536,-0.11905650721566463,6.538058222747833e-05,-0.08026388641569202,0.08032836108018816,432.0816955566406,460,0.9393080338187839
muon,3,61,0,13,2.0003589845463616,0.6473544868525981,0.08748866101147118,-0.00044991924297233107,0.006000906229019165,-0.012773947790265083,0.005241960573276749,0.0009550205862384753,0.1605171888596871,-0.16025994410253658,450.5540771484375,458,0.9837425265249727
muon,3,62,0,13,2.000358994510766,2.831321828992488,0.08748866057566321,-0.0004499192407311447,0.0002911949122790247,0.010547883808612823,-0.35702529680925466,-0.0009005684273592218,-0.049500906192082327,0.04952542172463963,527.8056030273438,460,1.1474034848420516
muon,3,63,0,13,2.000358946523834,-1.9951940619567257,0.08748866267444275,-0.0004499192515243297,-0.008091587573289871,0.006016888655722141,0.5985343077998806,-0.00023632891418121083,-0.18193656142670614,0.18226817387482216,481.95440673828125,458,1.052302198118518
muon,3,64,0,13,2.0003589744405135,-2.6547582411024218,0.08748866145346541,-0.0004499192452453309,0.005715847946703434,0.006208975799381733,-0.19857652453136865,-0.00012663279507536818,-0.08337191078535544,0.08344147753957581,493.14459228515625,460,1.0720534614894701
muon,3,65,0,13,2.0003589787776668,-1.2331100822111385,0.0874886612637736,-0.0004499192442698216,0.014140970073640347,-0.0005150322103872895,-1.061189113019223,-0.00020720318395868464,0.004874021088728223,-0.004873783539492657,411.4612121582031,460,0.8944808959960937
muon,3,66,0,13,2.0003589226917615,1.2744005860155752,0.08748866371677376,-0.0004499192568846218,0.01480325497686863,0.002973523223772645,-0.9486616915395096,-0.0008016129569814318,-0.002399577528727275,0.002399635109837923,441.2203369140625,462,0.9550223742728625
muon,3,67,0,13,2.000358964680115,0.9349639378375243,0.08748866188035088,-0.0004499192474406324,0.01015738770365715,-0.005261297803372145,-1.1721812075804472,-0.0002192811916835874,-0.014060506206290072,0.014062483462647421,474.6324462890625,460,1.031809665845788
muon,3,68,0,13,2.0003589776296633,-0.7144459157137764,0.08748866131398322,-0.0004499192445280297,0.0038192588835954666,-0.007177261635661125,-0.16436289263843662,0.00032754728701470115,-0.3921411931363201,0.3936849941696624,448.7059020996094,462,0.9712248963195008
muon,3,69,0,13,2.0003589295498294,1.9399059527921307,0.08748866341682598,-0.0004499192553421102,-0.00852130725979805,0.008101384155452251,0.37233891013976894,-0.0006432058629624593,-0.10347233736561895,0.10357951350928438,457.1471862792969,460,0.9937982310419498
muon,3,70,0,13,2.0003589169273526,0.13885035421060526,0.08748866396888873,-0.0004499192581811484,-0.020302271470427513,0.00463898153975606,1.4604846079448452,-0.000509207722989527,-0.16207272652743893,0.1623358286310309,472.4461975097656,460,1.0270569511081862
muon,3,71,0,13,2.00035895165965,2.9862310351554937,0.08748866244982022,-0.00044991925036918574,0.007724590599536896,0.008903777226805687,-0.245756072241754,-0.000527311114771542,-0.05614638026873721,0.05617792213852291,468.352294921875,460,1.0181571628736412
muon,3,72,0,13,2.000358945521637,2.122860512852356,0.08748866271827532,-0.0004499192517497431,-0.0027774570044130087,-0.01121850498020649,0.107684016540599,0.0006401945963113165,-0.08790789897882315,0.0879852449590853,443.8662414550781,460,0.9649266118588655
muon,3,73,0,13,2.0003589889081477,-0.7147657537477415,0.08748866082070202,-0.00044991924199128146,-0.01314989011734724,0.001913926680572331,1.1349582689207383,0.00022717355849415088,-0.1384843311960636,0.13867637624823803,472.1015319824219,458,1.030789371140659
muon,3,74,0,13,2.0003589208629644,-0.7300112161034884,0.08748866379675892,-0.0004499192572959535,-0.000832823570817709,-0.007404876872897148,0.19936889355798293,0.00016212701382610495,-0.048288474532763796,0.048311803565729054,455.5950927734375,460,0.9904241147248641
muon,3,75,0,13,2.000358973318093,-2.164004999225132,0.08748866150255613,-0.0004499192454977848,-0.017726533114910126,0.0021130882669240236,1.1610565829198727,-0.00014981905098371273,-0.10328255992643996,0.10338934308667158,424.3833923339844,458,0.9266012933056428
muon,3,76,0,13,2.0003589931045953,-2.55346230213653,0.08748866063716416,-0.0004499192410474196,-0.004846452735364437,0.0021614779252558947,0.09969418059752044,0.00011360454199309256,0.021350462185086762,-0.021345904735768514,507.24554443359375,460,1.1027077052904213
muon,3,77,0,13,2.0003589328196685,2.596796499456928,0.08748866327381473,-0.0004499192546066604,0.007932530716061592,-0.0010818541049957275,-0.27917500929630634,0.00039562128209728875,-0.0317992153892483,0.03180933050677806,415.15350341796875,462,0.8986006567488501
muon,3,78,0,13,2.0003589015106775,-2.299631193703516,0.08748866464315988,-0.00044991926164865566,-0.004232558887451887,0.006852645892649889,0.1660142601567216,-0.00045628692328072984,-0.21322780539555752,0.21368343790069735,437.0619812011719,460,0.950134741741678
muon,3,79,0,13,2.000358961908651,-3.004113365395922,0.08748866200156498,-0.0004499192480639881,0.013566025532782078,0.011988253332674503,-0.8199918428473119,-0.0013526338309793468,-0.17783465144286761,0.17815146648231645,421.64361572265625,460,0.916616555918818
muon,3,80,0,13,2.000358923398003,-2.18342688315663,0.08748866368588525,-0.00044991925672577455,-0.004422171972692013,-0.0004539908259175718,0.09086364063870533,9.883444252890838e-05,-0.10001837023730478,0.10011850713643872,500.0453186035156,458,1.091802005684532
muon,3,81,0,13,2.00035899689481,-1.4656898044350177,0.08748866047139352,-0.00044991924019492733,0.002613678341731429,-0.0010930090211331844,-0.4279352424114702,6.979529385382766e-05,-0.16080734298729263,0.16106634950436954,548.2454833984375,460,1.1918380073879076
muon,3,82,0,13,2.000358932879258,-0.49645512816885035,0.08748866327120848,-0.00044991925459325757,0.0012161287013441324,0.003468387760221958,-0.31733992120702714,-0.00024467416121549956,-0.1873774009792635,0.18772916300577952,464.4875183105469,462,1.0053842387674174
muon,3,83,0,13,2.000358972648047,-0.8590992649839952,0.08748866153186159,-0.00044991924564849115,0.005736751016229391,-0.0007178152445703745,-0.6117860032484046,0.00031561123902006105,-0.14440398394942405,0.1446128106092393,439.3616638183594,460,0.9551340517790421
muon,3,84,0,13,2.0003589683423018,2.4080809466156676,0.08748866172017973,-0.00044991924661693614,0.0010218857787549496,0.0010038538603112102,-0.3751627716734873,-0.0002065628904334843,-0.12168619930560572,0.12183445502335466,515.099853515625,460,1.1197822902513588
muon,3,85,0,13,2.0003589703490157,2.781925828430944,0.08748866163241313,-0.00044991924616558755,-0.0054606287740170956,-0.006528006866574287,0.4588055870002883,0.0003710136557872473,-0.015211647661088356,0.015213961955361066,444.1197814941406,462,0.9612982283422957
muon,3,86,0,13,2.000358899627972,1.625863468783913,0.0874886647255028,-0.00044991926207211245,0.005023819860070944,-0.0057630278170108795,-0.19387020450634118,0.00030575837782971516,-0.09232182995284337,0.09240714191726186,487.70733642578125,460,1.0602333400560462
muon,3,87,0,13,2.0003590009286936,-0.11694955487676928,0.08748866029496566,-0.00044991923928762933,-0.0021817085798829794,0.0079259118065238,0.38283725210497277,-0.0007957831811465366,-0.14157575957604143,0.1417764807054897,470.4042663574219,458,1.0270835509987377
muon,3,88,0,13,2.000358909720115,0.7123741628555942,0.08748866428410795,-0.000449919259802195,-0.003296981565654278,0.0005605710903182626,0.11270028069731985,0.00040129761421892063,0.1192950227691275,-0.11915287931462505,423.34619140625,460,0.9203178074048913
muon,3,89,0,13,2.0003589728869855,-0.027007198751251727,0.08748866152141126,-0.00044991924559474925,0.002327878028154373,-0.002097907941788435,0.12399521497967816,1.350510742632871e-05,0.07266547948503838,-0.07261271510743901,471.7964172363281,460,1.0256443852963655
muon,3,90,0,13,2.000358892802286,-1.9673161303454554,0.0874886650240343,-0.0004499192636073407,-0.008569106459617615,0.006539002526551485,0.23243779479620308,-0.000684692302934442,-0.06677735965360664,0.06682198160858271,457.19915771484375,460,0.9939112124235734
muon,3,91,0,13,2.000358982701925,-0.5452181843990309,0.08748866109214035,-0.0004499192433871804,-0.005627923645079136,0.00920894555747509,0.3556160205824277,-0.0006448799189111287,0.06346104064949336,-0.06342079315416957,500.0522155761719,462,1.082364102978727
muon,3,92,0,13,2.0003589685420895,0.34528798079532047,0.08748866171144172,-0.00044991924657200003,-0.00405162526294589,0.0003602196811698377,0.44968509632686837,0.00011293291546181361,0.6174767880193391,-0.613687410707224,1638.0093994140625,460,3.560889998726223
muon,3,93,0,13,2.000358920320561,3.0062724069651217,0.08748866382048173,-0.00044991925741795047,0.006244404707103968,0.009139228612184525,0.054506868496506655,-0.0006168237607244997,-0.12805377672490129,0.12821796467110827,422.75390625,460,0.9190302309782609
muon,3,94,0,13,2.000358958580528,1.6060801327563776,0.08748866214712536,-0.00044991924881254697,-0.003950556740164757,-0.002135485876351595,0.1556098125921057,6.985223689914832e-06,0.003935052957415002,-0.003934898117092675,427.66070556640625,460,0.9296971860139266
muon,3,95,0,13,2.0003590018403155,2.000720281438641,0.08748866025509452,-0.000449919239082588,-0.0062200529500842094,-0.0064934235997498035,0.15352265376611385,0.000545284113267902,-0.04731412652577768,0.047336523388346985,499.8313293457031,458,1.091334780230793
muon,3,96,0,13,2.0003589350191744,-2.7314299390594154,0.08748866317761608,-0.00044991925411194916,0.003210596274584532,0.012921917252242565,-0.17034551700056966,-0.0008463233519858948,0.02365687607142987,-0.023651280917204903,476.87347412109375,460,1.0366814654806387
muon,3,97,0,13,2.00035896830346,0.5478303631303484,0.08748866172187854,-0.00044991924662567237,-0.008338605985045433,0.012524188496172428,0.7288257124250519,-0.000840391234093199,-0.28077041642147127,0.28156095629092814,481.7333068847656,460,1.047246319314708
muon,3,98,0,13,2.0003589350264877,1.9927223199994282,0.08748866317729623,-0.0004499192541103043,0.005880109500139952,0.004678061231970787,-0.46102944919623745,-0.00015136299590737257,0.20169431723182327,-0.20128833010875316,543.380126953125,462,1.1761474609375
muon,3,99,0,13,2.0003589616242605,2.7220234377611434,0.08748866201400321,-0.00044991924812795293,-0.0014804605161771178,0.0014524973230436444,-0.030945085362166225,-0.00011630685090582848,-0.02684923668987519,0.02685644744100947,428.44964599609375,460,0.9314122739045516
muon,4,0,0,13,2.000358961163016,-1.8916454745308187,0.08748866203417642,-0.0004499192482316957,0.013263430446386337,0.009917285293340683,-0.6103085502360273,-0.0008214521705137007,-0.04522677585216917,0.045247239719856315,462.3204040527344,460,1.0050443566363791
muon,4,1,0,13,2.0003589393816497,1.6604967563195114,0.08748866298681676,-0.00044991925313074446,-0.0023433109745383263,-0.00327724264934659,0.004485364448525431,-0.00010066160446584038,-0.22495363053024667,0.22546081281410257,448.5775451660156,460,0.97516857644786
muon,4,2,0,13,2.0003589444989704,-1.9765668253931694,0.08748866276300314,-0.0004499192519797605,0.004257002379745245,0.0028288785833865404,-0.1008172002143759,-0.0003361146286762068,0.017977850260579086,-0.017974618810529433,463.91455078125,460,1.0085098930027174
muon,4,3,0,13,2.0003589974165656,1.645444936620735,0.08748866044857377,-0.0004499192400775745,0.003939857240766287,0.007335229776799679,0.32501710698706887,-0.0007409619627224834,0.1799626817310367,-0.17963939785321534,419.76690673828125,460,0.9125367537788723
muon,4,4,0,13,2.0003589356652545,1.0397086277048295,0.08748866314935881,-0.0004499192539666333,0.015104055404663086,0.0007838532910682261,-0.7301702539628252,0.00044106249761384497,-0.1550662124049122,0.15530704115122226,459.49383544921875,460,0.9988996422809103
muon,4,5,0,13,2.000358937892521,-1.9759017100756644,0.08748866305194601,-0.0004499192534656782,-0.006337426137179136,0.0019321040017530322,0.13624338560092042,-7.607475362524097e-05,-0.07920143863814012,0.0792642170383748,549.463623046875,460,1.1944861370584239
muon,4,6,0,13,2.000358953470647,0.9681033093918382,0.08748866237061358,-0.0004499192499618576,0.0002729215193539858,-0.004438914358615875,0.1693766128004759,0.000703092745372294,-0.15482598256529795,0.15506606512425206,457.1723937988281,460,0.9938530299974524
muon,4,7,0,13,2.0003589730416067,1.432839927098815,0.08748866151464867,-0.00044991924555997195,-0.0046695019118487835,0.00018445907335262746,0.47987995379727977,0.00023658294784141554,-0.2726649257961142,0.2734104201152342,466.6116638183594,460,1.0143731822138247
muon,4,8,0,13,2.000358984325332,1.6415553092177244,0.08748866102113823,-0.0004499192430220449,0.006412128452211618,-0.00048055913066491485,0.04863746806660352,0.00024689504489799896,-0.1081788000438557,0.10829595330662573,419.9935302734375,462,0.9090769053537608
muon,4,9,0,13,2.000359009309368,0.08642049250454296,0.08748865992842446,-0.00044991923740265435,-0.002403841121122241,-0.003065682016313076,0.09710225015292784,-0.00016871214924583933,0.03197931176705126,-0.0319690882726428,431.8141784667969,462,0.9346627239541058
muon,4,10,0,13,2.0003589272007347,-1.8763820686586,0.08748866351956713,-0.00044991925587046686,-0.0022859799209982157,-0.0038075214251875877,-0.19328210281366331,0.0004446533072532399,-0.06414935769135754,0.064190535507575,464.2847900390625,460,1.0093147609544837
muon,4,11,0,13,2.000358981389739,-2.646261432965357,0.08748866114953074,-0.00044991924368231626,0.0028348704800009727,0.0034972825087606907,-0.4992691678218364,5.972143074955971e-05,-0.16754201142210248,0.1678231857631559,453.4013366699219,462,0.9813881746102205
muon,4,12,0,13,2.000358896956735,1.3955577441817109,0.08748866484233332,-0.0004499192626729251,-0.0051163421012461185,-0.0022556139156222343,0.13090881053767767,0.00014675542048024626,-0.06361396833747573,0.06365446146643769,460.00030517578125,460,1.0000006634256113
muon,4,13,0,13,2.0003589748206068,-1.9446569545318033,0.08748866143684148,-0.0004499192451598406,-0.005078877322375774,-0.005078392568975687,0.20872188104648082,0.00015981224317790366,0.027035516547097776,-0.027028209331084286,435.1047668457031,460,0.9458799279254416
muon,4,14,0,13,2.000358997147416,0.13220734320822583,0.08748866046034542,-0.0004499192401381114,-0.001936366781592369,-0.010817629285156727,0.05926765259875455,0.0006243792716339458,0.028602053256040677,-0.028593874820733826,433.4765319824219,460,0.9423402869183084
muon,4,15,0,13,2.0003589977742684,-2.565629304108702,0.0874886604329291,-0.0004499192399971202,0.0037421465385705233,0.0014279801398515701,-0.0075691365371000074,-0.0001919361134710973,0.10310832692291012,-0.10300212315701973,412.76287841796875,462,0.8934261437618372
muon,4,16,0,13,2.0003589489974996,-0.4532366531895603,0.08748866256625332,-0.00044991925096795466,0.011119592934846878,-0.002949449000880122,-0.23360671530114896,0.0004636681422504063,-0.013453234294551692,0.013455044433194117,421.87066650390625,460,0.9171101445737092
muon,4,17,0,13,2.00035893386736,-2.528471432613511,0.08748866322799238,-0.0004499192543710144,-0.006480525713413954,0.007699321955442429,0.5569085351417868,-0.0005238175706437503,-0.036974105898622094,0.03698778180022333,460.5269470214844,462,0.9968115736395766
muon,4,18,0,13,2.000358947780304,-1.341007059751347,0.08748866261948916,-0.0004499192512417254,0.00028519582701846957,-0.001268903841264546,0.3443419321331742,-5.955638398501273e-05,-0.042775815364419024,0.04279412089856685,565.765380859375,462,1.2246003914705086
muon,4,19,0,13,2.000358942668613,-2.0400008246285384,0.08748866284305655,-0.00044991925239144315,0.006396950222551823,-0.003349573351442814,-0.33602267675947317,0.00030847227161324986,-0.21942921504543267,0.21991176570670917,477.053955078125,458,1.0416025220046397
muon,4,20,0,13,2.000358963194424,-0.16037851780182713,0.08748866194532978,-0.00044991924777479294,-0.006038275081664324,0.009244061075150967,0.5460551334082464,-0.0008964868788586822,-0.10809576243406305,0.10821273581588317,511.4779357910156,462,1.1070950991147523
muon,4,21,0,13,2.0003589491601317,0.2689406222059734,0.08748866255914035,-0.0004499192509313755,-0.00557731231674552,0.003665853990241885,0.46861708617135234,2.058212126430925e-05,-0.19927895729387585,0.19967687128093678,431.9793395996094,464,0.9309899560336409
muon,4,22,0,13,2.000358946027844,-1.2978964096245478,0.0874886626961356,-0.0004499192516358874,-0.003626337507739663,0.0018395084189251065,0.2889877495477755,-0.00040907809759434255,-0.13714745538267545,0.13733580794860287,401.5979309082031,456,0.8806972169039542
muon,4,23,0,13,2.0003589000555557,-2.940629553375567,0.08748866470680179,-0.00044991926197594063,0.0056492057628929615,0.01261057611554861,-0.06740135160576699,-0.00046341719255389713,-0.017162233389958956,0.01716517931809546,491.9472961425781,458,1.0741207339357601
muon,4,24,0,13,2.0003590169663377,-2.494097345218349,0.08748865959353556,-0.0004499192356804545,-0.0032050011213868856,0.0043813069351017475,0.13934884994082353,-0.00015364674038996495,0.052770028504706426,-0.052742196432608496,485.46954345703125,462,1.0507998776126217
muon,4,25,0,13,2.0003589028438222,-0.4437170632331195,0.08748866458485283,-0.00044991926134880573,-0.00455649197101593,-0.0020282529294490814,-0.07799191786622695,-0.00020725120852149725,-0.32571158906029407,0.32677593615460776,454.5794677734375,460,0.9882162342900815
muon,4,26,0,13,2.0003589500267354,-1.9414845083578984,0.08748866252123816,-0.0004499192507364597,0.0013726248871535063,-0.007692597806453705,-0.18435970698194026,0.0008711627918531195,-0.21915069483108018,0.21963201992881184,698.4616088867188,458,1.525025346914233
muon,4,27,0,13,2.0003590038218055,-2.558760830263853,0.08748866016843113,-0.00044991923863691276,0.0040237014181911945,-0.0064438628032803535,-0.28090824627868827,0.00024153147957531318,0.11533443251017768,-0.11520156543843932,487.09332275390625,460,1.058898527725883
muon,4,28,0,13,2.0003589594059354,-2.2057737171372347,0.08748866211102495,-0.00044991924862689697,-0.0006969206733629107,-0.011578649282455444,0.07117387856769852,0.0006082918174456636,-0.05791194251760646,0.057945499882193795,456.6269226074219,460,0.9926672230596127
muon,4,29,0,13,2.000358904087574,0.22219203460387346,0.08748866453045549,-0.000449919261069062,-0.0020640846341848373,-0.005973192397505045,0.3572250587547121,8.401439315137982e-05,-0.0686979933782863,0.06874521996493839,462.4762878417969,462,1.0010309260644954
muon,4,30,0,13,2.000358986586867,0.09161228296967541,0.08748866092222665,-0.0004499192425133821,0.007735499646514654,0.0011479557724669576,-0.44861791344677493,-0.0002569429184768046,-0.07817695504234433,0.07823811922163838,413.0008544921875,460,0.8978279445482337
muon,4,31,0,13,2.000358923455799,-0.858204187671258,0.08748866368335745,-0.0004499192567127751,0.005949713755398989,-0.0027731682639569044,-0.6622058948736465,-1.758832735082594e-05,-0.09772198646522498,0.09781757574335812,471.25439453125,462,1.0200311569940477
muon,4,32,0,13,2.000358942117153,2.6150233810164356,0.08748866286717547,-0.0004499192525154771,-0.012104603461921215,-0.0014424597611650825,0.7765228531932955,-8.386042557848028e-05,-0.023978118304867152,0.023983869185398844,487.0628356933594,460,1.058832251507303
muon,4,33,0,13,2.000358985740251,-0.3835805664581789,0.08748866095925466,-0.0004499192427038024,-0.002888216869905591,0.01318687479943037,-0.02008575968609483,-0.0005346335449327583,0.06225154970817863,-0.0622128212628239,466.9795837402344,460,1.0151730081309442
muon,4,34,0,13,2.000358989486055,1.526197784050134,0.08748866079542637,-0.0004499192418612989,0.007299899123609066,0.0002507097087800503,-0.18548260512663006,0.00023697854783534533,-0.10903240793004063,0.10915141834976765,490.0311584472656,458,1.0699370271774358
muon,4,35,0,13,2.000358937752092,0.6801882697967112,0.08748866305808788,-0.0004499192534972634,0.005206867586821318,-0.010649717412889004,-0.6119324592173125,0.0006493212177299951,-0.09381419060438598,0.09390228427234489,461.2630920410156,460,1.0027458522630774
muon,4,36,0,13,2.000359009582261,-1.820060338383185,0.08748865991648908,-0.0004499192373412754,-0.00021913593809586018,0.008463134057819843,0.15863359497703122,-0.0005168032627987373,-0.013644266372384996,0.013646128286473975,504.59979248046875,460,1.0969560706097148
muon,4,37,0,13,2.000358911539796,0.10384780292170545,0.0874886642045215,-0.0004499192593929137,0.006425261031836271,0.00876276008784771,-0.5281728948881292,-0.0009049082941249287,-0.04243478632851161,0.04245280108395547,436.70843505859375,460,0.949366163170856
muon,4,38,0,13,2.000358893047326,-0.6156779306019606,0.08748866501331712,-0.0004499192635522265,-0.016954269260168076,0.003868889296427369,1.201845892793152,-0.0006059843587913616,0.027846480996662138,-0.02783872889031318,462.705810546875,460,1.0058821968410325
muon,4,39,0,13,2.0003589627685865,-0.533636934585616,0.08748866196395443,-0.000449919247870572,0.002504317555576563,0.006908538285642862,0.15962821964921048,-0.00031020816089198655,-0.2527419076253824,0.2533823109115535,476.2127990722656,458,1.039765936839008
muon,4,40,0,13,2.000358914440345,0.32002151961545044,0.08748866407766169,-0.0004499192587405243,0.00438035698607564,-0.005690890830010176,-0.3008937380700738,0.0004665500055330424,0.044109808557955835,-0.04409036038439635,474.7219543457031,462,1.027536697717972
muon,4,41,0,13,2.0003589995801545,1.5980675528338995,0.08748866035394601,-0.0004499192395909417,0.003015431808307767,-0.005554961506277323,-0.2457211307134166,6.785851193152892e-06,0.1848466425777279,-0.18450559018889626,471.9930114746094,462,1.0216298949666869
muon,4,42,0,13,2.0003589348563153,-0.5220815255898336,0.08748866318473895,-0.0004499192541485793,0.010780136100947857,-0.011463148519396782,-0.6035849791666825,0.0005934119342796002,-0.07086346360093512,0.0709137155159219,496.88397216796875,460,1.0801825481912364
muon,4,43,0,13,2.0003589906206787,-3.0897687460271173,0.08748866074580194,-0.00044991924160610027,-0.010512077249586582,-0.003507287008687854,0.9783293095879664,0.00040887094241140454,-0.1254110459124931,0.1255685227101626,430.8776550292969,460,0.9366905544115149
muon,4,44,0,13,2.0003589018514285,-3.0005121004278887,0.08748866462825663,-0.0004499192615720142,-0.0016641260590404272,-0.002224643947556615,-0.11422517941106491,9.446000934712484e-05,-0.005305055971531122,0.00530533742264089,481.2098693847656,460,1.0461084117060122
muon,4,45,0,13,2.0003589583625487,0.8209242917228093,0.08748866215665901,-0.00044991924886157475,-0.001404551905579865,0.00015700685617048293,0.37913549658152856,0.00025464996377860816,-0.13853113683790677,0.13872331181882036,538.22998046875,458,1.1751746298444323
muon,4,46,0,13,2.0003590031584966,2.9493578316614806,0.08748866019744192,-0.0004499192387861037,-0.002697114832699299,-0.000224624527618289,0.13080817006239087,6.653966408456946e-05,-0.2622747261598577,0.26296441536013276,462.0577087402344,460,1.0044732798700746
muon,4,47,0,13,2.0003589597602,1.639287666384576,0.08748866209553066,-0.000449919248547216,-0.007022869773209095,-0.0005161117878742516,0.47866910278981933,0.0003290813250702296,-0.02610543180426407,0.02611224851950585,410.6816101074219,462,0.8889212339987487
muon,4,48,0,13,2.0003589737373266,2.6766208248373804,0.08748866148422033,-0.00044991924540349116,0.033954475075006485,-0.01276722177863121,-1.174076103859889,0.00025072418024271736,-0.22130358212357484,0.22179442112245867,767.6148071289062,454,1.6907815134997934
muon,4,49,0,13,2.0003589798246613,2.319438862024307,0.08748866121798174,-0.0004499192440343324,-0.010175071656703949,0.004392510280013084,0.21965581321747862,-0.00015340249567644126,-0.22424652730865655,0.2247505225505889,470.26910400390625,458,1.0267884366897517
muon,4,50,0,13,2.000358962134737,0.22333427160208846,0.08748866199167676,-0.00044991924801313695,0.005768101662397385,-0.0036314160097390413,-0.513721398765099,0.0003729206451564271,-0.022159419137177668,0.022164330624090827,489.44482421875,462,1.0594043814258658
muon,4,51,0,13,2.000358910998194,-0.09620299356891096,0.08748866422820928,-0.0004499192595147304,0.0024496272671967745,-0.002114776987582445,-0.2280606059890944,0.00018778638195154906,-0.09623481256761159,0.09632751316935813,512.6885986328125,460,1.114540431810462
muon,4,52,0,13,2.000358974338798,-1.3741366921900031,0.08748866145791409,-0.0004499192452682087,-0.003798234974965453,-0.0025470268446952105,-0.22971043603448038,1.4853726011537782e-05,-0.005631335060085438,0.005631652197282,527.5386962890625,458,1.1518312146049399
muon,4,53,0,13,2.0003589893485163,1.2293009690758683,0.08748866080144184,-0.00044991924189223407,0.009155490435659885,0.013253905810415745,-0.5515746590591952,-0.000594580758602789,-0.1836227496292763,0.18396054303663403,484.3648986816406,460,1.0529671710470447
muon,4,54,0,13,2.000358899580368,-0.19599038814493985,0.08748866472758485,-0.00044991926208281954,0.003682683687657118,-0.007992208003997803,-0.20424569657473413,0.0005275100060539162,0.028338427245106008,-0.02833039885564146,433.9589538574219,460,0.9433890301248301
muon,4,55,0,13,2.0003588979566302,1.6654563479727595,0.08748866479860141,-0.0004499192624480294,0.002430596621707082,-0.01392502523958683,0.09495684444016383,0.0011309846116463879,0.06976376296366443,-0.06971512706766823,468.30047607421875,460,1.0180445132048235
muon,4,56,0,13,2.000358985700765,-1.4685068512046622,0.08748866096098165,-0.00044991924271268357,0.0017801221692934632,0.005799832753837109,-0.15088080522551728,-0.0004793055351469955,-0.14666090125752235,0.14687631137953072,471.69683837890625,458,1.0299057606526338
muon,4,57,0,13,2.000358938043999,-1.990134463573651,0.0874886630453209,-0.0004499192534316079,0.0029626665636897087,-0.0004713653470389545,-0.03243896846316652,-0.0002915902413467425,-0.021791908510955787,0.021796658418821394,477.9417419433594,460,1.03900378683339
muon,4,58,0,13,2.000358952046954,0.2866424225427485,0.0874886624328809,-0.0004499192502820736,-0.009915580973029137,-0.0026186208706349134,0.6781019113683007,0.00030639396980235156,-0.052847334809615586,0.0528752779847979,419.2341003417969,458,0.9153582976895128
muon,4,59,0,13,2.000358923831864,2.232754336456544,0.08748866366690967,-0.00044991925662819077,-0.004683452658355236,0.0006609898409806192,0.28218164037996374,0.00010859472208644971,-0.06472523838779613,0.06476715908590049,487.32275390625,458,1.0640234801446506
muon,4,60,0,13,2.0003589733471445,0.06003272562674571,0.08748866150128552,-0.0004499192454912506,0.004740497097373009,0.00835337582975626,-0.27730345181514043,-0.00035172978388973986,-0.09581123456264246,0.09590312052641281,448.3994445800781,460,0.9747814012610394
muon,4,61,0,13,2.000358929749136,-2.4470974305313313,0.08748866340810901,-0.0004499192552972823,-0.019759153947234154,-0.007540235761553049,0.9650090378010567,0.0006281686693941912,0.018132361054357334,-0.018129073825240857,546.52001953125,462,1.182943765219156
muon,4,62,0,13,2.000358934918899,-0.9480102214537883,0.08748866318200177,-0.00044991925413450306,-0.004602441564202309,0.00587356137111783,0.13209912407641244,-0.0006505742523486013,-0.04742743794920782,0.04744994224111708,521.69970703125,460,1.1341297978940217
muon,4,63,0,13,2.000358985702203,-3.046822527435913,0.08748866096091876,-0.00044991924271236015,0.007913235574960709,0.007710276171565056,-0.6172861779787375,-1.8375366455408715e-05,-0.19102956874912713,0.1913951901554964,512.2123413085938,460,1.1135050898012908
muon,4,64,0,13,2.0003589861653763,-1.0428594007791925,0.08748866094066118,-0.0004499192426081835,-0.005314540583640337,0.002320358529686928,0.6799354853082029,-0.00028722954703783166,-0.10635454074903408,0.10646777406118466,511.97930908203125,462,1.1081803226883793
muon,4,65,0,13,2.0003590127416335,-0.6825094707033305,0.08748865977830925,-0.0004499192366306718,0.0016276058740913868,0.004213304724544287,0.06984544011634508,-7.7785113525769e-05,-0.09955463212687583,0.0996538421428179,414.0696105957031,460,0.9001513273819634
muon,4,66,0,13,2.000358979926834,2.8022439665814756,0.08748866121351305,-0.0004499192440113517,0.0024392460472881794,0.007467439863830805,-0.08990240300876806,-0.00024158756315294239,-0.07595853091824391,0.07601627176153578,449.4512939453125,460,0.9770680303158967
muon,4,67,0,13,2.0003589685500676,-2.670094312883499,0.08748866171109279,-0.00044991924657020556,-0.009341130964457989,-0.0052697318606078625,0.42277739155549554,0.00047814547551075504,0.056512971814029186,-0.056481052692633614,484.1717224121094,460,1.0525472226350203
muon,4,68,0,13,2.0003589169289686,-2.289881281874463,0.08748866396881805,-0.0004499192581807849,-0.0002795682230498642,0.00012571712431963533,-0.2619695446042236,-0.0004183702442811521,0.2612570025986695,-0.2605762289534127,423.9332275390625,458,0.9256184007403111
muon,4,69,0,13,2.000358978907333,0.0040457994912231985,0.08748866125810245,-0.0004499192442406572,0.0009677519556134939,-0.0005089009646326303,0.10086444649447766,0.00032015636694332494,-0.17119693879497433,0.17149052532464806,461.2408142089844,458,1.0070760135567345
muon,4,70,0,13,2.0003589362024723,-1.5088206568703098,0.08748866312586279,-0.0004499192538458027,-0.04839273542165756,0.010717224329710007,4.566077326242368,-0.0010295554288527464,-0.08970018841400182,0.08978072189070377,481.6448974609375,460,1.0470541249150815
muon,4,71,0,13,2.0003589063928637,-0.12247802881237599,0.08748866442963023,-0.0004499192605505579,0.0007281014113686979,0.0016738957492634654,0.06207642790409529,0.0001911910958633939,-0.15601856923156793,0.15626236754165262,470.6783752441406,458,1.0276820420177744
muon,4,72,0,13,2.00035894724125,2.1477228990761073,0.08748866264306548,-0.0004499192513629689,0.002904352732002735,-0.009456785395741463,-0.47367727434943774,0.0007603576353883423,-0.0575503042873658,0.05758344373445251,458.4521179199219,460,0.9966350389563519
muon,4,73,0,13,2.00035890580154,-2.7368172221693006,0.08748866445549265,-0.0004499192606835581,-0.0030084766913205385,-0.0020693938713520765,0.056844285389434646,0.00012654238216146252,0.061516590332363355,-0.061478770688859125,463.4382629394531,460,1.007474484650985
muon,4,74,0,13,2.000358954946017,-1.307926841493978,0.0874886623060861,-0.00044991924963001855,-0.002748905448243022,-0.0012093529803678393,0.3681857551474099,-0.00029438346983579056,-0.279846061251544,0.28063139716313895,479.134033203125,460,1.0415957243546197
muon,4,75,0,13,2.0003589457462456,0.3268985748958811,0.08748866270845172,-0.00044991925169922425,0.00577932596206665,0.0007316265837289393,-0.48395998003331053,1.1210554337753864e-06,0.13920095002481447,-0.13900745033334413,448.1767578125,460,0.9742972995923913
muon,4,76,0,13,2.0003589795919585,-1.1080281016904354,0.08748866122815933,-0.00044991924408667173,0.0022925310768187046,0.002115215640515089,-0.011039010858526765,-0.00019646686170425587,-0.13773442954396828,0.13792439892804345,519.47802734375,460,1.1293000594429348
muon,4,77,0,13,2.0003589376843505,-2.7720174938392272,0.08748866306105066,-0.00044991925351249974,0.003796973265707493,-0.01938260905444622,-0.22648275379033578,0.002058062092872376,-0.09880801386472522,0.09890574066266775,429.7728271484375,460,0.9342887546705163
muon,4,78,0,13,2.0003590012587233,2.557833560912964,0.08748866028053132,-0.00044991923921339927,-0.0020392928272485733,-0.0075678895227611065,0.14196971142554915,0.0004481657697502084,-0.17548455738516655,0.17579304703567314,457.4683837890625,460,0.994496486497962
muon,4,79,0,13,2.0003589768729544,2.629119127373278,0.08748866134707901,-0.0004499192446982281,-0.010680064558982849,-0.002472995314747095,0.7272070841195521,0.0002394217866184961,-0.033116624280179974,0.03312759502136208,441.23101806640625,460,0.9591978653617527
muon,4,80,0,13,2.0003589021730837,-2.6776140097183685,0.08748866461418857,-0.0004499192614996678,-0.007617870345711708,-0.002468779683113098,0.183141569564782,5.5553091538054766e-05,-0.17012696762368087,0.17041689271556912,517.5380249023438,460,1.125082662831182
muon,4,81,0,13,2.0003589371394335,2.28290797713713,0.0874886630848834,-0.0004499192536350621,-0.006778951268643141,0.0003737931256182492,0.4703855185095307,-0.00023300636567563648,-0.761808785041599,0.7676568624587894,642.0980834960938,462,1.3898226915499865
muon,4,82,0,13,2.0003590117095493,-0.7006449806804242,0.08748865982344899,-0.0004499192368628074,0.003952944651246071,0.0028286112938076258,-0.06746171764704378,4.408398815837489e-05,-0.014620930545910044,0.014623068574611904,459.1028137207031,460,0.9980495950450068
muon,4,83,0,13,2.0003589883579056,1.6196473966821292,0.08748866084476767,-0.00044991924211504146,-0.0021929151844233274,-0.00734645826742053,-0.07320749603301202,0.00030072566608133067,-0.0833582782631558,0.08342782225938702,452.8329162597656,460,0.9844193831734035
muon,4,84,0,13,2.000358954780067,-0.7922051854422687,0.08748866231334416,-0.0004499192496673439,0.0013100095093250275,0.01104003842920065,0.0557012847064442,-0.0010017937530299864,0.08005180466497959,-0.07998777300917292,508.6500244140625,458,1.1105895729564683
muon,4,85,0,13,2.0003589911016255,-1.8445890579831272,0.08748866072476702,-0.00044991924149792605,0.003625499317422509,-3.3860804251162335e-05,-0.2837743151515859,-0.00024472376883821756,-0.09177389229583406,0.09185819413598778,453.74859619140625,462,0.9821398185961174
muon,4,86,0,13,2.000358965496479,2.9528017840228826,0.087488661844646,-0.0004499192472570164,-0.004800016991794109,-0.0019057418685406446,0.4963078655451092,0.0003368748832592722,-0.19081711052772996,0.19118191834017217,483.1240539550781,460,1.0502696825110394
muon,4,87,0,13,2.0003589752777375,3.1211116142564475,0.08748866141684818,-0.0004499192450570231,0.0032070069573819637,-0.005792963318526745,-0.007373838966984181,0.00012810259215069453,0.0047703472556419775,-0.0047701197043730405,465.38165283203125,460,1.0116992452870244
muon,4,88,0,13,2.000358951878845,-2.2560947244001657,0.0874886624402334,-0.00044991925031988457,0.005645472556352615,0.011642021127045155,-0.5724127458304196,-0.0007256530112554338,-0.06682615775690175,0.06687084497324967,430.7466125488281,462,0.9323519752139137
muon,4,89,0,13,2.0003589909977704,0.34560145579098195,0.08748866072930928,-0.0004499192415212851,-0.0015325405402109027,-0.005518276244401932,0.30453361751109354,0.00017822333536510193,0.03303279069819943,-0.03302188264882098,455.5622863769531,460,0.9903527964716372
muon,4,90,0,13,2.0003589900948366,-0.3114156952303612,0.08748866076880042,-0.00044991924172437225,-0.008071905001997948,0.013006754219532013,0.42512325465321466,-0.0007722100179726327,-0.008347392525889804,0.008348089373673359,452.70037841796875,460,0.9841312574303669
muon,4,91,0,13,2.00035894080481,-1.600947887460032,0.08748866292457273,-0.0004499192528106483,0.0005430571618489921,-0.006182341370731592,-0.5213908755392627,-2.8732042005319425e-07,-0.14975517073505892,0.14997977320049508,513.881591796875,458,1.1220122091634825
muon,4,92,0,13,2.00035895312944,-1.6856201828383748,0.08748866238553676,-0.00044991925003860165,0.008211909793317318,0.000282656226772815,-0.3522693253215081,-3.9558791710470054e-05,-0.26346098879668045,0.264156939280879,425.76617431640625,458,0.9296204679397516
muon,4,93,0,13,2.00035897003065,-1.9904471746962782,0.08748866164633733,-0.0004499192462371941,-0.007616342976689339,0.0002901413245126605,0.2814642470594375,-0.0002490236754129488,0.0813592407653746,-0.08129310131535195,408.8582458496094,460,0.8888222735861073
muon,4,94,0,13,2.0003589042589542,0.25638301838889344,0.08748866452295992,-0.0004499192610305153,-0.0013673289213329554,-0.013186168856918812,0.5065930937268037,0.0004044415203788565,-0.011184964369847755,0.011186215544066184,435.06494140625,458,0.9499234528520742
muon,4,95,0,13,2.0003589708137723,3.0974146806522023,0.08748866161208631,-0.0004499192460610548,-0.00448810076341033,0.0033109800424426794,0.5825079159129665,-0.00043361177545071794,0.1729816451147685,-0.17268293533239365,492.1508483886719,460,1.069893148671026
muon,4,96,0,13,2.0003589476441976,-1.6120460272758703,0.08748866262544197,-0.0004499192512723383,0.007931763306260109,0.009770592674612999,-0.568723586251263,-0.0003418141852716827,-0.19281035429653223,0.19318283079704476,476.7655334472656,458,1.040972780452545
muon,4,97,0,13,2.000358900783383,-2.9475789007711612,0.0874886646749692,-0.00044991926181223824,-0.00280581321567297,-0.0039029524195939302,-0.0011983346737132194,7.366539218854606e-05,-0.14446578945625974,0.14467479504107497,451.1763000488281,456,0.989421710633395
muon,4,98,0,13,2.0003590089348378,-1.4339462145652009,0.08748865994480509,-0.0004499192374868934,-0.011215274222195148,-0.001173273310996592,0.7922276343537149,-8.32912590827406e-05,-0.05952016897886131,0.059555616582490055,532.9945678710938,460,1.15868384319803
muon,4,99,0,13,2.000358987373367,0.5677665260845887,0.08748866088782792,-0.0004499192423364832,-0.00029244154575280845,-0.001227329601533711,-0.1517323071228427,-5.639560615067207e-05,-0.10623157552817694,0.10634454701596228,415.4646911621094,458,0.9071281466421602
muon,5,0,0,13,2.0003589740235777,-2.8428184540133405,0.08748866147170072,-0.00044991924533910777,-0.002156021073460579,0.004834729712456465,0.34065555142648307,-0.0006925267613888259,-0.1183286713854357,0.1184688540063947,450.9159240722656,458,0.9845325853106236
muon,5,1,0,13,2.0003589687726326,-1.119846421709507,0.08748866170135858,-0.00044991924652014643,-0.0029508653096854687,0.004092581104487181,0.0634970574073801,-0.0001845687576902122,-0.1087682264596887,0.10888666054920841,419.7873840332031,460,0.912581269637398
muon,5,2,0,13,2.0003589001748208,0.510797635165131,0.08748866470158556,-0.0004499192619491156,-0.006546766962856054,0.007499088998883963,0.3132666674495743,-0.0005012139827058615,0.005290555561128177,-0.005290275676168995,556.190673828125,462,1.203875917376894
muon,5,3,0,13,2.000359004306331,0.36414629246509705,0.08748866014723969,-0.0004499192385279337,-0.0006949094240553677,-0.004967491142451763,0.17157171451415154,0.0004416913485031093,-0.020656577918500785,0.020660845742203515,435.0455017089844,460,0.9457510906717052
muon,5,4,0,13,2.0003589522637477,-2.2208633772131186,0.0874886624233991,-0.00044991925023331255,0.012740413658320904,0.0059010982513427734,-0.7052072290201217,-0.000502828480508935,-0.2029788866346941,0.20339172890152102,471.4098815917969,460,1.0248040904169498
muon,5,5,0,13,2.0003589894975047,0.2908563916267655,0.08748866079492561,-0.0004499192418587237,-0.0042640892788767815,0.001090449164621532,0.30270175320884496,-0.00036357550067893374,0.009687254011545243,-0.009686315673538745,532.580078125,460,1.1577827785326087
muon,5,6,0,13,2.0003589738654464,0.8162335833556933,0.08748866147861682,-0.00044991924537467453,0.0001685735333012417,-0.0027348727453500032,0.2551594726758477,0.0002091275943735954,-0.13213930833608675,0.13231414733521005,470.60650634765625,460,1.0230576224949048
muon,5,7,0,13,2.0003589141325646,-0.655741201323278,0.08748866409112292,-0.00044991925880975007,0.003865231527015567,-0.004332898184657097,-0.27610214351891926,0.0004112815852038293,-0.12043398237527062,0.1205792007085945,491.9775390625,462,1.0648864481872293
muon,5,8,0,13,2.000358966291891,-2.5525994870884054,0.0874886618098575,-0.00044991924707811303,-0.01957177370786667,-0.024507589638233185,1.1995408756368953,0.002240840987269274,1.1946833429982597,-1.1805791604178413,421.3299255371094,460,0.9159346207328465
muon,5,9,0,13,2.000358923426938,2.7139202307221977,0.08748866368461973,-0.00044991925671926646,0.0011280946200713515,0.004767181351780891,0.13793005966267202,-0.0006242518537176306,0.09661005312598175,-0.09651680818631002,436.04449462890625,456,0.9562379268177769
muon,5,10,0,13,2.0003589301020885,2.8122687757472478,0.08748866339267211,-0.0004499192552178965,0.006910540629178286,0.003351298626512289,-0.4783094386540121,-0.00016446133197264845,-0.11846023803913842,0.11860073274946409,446.6610107421875,458,0.9752423815331605
muon,5,11,0,13,2.0003589924774596,-3.0430325202904,0.08748866066459288,-0.0004499192411884745,0.01439578365534544,-0.009015010669827461,-0.6874866523491896,0.0003700683998716925,-0.054578920626752986,0.054608725479692116,450.9960632324219,460,0.9804262244183084
muon,5,12,0,13,2.0003589867938607,-2.004653348989081,0.08748866091317349,-0.0004499192424668253,0.011224407702684402,0.0065326751209795475,-0.6216620735410849,-0.00022406349724941876,-0.08123662975421507,0.08130267730916886,447.0638427734375,460,0.9718779190726902
muon,5,13,0,13,2.000359014764556,1.1971693861772692,0.08748865968983376,-0.0004499192361756776,-0.002432585693895817,-0.0008558574481867254,0.22391197183968536,-0.0003539780477782445,-0.09054366146644345,0.09062571730912282,419.7589111328125,458,0.9165041727790666
muon,5,14,0,13,2.000359008656811,1.9133695063751481,0.08748865995696502,-0.00044991923754942703,0.0051030381582677364,0.0006773588829673827,-0.36677695925457776,-0.000205600002321768,-0.10830695858062594,0.10842438973951182,453.65850830078125,460,0.9862141484799593
muon,5,15,0,13,2.0003589393251455,-0.07552683463135092,0.08748866298928805,-0.00044991925314345337,-0.011068207211792469,0.006041662767529488,0.7178943399461929,-0.0002271873666340879,-0.20158229755767623,0.20198947257731995,410.2202453613281,460,0.8917831420898438
muon,5,16,0,13,2.000358961215253,2.2685324993140314,0.08748866203189176,-0.0004499192482199466,0.011898938566446304,-0.006532023195177317,-1.0316219336603538,0.00036880788445192714,0.14246193846419744,-0.14225927314603304,435.44976806640625,460,0.946629930579144
muon,5,17,0,13,2.0003589520078666,1.8414409382453496,0.08748866243459044,-0.0004499192502908651,0.007107495330274105,-0.0008347910479642451,-0.40688348918505035,-5.9943629277331434e-05,-0.17192277323285024,0.17221885666726888,466.2689514160156,462,1.0092401545801204
muon,5,18,0,13,2.0003589877829597,-1.840771706721319,0.08748866086991378,-0.0004499192422443579,0.011439825408160686,-0.00590177346020937,-0.6392878084051645,0.0002468653938000609,-0.38973433905458416,0.39125921055281093,561.333984375,460,1.2202912703804347
muon,5,19,0,13,2.0003589152526233,0.11002754783088795,0.0874886640421355,-0.0004499192585578273,0.007317783311009407,0.009380795061588287,-0.10164445097080033,-0.00046030963577868567,-0.07494617906426304,0.07500239049013518,480.8063659667969,460,1.045231230362602
muon,5,20,0,13,2.0003589737084773,-0.21623697978583356,0.0874886614854821,-0.00044991924540997995,-0.0019267856841906905,0.0033284989185631275,0.16750496951123406,-0.0003315833981522298,-0.11843865465713,0.11857909814566771,509.880126953125,462,1.1036366384266776
muon,5,21,0,13,2.000358992278951,-2.2895502232418643,0.08748866067327495,-0.0004499192412331229,-0.005834917072206736,-0.005285264924168587,0.03687370878324714,5.791982269770513e-07,-0.27466278846481185,0.275419262691693,448.5669250488281,458,0.9794037664821574
muon,5,22,0,13,2.0003589399620716,0.17391432613445296,0.08748866296143114,-0.0004499192530001964,0.001169178867712617,-0.0030854628421366215,-0.5568096072770534,0.00019981288581312484,-0.07369002109000561,0.07374436332689939,395.2862548828125,460,0.8593179453974185
muon,5,23,0,13,2.0003589865510576,2.1859623117352194,0.08748866092379284,-0.0004499192425214364,0.009032621048390865,-0.004118779208511114,-0.41162203795375163,0.0005033143240671112,-0.24094185167052373,0.24152378354682888,497.8370666503906,462,1.077569408334179
muon,5,24,0,13,2.0003589020331827,3.0379399670616607,0.08748866462030734,-0.0004499192615311342,-0.0005294870934449136,0.010088223963975906,-0.16921892323296106,-0.0007994606427225021,0.04156052871566309,-0.04154326311587366,472.11309814453125,460,1.0263328220533288
muon,5,25,0,13,2.000358916447993,2.1234181710445323,0.08748866398985423,-0.00044991925828896564,-0.005223741754889488,-0.002146561164408922,0.15394008522839897,-8.938509774583658e-06,-0.08628571281183625,0.08636022935132502,438.7418212890625,460,0.9537865680197011
muon,5,26,0,13,2.000358995028084,1.98937233170418,0.08748866055303756,-0.00044991924061479004,0.00010056240716949105,0.0048443954437971115,0.09028235526820083,-0.00022902522379103507,-0.06392603402896896,0.06396692554755358,479.324951171875,462,1.0374998943114178
muon,5,27,0,13,2.0003589303930234,-3.0135955067487377,0.08748866337994765,-0.00044991925515245967,-0.006106153130531311,0.0068752639926970005,0.39951523262438116,-0.00028512347201536947,0.06264983919257579,-0.06261061374375354,480.2439880371094,462,1.039489151595475
muon,5,28,0,13,2.000358985745455,0.5135858382816367,0.08748866095902706,-0.00044991924270263193,-0.0026845065876841545,-0.011077618226408958,0.15237668799827908,0.0006513573252937693,-0.40958681560641347,0.4112713287453276,465.30938720703125,460,1.0115421461022418
muon,5,29,0,13,2.000358934340696,2.587599747382015,0.08748866320729035,-0.0004499192542645521,0.009861024096608162,0.012704087421298027,-0.11443396648758153,-0.0006919100987889115,-0.07326983779316432,0.07332356184800273,465.6536865234375,462,1.0079084123883928
muon,5,30,0,13,2.0003589364547247,1.3864725849138673,0.08748866311483015,-0.0004499192537890663,0.0010525841498747468,-0.011311454698443413,-0.1609346376831855,0.0005311996562040872,-0.06448526665849717,0.0645268769871904,406.87957763671875,460,0.8845208209493886
muon,5,31,0,13,2.000358986435029,-0.713208953090125,0.08748866092886752,-0.00044991924254753345,0.01404945831745863,0.004009523428976536,-0.8276904149714381,-0.00030122917618578826,0.03018634387458391,-0.03017723447082453,453.7014465332031,458,0.9906145120812295
muon,5,32,0,13,2.000358961363332,2.012299302848581,0.08748866202541532,-0.0004499192481866408,-0.004756386857479811,-0.00035849891719408333,0.4200899279083181,-5.142720647992316e-05,-0.20198872482337457,0.2023975450436832,521.8309936523438,460,1.1344152035920516
muon,5,33,0,13,2.0003589673644653,0.5609358989134927,0.08748866176294685,-0.00044991924683687035,0.00807983335107565,0.007739082910120487,-0.4847489730019916,-0.00034234976457954425,-0.10978387933367742,0.10990453679775174,456.1371765136719,458,0.9959326998115107
muon,5,34,0,13,2.000358952472368,3.1105295416893624,0.08748866241427479,-0.0004499192501863898,-0.002191835083067417,-0.007130281534045935,0.21731881478803672,0.0006857626512426357,-0.03206344906745113,0.03207373301250008,487.4996643066406,460,1.0597818789274795
muon,5,35,0,13,2.000358981670334,0.4891072885907028,0.0874886611372585,-0.000449919243619205,-0.014437554404139519,-0.0029788922984153032,1.1596007430221822,-3.763529363820517e-05,-0.022785904586734743,0.022791097744525705,486.49102783203125,462,1.0530108827533144
muon,5,36,0,13,2.0003589358553224,1.6725307890755658,0.0874886631410459,-0.0004499192539238834,-0.004665347747504711,-0.004156963434070349,-0.08561104364446237,0.00022518193313088297,-0.06011893855478125,0.060155103164278106,510.8010559082031,460,1.110437078061311
muon,5,37,0,13,2.000358994505034,2.714902580397499,0.0874886605759139,-0.00044991924073243395,-0.0038825632072985172,-0.0035225816536694765,0.34028230391713876,3.968739314128e-05,0.11056654995647013,-0.11044443535467888,731.302001953125,458,1.5967292619063864
muon,5,38,0,13,2.0003589090149645,2.113416581781289,0.08748866431494876,-0.00044991925996079693,-0.0017634901450946927,-0.0014694378478452563,0.22420343599627302,0.00042394734839276693,0.0478160900010455,-0.04779323714375318,466.7359619140625,460,1.0146433954653533
muon,5,39,0,13,2.0003589472596004,0.5735780934658811,0.0874886626422629,-0.00044991925135884163,0.008898603729903698,7.471694698324427e-05,-0.483606275634485,-0.00024397317769381255,0.06378270165828823,-0.06374204525972993,470.60784912109375,458,1.0275280548495496
muon,5,40,0,13,2.0003589945362568,-1.0562783509641562,0.08748866057454834,-0.0004499192407254114,-0.0015080723678693175,-0.009693498723208904,-0.09727178517238144,0.0007439311736892745,-0.21969184364823602,0.22017555137630873,481.8409423828125,460,1.0474803095278533
muon,5,41,0,13,2.000358975010652,1.5905515716660283,0.08748866142852955,-0.00044991924511709574,0.010928635485470295,-0.0057360101491212845,-0.7102058518193566,0.00011939285175151249,-0.2903049144936905,0.2911501376518586,510.84454345703125,458,1.11538109925116
muon,5,42,0,13,2.0003589862896174,-1.622955042448925,0.08748866093522731,-0.00044991924258023933,0.010870112106204033,-0.005401303991675377,-0.9444173899422204,0.00031547772520360007,-0.25511473985958627,0.25576723978801613,554.9521484375,460,1.2064177139945653
muon,5,43,0,13,2.0003589784811955,-2.1870427739680873,0.08748866127674021,-0.00044991924433650373,-0.0048882728442549706,0.003771088318899274,0.10210395465959365,-0.0005604128712836665,-0.19394083447323146,0.1943176958340583,434.4179992675781,460,0.9443869549295176
muon,5,44,0,13,2.0003588975499986,2.7701393461208923,0.08748866481638605,-0.0004499192625394887,-0.007927842438220978,0.0004525484109763056,0.7105970401184436,-9.722126579934931e-05,-0.14760972859813118,0.1478279370147544,477.0320739746094,460,1.03702624777089
muon,5,45,0,13,2.0003589426141346,0.06955232207404329,0.08748866284543924,-0.00044991925240369637,-0.005341206211596727,-0.0016241716220974922,0.5371075428848154,-0.00031067842895440845,-0.19533985860746983,0.1957221820411323,536.5350952148438,462,1.1613313749239043
muon,5,46,0,13,2.0003589842308984,2.1498137962622135,0.08748866102526844,-0.00044991924304328484,-0.0077622574754059315,-0.00946368370205164,0.566338320306059,0.0006129644172364473,0.01778577649515548,-0.017782613719224533,448.87359619140625,460,0.9758121656334918
muon,5,47,0,13,2.000358957852303,3.0444226888231936,0.08748866217897536,-0.0004499192489763388,0.005546892527490854,-0.001219744561240077,-0.45377288386250214,-0.00010311948822142036,-0.07337863082219398,0.07343251459597286,422.94720458984375,462,0.9154701398048566
muon,5,48,0,13,2.0003589443268925,2.047429176983134,0.08748866277052923,-0.0004499192520184641,-0.0035371556878089905,-0.013949683867394924,0.14963466237372103,0.0006416474072738071,-0.19138741051616492,0.19175440430511878,420.5726318359375,460,0.914288330078125
muon,5,49,0,13,2.000358923040756,1.947576997774517,0.08748866370150996,-0.0004499192568061262,-0.0001563719561090693,-0.0027319735381752253,0.061037046039658094,0.00033932426741170585,-0.057849072611989724,0.057882557134503264,466.78985595703125,460,1.0147605564283289
muon,5,50,0,13,2.0003589703431413,2.787516856367496,0.08748866163267005,-0.0004499192461669088,-0.0006228664424270391,0.00036660797195509076,-0.4980804275547257,8.030690179955391e-05,-0.11463523961721292,0.11476680281662835,494.0008239746094,462,1.0692658527588947
muon,5,51,0,13,2.0003589413185514,-0.4766234948398522,0.08748866290210348,-0.000449919252695098,0.004085595719516277,-0.01371933426707983,-0.22302129250251213,0.0010688337648047802,0.11909607525502248,-0.11895440522705614,522.20654296875,460,1.1352316151494566
muon,5,52,0,13,2.000358929370393,-2.9898176842022197,0.08748866342467392,-0.00044991925538246893,0.0048085846938192844,-0.0019354758551344275,-0.2583808612568461,-0.0001137974159153704,0.09422987681857764,-0.09414116771220676,525.6116333007812,460,1.1426339854364809
muon,5,53,0,13,2.000358967513213,-2.081964721076151,0.08748866175644116,-0.00044991924680341414,0.03070327267050743,-0.01506425254046917,-2.7582746819057036,0.0014553263283519358,-0.2090457464603,0.2094836631476304,499.1759948730469,460,1.085165206245754
muon,5,54,0,13,2.0003589428374147,1.7622709107977377,0.08748866283567375,-0.00044991925235347634,0.011768145486712456,-0.012718141078948975,-0.6881785971151189,0.000682074192448201,-0.06407095235572743,0.0641120295436277,428.9645080566406,456,0.940711640475089
muon,5,55,0,13,2.0003589364349157,-0.38733651226876104,0.08748866311569653,-0.0004499192537935217,-0.0028411427047103643,-0.010425576008856297,0.24460739014470212,0.0006612793419794039,0.12494998495312687,-0.12479405480042922,469.0287170410156,460,1.0196276457413382
muon,5,56,0,13,2.000358940700042,-1.356719872632189,0.0874886629291549,-0.0004499192528342126,-0.00853283703327179,-0.01460858341306448,1.301428952379391,0.0018116119197830877,-0.14793100859750513,0.1481501686362049,463.1280517578125,462,1.0024416704714556
muon,5,57,0,13,2.000358978957401,-2.549677572421176,0.08748866125591266,-0.000449919244229396,0.02122475579380989,-0.004674211144447327,-1.4965913971831668,-0.0001423756743239163,-0.05353813886385283,0.053566817541013514,466.83673095703125,460,1.014862458602242
muon,5,58,0,13,2.0003590000567018,-1.4483018217231423,0.0874886603331035,-0.00044991923948375706,0.0018209937261417508,0.007267770357429981,-0.2827348564475862,-0.0005826370095675798,0.04267804380225854,-0.0426598374181564,497.0428466796875,462,1.075850317488501
muon,5,59,0,13,2.000359003703565,-0.3461613323176604,0.08748866017360254,-0.0004499192386635073,-0.003527431283146143,-0.0056204525753855705,0.8809234584074566,-0.00021228338975473604,-0.051182303352897085,0.05120851304938455,478.60321044921875,462,1.035937684955019
muon,5,60,0,13,2.0003589460479443,0.37868914274201876,0.08748866269525649,-0.0004499192516313664,-0.0017619554419070482,-0.010364698246121407,0.27942391409391254,0.0004968752509677266,-0.11557441116728978,0.1157081401689709,453.8245544433594,460,0.9865751183551291
muon,5,61,0,13,2.00035894436761,0.67213263074893,0.08748866276874838,-0.0004499192520093059,0.006910229567438364,-0.0005427747964859009,-0.3727869226360925,0.00025130404100122405,-0.21246236342469332,0.2129147270859352,443.9697265625,460,0.9651515794836957
muon,5,62,0,13,2.000359004263329,-0.7936624032324339,0.08748866014912045,-0.00044991923853760564,0.0035276408307254314,-0.010281075723469257,-0.4084962541078818,0.0003436342553862354,-0.30564069383214887,0.30657772010300155,532.8675537109375,460,1.1584077254585599
muon,5,63,0,13,2.0003588938032615,-2.2516231427831603,0.08748866498025516,-0.0004499192633822021,-0.003945696633309126,-0.0010926496470347047,0.30874115657342216,-0.0002504873231277821,-0.1885437128901553,0.18889987172194764,738.255615234375,460,1.6049035113790762
muon,5,64,0,13,2.000358943070033,0.6830783897989476,0.08748866282549984,-0.000449919252301156,0.0017886848654597998,0.001061270129866898,-0.32178703481799964,0.0001301947966467626,-0.08942816090372023,0.08950820644660268,491.6118469238281,460,1.068721406356148
muon,5,65,0,13,2.000358960804871,-2.2978684245042267,0.08748866204984043,-0.0004499192483122494,-0.004258996341377497,-0.020046448335051537,0.09887799543761844,0.0009835999750390234,0.44604994535319925,-0.4440691750406008,417.8961181640625,460,0.9084698220957881
muon,5,66,0,13,2.0003590076094118,-1.4731799462127497,0.08748866000277455,-0.0004499192377850072,-0.011194570921361446,-0.0003005152684636414,0.4949667739679864,0.00010656437771860983,-0.19583470404308084,0.19621896888007462,452.3233947753906,460,0.9833117277725884
muon,5,67,0,13,2.0003589919933393,2.1682279034591403,0.08748866068576659,-0.0004499192412973625,0.000611445982940495,-0.001520815072581172,0.4262999557766989,0.00015091700102005945,-0.10361799859213405,0.10372547685526816,475.7712707519531,460,1.034285371199898
muon,5,68,0,13,2.000358964257574,-2.376311919867257,0.08748866189883135,-0.00044991924753567003,-0.0009931381791830063,0.0011865512933582067,-0.036337197562463786,1.3646291037575087e-05,-0.11787635151247784,0.11801546383546078,422.90771484375,460,0.9193645974864131
muon,5,69,0,13,2.000358981578719,-3.0243865623642954,0.08748866114126543,-0.00044991924363981103,0.0004355304117780179,-0.009042545221745968,-0.25757406453763565,0.0004825046349873213,-0.08455532244590121,0.08462687897629913,461.7313537597656,456,1.0125687582451
muon,5,70,0,13,2.0003589076299066,0.3387944124568383,0.08748866437552631,-0.00044991926027232313,0.002830794546753168,-0.019153360277414322,-0.23675187715688217,0.0010671931636506288,0.053527863842998,-0.05349922684969003,472.98895263671875,460,1.0282368535580841
muon,5,71,0,13,2.0003589788310854,-1.177159496288387,0.08748866126143726,-0.00044991924425780676,0.005034361965954304,-0.006103519815951586,-0.31500246039239954,0.0007102687636634519,-0.0421079898587055,0.04212572815605274,467.8564758300781,458,1.0215206895853235
muon,5,72,0,13,2.000358968810105,1.5120406681171656,0.08748866169971967,-0.00044991924651171817,0.003132556565105915,-0.004613467026501894,-0.3598266712427911,0.0007240295477435599,-0.08456242890100253,0.08463399746493414,445.0631408691406,460,0.9675285671068274
muon,5,73,0,13,2.000358997600497,2.790355621856153,0.08748866044052925,-0.00044991924003620474,0.009631524793803692,0.0037357190158218145,-0.667273086011555,-0.0005572976923831907,0.09599277155687537,-0.09590071380375798,448.8052062988281,460,0.9756634919539742
muon,5,74,0,13,2.000358968549468,-1.7106653447383626,0.087488661711119,-0.00044991924657034044,-0.0062401448376476765,0.0005744279478676617,0.5336995357259067,5.2031869985272317e-05,-0.09502876405128823,0.09511915460829122,460.0466613769531,460,1.0001014377759851
muon,5,75,0,13,2.0003589053873245,2.708562517565426,0.08748866447360898,-0.0004499192607767231,-0.005352440290153027,-0.013985256664454937,0.529384213748596,0.0009727942094049369,-0.1977933451274524,0.19818534254603037,447.0921630859375,458,0.97618376219637
muon,5,76,0,13,2.0003588848831444,3.137441991883872,0.08748866537038973,-0.00044991926538850833,0.00443243095651269,-0.0045688338577747345,-0.5429974380710689,0.00028375616844007745,-0.1048976772425015,0.10500782801499736,495.90032958984375,458,1.0827518113315366
muon,5,77,0,13,2.0003589280578153,-2.1462608114398964,0.08748866348208144,-0.00044991925567769295,0.002658751094713807,-0.01048235036432743,-0.38997972831644745,0.0012276646619920478,-0.03191588957768282,0.0319260790698195,417.0682678222656,460,0.9066701474397079
muon,5,78,0,13,2.000359018355762,-1.1789301463682387,0.08748865953276705,-0.0004499192353679463,0.00042458277312107384,0.008961164392530918,-0.28063568284775187,-0.0006804995853717244,-0.1840999844255027,0.18443953758546594,458.3890075683594,458,1.000849361502968
muon,5,79,0,13,2.0003589758977722,1.8201655765114089,0.08748866138973005,-0.00044991924491756535,-0.0010507754050195217,0.003669867990538478,0.15240711591046896,-0.00040837643661267853,-0.1498116371374939,0.15003640913833466,433.65997314453125,462,0.9386579505292885
muon,5,80,0,13,2.000358934399607,2.3298115624238496,0.08748866320471378,-0.00044991925425130183,0.0015584666980430484,-0.0021917177364230156,-0.0033272553925378645,0.00031755416770366807,-0.2531831923793332,0.2538258367358738,515.2696533203125,460,1.120151420261549
muon,5,81,0,13,2.000358940261552,-0.4061832125435985,0.08748866294833292,-0.0004499192529328375,-0.0006711703608743846,-0.0066233184188604355,0.10266854869495079,0.0005217226841820327,-0.3361372345142384,0.3372709276833654,521.4103393554688,462,1.1285938081287203
muon,5,82,0,13,2.000358971799996,-1.7032673263611802,0.08748866156895235,-0.00044991924583923413,-0.0012005765456706285,-0.00849842932075262,0.1581811966904212,0.0003987373296491792,-0.09694333060590989,0.09703740189523684,500.4907531738281,458,1.092774570248533
muon,5,83,0,13,2.0003589802324258,1.0322267898452777,0.08748866120014756,-0.00044991924394261834,0.006253632716834545,0.000937271979637444,-0.34533823852722634,-5.620965395539135e-05,-0.04738636168136741,0.047408826999599626,451.73748779296875,462,0.977786770114651
muon,5,84,0,13,2.000358896188939,-2.8125447909553074,0.08748866487591402,-0.00044991926284561725,-0.01200529932975769,-0.0013376984279602766,0.35807296824685864,9.561460168226732e-05,0.11880272596156587,-0.11866175256484246,511.7496337890625,460,1.1124992038892663
muon,5,85,0,13,2.0003589636125745,2.284064470236318,0.08748866192704136,-0.00044991924768074284,-0.0032473038882017136,-0.001311584608629346,0.1705303740333619,0.0003410843789011797,-0.15822153265246244,0.15847226990674546,639.8199462890625,462,1.3848916586343345
muon,5,86,0,13,2.000358963067807,0.18017157949230425,0.08748866195086756,-0.0004499192478032715,-0.00586070166900754,0.020155830308794975,0.11952184417493572,-0.0009181531727723152,-0.2143955654939265,0.2148562076753671,485.0654602050781,460,1.0544901308806047
muon,5,87,0,13,2.000358948755438,0.08469551057672961,0.08748866257684022,-0.00044991925102239895,-0.011992844752967358,0.007349018938839436,0.9794309630347942,-0.0006872826577880992,-0.05830706403519475,0.05834108100664881,455.5524597167969,462,0.9860442851012919
muon,5,88,0,13,2.0003589371989485,0.49645438146192467,0.08748866308228043,-0.000449919253621676,-0.0036142768803983927,-0.0005653848056681454,0.6196265260514089,-9.397852913406446e-05,-0.08904680210565176,0.08912616610640632,449.9675598144531,462,0.973955757174141
muon,5,89,0,13,2.000358933583792,-2.958433993509583,0.08748866324039466,-0.0004499192544347944,0.005994558334350586,-0.00041253838571719825,-0.2058666436153267,-3.0849917850558906e-05,0.028268972128561703,-0.02826098303915068,450.8347473144531,458,0.9843553434813387
muon,5,90,0,13,2.000359001328693,1.2473743194701585,0.08748866027747108,-0.0004499192391976617,-0.01027686893939972,-0.006846803240478039,0.60424860692887,0.0007524325832276163,0.06747902194837446,-0.06743351846964377,470.8559875488281,460,1.0235999729322351
muon,5,91,0,13,2.000358919629108,0.5730324653023662,0.08748866385072346,-0.0004499192575734716,0.008075835183262825,-0.0010100222425535321,-0.44616731347457694,0.00014303857237224493,-0.1347100814635567,0.13489179430956513,520.908935546875,458,1.1373557544691595
muon,5,92,0,13,2.0003589332236706,2.5256169485478317,0.0874886632561451,-0.00044991925451579257,0.0006918518338352442,0.014729026705026627,-0.04631752061001748,-0.0006425724029308355,0.009050510051159205,-0.009049691007957942,427.1586608886719,460,0.9286057845405911
muon,5,93,0,13,2.000358932498532,-0.8770845752505448,0.0874886632878601,-0.0004499192546788902,0.0009748412412591279,0.023874877020716667,0.26943500319986935,-0.0016931564528762794,-0.6265618835175591,0.6305124341004726,512.1591186523438,460,1.1133893883746604
muon,5,94,0,13,2.0003590052892553,1.3687108356461075,0.08748866010425004,-0.00044991923830685506,0.000313541735522449,-0.013470949605107307,0.18111877588955494,0.0010699914026507523,-0.08251003562828635,0.08257817090651658,431.96929931640625,460,0.9390636941661006
muon,5,95,0,13,2.0003590183858857,-0.9810473660376738,0.08748865953144953,-0.00044991923536117083,-0.0017736897571012378,-0.006861671339720488,-0.07912121742259526,0.00036659756245686903,0.2993043881501154,-0.2984112302432608,534.5341796875,460,1.1620308254076086
muon,5,96,0,13,2.0003589577513945,1.7477085839196689,0.08748866218338874,-0.0004499192489990351,0.004592930432409048,0.0018535665003582835,-0.42631730284758973,-0.0002230365873422957,0.10261470449705071,-0.10250951466150277,485.8851318359375,462,1.0516994195583063
muon,5,97,0,13,2.000358976351939,-0.5284788352764972,0.08748866136986638,-0.0004499192448154145,-0.008033977821469307,-0.005800968501716852,0.7887822903521746,0.00011505667250727436,-0.15988981591652246,0.16014587285782586,441.8758544921875,460,0.9605996836786684
muon,5,98,0,13,2.0003589751071122,-1.6351310138585509,0.08748866142431073,-0.0004499192450954,-0.00465523824095726,-0.002157529816031456,0.4066352727354339,0.00016367910703844746,-0.15109894366910936,0.15132759807127646,546.5052490234375,460,1.1880548891813858
muon,5,99,0,13,2.000358898643882,-1.4796102319334268,0.08748866476854344,-0.00044991926229345325,-0.004454674199223518,-0.006850142031908035,-0.10904926316746,0.00035528234401682735,0.10378904610137027,-0.10368143612782381,668.2891235351562,460,1.452802442467731
muon,6,0,0,13,2.0003589625172844,-1.2475596910816964,0.0874886619749455,-0.00044991924792709467,4.390925096231513e-05,0.0029187342151999474,-0.12419163162147306,-0.0003220843973545523,-0.12805166996853437,0.12821585250884038,463.96990966796875,462,1.004263873740192
muon,6,1,0,13,2.0003589077308996,2.5177392060976627,0.08748866437110923,-0.00044991926024960785,-0.005334680434316397,-0.0008627165225334466,0.8154814023373369,-0.00026476947698615694,-0.11393328012280703,0.11406323610911731,411.8269958496094,458,0.8991855804576624
muon,6,2,0,13,2.000358898697611,-2.6239864865163325,0.08748866476619353,-0.00044991926228136857,0.005548246204853058,-0.012633104808628559,-0.7133444925786492,0.0008181347647894383,0.27844336751106585,-0.277670213218807,466.67022705078125,464,1.005754799678408
muon,6,3,0,13,2.0003589744503243,-0.23307518964122842,0.08748866145303633,-0.00044991924524312427,0.006807439960539341,0.003614112501963973,-0.40828878570486893,-0.0003469315617361246,-0.13461031440563886,0.13479175801489307,407.958984375,460,0.8868673573369565
muon,6,4,0,13,2.000358996946322,2.689993368194626,0.08748866046914057,-0.0004499192401833414,-0.003958652727305889,0.007411935832351446,-0.01357655339084829,-0.0005085038686652582,0.06830032492747828,-0.06825370742353326,469.0728454589844,460,1.0197235770847486
muon,6,5,0,13,2.000358894935508,1.4835279493249578,0.08748866493073469,-0.00044991926312753806,0.011001315899193287,-0.007161919493228197,-0.6429462350530102,0.0005244178119563486,-0.1131382715983827,0.11326641926743226,552.7180786132812,460,1.201561040463655
muon,6,6,0,13,2.0003589606013312,-3.088122412219294,0.08748866205874255,-0.00044991924835802947,0.003233053255826235,0.006473153363913298,-0.21310184930944942,-0.00014771109286119966,0.03565755418759836,-0.03564484410800571,494.8410949707031,460,1.0757415108058763
muon,6,7,0,13,2.0003589451331214,2.5729969837477604,0.08748866273526762,-0.0004499192518371277,-0.00340433232486248,0.000835383078083396,0.07568814249836464,2.070115442659448e-05,-0.07368329409578776,0.07373762640791562,447.40460205078125,458,0.9768659433423171
muon,6,8,0,13,2.0003590004969913,-1.0863052054886184,0.08748866031384679,-0.00044991923938472744,0.0006780097610317171,-0.0029606742318719625,0.20999159854273586,0.0005082397677877298,0.05174715350026152,-0.05172038967082969,423.5326843261719,462,0.916737411961411
muon,6,9,0,13,2.000358945324256,2.070345623301664,0.08748866272690806,-0.00044991925179413785,-0.003564347978681326,0.0016963196685537696,0.5834271438924787,-0.00010749352696451386,0.07550385050965265,-0.07544688520623756,425.7126159667969,464,0.917484086135338
muon,6,10,0,13,2.0003589207341377,-1.4782091982498253,0.08748866380239334,-0.0004499192573249291,-0.030861295759677887,0.005184884183108807,2.0131476059044306,-0.001117800781973266,0.015479752101208189,-0.015477356244836793,454.85797119140625,460,0.9888216765030571
muon,6,11,0,13,2.0003590030578167,-1.5237200471804848,0.0874886602018453,-0.00044991923880874856,-0.005935638677328825,-6.392178420355776e-06,0.016710464786573453,0.00013009311217294928,-0.04840727240910076,0.04843071639792161,457.6892395019531,460,0.9949766076129416
muon,6,12,0,13,2.000358999164789,-1.6216869616947494,0.08748866037211263,-0.0004499192396843654,0.002261616289615631,-0.0051470049656927586,-0.25627370258951565,0.000535948418761853,-0.14772756116562727,0.14794611835812357,452.912353515625,460,0.9845920728600543
muon,6,13,0,13,2.0003588999319746,-2.2391509218708063,0.0874886647122068,-0.0004499192620037364,0.002525946358218789,-0.0014401264488697052,0.10434823189031661,7.665303777031063e-05,-0.01384380750909381,0.013845724284517816,412.7757568359375,460,0.8973386018172554
muon,6,14,0,13,2.000358914454795,2.629316472545215,0.08748866407702971,-0.0004499192587372743,0.0012135467259213328,0.009410298429429531,0.13265655939909138,-0.000647438452945237,-0.201926378307481,0.20233494593585133,441.6125183105469,458,0.9642194722937705
muon,6,15,0,13,2.000359011110577,0.8770707339783432,0.08748865984964592,-0.0004499192369975278,0.005798627156764269,0.00038933311589062214,-0.5874127884628599,0.00028346366596000705,0.003452528179270912,-0.003452408983884412,412.0663146972656,460,0.8957963362984035
muon,6,16,0,13,2.0003589656309915,0.7144103444663061,0.0874886618387629,-0.000449919247226762,0.002469477243721485,0.009826326742768288,0.11154045190675532,-2.648992656960336e-05,-0.08387043907419156,0.08394084062579311,421.9522399902344,458,0.921293100415359
muon,6,17,0,13,2.000358974358811,0.058201011862080175,0.0874886614570388,-0.0004499192452637074,-0.0016792088281363249,0.0020903616677969694,0.08668318815938797,-0.00022982333991615478,-0.09053274220476312,0.09061477824835505,445.6537170410156,460,0.968812428350034
muon,6,18,0,13,2.0003589444977097,-1.0821328153387428,0.08748866276305829,-0.00044991925198004405,0.005745449103415012,0.008045285940170288,-0.09560682617415495,-0.00043949143451367523,0.05107161001363578,-0.051045540234403636,555.4177856445312,462,1.2022029992305872
muon,6,19,0,13,2.0003589658344083,-2.3554308419912027,0.08748866182986617,-0.00044991924718100967,0.006069385912269354,-0.003425624454393983,-0.23007338355318652,-8.178067628264452e-05,-0.2266600422781402,0.22717495713200567,474.30914306640625,460,1.031106832753057
muon,6,20,0,13,2.000358950602915,-1.4500339153092463,0.0874886624960381,-0.0004499192506068658,-0.010696498677134514,-0.00909578800201416,0.7068040650446417,4.0117606691703056e-05,-0.3093305149966173,0.3102903376962033,518.812255859375,460,1.1278527301290762
muon,6,21,0,13,2.000358979728617,-2.8595757631934786,0.08748866122218237,-0.00044991924405593455,0.001948953722603619,-0.0027899027336388826,-0.3261418663358384,0.00029303628949060856,0.009822607860919277,-0.009821643119425556,423.884521484375,460,0.9214880901834239
muon,6,22,0,13,2.000359017029277,-2.42246837714692,0.08748865959078282,-0.00044991923566629823,0.0016287446487694979,-0.006095981225371361,0.32825568695926677,0.0005862182673791044,-0.05369148492310617,0.05372032816500872,397.7000732421875,458,0.8683407712711517
muon,6,23,0,13,2.000358971118392,0.05318524131036054,0.08748866159876333,-0.00044991924599254004,0.005984710995107889,-0.007193437311798334,-0.85458719587575,0.0006702141050483196,-0.23225518580521962,0.23279586627698376,486.68841552734375,460,1.0580182946246603
muon,6,24,0,13,2.000358958614342,-2.006230031924508,0.08748866214564646,-0.00044991924880494156,-0.022540340200066566,0.007055959664285183,0.8408183624961652,-0.00023280426076258132,-0.07870878397491574,0.07877078350074555,857.920654296875,454,1.8896930711384912
muon,6,25,0,13,2.000359001086161,1.9643867244285511,0.08748866028807858,-0.00044991923925221186,0.008277433924376965,-0.0021442438010126352,-0.5381335777210339,0.00028524391629000667,0.01772840114768438,-0.017725258742711518,439.3567199707031,458,0.9592941484076487
muon,6,26,0,13,2.000358959662093,1.6219809500009945,0.08748866209982151,-0.00044991924856928214,0.008885071612894535,0.0017547516617923975,-0.4631725580623858,-0.00025164673326724674,-0.09880044758169297,0.09889815940584025,493.56207275390625,460,1.0729610277258832
muon,6,27,0,13,2.00035899555934,-1.2658981814754346,0.08748866052980227,-0.00044991924049530023,-0.007562721148133278,-0.008359667845070362,1.226975001130448,0.0006750878537197663,0.011867501828615436,-0.011866093619729541,493.8362121582031,460,1.0735569829526155
muon,6,28,0,13,2.000358923108815,-1.1314913388001933,0.08748866369853331,-0.00044991925679081844,-0.004255120642483234,-0.0002706746745388955,0.17753798842568003,0.0004293868886439678,-0.0058732370616865655,0.0058735820310732295,453.2226867675781,458,0.9895691850820483
muon,6,29,0,13,2.0003589451279815,1.137767709994204,0.08748866273549241,-0.00044991925183828375,0.006354909855872393,-0.0006291985046118498,-0.5811827420068028,0.0005810071668322647,-0.06824960431065613,0.06829621620797396,474.06268310546875,460,1.03057105022928
muon,6,30,0,13,2.0003589991387343,0.7301591426970773,0.08748866037325218,-0.0004499192396902256,0.014429653063416481,-0.01582418940961361,-0.7961184623055395,0.0008345229844634316,0.4430568719677676,-0.44110253686575945,428.0019836425781,460,0.9304390948751698
muon,6,31,0,13,2.0003589249023497,-2.7872385812092086,0.0874886636200904,-0.00044991925638741793,-0.0063462816178798676,0.007527532521635294,0.6997418689986823,-0.00028714281949988874,0.14193615759568373,-0.14173498440485258,458.0190734863281,462,0.9913832759444332
muon,6,32,0,13,2.0003589687879217,-0.15750717119750648,0.08748866170068988,-0.0004499192465167076,0.0006038414430804551,-0.008464585058391094,-0.1666049522432711,0.0005067333636640664,0.00638719248205501,-0.006386784545843125,489.5551452636719,460,1.064250315790591
muon,6,33,0,13,2.0003589391359107,1.4462435298275058,0.08748866299756451,-0.0004499192531860159,0.005781435873359442,0.005106179974973202,-0.4137807201449739,-0.00040053258307858053,0.7621667118646727,-0.7564016701269762,538.5584106445312,458,1.1758917262981032
muon,6,34,0,13,2.0003589952745915,-2.643687817578658,0.08748866054225618,-0.0004499192405593457,-0.004007291980087757,0.0008996059186756611,0.3922910741414043,0.00019894358705824233,-0.07873282744898835,0.07879486487400049,508.94219970703125,464,1.0968581890237743
muon,6,35,0,13,2.000358965113706,0.7511513617659442,0.08748866186138714,-0.00044991924734310944,-0.004858755506575108,-0.003596185240894556,0.4230353211529536,-0.0002077849268587867,0.08103556082802416,-0.08096994637787387,459.88592529296875,460,0.9997520115064538
muon,6,36,0,13,2.0003590019037554,-1.9056044739500562,0.08748866025231988,-0.00044991923906831914,-0.004352191928774118,-0.0027509555220603943,0.06722629228028687,0.00035497393585531833,-0.056596677440868194,0.056628727419065994,492.9884033203125,458,1.0763938937124726
muon,6,37,0,13,2.00035895801088,2.92328838318359,0.08748866217203977,-0.00044991924894067185,-0.0029190813656896353,-0.007465378846973181,0.27271300781617214,0.00047359270981905954,-0.017437489823402288,0.017440531014221147,478.6082763671875,456,1.0495795534368146
muon,6,38,0,13,2.0003590144614702,1.8617433510977865,0.08748865970308965,-0.0004499192362438474,0.010215875692665577,-0.00839246530085802,-0.8202992636801021,0.0005499487287264487,-0.04840670260471366,0.048430146041482304,486.7340087890625,460,1.0581174104110054
muon,6,39,0,13,2.0003590047404045,2.163940950785664,0.08748866012825483,-0.00044991923843030215,-0.004401246551424265,0.011604000814259052,0.1606498613084817,-0.0008742897821854972,-0.052003773756139744,0.0520308317521609,479.9178161621094,460,1.0432996003524118
muon,6,40,0,13,2.0003589659834144,-2.185170219315331,0.08748866182334916,-0.0004499192471474953,-0.00019106004037894309,0.001594166154973209,0.04987515334375914,-0.0001378239370156964,-0.09728646107140866,0.0973811997944343,468.1684875488281,460,1.0177575816278872
muon,6,41,0,13,2.0003589393743217,1.465682692837209,0.08748866298713726,-0.00044991925313239266,0.01237933337688446,0.008627602830529213,-1.0175183529561593,-0.0007885439089779234,0.19776804711108376,-0.19737769709411343,558.5835571289062,460,1.2143120807150136
muon,6,42,0,13,2.000358882619488,-1.5792283525144406,0.0874886654693941,-0.00044991926589764826,0.0047257463447749615,0.003069402417168021,-0.5625973070315649,-0.0005104460198739891,-0.24785558334959173,0.24847143367096222,467.3955383300781,458,1.0205142758298649
muon,6,43,0,13,2.000358975343768,2.6807954501508346,0.08748866141396025,-0.0004499192450421716,-0.005520142614841461,-0.00016291024803649634,0.24126058830109542,-3.832102375486701e-05,-0.06142363877482375,0.06146139059737199,434.58154296875,462,0.9406526904085498
muon,6,44,0,13,2.000358929006481,1.5633204173078865,0.08748866344059014,-0.00044991925546431974,0.014145361259579659,-0.02760676108300686,-0.6395768156379766,0.001775252575034858,-0.08841328079106253,0.08849151904626906,478.2867736816406,460,1.0397538558296535
muon,6,45,0,13,2.000358926330622,-2.681731712929936,0.0874886635576228,-0.000449919256066172,0.005685888696461916,-0.00661456398665905,-0.2534269168656955,0.0002467285956402887,-0.19596166418869407,0.1963464279164104,529.0484619140625,460,1.1501053519870923
muon,6,46,0,13,2.0003589375235697,-1.37200500065884,0.08748866306808263,-0.00044991925354866244,-0.006207385566085577,0.01229081954807043,-0.000819615513014682,-0.0005988224056032304,0.3206469730300196,-0.3196221143950829,495.261962890625,456,1.0861007958127742
muon,6,47,0,13,2.000358928498724,-0.5506425830249713,0.08748866346279764,-0.00044991925557852407,0.004191690590232611,-0.0018738978542387486,-0.15654836846135112,0.00027250769933080676,0.24062249786333398,-0.24004489583897184,438.9395446777344,462,0.9500855945405506
muon,6,48,0,13,2.0003589611801282,2.890994639747964,0.08748866203342799,-0.0004499192482278469,-0.0024922420270740986,-0.007677952293306589,-0.04324471317396217,0.0003263842769968134,-0.14016110320498568,0.14035783028835425,423.8259582519531,460,0.9213607788085938
muon,6,49,0,13,2.000358917103237,-2.8879937232980377,0.08748866396119616,-0.0004499192581415886,0.0052479770965874195,-0.007278234697878361,0.059992218936155695,0.0004827029807327049,0.0002523012994768398,-0.0002523006629209011,465.914794921875,460,1.012858249830163
muon,6,50,0,13,2.0003589041138627,2.2733760045997347,0.08748866452930572,-0.00044991926106314914,-0.001588635379448533,0.0021685154642909765,-0.18359889905106286,-0.0002818612670719839,-0.20078840680343885,0.20119237777339088,484.7384033203125,460,1.0537791376528534
muon,6,51,0,13,2.0003590022213658,2.755548203262908,0.08748866023842872,-0.00044991923899688247,-0.0027002838905900717,-0.00219583953730762,-0.22360113583275165,-0.0001665890437799744,-0.05438437342056538,0.054413966115079475,494.0001220703125,460,1.0739133088485053
muon,6,52,0,13,2.000358913829126,2.8356009237530087,0.08748866410439426,-0.0004499192588779993,0.007901477627456188,-0.006365328561514616,-0.4389993908260337,0.0005920922618586344,0.01409510965583686,-0.014093123214678632,533.0704345703125,460,1.1588487708050272
muon,6,53,0,13,2.000358922836669,-1.9024462609537904,0.08748866371043601,-0.0004499192568520293,0.006149553693830967,-0.0023881387896835804,-0.6064266911680605,-3.0082978090428814e-05,-0.03914813312285615,0.03916346488822036,477.4835205078125,456,1.0471129835697643
muon,6,54,0,13,2.000358977152857,-0.6403347340014023,0.08748866133483704,-0.00044991924463527256,0.006958999205380678,0.011898583732545376,-0.9325060460525503,-0.0007666822532063355,0.016245877057160935,-0.01624323820064574,437.04486083984375,462,0.9459845472723891
muon,6,55,0,13,2.000358945888944,0.39440534055164334,0.0874886627022106,-0.00044991925166712866,-0.0023297122679650784,0.0009260615333914757,0.03954231807712372,0.00028870602213555696,0.24947899034608978,-0.2488581415671093,472.7147521972656,462,1.0231921043230858
muon,6,56,0,13,2.0003589750009927,-2.0341686286489566,0.08748866142895202,-0.0004499192451192683,-0.0036379715893417597,-0.010312075726687908,0.1622714559634808,0.0007310259136917158,0.01270093352836036,-0.012699320596091638,461.0405578613281,462,0.9979232854141301
muon,6,57,0,13,2.0003589976241334,1.8806454693004033,0.08748866043949548,-0.0004499192400308885,-0.006147956009954214,-0.0015947071369737387,0.10935915266063745,-0.0004689263548893069,-0.13306314325149393,0.13324043716526168,464.19189453125,460,1.0091128141983696
muon,6,58,0,13,2.0003589840250435,-1.6048757182262576,0.0874886610342718,-0.0004499192430895856,-0.004563553258776665,0.0030389355961233377,0.31128989678985697,-7.637075917490965e-05,-0.3431147584543471,0.34429608914899745,428.7396240234375,460,0.9320426609205164
muon,6,59,0,13,2.000358993495025,2.019356851951351,0.08748866062008814,-0.0004499192409596044,0.0009003962622955441,-0.00676845945417881,-0.13673819707848978,0.00020329464829488275,-0.012183149076334854,0.01218463354840335,490.10845947265625,460,1.065453172766644
muon,6,60,0,13,2.0003589155247345,-2.077730539650986,0.08748866403023431,-0.00044991925849662424,-0.002584906294941902,0.0047779083251953125,0.38040003306605286,-6.832712809273778e-05,-0.10010932493577121,0.10020964413404142,431.7458801269531,460,0.938578000275985
muon,6,61,0,13,2.000358932888864,-2.766730964464257,0.08748866327078837,-0.0004499192545910971,-0.01007539127022028,-0.005728031042963266,0.707328599999002,9.226344553929511e-05,-0.019398755090064605,0.019402518937204582,454.14617919921875,460,0.9872743026069973
muon,6,62,0,13,2.000358937866604,-0.07373893306139026,0.08748866305307954,-0.00044991925347150747,0.0010612362530082464,-0.014685345813632011,0.0513349521449602,0.0007571385745564208,0.016845499887529772,-0.016842662656807898,518.8932495117188,464,1.118304417051118
muon,6,63,0,13,2.0003590669409834,-1.5554804881015554,0.0874886574078206,-0.0004499192244401953,-0.001500309444963932,0.0032411767169833183,0.06342724950458845,5.347413533889067e-05,-0.07042993241670778,0.0704795711310227,477.4019470214844,456,1.0469340943453604
muon,6,64,0,13,2.00035899839564,2.3679019358070064,0.08748866040575251,-0.00044991923985736185,-0.0031065221410244703,0.010228927247226238,0.3460500328373861,-0.0004424916611884544,-0.053711821973990055,0.053740687076159345,495.7679748535156,460,1.07775646707286
muon,6,65,0,13,2.000359012834705,-2.4048459543511984,0.08748865977423864,-0.0004499192366097382,-0.006482421420514584,-0.00029441333026625216,0.18215315796110687,-0.0001992221226044255,-0.0588601688948347,0.058894834493884274,410.1668701171875,460,0.8916671089504076
muon,6,66,0,13,2.0003589884649022,-1.9497274017753887,0.08748866084008801,-0.00044991924209097586,0.0027870861813426018,-0.003934917971491814,-0.38100715252875617,3.4624061049232102e-06,-0.0468878620617908,0.046909857090880754,467.1984558105469,460,1.0156488169794498
muon,6,67,0,13,2.0003589462098628,1.0823623802222668,0.08748866268817473,-0.00044991925159494785,0.006391406990587711,-0.003668097546324134,-0.5678798713146804,0.00041490397032212245,-0.22085861637924556,0.2213474813639806,502.8572082519531,460,1.093167844025985
muon,6,68,0,13,2.0003588929727516,-2.798222892660127,0.08748866501657875,-0.00044991926356899976,0.0019328381167724729,-0.003116159001365304,0.3296069087843634,0.00021699932010262046,0.07297844683158604,-0.07292522713347922,429.236572265625,460,0.9331229831861413
muon,6,69,0,13,2.000358958774814,-1.85504641554332,0.08748866213862798,-0.0004499192487688483,0.013879673555493355,0.0074866050854325294,-1.3588426353909888,-0.0006885711700191227,-0.023097545472441628,0.02310288167103411,457.9885559082031,458,0.9999750129000068
muon,6,70,0,13,2.000358924135311,1.014415947963123,0.08748866365363799,-0.00044991925655993976,-0.010679585859179497,-0.008217240683734417,0.6393508421138616,0.0006971458990315399,-0.04790019031059332,0.04792314558853114,478.7504577636719,462,1.0362564020858698
muon,6,71,0,13,2.0003589088456697,-1.813237199823014,0.08748866432235312,-0.0004499192599988746,0.0009491271339356899,0.0001771694078342989,-0.10763641203248575,-0.00018355064914298003,-0.050022680838654444,0.05004771604791518,468.53253173828125,460,1.0185489820397418
muon,6,72,0,13,2.000358925597982,2.0646819859040546,0.0874886635896659,-0.0004499192562309568,-0.003722072346135974,-0.00549103831872344,0.49783892504695615,3.115346460580426e-05,0.08243728704268878,-0.08236938395720617,446.17474365234375,460,0.9699450948963995
muon,6,73,0,13,2.0003589118759315,0.20486246317142648,0.08748866418982013,-0.00044991925931731037,0.0007325978367589414,0.012656408362090588,-0.06427138561410084,-0.0012894476451919823,-0.09582077330596421,0.09591267757530023,456.2096252441406,460,0.9917600548785666
muon,6,74,0,13,2.000358952041777,0.14713070401447356,0.08748866243310734,-0.00044991925028323805,0.000833788188174367,0.003038367722183466,-0.29874452846587185,-5.541367479129644e-05,0.0526826883241878,-0.05265494828189378,473.1305847167969,462,1.0240921747116816
muon,6,75,0,13,2.000358909419503,2.417868692749517,0.08748866429725566,-0.0004499192598698084,0.011104302480816841,0.00895966961979866,-0.9287189183404543,-0.00022458097139277378,-0.002704268896422723,0.002704342029105831,449.05841064453125,460,0.9762139361837636
muon,6,76,0,13,2.000358927727796,-2.0468887798231776,0.08748866349651531,-0.0004499192557519206,0.008753023110330105,-0.0026013406459242105,-0.5717762070958088,5.708157823368365e-05,-0.1589736904445793,0.15922681919523526,513.4768676757812,460,1.116254060164742
muon,6,77,0,13,2.0003589271400157,2.819208370692853,0.08748866352222276,-0.00044991925588412374,-0.012479156255722046,-0.004960815422236919,0.47804211842628064,0.0003062513194291572,-0.27749284841513966,0.2782650139284282,430.5199279785156,458,0.9399998427478508
muon,6,78,0,13,2.000358997324011,0.7979565059669914,0.08748866045262178,-0.00044991924009839187,-0.0011602445738390088,0.0035994669888168573,0.29917602458573445,-0.00031594359661897553,0.08366992462666312,-0.08359997658926654,467.65264892578125,460,1.0166361933169157
muon,6,79,0,13,2.0003589554461527,-0.10862126971722333,0.08748866228421191,-0.00044991924951752834,-0.007292390335351229,0.004611097276210785,-0.05280201195986822,-0.00010046718676547106,0.022816969253547977,-0.022811764300294766,437.365966796875,460,0.9507955799932065
muon,6,80,0,13,2.000358986074103,0.18673969075568206,0.08748866094465314,-0.0004499192426287126,0.014223105274140835,0.015909161418676376,-1.151181911306448,-0.0009517244827276367,-0.11984174050848724,0.11998553325989855,501.4728088378906,458,1.0949187965892808
muon,6,81,0,13,2.0003589102577264,1.4093141365468194,0.08748866426059472,-0.00044991925968127584,0.0055981469340622425,0.0031341006979346275,-0.2136040150810814,-6.153987952935147e-05,0.048068430619529444,-0.04804533598053091,519.0286254882812,460,1.1283230988875679
muon,6,82,0,13,2.000358897454552,-2.645374954189649,0.08748866482056056,-0.0004499192625609565,-0.02285083569586277,0.0022475661244243383,0.748813595166542,-0.0002909736183968614,-0.03449195300792984,0.03450385406106256,516.3109741210938,464,1.112739168364426
muon,6,83,0,13,2.000358978095257,-3.0391440106768335,0.08748866129361979,-0.0004499192444233087,-0.004487977363169193,-0.004691126756370068,0.22956861445555532,0.00020067137039311844,-0.12544401467954777,0.1256015743368983,446.9417419433594,460,0.9716124824855639
muon,6,84,0,13,2.0003589946623337,2.1411518123037694,0.08748866056903418,-0.00044991924069705426,0.008236278779804707,0.0027461641002446413,-0.9123351461766127,-0.0006183329771381196,0.07419317704050679,-0.07413817157561625,512.1622314453125,460,1.1133961553158966
muon,6,85,0,13,2.000358931578542,-2.756809147880602,0.08748866332809722,-0.00044991925488581364,0.011719009838998318,-0.0034626100677996874,-0.8736524123666989,0.000610577928616643,0.094339954846062,-0.09425103845893897,448.67108154296875,460,0.9753719163977581
muon,6,86,0,13,2.0003590270243503,-2.2226969674386647,0.08748865915363352,-0.0004499192334182139,0.0003600314958021045,-0.0022329248022288084,-0.007681532892878096,-3.695530717889861e-05,-0.09961860561888922,0.099717943243505,487.7523498535156,460,1.0603311953337295
muon,6,87,0,13,2.0003590071362907,2.155541857135959,0.08748866002346721,-0.00044991923789142126,0.008902525529265404,-0.009662308730185032,-0.3766616708711368,0.0009073378584221331,-0.07052995019128516,0.07057973003971682,464.7886657714844,460,1.0104101429814878
muon,6,88,0,13,2.0003589923668574,-0.6870533678969061,0.08748866066943023,-0.00044991924121335106,-0.0015678955242037773,0.002865112852305174,0.20210485064142691,-0.0002865810752949449,0.07960734633603031,-0.07954402344979754,500.37554931640625,460,1.0877729332965353
muon,6,89,0,13,2.000358938357853,1.7523374868588812,0.08748866303159401,-0.00044991925336101605,0.0009497429709881544,-0.002957503078505397,-0.3000808911688413,6.259547279670319e-05,-0.1470707912590134,0.1472874080154056,450.75360107421875,456,0.9884947391978481
muon,6,90,0,13,2.0003589412395932,-3.1117650404587383,0.08748866290555685,-0.00044991925271285716,0.0004800829046871513,-0.003663665847852826,-0.020848213136748228,0.0002648341585567704,-0.052569721614988976,0.05259737190698116,460.69805908203125,462,0.9971819460650027
muon,6,91,0,13,2.0003589268128374,-2.273480869938199,0.0874886635365324,-0.00044991925595771245,0.002201047260314226,0.018028490245342255,0.025250126187259525,-0.0012967113079862536,0.12875308632900037,-0.1285875259207466,513.7128295898438,458,1.1216437327289164
muon,6,92,0,13,2.0003589258663483,1.0776035359447476,0.08748866357792849,-0.0004499192561705961,-0.019406631588935852,-0.0029616428073495626,1.513762181473144,0.0003841843367672487,-0.10061983407157749,0.10072117955531394,416.852294921875,460,0.9062006411345108
muon,6,93,0,13,2.000358928508453,-2.203788874149596,0.08748866346237212,-0.0004499192555763358,-0.008321012370288372,0.006030071061104536,0.5565857890004189,-0.00041806426403075136,0.06810930963295579,-0.06806295242594936,432.05877685546875,460,0.9392582105553668
muon,6,94,0,13,2.000359012059302,0.12237353937107115,0.08748865980815203,-0.00044991923678414124,-0.0053144656121730804,0.006957190576940775,0.15836639923066942,-0.00032658983182222434,0.012780410492659999,-0.012778777312455534,442.60137939453125,462,0.9580116437111066
muon,6,95,0,13,2.000358939210716,-2.590008187447214,0.08748866299429278,-0.0004499192531691907,0.01221445668488741,-0.005802827421575785,-0.8619545358183878,0.00043750127515454484,-0.19565052498840202,0.19603406666899925,494.9374694824219,458,1.0806494966865106
muon,6,96,0,13,2.0003589175981267,0.5286833365809939,0.08748866393955143,-0.0004499192580302784,-0.003263128688558936,0.015064272098243237,0.35407940029885676,-0.0009563915410795987,-0.036049897883506085,0.03606289852159341,471.5989685058594,462,1.0207769881079207
muon,6,97,0,13,2.0003589080374407,1.0688999751267485,0.08748866435770221,-0.0004499192601806609,0.0037398498971015215,0.009587391279637814,-0.1646140275053387,-0.0002821069646281732,-0.03366990197123428,0.03368124241254874,481.4449157714844,464,1.0375968012316474
muon,6,98,0,13,2.00035894342729,-0.5087168665639488,0.08748866280987469,-0.00044991925222080204,0.002214134903624654,-0.017395220696926117,-0.13942997535787427,0.0008145231895187732,-0.25037533569954606,0.2510037872745503,586.424072265625,460,1.2748349397078804
muon,6,99,0,13,2.0003589657408183,-2.67073694541408,0.08748866183395947,-0.00044991924720205983,9.724155825097114e-05,0.005751480348408222,0.19637420131157768,0.0001775442278805911,-0.06690308938994885,0.06694787958967421,431.5007019042969,458,0.9421412705333992
muon,7,0,0,13,2.0003590090363113,1.2637241664624956,0.087488659940367,-0.00044991923746407007,-0.00522129749879241,-0.007536338642239571,0.6792959474775095,9.208796202633818e-05,-0.07399706712608334,0.07405186333309711,461.4092712402344,460,1.0030636331309444
muon,7,1,0,13,2.0003589686102208,-0.5074926049606014,0.0874886617084619,-0.00044991924655667597,0.011127219535410404,-0.004975060001015663,-1.155254135925654,0.00026574432648454605,-0.3625086251473963,0.36382753132912093,429.850341796875,460,0.9344572647758153
muon,7,2,0,13,2.0003589184838555,0.04632090183924762,0.08748866390081277,-0.00044991925783106093,0.007991169579327106,0.005843272432684898,-0.22458064388362203,-0.0004134155401789158,-0.2557520513881238,0.2564078196467788,466.638427734375,460,1.0144313646399457
muon,7,3,0,13,2.000358985470585,-3.1040288501327438,0.0874886609710489,-0.00044991924276445547,-0.0023667444474995136,0.0009313308983109891,0.24071269683068053,5.940868484632933e-05,-0.057587206335996205,0.057620388307897154,428.8741760253906,460,0.9323351652725883
muon,7,4,0,13,2.0003589633650853,-2.978844254471836,0.08748866193786567,-0.0004499192477364079,-0.009409245103597641,-0.012488655745983124,1.0333947916603137,0.0014865068267255477,0.035360133180491464,-0.0353476342099535,463.1552734375,460,1.0068592900815216
muon,7,5,0,13,2.0003589840083964,-1.9582583062661933,0.08748866103499989,-0.0004499192430933298,-0.003821863792836666,-0.0012644518865272403,0.07907080781932585,-2.6764794288675064e-05,-0.0044988329134120165,0.004499035317485938,541.1245727539062,460,1.1763577668563179
muon,7,6,0,13,2.000358959099704,-2.4702958986548427,0.08748866212441843,-0.00044991924869577433,0.003593229688704014,-0.0014474347699433565,0.18190596380263102,-0.00029702079369943457,-0.07348853604643163,0.07354258141287438,482.7229919433594,458,1.0539803317540597
muon,7,7,0,13,2.000358995770571,1.289976358053381,0.08748866052056377,-0.0004499192404477903,0.00443112151697278,-0.00033840344985947013,-0.34022295206259656,-0.00023860663796489157,-0.0386464002429868,0.03866134145974851,450.9521789550781,462,0.976086967435234
muon,7,8,0,13,2.000358984742098,-0.10799733588165819,0.08748866100291036,-0.00044991924292830623,-0.016220614314079285,0.0047995587810873985,0.7620979256111327,-5.474169234059856e-05,-0.1692042945536174,0.16949108074112704,457.906005859375,460,0.9954478388247283
muon,7,9,0,13,2.0003589784149085,2.951856536552116,0.08748866127963936,-0.0004499192443514129,0.007503493223339319,-0.00975286215543747,-0.43861357848307136,0.0004061360454949148,-0.03333001361988747,0.033341126221807356,425.80865478515625,458,0.9297132200549263
muon,7,10,0,13,2.000358984018843,0.9402219701945437,0.08748866103454299,-0.00044991924309098014,-0.003870008047670126,-0.0018507966306060553,0.015551930700463679,5.103416876130196e-05,-0.2395641493803954,0.24013943738089494,446.32012939453125,460,0.9702611508576766
muon,7,11,0,13,2.0003589718394035,1.8299308381526,0.08748866156722881,-0.0004499192458303706,-0.00509423715993762,-0.006728797685354948,0.0794567616455577,0.0003962860903563292,0.09341047969277681,-0.09332330594502883,468.58782958984375,460,1.01866919476053
muon,7,12,0,13,2.000359003482519,-0.5118301279024468,0.08748866018327031,-0.00044991923871322476,0.0027750274166464806,-0.004509632475674152,-0.6386273427619882,-2.44170096710683e-05,-0.14809606032889258,0.1483157100523228,462.6811828613281,458,1.010220923278009
muon,7,13,0,13,2.000358974924712,0.28893105864091734,0.08748866143228827,-0.00044991924513642533,0.005396926775574684,-0.01738898828625679,0.08587360815187628,0.001286772167660613,0.04469501465199984,-0.04467504713313729,469.12872314453125,458,1.0242985221496315
muon,7,14,0,13,2.000358957492308,2.7908904142290054,0.08748866219472028,-0.00044991924905730864,0.005676783621311188,0.002788914367556572,-0.40908526477201335,1.7721462735167948e-05,-0.00014026900257396174,0.0001402691993330908,434.4638366699219,460,0.9444866014563519
muon,7,15,0,13,2.000358974289061,2.0361153147812225,0.08748866146008942,-0.0004499192452793955,0.0034569271374493837,-0.0069826580584049225,-0.11601668551941557,0.0003783377488377343,-0.16158471270051827,0.16184623146865487,416.5575866699219,460,0.9055599710215693
muon,7,16,0,13,2.0003589280821648,-0.9628512155340411,0.08748866348101648,-0.00044991925567221627,0.006011034827679396,0.010361787863075733,-0.5240548326276295,-0.0005183565480903068,-0.12102193560978357,0.12116857616601202,427.8291015625,462,0.9260370163690477
muon,7,17,0,13,2.000358893301766,1.0762631664705977,0.0874886650021888,-0.000449919263494998,0.001614472595974803,0.010328860953450203,-0.11704067714068955,-0.0005515057023383341,0.08695727742980901,-0.08688172744503513,447.987548828125,460,0.9738859757133153
muon,7,18,0,13,2.000358907721306,-0.40639292853245657,0.08748866437152883,-0.0004499192602517657,-0.008066580630838871,0.002022374188527465,0.5349482811443096,0.0002479869298551429,-0.11950928146914655,0.11965227704569896,569.89892578125,460,1.2389107082201087
muon,7,19,0,13,2.000358956818635,-2.8537963637977732,0.08748866222418437,-0.0004499192492088307,0.010203853249549866,0.003943224903196096,-0.1028766960011751,-5.4921727548937205e-05,0.039868474826361806,-0.03985258620806954,476.76312255859375,458,1.0409675165034797
muon,7,20,0,13,2.000358960264903,1.9151094848537982,0.08748866207345674,-0.00044991924843369865,0.007315973285585642,-0.002846360206604004,-1.0754758740008086,0.00038859658495238314,-0.15291091455294933,0.1531450901108356,543.1049194335938,460,1.1806628683338996
muon,7,21,0,13,2.0003589714122674,1.7857083018694118,0.08748866158591025,-0.00044991924592644177,-0.01748335175216198,-0.0047717588022351265,0.9653631772801319,0.0002035470022130753,-0.0656737571038786,0.06571691587157874,424.6145324707031,462,0.9190790746119115
muon,7,22,0,13,2.0003589071970196,1.8004627665313055,0.08748866439445928,-0.0004499192603696878,0.009126152843236923,0.004202357959002256,-0.28304660637878953,-0.0005349424539418529,-0.008552065360421865,0.00855279680119747,401.189697265625,462,0.8683759681074135
muon,7,23,0,13,2.0003588974294453,-0.08754214671744309,0.08748866482165864,-0.00044991926256660346,0.007281930651515722,-0.004440534859895706,-0.5540696035484238,3.5332008327934594e-05,0.02969027348741906,-0.029681460980478854,505.65203857421875,460,1.099243562117867
muon,7,24,0,13,2.0003589047784405,2.889256926452046,0.08748866450023943,-0.00044991926091367284,-0.0074907271191477776,0.010942313820123672,0.010279739970808777,-0.0007386712355642866,-0.14909716382716875,0.14931979540713897,483.3667907714844,460,1.0507973712423573
muon,7,25,0,13,2.000358970308345,-1.7515390314676849,0.08748866163419192,-0.0004499192461747351,0.010359569452702999,0.0032746309880167246,-0.9797416112335977,-0.0002792655699104529,-0.010573607064089996,0.010574725193982951,449.361328125,460,0.9768724524456521
muon,7,26,0,13,2.0003589999046625,-1.2606992576730058,0.08748866033975317,-0.0004499192395179536,-0.012027773074805737,-0.0008519006078131497,0.6822202813432376,-0.00015305889074040957,-0.33332038763884503,0.3344351281042402,492.8236083984375,460,1.0713556704313858
muon,7,27,0,13,2.0003589331260643,-1.2235148212040974,0.08748866326041406,-0.0004499192545377461,-0.0022343534510582685,-0.0028150351718068123,-0.3181436930583814,-0.0001428768677253084,-0.5236516447744711,0.5264081899192055,538.89794921875,460,1.171517280910326
muon,7,28,0,13,2.000358958366953,-0.3927642364267772,0.08748866215646638,-0.00044991924886058406,-0.015243290923535824,-0.008695420809090137,0.9299773935740885,0.000633847263451684,-0.20040404804015705,0.20080647233944768,464.2684020996094,460,1.0092791349991508
muon,7,29,0,13,2.000358936739857,-1.7923588093378202,0.08748866310235948,-0.0004499192537249345,-0.008075512014329433,-0.01183936558663845,0.5702313043729479,0.00038106301906615236,-0.0018166941933562806,0.0018167271977342307,460.560302734375,460,1.0012180494225544
muon,7,30,0,13,2.0003589380270177,-1.796849891064049,0.08748866304606359,-0.0004499192534354273,0.005114296451210976,0.002905202331021428,-0.36831248056778954,5.425825863916711e-05,-0.2232394982687971,0.22373897202739362,391.1120300292969,460,0.8502435435419498
muon,7,31,0,13,2.0003589125072065,0.22114115622114255,0.08748866416221038,-0.00044991925917532444,0.0036883908323943615,0.0018692176090553403,-0.42575266431882364,-1.7506849817189307e-05,-0.07446116531893249,0.07451665128582521,451.21966552734375,460,0.9809123163637907
muon,7,32,0,13,2.0003589628363,-0.5439954196032677,0.08748866196099288,-0.00044991924785534195,0.0006097706500440836,0.000463884964119643,-0.12465371521375168,-0.0003437357706165961,0.17349227123847571,-0.1731917968565037,495.82275390625,462,1.0732094240395023
muon,7,33,0,13,2.000358908361524,-1.2538176746299983,0.08748866434352795,-0.0004499192601077683,0.012827460654079914,-0.00900920107960701,-0.5154638358830788,0.00042429004652103086,-0.24146324530791913,0.24204770154324662,581.5016479492188,460,1.2641340172809103
muon,7,34,0,13,2.0003589528662613,-1.918439959880302,0.08748866239704728,-0.0004499192500977956,0.004130740649998188,-0.0013472925638779998,-0.05140364508871009,-0.00011267135061859834,-0.13207566993330372,0.13225034045644354,486.1946716308594,458,1.0615604184079899
muon,7,35,0,13,2.000358977678452,2.852320445783933,0.08748866131184939,-0.00044991924451705625,-0.002336627570912242,0.0035115459468215704,0.07747291723880778,-0.0003010805475557182,-0.25992786621493186,0.2606052518853997,458.2229309082031,460,0.9961368063221807
muon,7,36,0,13,2.0003588961330863,-0.9788876089423231,0.08748866487835681,-0.00044991926285817957,-0.012024940922856331,-0.001463053049519658,1.5180024474195086,0.00021940599585736076,0.012101871921360934,-0.01210040754552669,487.0623474121094,460,1.0588311900263248
muon,7,37,0,13,2.0003588981455325,-0.42453442665128066,0.0874886647903395,-0.00044991926240554164,-0.00630998145788908,0.0002706664672587067,0.40210934666945475,0.0001558004773187377,0.03085467142046871,-0.030845154249480682,443.3150329589844,458,0.9679367531855554
muon,7,38,0,13,2.0003589434876083,2.6685801738394246,0.08748866280723656,-0.0004499192522072353,-0.003248229157179594,-0.01607379876077175,-0.0036948812947024123,0.0011936236340895773,-0.39468508393575824,0.39624901971180804,482.4369201660156,460,1.0487759134043817
muon,7,39,0,13,2.00035890014781,-1.5939371158978777,0.08748866470276692,-0.00044991926195519084,0.0015757314395159483,0.002051402349025011,0.13394855473802814,6.49674540970091e-07,-0.1298918885772459,0.13006082704180139,466.0660400390625,458,1.0176114411333241
muon,7,40,0,13,2.000358951754697,1.2283261393473124,0.0874886624456632,-0.0004499192503478078,-0.0032674989197403193,0.013005617074668407,0.0038767888570490072,-0.0003719814063298521,0.0012890221488054462,-0.0012890055332331542,470.6186828613281,460,1.0230840931768004
muon,7,41,0,13,2.000358951081713,-2.3121475608468125,0.08748866247509715,-0.00044991925049917496,-0.011293365620076656,0.024927213788032532,0.6448657631943355,-0.001274529868113966,-0.030265225903380155,0.03027438851544828,473.5212097167969,460,1.0293939341669498
muon,7,42,0,13,2.0003589678394205,-0.6332513303445884,0.08748866174217398,-0.0004499192467300438,0.0023950578179210424,0.004551775753498077,0.01533934345920862,-0.0005170733093851354,-0.08869596307141756,0.08877470264888658,462.4710998535156,460,1.0053719562032948
muon,7,43,0,13,2.00035897008683,-2.8312697562602978,0.08748866164388021,-0.00044991924622455817,-0.009305049665272236,-0.016632527112960815,0.535026493452051,0.001220223370176951,0.12488051388321693,-0.12472475696578485,432.9263610839844,458,0.9452540635021492
muon,7,44,0,13,2.0003589651829614,1.733309911143212,0.08748866185835816,-0.0004499192473275326,0.007206734269857407,0.009145589545369148,-0.3290637845083655,-0.000535833987512363,0.05517378690576921,-0.05514336222460904,488.57562255859375,460,1.0621209186056386
muon,7,45,0,13,2.000358949409004,1.1197846393381654,0.08748866254825555,-0.00044991925087539935,-0.008558967150747776,-0.006067841779440641,0.6502409184874214,0.00040232007961310545,-0.08711205734405798,0.08718800861211826,543.6895141601562,460,1.1819337264351222
muon,7,46,0,13,2.0003589793264838,-0.39362673161785056,0.08748866123977027,-0.0004499192441463821,0.0012038088170811534,-0.0013193145859986544,0.05136130611349543,-9.28593697867297e-06,0.07603598325540604,-0.07597821247448558,495.4293212890625,460,1.077020263671875
muon,7,47,0,13,2.0003589373610726,0.5053545538124598,0.08748866307518968,-0.00044991925358521117,-0.003817914752289653,-0.001298698945902288,0.000387078806118879,0.00012074721076002493,-0.09342608941773359,0.09351345538217222,427.5990295410156,462,0.9255390249805533
muon,7,48,0,13,2.0003589929998338,1.949250276675901,0.08748866064174607,-0.00044991924107098247,0.0057500554248690605,0.013797493651509285,-0.6374674946876269,-0.0007633437000079402,-0.041699755083775714,0.041717151033583706,442.3617858886719,460,0.9616560562797215
muon,7,49,0,13,2.0003589161050503,-2.1752502942777645,0.08748866400485333,-0.0004499192583661,0.005599769297987223,0.00628935219720006,-0.12302153339271982,-0.00021648934846218992,0.07630450484604934,-0.07624632546492961,454.0516662597656,460,0.9870688396951427
muon,7,50,0,13,2.0003589100830665,-0.4587516528401707,0.08748866426823373,-0.00044991925972056023,0.004711042623966932,-0.004656476434320211,-0.34138142725481657,0.0006398801219678341,0.05683348126219333,-0.05680119916331644,473.7475891113281,460,1.029886063285496
muon,7,51,0,13,2.0003589571530833,0.06387966194938256,0.08748866220955677,-0.00044991924913360677,0.0029340104665607214,-0.0034082820639014244,-0.0034652073247626314,1.923391575985034e-05,0.11182607296826941,-0.11170116194539813,489.3119812011719,460,1.0637216982634172
muon,7,52,0,13,2.000358940213522,3.085196388596928,0.08748866295043359,-0.0004499192529436404,-0.005698228254914284,0.012043454684317112,0.2320877366903673,-0.0003983942193163392,0.1793323551211458,-0.17901132988732998,537.7796630859375,460,1.169086224099864
muon,7,53,0,13,2.000358944378295,3.000319245705385,0.08748866276828107,-0.0004499192520069027,-0.0051943338476121426,-0.0021679240744560957,0.1370874550152834,0.0003817786088818609,-0.11182266093936859,0.11194784399738457,480.81182861328125,458,1.0498074860551991
muon,7,54,0,13,2.00035901493172,0.31052137918583544,0.08748865968252259,-0.0004499192361380792,-0.008722458966076374,-0.0064741880632936954,0.33225111850110345,0.0003028800461189196,-0.03768160957947102,0.037695813968907074,426.51666259765625,460,0.9272101360818614
muon,7,55,0,13,2.0003590054746576,-1.7012786885719082,0.08748866009614119,-0.00044991923826515453,0.0009758584201335907,-0.010796405375003815,0.037791393258324035,0.0010509700784956527,-0.09822891589142838,0.09832549996409197,466.06268310546875,458,1.0176041115839929
muon,7,56,0,13,2.0003589241674367,1.8165414818224477,0.08748866365223291,-0.00044991925655271404,-0.004820409696549177,-0.007802742999047041,0.0354758801890398,0.0003406654211961929,-0.10555552065278696,0.1056670580660818,444.3048400878906,462,0.9616987880690273
muon,7,57,0,13,2.000359001015256,1.5384595185717849,0.08748866029117973,-0.00044991923926815977,-0.0005990833742544055,0.0029599256813526154,0.3603905239792926,-0.00028536625240714597,-0.0562862252502337,0.0563179244840774,457.4844665527344,458,0.9988743811195073
muon,7,58,0,13,2.000358978889116,-2.4204613928324856,0.0874886612588992,-0.0004499192442447546,-0.0015698154456913471,0.0011822066735476255,-0.07441000870089809,0.00022140637091494497,-0.02638262896516192,0.02638959123310858,411.33587646484375,458,0.8981132673904886
muon,7,59,0,13,2.0003589913245365,2.3199444490634824,0.08748866071501767,-0.0004499192414477891,0.013330571353435516,-0.0019182316027581692,-0.5131441318417806,0.00022329191168750373,-2.2141479197665364e-05,2.214148410005002e-05,483.57940673828125,458,1.0558502330530157
muon,7,60,0,13,2.000358925093359,1.1350289241685068,0.08748866361173632,-0.00044991925634445625,-0.005624605342745781,-0.0027361612301319838,0.09230214222322175,0.000478300037059759,-0.0739624483438709,0.07401719327220384,439.33447265625,460,0.9550749405570652
muon,7,61,0,13,2.0003589233094283,0.5646026674093648,0.08748866368975919,-0.00044991925674569666,0.0015705778496339917,0.007641345728188753,0.006085318143722596,-0.00036336977925580105,-0.10769022742197663,0.10780632429778389,433.2996826171875,460,0.9419558317764946
muon,7,62,0,13,2.000358970058399,-1.1870363577932217,0.08748866164512369,-0.00044991924623095285,-0.0027529001235961914,-0.005475063342601061,0.27855482996486103,2.9177086856707612e-06,0.021730961879497326,-0.021726240558446797,535.4652099609375,460,1.1640548042629075
muon,7,63,0,13,2.0003590334816406,-0.6210693533299708,0.08748865887121438,-0.0004499192319658451,-0.0030170553363859653,-0.009967893362045288,0.46418260319469606,0.0009502394537520553,-0.060340464810563633,0.06037689651056747,512.6171264648438,460,1.1143850575322691
muon,7,64,0,13,2.000358893400776,-2.43290513627944,0.08748866499785847,-0.00044991926347272884,-0.0035016753245145082,0.00752240838482976,-0.15503294053065275,0.0001438942420058792,-0.06952651809742294,0.06957489109667768,504.41314697265625,458,1.1013387488485944
muon,7,65,0,13,2.000359008888434,-0.14422640467884373,0.08748865994683463,-0.0004499192374973305,-0.005229454021900892,-0.0019241097616031766,0.3212865710480184,0.00010910508164208021,-0.01686570310887804,0.01686854810812091,411.6205139160156,460,0.8948272041652514
muon,7,66,0,13,2.00035890446046,-2.7393672392715627,0.08748866451414676,-0.0004499192609851927,0.008880672976374626,-5.596728442469612e-05,-0.5080773483103762,0.0002717839416637863,-0.19052906542667916,0.19089277164045143,459.7139892578125,460,0.9993782375169837
muon,7,67,0,13,2.0003589737707053,-0.27516642654448553,0.08748866148276047,-0.00044991924539598366,-0.005920567084103823,0.003460527630522847,0.06938422232671826,-0.0005581630019636519,-0.16483848396487633,0.16511064985697435,492.2178649902344,460,1.0700388369352922
muon,7,68,0,13,2.000358917051771,2.0252557434930982,0.08748866396344711,-0.0004499192581531644,0.004149760119616985,-0.002025098539888859,-0.3722348108472495,0.0007710106452603199,-0.1849718423156992,0.1853146221864278,417.7488708496094,458,0.912115438536265
muon,7,69,0,13,2.000358945393576,1.4892526650996039,0.08748866272387625,-0.00044991925177854643,0.013990395702421665,-0.0016089732525870204,-1.142599639398778,2.831565918802459e-05,0.04206078550113898,-0.042043101842255445,482.2870178222656,460,1.0484500387440556
muon,7,70,0,13,2.000358932960456,-1.8689998029257104,0.08748866326765718,-0.0004499192545749946,0.003170548938214779,-0.0027414883952587843,-0.3606440042212,3.976665778455957e-05,-0.1426400158549843,0.14284376822863265,471.9035339355469,460,1.0258772476859714
muon,7,71,0,13,2.0003589378675417,-1.415934292057256,0.08748866305303851,-0.00044991925347129654,-0.0016692520584911108,0.0013339996803551912,0.20679591010019927,-0.0004885761494664298,-0.15845569006628799,0.15870717060865855,476.7057800292969,460,1.0363169131071672
muon,7,72,0,13,2.0003589332756455,-1.9965568995737317,0.0874886632538719,-0.00044991925450410243,0.0045856027863919735,-0.0119880810379982,-0.39527652032345095,0.0003570868991928239,0.11639823373394034,-0.11626290576515068,443.8055114746094,458,0.9690076669751296
muon,7,73,0,13,2.0003589812395566,-2.1457852181932853,0.0874886611560992,-0.0004499192437160952,0.00511478167027235,0.0021851900964975357,-0.053280875928596316,-4.472826520716955e-05,-0.06961269150171642,0.06966118452718559,472.0110778808594,460,1.0261110388714334
muon,7,74,0,13,2.000358984740537,-1.8336706834910548,0.08748866100297864,-0.00044991924292865735,0.0007496971520595253,0.007005244959145784,-0.015549075778720223,-0.0008068852542489346,-0.03781896055270488,0.037833268701654085,449.959716796875,460,0.9781732973845109
muon,7,75,0,13,2.000358995856872,1.1034452819399496,0.08748866051678927,-0.0004499192404283796,0.004547785967588425,0.007744567934423685,-0.07974143549405177,-0.0005626919889953896,0.046209732375651014,-0.04618838884477616,445.1492004394531,460,0.9677156531292459
muon,7,76,0,13,2.00035890043331,2.9920748311866086,0.08748866469028015,-0.0004499192618909764,-0.008172291330993176,-0.0002629363734740764,0.30602628104281493,1.2756880497746814e-05,-0.25625750836683586,0.25691587458564624,498.6666259765625,458,1.0887917597741539
muon,7,77,0,13,2.0003589341765435,-2.6070509303880534,0.08748866321446978,-0.0004499192543014731,-0.009544755332171917,0.006306166294962168,0.5534042192301136,-0.00016870053412997021,-0.25877861047906037,0.2594500116139996,432.8129577636719,460,0.9408977342688519
muon,7,78,0,13,2.0003589297210973,2.6478500701097523,0.08748866340933534,-0.0004499192553035888,0.000693473091814667,0.006076764315366745,-0.09683143177374731,-0.0006061466675827132,-0.16913588499159987,0.1694224391334096,443.0336608886719,460,0.9631166541058084
muon,7,79,0,13,2.0003589610712633,-3.0117836442864583,0.08748866203818936,-0.00044991924825233266,0.00308282976038754,-0.00088617013534531,-0.035241516764372705,0.0001995232364116195,-0.06470397192085561,0.06474586506720595,441.85693359375,458,0.9647531301173581
muon,7,80,0,13,2.0003589305559477,1.0046525543760745,0.0874886633728219,-0.0004499192551158148,-0.006972829345613718,-0.00576632097363472,0.3460103440793283,0.000462750914268395,0.26527473499968135,-0.2645728899669348,514.1551513671875,460,1.1177285899286684
muon,7,81,0,13,2.000358960737353,2.831022603765616,0.08748866205279343,-0.0004499192483274355,0.004307578317821026,-0.014030741527676582,-0.08450295079676096,0.0007207434886265518,-0.1374119368732392,0.13760101709598874,525.948486328125,458,1.1483591404544213
muon,7,82,0,13,2.0003589517450027,-1.8906219684684682,0.08748866244608719,-0.00044991925034998826,0.002300631022080779,0.006929246708750725,-0.38259390946149274,-0.0003036744838412486,-0.16185105370443267,0.16211343600881437,456.6007385253906,460,0.9926103011421535
muon,7,83,0,13,2.000358921444152,3.005464210600907,0.0874886637713398,-0.00044991925716523324,0.0024343940895050764,-0.0009669574210420251,-0.14652261262559918,-8.022572483140644e-07,-0.02682537008131206,0.026832568016974843,444.65924072265625,460,0.9666505233101222
muon,7,84,0,13,2.0003589942754636,0.3381495026767382,0.08748866058595452,-0.0004499192407840688,0.00770294014364481,-0.0018920199945569038,-0.3379432380327674,9.526126377311372e-05,-0.10276401902562333,0.10286973209667805,507.1286926269531,460,1.1024536796238111
muon,7,85,0,13,2.0003589801925763,3.074500845497901,0.08748866120189043,-0.0004499192439515812,0.0028606203850358725,-2.662935366970487e-05,-0.44302803879459063,0.00016724070698408144,-0.06532400980380315,0.0653667099598339,445.98809814453125,464,0.961181246001145
muon,7,86,0,13,2.0003589976154013,3.1196881130163776,0.0874886604398774,-0.0004499192400328525,0.00976513046771288,0.0016586321871727705,-0.47429351259342667,-0.00017718397083747728,0.20624493361685112,-0.2058204393882633,490.3230285644531,462,1.0613052566330154
muon,7,87,0,13,2.0003589429316904,-1.8558650794124927,0.08748866283155046,-0.00044991925233227195,-0.0025053888093680143,0.0018506519263610244,0.12012148860351957,-9.617619968019242e-05,0.011593186104346728,-0.01159184224050661,465.3950500488281,460,1.0117283696713655
muon,7,88,0,13,2.0003589504570765,-2.8209786759983912,0.08748866250241655,-0.00044991925063966767,-0.009124400094151497,0.009798193350434303,0.6249295842066793,-0.0007299371572818125,-0.05635343806929997,0.056385213075440865,431.16387939453125,462,0.9332551502046131
muon,7,89,0,13,2.000358909960154,-2.067598643098752,0.08748866427360949,-0.0004499192597482056,0.01307572890073061,0.0012165912194177508,-1.1121608868438493,-3.229636370119526e-05,0.09255351783296523,-0.09246793550579824,468.86395263671875,464,1.0104826565446525
muon,7,90,0,13,2.0003590133631484,0.39347618345860497,0.08748865975112638,-0.00044991923649088114,0.010481852106750011,0.0019261908018961549,-0.3862333739186874,-2.1779071995825516e-05,-0.47960888908854027,0.4819202213082405,538.91845703125,462,1.1664901667343073
muon,7,91,0,13,2.0003589086316036,-1.9753118563636811,0.08748866433171562,-0.0004499192600470222,0.0010368040530011058,-0.008143550716340542,0.12729654159859827,0.00010952537985511879,-0.04136113101880389,0.04137824552914839,511.04010009765625,460,1.1109567393427309
muon,7,92,0,13,2.000358905740275,-0.12995281755924828,0.08748866445817216,-0.0004499192606973377,0.004325948655605316,0.012839834205806255,-0.46570658683173227,-0.0010077936152385059,-0.28467414836983085,0.28548685564484044,424.9044494628906,458,0.9277389726263987
muon,7,93,0,13,2.000358916789351,2.1071035230439925,0.08748866397492444,-0.00044991925821218765,0.0010602866532281041,0.008454489521682262,-0.2652967256331351,-0.0004152857100204188,0.01941251141276348,-0.019408743688185674,424.9764404296875,458,0.9278961581434225
muon,7,94,0,13,2.0003589162567064,-2.3537426133638673,0.08748866399822043,-0.00044991925833198966,-0.0018332625040784478,-0.00999249517917633,-0.126586388940364,0.0007158465117473728,0.0065074711169320135,-0.006507047672683128,450.51275634765625,462,0.9751358362503382
muon,7,95,0,13,2.000358973406667,0.021868587765269683,0.08748866149868222,-0.0004499192454778628,-0.005967969540506601,0.0014051535399630666,0.5120343385406276,-0.0004526627966329605,-0.21271966196519349,0.21317312311208908,498.084228515625,462,1.0781043907264611
muon,7,96,0,13,2.0003589820447343,1.7373306155911055,0.08748866112088356,-0.00044991924353499524,0.0025671564508229494,0.0009533633710816503,-0.27483708768749615,8.231907034721153e-05,-0.04675234060854347,0.04677420864588563,494.42681884765625,460,1.0748409105383832
muon,7,97,0,13,2.0003589367901897,-2.224099867604099,0.0874886631001581,-0.0004499192537136137,0.00040458503644913435,0.0021284818649291992,-0.22221300808356048,-0.00028256019250047504,-0.08887863687827917,0.08895770127056475,434.3937683105469,460,0.9443342789359714
muon,7,98,0,13,2.0003588864167687,0.6898528001154357,0.08748866530331438,-0.00044991926504356664,-0.0003248739230912179,0.011627290397882462,0.1554825460022835,-0.00038321228894060144,-0.07751568485520632,0.07757581828202491,536.9070434570312,460,1.1671892249065896
muon,7,99,0,13,2.0003589758225657,0.6328517311422773,0.0874886613930193,-0.00044991924493448075,5.096338554722024e-06,-0.0024560531601309776,-0.19146140503367715,0.00010267378440226294,0.05043277758181676,-0.05040735575221203,435.4880065917969,460,0.9467130578082541
muon,8,0,0,13,2.000358914844003,1.0575850000776663,0.0874886640600071,-0.00044991925864973386,-0.0015092954272404313,-0.01686091721057892,-0.10561851638701825,0.0008349365302219303,0.13978158410661803,-0.1395864679305502,450.9681701660156,456,0.9889652854517886
muon,8,1,0,13,2.0003589383399643,2.68684563166693,0.08748866303237642,-0.0004499192533650396,0.004158139228820801,0.025519143790006638,0.04997723504773788,-0.0017468748834964104,0.12936818779081002,-0.12920104274320057,736.868896484375,458,1.608884053459334
muon,8,2,0,13,2.000358920074322,-0.02980326967249307,0.08748866383125135,-0.0004499192574733344,0.017691394314169884,-0.00470124464482069,-1.0139018862446862,0.0007678293795411878,0.15396765797994236,-0.15373096201812705,477.3708190917969,460,1.0377626501995585
muon,8,3,0,13,2.000358955212179,3.077541464620756,0.0874886622944451,-0.00044991924957015356,0.003680722089484334,0.004771584644913673,-0.16676788918879026,-0.0004421806254959748,-0.1662495821419164,0.1665264316386643,410.0425720214844,460,0.891396895698879
muon,8,4,0,13,2.0003589153575336,-1.612191337746588,0.08748866403754708,-0.00044991925853423093,-0.0027285749092698097,4.857993553741835e-05,0.5026046456968469,-0.0005269327228879656,-0.1933682715811612,0.1937429088954047,455.74658203125,458,0.9950798734306768
muon,8,5,0,13,2.000358926255721,1.6315327554023429,0.08748866356089871,-0.0004499192560830187,-0.007379845250397921,-0.00725144799798727,0.3130764686898324,0.0007192891173048721,-0.03876631023279702,0.03878134432904965,534.656005859375,460,1.1622956649116847
muon,8,6,0,13,2.0003589489700824,0.27049968058024937,0.08748866256745244,-0.0004499192509741213,-0.0008402669336646795,-0.00592380203306675,0.03775542820400046,0.0004705152246198552,-0.24309132716185622,0.24368370110494936,467.70599365234375,464,1.0079870552852237
muon,8,7,0,13,2.000358905391431,1.3257466384022505,0.08748866447342937,-0.00044991926077579946,-0.0036208860110491514,0.00019814973347820342,0.44633664200000034,-5.4640854731252686e-05,-0.0343169020527261,0.03432868259309979,453.2690124511719,460,0.9853674183721127
muon,8,8,0,13,2.0003589248545883,-2.859292260139907,0.08748866362217932,-0.00044991925639816037,-0.014219770208001137,-0.0030244633089751005,0.6987962422018157,0.00037138419505090836,0.0655669361756938,-0.06552397411340638,428.8935852050781,460,0.9323773591414742
muon,8,9,0,13,2.0003589702605375,1.7428156378120636,0.08748866163628286,-0.00044991924618548797,-0.002362082479521632,0.0152346296235919,0.020241513803087585,-0.001079420675208026,0.23172368870812352,-0.2311879714129218,456.66851806640625,460,0.9927576479704484
muon,8,10,0,13,2.0003589371763226,-2.728961918169191,0.08748866308327,-0.000449919253626765,0.0029438294004648924,-0.010083388537168503,0.0028346120619637816,0.00027743291263301884,-0.06429117025047003,0.06433253038710998,448.52093505859375,460,0.9750455109969429
muon,8,11,0,13,2.0003589318161783,-2.183369264189273,0.08748866331770386,-0.0004499192548323647,0.0035965945571660995,0.002404743805527687,-0.5184559187592086,-1.653742983306894e-05,-0.22736682499483707,0.22788495979256285,462.8706359863281,460,1.0062405130137568
muon,8,12,0,13,2.000358966367999,2.0389282324812785,0.0874886618065288,-0.0004499192470609949,-0.006341297645121813,0.002742794342339039,0.14904947062577278,-0.0002900541829516795,0.11193650168422568,-0.11181134397729653,455.1435546875,460,0.9894425101902173
muon,8,13,0,13,2.000358997461348,-2.6079688113640316,0.08748866044661514,-0.000449919240067502,0.00582444341853261,0.00515727000311017,-0.42724195017740385,-0.0002279522337626655,-0.33301648147235136,0.3341291867335996,418.4692687988281,460,0.9097158017365828
muon,8,14,0,13,2.000358909695647,-2.899522171324453,0.0874886642851781,-0.0004499192598076983,0.011059111915528774,0.007056206464767456,-0.2166172802833266,-0.0007561277308415493,-0.1453968342716136,0.1456085444857308,465.0508117675781,460,1.0109800255816916
muon,8,15,0,13,2.000358911342716,0.021382104251523575,0.0874886642131411,-0.0004499192594372408,0.006082051433622837,0.0024225476663559675,0.023832898597159896,-0.0001235733661257149,-0.11432768915935067,0.11445854697115329,404.6424865722656,460,0.8796575795049253
muon,8,16,0,13,2.000358961330838,1.7602946343689825,0.08748866202683649,-0.00044991924819394935,-0.008893444202840328,0.006924360059201717,0.5349335402582422,-0.000654141925289245,0.05505715801178215,-0.05502686178554336,427.2988586425781,458,0.9329669402676378
muon,8,17,0,13,2.0003589143867413,-0.2883925233355215,0.08748866408000613,-0.00044991925875258084,0.005126883275806904,0.009499178268015385,-0.37666220753879154,-0.0006889605415883182,0.024115120565927094,-0.02410930657757488,450.3126525878906,462,0.9747027112292005
muon,8,18,0,13,2.000358978032202,2.3238617888454227,0.08748866129637758,-0.00044991924443749093,-0.00941245723515749,0.0050399815663695335,0.4375466343136125,-0.0004529010129074307,-0.057238269322951014,0.05727105028095932,561.0371704101562,458,1.224971987795101
muon,8,19,0,13,2.0003589399411865,-1.166199154359005,0.08748866296234459,-0.00044991925300489385,0.0031171233858913183,-0.0007647033780813217,-0.2723269642372905,0.00024508261260658415,-0.07952477023458049,0.07958806245837781,468.2657165527344,460,1.0179689490276835
muon,8,20,0,13,2.000358945518214,-1.477780767486182,0.08748866271842502,-0.00044991925175051303,0.0038735438138246536,0.0064473520033061504,-0.16515631905478223,-0.00021474462617419865,-0.08023604630345527,0.08030047623074511,512.9948120117188,460,1.115206113068954
muon,8,21,0,13,2.0003589305231846,-2.774985483506007,0.08748866337425486,-0.0004499192551231839,0.010068743489682674,-0.0056877643801271915,-0.6209103080800915,-4.846322424188754e-05,0.020985087008016233,-0.020980684193175166,421.93499755859375,458,0.9212554531847025
muon,8,22,0,13,2.000358978203362,-0.6638362037853526,0.08748866128889166,-0.0004499192443989938,0.0020014240872114897,-0.006281005684286356,-0.053621558733119024,0.0006148491505042486,-0.08522823362852262,0.08530093410792985,405.8079528808594,460,0.8821912019149117
muon,8,23,0,13,2.0003588992187473,-1.2869016492190164,0.08748866474340085,-0.00044991926216415493,0.006035894155502319,0.00664374278858304,-0.6681120572287202,-0.0005564451784861452,-0.1005306033735334,0.10063176909819982,483.2290344238281,460,1.0504979009213655
muon,8,24,0,13,2.0003589935161434,-2.800583775184213,0.08748866061916451,-0.0004499192409548545,-0.0018938867142423987,-0.011851424351334572,-0.029628136099635327,0.0008789281989087655,-0.05448830722733428,0.05451801316983538,469.39251708984375,460,1.020418515412704
muon,8,25,0,13,2.0003590036569574,-1.4304509424004663,0.087488660175641,-0.00044991923867399025,-0.004595519974827766,-0.009538361802697182,0.3022216591943572,0.0006128758598967221,-0.09298290815549717,0.09306944683377479,441.35797119140625,460,0.9594738504161006
muon,8,26,0,13,2.0003589638626367,-2.34770627203152,0.08748866191610452,-0.00044991924762449904,0.005108126904815435,0.004137255251407623,-0.25014695956881994,-0.00016824475034829534,-0.20899417914540455,0.20943187958300566,476.9397888183594,460,1.0368256278659986
muon,8,27,0,13,2.0003589254536993,-1.1640506006300482,0.08748866359597632,-0.0004499192562634088,-0.015804307535290718,0.0016168225556612015,0.6768919050725852,-0.0001822088182587278,0.017252405998274156,-0.01724943005656308,480.8182373046875,458,1.0498214788311955
muon,8,28,0,13,2.000359009207318,-0.9298968304659672,0.08748865993288776,-0.00044991923742560735,5.043958663009107e-05,0.0030013613868504763,-0.27078494769861017,0.0003209996077654653,0.15502004666088454,-0.15478010646761955,457.06866455078125,462,0.9893261137462798
muon,8,29,0,13,2.0003589140323537,0.1819130439341613,0.0874886640955058,-0.00044991925883228944,-0.006659009959548712,0.004760346841067076,0.565994900410538,-0.0003033334065524057,0.09780628855366692,-0.09771072132361798,459.5446472167969,460,0.9990101026452106
muon,8,30,0,13,2.0003589521813288,-2.929735148829567,0.08748866242700383,-0.0004499192502518501,0.006486223079264164,-0.002838276093825698,0.07077543173972245,-6.851178937718194e-05,0.2912734384131726,-0.2904275002470979,410.7649230957031,462,0.8891015651422146
muon,8,31,0,13,2.0003589289888395,-2.063032254228804,0.08748866344136172,-0.00044991925546828765,0.004250900819897652,0.004686702974140644,-0.26382540681613165,-0.00042061234158449756,-0.020563312160903312,0.020567541528675567,445.2095031738281,460,0.9678467460300612
muon,8,32,0,13,2.000358936676869,0.4254501013058905,0.08748866310511436,-0.0004499192537391018,-0.007249678485095501,0.011157499626278877,0.8211286764855941,-0.0005351199785312566,-0.32950054887646635,0.33058984422771803,495.3045654296875,460,1.0767490552819294
muon,8,33,0,13,2.000358953741977,-2.6417467229335676,0.08748866235874657,-0.00044991924990083035,-0.002620328450575471,0.005444564390927553,-0.08229089089528685,-1.0754820332567472e-05,-0.011932857662614918,0.011934281763468483,454.7584228515625,464,0.9800828078697468
muon,8,34,0,13,2.000358943878174,2.7659688275631313,0.08748866279015459,-0.0004499192521193895,0.012263557873666286,0.0037694305647164583,-0.8547585781459865,1.4792789126263917e-05,0.03715098264228359,-0.037137185812821195,520.7753295898438,460,1.1321202817170517
muon,8,35,0,13,2.000358978174084,0.52092804811194,0.08748866129017219,-0.00044991924440557907,-0.002161951269954443,0.0055588665418326855,0.14267065331874385,-0.0003440629253421701,0.018509965672467744,-0.018506540118253374,463.7169494628906,462,1.0037163408287675
muon,8,36,0,13,2.0003589256289342,-1.1245595898517766,0.08748866358831216,-0.00044991925622399505,0.013857671990990639,0.004278174601495266,-0.5023989787897865,0.00013275703355979107,-0.07276571605643953,0.07281870310719078,488.23248291015625,460,1.0613749628481657
muon,8,37,0,13,2.0003588960050145,-1.6136167109076562,0.08748866488395822,-0.00044991926288698536,0.010816063731908798,0.005440081469714642,-0.6760299141821413,-7.653107105386192e-05,-0.02786163002279555,0.027869394890495922,457.1741943359375,458,0.9981969308644923
muon,8,38,0,13,2.0003589225697826,1.037506195213979,0.08748866372210869,-0.0004499192569120572,0.00846074242144823,0.006647054571658373,-1.0043107535298024,-0.0007147987972010023,-0.044271339869844106,0.044290948065995615,493.8770751953125,462,1.0689979982582523
muon,8,39,0,13,2.0003589647664732,1.9616131430975876,0.08748866187657389,-0.0004499192474212088,-0.008539363741874695,-0.010873724706470966,0.5795115120925676,0.0003076164213272614,-0.5384633455088722,0.5413784701310131,515.1775512695312,460,1.1199511984120245
muon,8,40,0,13,2.0003589411514504,2.351061481254721,0.0874886629094119,-0.0004499192527326822,-0.010660924017429352,-0.014074317179620266,0.4533350294586569,0.0006214710961346681,0.10153360446964035,-0.10143061830683595,488.79473876953125,460,1.0625972581946332
muon,8,41,0,13,2.0003589772927417,0.5973727661331013,0.08748866132871899,-0.0004499192446038099,-0.021405037492513657,0.000614941818639636,1.3085049431010853,0.0002559769950648827,-0.04901014692960506,0.0490341786526099,454.5220031738281,460,0.9880913112474524
muon,8,42,0,13,2.000358921189343,2.2706776709394614,0.08748866378248427,-0.0004499192572225447,0.007824867032468319,-0.00108292733784765,-0.4685969190756367,-5.91105121443003e-05,0.019910819663461893,-0.01990685604525692,470.58612060546875,460,1.0230133056640625
muon,8,43,0,13,2.0003589536376767,2.235608498016337,0.0874886623633083,-0.00044991924992428945,0.010535314679145813,0.005594339221715927,-0.6419815215861213,-4.5563937443121594e-05,0.024841575242417112,-0.02483540573641679,422.677978515625,460,0.9188651706861413
muon,8,44,0,13,2.00035891592994,-2.3990182272602305,0.08748866401251204,-0.00044991925840548566,0.005590660497546196,-0.010234816931188107,-0.20676930654195402,0.000929789919296431,-0.17040443425090748,0.17069530662244464,485.1513977050781,458,1.0592825277403453
muon,8,45,0,13,2.0003589266063804,-0.8802192430901536,0.08748866354556209,-0.0004499192560041486,-0.011365707032382488,-0.0021441502030938864,0.6792169022569183,0.00027928019432896245,-0.004695762726891174,0.004695983239111994,540.6639404296875,460,1.1753563922384511
muon,8,46,0,13,2.0003589345608046,-1.2535794961506712,0.08748866319766356,-0.0004499192542150454,0.014832085929811,0.0019563015084713697,-0.6413471644532986,-0.00041059106698347614,-0.12232181652389099,0.12247162604157967,461.8860778808594,460,1.004100169306216
muon,8,47,0,13,2.00035892789446,1.2103932328716962,0.08748866348922603,-0.0004499192557144347,0.0033353122416883707,-0.00028857815777882934,-0.22451358000918908,0.00011267036735661262,-0.00494150812298754,0.004941752320089495,409.4380187988281,460,0.8900826495626698
muon,8,48,0,13,2.0003589890885043,2.308554571287799,0.08748866081281385,-0.00044991924195071577,0.00853809155523777,0.0006203954108059406,0.10951219303612092,-0.0003755635027476306,-0.2761507436360402,0.2769154477041244,467.49176025390625,460,1.0162864353345789
muon,8,49,0,13,2.000358960975011,-1.6302530626939231,0.0874886620423991,-0.0004499192482739817,-0.0058632297441363335,0.01358355488628149,0.08128687605202245,-0.000989701189776121,0.06778749984138413,-0.06774157951827828,468.7268371582031,460,1.0189713851265285
muon,8,50,0,13,2.00035901045973,-2.3769867526665354,0.08748865987811168,-0.0004499192371439158,0.008659783750772476,0.0005515715456567705,-0.5621803626394417,-5.4889579153852286e-05,-0.08401051085337194,0.08408114785521383,491.51287841796875,462,1.0638806892163826
muon,8,51,0,13,2.0003589352970303,1.3333390123647013,0.08748866316546364,-0.000449919254049454,0.004053065553307533,-0.0052869864739477634,-0.014818410233541357,0.0004266307068927777,-0.04260178482722628,0.04261994168308545,491.57513427734375,460,1.068641596255095
muon,8,52,0,13,2.0003589215069164,0.9818090939654739,0.08748866376859471,-0.0004499192571511163,0.005013422574847937,-0.0007417018059641123,-0.22967101472926021,0.00015062334554866164,-0.04127639481380742,0.04129343925683462,528.7180786132812,460,1.1493871274201766
muon,8,53,0,13,2.000358916986016,-1.6113048793870937,0.087488663966323,-0.00044991925816795393,-0.009026635438203812,0.0078525235876441,0.41604061908828704,-0.00014761614289389435,-0.010440430171120903,0.0104415203107554,473.8973083496094,458,1.0347102802393218
muon,8,54,0,13,2.0003589959511157,-1.8525053614473912,0.08748866051266739,-0.0004499192404071824,0.013708622194826603,-0.0022005089558660984,-0.9312277936366353,0.00027207106520583946,-0.03422181493149374,0.03423353026686416,438.9411315917969,460,0.954219851286515
muon,8,55,0,13,2.000358924032212,-1.2391797032685745,0.08748866365814717,-0.00044991925658312867,0.007868928834795952,0.00924643687903881,-0.46339365525360776,-0.00029178456926853835,-0.06347677341793909,0.06351709201851229,449.9971923828125,458,0.9825266209231714
muon,8,56,0,13,2.000358914573974,-2.092179399069207,0.08748866407181723,-0.0004499192587104686,0.00345813762396574,-0.0018645490054041147,-0.2032703796457369,5.263300631540291e-05,-0.18063148266559406,0.1809583504169453,450.858642578125,460,0.9801274838654891
muon,8,57,0,13,2.0003589564939817,0.11735215517265507,0.08748866223838356,-0.00044991924928185147,0.00043364419252611697,0.00206148624420166,-0.0756803391666061,-0.0002276187494042181,-0.21230004153644152,0.21275171351260383,481.42633056640625,460,1.0465789794921876
muon,8,58,0,13,2.000358933613529,-3.009542965494002,0.08748866323909406,-0.00044991925442810593,0.010197624564170837,-0.01709304004907608,-0.35927335182339704,0.000767949180988034,-0.07071474607765003,0.07076478721723974,524.1527099609375,460,1.1394624129585598
muon,8,59,0,13,2.000359034536394,0.6152270461980762,0.08748865882508317,-0.0004499192317286107,-0.005278887692838907,0.011478605680167675,-0.03940123958012798,-0.0004957393800453236,-0.08405458899974831,0.08412530017505242,485.6462707519531,462,1.0511824042250069
muon,8,60,0,13,2.0003589426169905,0.8847911963876725,0.08748866284531433,-0.000449919252403054,0.016988249495625496,0.014033463783562183,-1.028121512794522,-0.0004750903908618126,-0.24551739846733467,0.2461216699885482,527.1956176757812,460,1.1460774297299592
muon,8,61,0,13,2.000358955331651,-0.7187801219083977,0.08748866228921981,-0.000449919249543282,-0.0005577768315561116,-0.015044797211885452,0.039003000469217675,0.0007377678288641443,-0.22790902111197558,0.22842963285214984,428.1893005371094,460,0.9308463055154551
muon,8,62,0,13,2.000358971869926,1.590901362666694,0.08748866156589385,-0.00044991924582350545,0.018366962671279907,0.00521554471924901,-0.896799335089904,-0.00035692290317412834,-0.07795775510611062,0.07801857663702658,542.774169921875,458,1.1850964408774562
muon,8,63,0,13,2.000358991793322,0.21480748587670323,0.08748866069451465,-0.0004499192413423502,0.004213574342429638,0.003291659289970994,-0.8645259720325149,0.00033059519394741665,-0.1167623638459397,0.11689885771551378,489.27239990234375,462,1.0590311686197917
muon,8,64,0,13,2.000358966245418,0.022235980752187974,0.08748866181189004,-0.0004499192470885656,0.006832140032202005,-0.007749682292342186,-0.5536009848892756,0.00041712511962470333,-0.2870257313090531,0.28785194044621454,493.5521545410156,462,1.0682947067987352
muon,8,65,0,13,2.0003589095763386,-1.0574891241301057,0.08748866429039623,-0.0004499192598345331,0.003621686715632677,-0.0005989665514789522,-0.04044454207452475,-5.489191500201995e-06,-0.17384608829811043,0.1741488392429507,404.7091979980469,462,0.8759939350607076
muon,8,66,0,13,2.0003589251596248,-1.6014553449814013,0.0874886636088381,-0.00044991925632955184,-0.010936603881418705,0.00848210509866476,0.9489200775316675,-0.0011237983057985484,-0.0731667975711573,0.07322037057146238,442.2724304199219,460,0.9614618052606997
muon,8,67,0,13,2.00035894047516,-1.0276435630711491,0.08748866293899046,-0.000449919252884793,-0.0007624802528880537,-0.004341623745858669,0.1711862477238313,0.00035552259214891024,-0.12824683082417035,0.12841151452195085,482.8210144042969,460,1.0496109008789063
muon,8,68,0,13,2.000358895756083,-1.851839880888586,0.08748866489484562,-0.00044991926294297486,0.0035504226107150316,-0.007814179174602032,-0.26180272805209626,0.000642591506693227,0.179026100774761,-0.17870617008660383,468.67657470703125,462,1.0144514604048296
muon,8,69,0,13,2.000358988993356,-1.446424789579844,0.0874886608169753,-0.00044991924197211646,0.005362606141716242,0.006117505952715874,-0.22488102104700758,-0.0006570613430220557,0.149113130866926,-0.14889111466426927,454.02410888671875,462,0.9827361664214691
muon,8,70,0,13,2.000358971143876,1.688011036948119,0.08748866159764875,-0.0004499192459868082,-0.009234052151441574,-0.011521332897245884,0.35287277325557476,0.0007856012478674596,-0.12946787990508543,0.12963571651886113,471.0560607910156,460,1.0240349147630774
muon,8,71,0,13,2.0003589168295686,1.1221597576616846,0.08748866397316546,-0.00044991925820314193,-0.002658719662576914,-0.0046536000445485115,0.2146577359594115,0.00046628933970838116,-0.1067914046923413,0.10690557065293521,459.4277648925781,460,0.9987560106360394
muon,8,72,0,13,2.00035899493238,-0.849300655460816,0.0874886605572233,-0.0004499192406363157,-0.009588046930730343,0.015506765805184841,0.732096767883883,-0.001160496814204201,-0.01064353168006083,0.010644664648313621,450.5716247558594,458,0.9837808400782956
muon,8,73,0,13,2.000358892445676,0.72310978073866,0.08748866503963118,-0.00044991926368754924,-0.002712378976866603,0.004402851685881615,0.33331017701998533,-0.00026192402372007817,-0.018307569836206596,0.018310922121056585,455.52001953125,456,0.9989474112527412
muon,8,74,0,13,2.000358976375883,-2.6016733746180716,0.08748866136881915,-0.000449919244810029,-0.004922847263514996,0.0038283413741737604,0.3144840846243113,-0.0004488330683430769,0.019486646249011565,-0.01948284969501156,467.39739990234375,460,1.0160813041355299
muon,8,75,0,13,2.000358956872538,1.03343080362048,0.08748866222182684,-0.00044991924919670685,-0.0062274690717458725,-0.010026318021118641,0.29934564862399426,0.0003744999380928954,0.004588304114457111,-0.004588093598766641,485.688232421875,462,1.051273230350379
muon,8,76,0,13,2.0003590053951146,-0.22334512930720696,0.08748866009962013,-0.00044991923828304527,0.0031796765979379416,-0.014307999983429909,-0.38877267033210483,0.0010114298437888386,-0.10174788113995911,0.10185151289624665,498.6750183105469,458,1.0888100836474823
muon,8,77,0,13,2.0003589537672606,-1.958168041789043,0.08748866235764075,-0.00044991924989514355,-0.03847874701023102,0.0016870897961780429,3.7677408094287657,0.00042383009641122626,-0.0865361272603509,0.08661107713227478,418.5989685058594,458,0.9139715469560248
muon,8,78,0,13,2.0003590086764245,2.352969228056863,0.08748865995610718,-0.0004499192375450155,-0.004279222339391708,0.0008478342206217349,0.28532859902075103,-0.0004014832159376508,-0.09971008344037115,0.0998096036794795,457.1947326660156,460,0.9939015927522079
muon,8,79,0,13,2.0003589750712885,-0.3820200231882601,0.08748866142587754,-0.00044991924510345745,0.002968372078612447,0.0035942252725362778,-0.3024074223966222,-0.0002886232908258096,0.1668042701447369,-0.16652649683708773,426.73687744140625,460,0.9276888640030571
muon,8,80,0,13,2.0003589952793184,-1.2795804240769921,0.08748866054204944,-0.0004499192405582825,0.0022526646498590708,-0.0009353505447506905,-0.3036758833350195,-5.0963787117039305e-05,-0.12596065101097173,0.12611951196929552,530.1723022460938,460,1.152548483143682
muon,8,81,0,13,2.0003589142433644,-1.8351297448136943,0.08748866408627694,-0.0004499192587848291,-0.0016755379037931561,0.007471055723726749,-0.08785028670854622,-0.00022566854518120405,-0.12610700790623422,0.1262662384815838,515.7996215820312,462,1.116449397363704
muon,8,82,0,13,2.000358969459732,0.7389720178627335,0.08748866167130727,-0.0004499192463656046,0.007052254863083363,-0.0007396527216769755,-0.5186296486221487,-0.00015246417584675875,-0.12314159621959282,0.12329342170711856,454.49200439453125,460,0.9880260965098505
muon,8,83,0,13,2.000358933444134,-0.31488438015771614,0.08748866324650281,-0.00044991925446620615,-0.008263449184596539,-0.0058093504048883915,0.6043172438214839,0.00035450155509478276,0.10774961890050162,-0.10763364405922544,434.45599365234375,460,0.9444695514181386
muon,8,84,0,13,2.000358969456525,-1.1100901376759922,0.08748866167144752,-0.00044991924636632585,-0.0047698551788926125,0.008616426028311253,0.29325600027196863,-0.0009472772129056478,-0.061501557047755576,0.0615394047398562,523.3959350585938,460,1.1378172501273778
muon,8,85,0,13,2.000358918650674,-1.9892880796939023,0.08748866389351671,-0.0004499192577935402,0.0030309385620057583,0.017565172165632248,-0.052344843756380044,-0.0011493838842469989,-0.13725878965362773,0.13744744835766254,439.8223876953125,460,0.9561356254245924
muon,8,86,0,13,2.0003589688633556,1.778473205893351,0.08748866169739067,-0.0004499192464997411,0.0030467018950730562,0.009165880270302296,0.14226880757672866,-0.0008888572363883185,-0.10296581713714241,0.10307194600859228,483.25531005859375,456,1.0597704167951618
muon,8,87,0,13,2.0003589237666843,1.8524754379920247,0.08748866366976041,-0.000449919256642851,0.0032276147976517677,-0.010430751368403435,-0.23225294868978175,0.0005547503865407089,-0.21635106690797473,0.2168201596366186,451.1787109375,460,0.9808232846467392
muon,8,88,0,13,2.0003589411228453,-1.1356139106045704,0.08748866291066298,-0.00044991925273911605,0.007568080443888903,-0.004899419844150543,-0.7783251513500122,0.00010679988840928134,-0.04443212975898628,0.04445188067629118,424.4106750488281,460,0.9226319022800611
muon,8,89,0,13,2.000358957466193,2.536921837326171,0.08748866219586246,-0.0004499192490631824,0.0027129948139190674,-0.0005030673346482217,-0.2335095368644069,0.0002632106416810276,-0.12457824171339008,0.1247336326798105,455.89642333984375,460,0.9910791811735734
muon,8,90,0,13,2.00035893144207,-3.0497646549789335,0.08748866333406605,-0.00044991925491650887,0.007413660176098347,-0.001618944457732141,-0.6122371109102964,0.00041241483051143724,-0.2299090343351496,0.23043883403319843,451.0027160644531,458,0.9847220874769719
muon,8,91,0,13,2.000359000515196,0.7493567217301796,0.08748866031305058,-0.0004499192393806329,0.00034055724972859025,-0.0018823168938979506,0.013674407057906457,1.0265932871567074e-06,-0.09497541813986721,0.09506570719278212,501.01129150390625,458,1.093911116820756
muon,8,92,0,13,2.000358942497261,2.252881134641845,0.08748866285055087,-0.0004499192524299835,0.003320601535961032,0.004446316044777632,-0.1333605176996322,-0.0002495538708488787,0.3053876096196542,-0.30445783312079194,446.9272766113281,460,0.9715810361115829
muon,8,93,0,13,2.0003590058018608,-1.244883087235902,0.08748866008183048,-0.00044991923819156024,-0.014166571199893951,-0.0006165218073874712,0.8045702757579765,-8.071349522159599e-05,-0.07729625489685918,0.07735604822507766,413.2919616699219,460,0.8984607862389606
muon,8,94,0,13,2.000358953411381,-2.147190716905725,0.08748866237320567,-0.00044991924997518775,0.004967983346432447,0.019413696601986885,-0.6350010203002299,-0.00157908714928294,-0.22950041183690192,0.2300283277965433,433.3052673339844,460,0.9419679724651834
muon,8,95,0,13,2.0003589272440285,1.9521223917558648,0.0874886635176736,-0.00044991925586072926,0.0018810270121321082,0.00014409740106202662,0.10698885174020845,0.0002508115537565997,-0.21199747277484757,0.21244785686235373,501.6675109863281,460,1.0905815456224524
muon,8,96,0,13,2.000358914918506,0.11850077077136305,0.08748866405674861,-0.0004499192586329767,-0.008339108899235725,-0.0061945305205881596,0.3252907158348278,0.00014662954619480695,-0.4903841365758028,0.4928007532948772,630.0626220703125,460,1.3697013523267663
muon,8,97,0,13,2.0003589119243097,-1.3874987197272364,0.08748866418770423,-0.00044991925930642915,0.002357795601710677,-0.0005698848981410265,-0.24821039513911458,0.0004145597440851634,-0.08948146594616019,0.08956160698500827,436.2836608886719,458,0.9525844124206809
muon,8,98,0,13,2.0003589085438214,3.081105274223826,0.0874886643355549,-0.0004499192600667661,0.001624216791242361,-0.0022211617324501276,-0.49046900226823453,-0.000123595840281307,-0.11714817274630042,0.11728557064921166,551.9992065429688,460,1.1999982750934104
muon,8,99,0,13,2.000358963857113,0.3325120658844968,0.0874886619163461,-0.00044991924762574143,-0.0036298411432653666,-0.008400162681937218,0.027164700601489677,0.0004766179012350713,0.244447258819786,-0.24385117131591366,438.01080322265625,462,0.9480753316507711
muon,9,0,0,13,2.0003589361891962,2.9857101001608926,0.08748866312644343,-0.00044991925384878874,-0.007598665077239275,0.013746176846325397,0.6382904183310778,-0.0008519708409057136,-0.13664985830062182,0.136836845656324,463.0198059082031,460,1.0065647954526156
muon,9,1,0,13,2.000358906509724,1.4506406101902514,0.08748866442451916,-0.00044991926052427377,0.005399196408689022,-0.005449184216558933,0.10580685534189449,0.0004450174807504592,-0.15776510659274223,0.15801439817645327,422.2585144042969,458,0.921961821843443
muon,9,2,0,13,2.0003589963182518,-0.5194903133674618,0.08748866049661015,-0.0004499192403246064,-0.0024094220716506243,0.007924547418951988,0.09472353897055363,-0.0005492734731612076,-0.04271517183136731,0.04273342548749898,472.3517761230469,462,1.0224064418247767
muon,9,3,0,13,2.0003589668473363,1.4184554820520037,0.08748866178556426,-0.00044991924695318263,0.0032844527158886194,0.01069678645581007,-0.0453000527971259,-0.0002187148527715982,-0.20420073933862048,0.20461857197541797,421.6711730957031,460,0.9166764632515285
muon,9,4,0,13,2.0003589518670055,-2.554006499308954,0.08748866244075122,-0.0004499192503225475,0.001475581550039351,0.0140336649492383,-0.1710233503477987,-0.00022735073087039315,-0.14084724806116858,0.1410459073401644,458.15692138671875,458,1.0003426231151065
muon,9,5,0,13,2.0003589541813467,-2.794197672070815,0.08748866233953008,-0.0004499192498020076,0.0057177492417395115,0.0043257055804133415,-0.5101030451517552,-0.00017134461530217415,-0.23141510231442164,0.2319518739809088,542.0975952148438,460,1.1784730330757474
muon,9,6,0,13,2.000358954591171,0.3254818117332746,0.0874886623216058,-0.00044991924970983025,0.0034310382325202227,-0.006505316589027643,-0.5216395569135335,-4.6823043861513036e-05,-0.04238735430870458,0.042405328805679716,463.2369689941406,462,1.0026774220652395
muon,9,7,0,13,2.0003589843615472,0.9566108074649844,0.08748866101955431,-0.0004499192430138994,0.004759006667882204,-0.01031606737524271,0.012210322948957852,0.0006866655662153415,-0.24714542378215265,0.24775774571275622,461.4701232910156,460,1.00319592019786
muon,9,8,0,13,2.0003588934401257,2.5067721563684646,0.08748866499613744,-0.0004499192634638783,0.008078362792730331,0.012305065989494324,-1.1275965082351291,-0.0004464152569673696,0.16742117564366776,-0.1671413456378158,418.2817687988281,460,0.9093081930409307
muon,9,9,0,13,2.0003589282585788,-2.566878256681392,0.08748866347330075,-0.0004499192556325374,0.002407117746770382,0.010096232406795025,-0.2382422657514205,-0.00029612062232953207,-0.13624272746888397,0.13642860151662778,421.9621887207031,460,0.917309105914572
muon,9,10,0,13,2.0003589745471038,2.4927176346323217,0.08748866144880353,-0.0004499192452213567,-0.004516775719821453,0.007334971334785223,0.3396163442408451,-0.00040462885364590806,-0.18351352067021565,0.1838509119515202,451.0463562011719,460,0.9805355569590692
muon,9,11,0,13,2.000358956993312,2.4972080167133193,0.08748866221654461,-0.00044991924916954243,-0.0023630105424672365,0.0037804641760885715,0.017983118834052902,-0.0002379079793696226,0.035838496757172635,-0.035825657380117934,456.8616943359375,462,0.988878126268263
muon,9,12,0,13,2.000358939332355,0.4040713785792323,0.08748866298897273,-0.00044991925314183184,-0.008463333360850811,0.0038261455483734608,0.47857774248399876,-7.32073290354851e-06,0.05852326941049567,-0.05848903971221426,452.9798583984375,460,0.9847388226052989
muon,9,13,0,13,2.0003589922650016,0.24274122095039613,0.08748866067388504,-0.00044991924123626036,-0.0009804862784221768,0.0021843300200998783,-0.1356837742639283,8.327319166213931e-05,0.010987596808481721,-0.010986389668284373,424.1440734863281,462,0.9180607651219224
muon,9,14,0,13,2.0003589181927177,1.3619094121470834,0.08748866391354611,-0.00044991925789654344,0.01870916038751602,-0.0061814915388822556,-1.2228715434456916,0.0002542756778616678,-0.18352280139243168,0.1838602268313571,450.4425048828125,462,0.9749837768026245
muon,9,15,0,13,2.000358900542343,-2.935869578267633,0.08748866468551142,-0.00044991926186645274,-0.00011265804641880095,0.008220629766583443,-0.3091059669859675,-0.0004140794265506953,-0.029239231775895044,0.02924778360312123,419.0709228515625,462,0.9070799195921266
muon,9,16,0,13,2.0003589385263805,2.7980382508754964,0.08748866302422321,-0.000449919253323111,0.00038902313099242747,0.0018051821971312165,0.25080971715496503,-0.0005327953164938753,-0.2527237104194076,0.2533640213751,431.4061584472656,460,0.93783947488536
muon,9,17,0,13,2.0003589175579632,0.6413335678611187,0.08748866394130804,-0.00044991925803931194,0.002544102957472205,-0.0023244149051606655,-0.23578381876032672,0.00010173991353891465,0.042738604630823164,-0.04272034655081187,446.85595703125,462,0.9672206862148268
muon,9,18,0,13,2.000358963294606,-2.788922746719585,0.08748866194094818,-0.00044991924775226007,-0.0052283089607954025,-0.0011586783220991492,0.269134582744357,0.00020650452767212446,-0.19341116054228377,0.19378596422465735,559.5623168945312,460,1.2164398193359376
muon,9,19,0,13,2.0003589761671914,1.598210989808985,0.0874886613779466,-0.0004499192448569678,0.0008135446114465594,0.016057118773460388,-0.10937390322318663,-0.0008150887184541072,-0.08175465485849985,0.0818215477824815,462.9615478515625,462,1.0020812724059793
muon,9,20,0,13,2.000359004791687,0.32272542931963644,0.08748866012601192,-0.0004499192384187677,0.005025515798479319,-0.0005976035026833415,-0.7137201063796006,7.560709210102656e-05,0.02591793380239598,-0.025911218150023906,584.0747680664062,462,1.2642310997108361
muon,9,21,0,13,2.000358951649519,-2.635682332049685,0.08748866245026331,-0.0004499192503714644,-0.0004522240487858653,7.043068762868643e-05,0.05768490918223179,-0.00023477151865701484,-0.15589987411905146,0.15614330132926793,427.3190002441406,462,0.9249329009613434
muon,9,22,0,13,2.000358935698331,0.5000245584793281,0.08748866314791215,-0.00044991925395919375,0.0034003336913883686,0.002455819398164749,-0.25951998903273044,-0.00020216102503312072,-0.2143257753242348,0.21478611733550704,416.8293762207031,464,0.8983391728894464
muon,9,23,0,13,2.000358972181542,2.551566577354897,0.08748866155226488,-0.00044991924575341714,0.0007191424374468625,-0.005252772942185402,0.07655580855514543,-2.5215590789509634e-05,-0.05098334932468775,0.05100935560264604,534.2626342773438,460,1.1614405092985733
muon,9,24,0,13,2.000359008014961,-2.9563210428214695,0.08748865998503726,-0.00044991923769379137,0.009906167164444923,-0.0009997956221923232,-0.9588777565334716,0.0001950921941085565,-0.07869337897333992,0.07875535422270394,479.49749755859375,458,1.0469377675951828
muon,9,25,0,13,2.000358937065362,-2.4456544481793023,0.08748866308812303,-0.00044991925365172214,-0.0012407171307131648,0.00871374923735857,0.4401766338921753,-0.0004711865294377282,0.0063273884300647934,-0.006326988096955181,505.77252197265625,460,1.0995054825492527
muon,9,26,0,13,2.0003589124293693,-2.4274185931201444,0.0874886641656147,-0.00044991925919283154,0.01776844449341297,-0.006772003602236509,-1.1554921154512954,0.0005799924577487986,0.18327685756642106,-0.18294156800939004,476.01190185546875,460,1.0348084822944972
muon,9,27,0,13,2.0003588923333058,-2.8104393056415438,0.08748866504454586,-0.00044991926371282346,-0.006359849125146866,0.01570155844092369,0.570493080508605,-0.0009572494628426742,-0.07072327693760957,0.07077333015588938,474.2403869628906,462,1.0264943440755208
muon,9,28,0,13,2.0003589001834405,-1.4585640571188594,0.08748866470120856,-0.00044991926194717685,0.010545589961111546,-0.0077379001304507256,-0.47396206143845987,0.00048159210421136467,-0.24573944962415636,0.24634481601921293,462.37127685546875,458,1.0095442726101937
muon,9,29,0,13,2.00035896110202,0.6652989880087445,0.08748866203684418,-0.0004499192482454149,-0.0036314907483756542,0.0021685247775167227,0.08017859434383823,-0.00019748094935027882,0.15254013416794884,-0.15230780363992963,499.07623291015625,460,1.084948332413383
muon,9,30,0,13,2.000358981922493,-2.5563303113438405,0.08748866112622997,-0.0004499192435624897,-0.006130453199148178,3.929911326849833e-05,0.41280989425551695,0.0005017196973822469,0.16144854721783725,-0.1611883110313994,387.0653076171875,460,0.8414463209069294
muon,9,31,0,13,2.000358906329037,-2.3318024845858005,0.08748866443242179,-0.0004499192605649138,-0.0009152720449492335,0.00431180140003562,0.043747021713613776,-0.0007173997601424287,0.00815648780666266,-0.008155822577995193,461.1007080078125,462,0.9980534805363906
muon,9,32,0,13,2.0003589055238193,-0.039340839718161415,0.08748866446763917,-0.00044991926074602277,-0.0038727072533220053,0.00878344476222992,0.46420190173227655,-0.0005155635669891467,-0.10111893823625331,0.10122129213212888,505.3230285644531,460,1.0985283229662024
muon,9,33,0,13,2.0003589462451377,0.8843724650221712,0.08748866268663194,-0.0004499192515870138,0.009796145372092724,0.00106529938057065,-0.2958697157746659,-0.00020800926952149745,-0.44920297007878995,0.45122990822844605,483.9048156738281,462,1.047413020939022
muon,9,34,0,13,2.0003590182954927,2.610936402360721,0.08748865953540301,-0.00044991923538150195,-2.0980878616683185e-06,0.01363296341150999,0.09393783398126132,-0.0011156432971904245,-0.1633225909413039,0.16358976999217512,489.02301025390625,462,1.0584913641859444
muon,9,35,0,13,2.0003589682382192,-2.3962143161848957,0.08748866172473194,-0.0004499192466403463,-0.002134050475433469,0.00885771494358778,-0.16491622172054576,-0.0004582584087109709,0.05372495569760755,-0.0536961074876446,455.35491943359375,458,0.9942247149205103
muon,9,36,0,13,2.000358891352755,-1.1558384207117156,0.0874886650874317,-0.0004499192639333682,0.005083655007183552,-0.007393974810838699,-0.25160042170724317,0.0005173172519504776,0.030252744642153696,-0.03024359512454639,485.8464050292969,460,1.0561878370202107
muon,9,37,0,13,2.000358976033243,-1.0514944098826486,0.08748866138380502,-0.00044991924488709537,-0.013030344620347023,-0.001241084304638207,0.23668035231416695,0.00010317298251653895,-0.09522891932557145,0.09531969123744756,457.27587890625,462,0.9897746296672078
muon,9,38,0,13,2.0003589717242733,0.4870295257165206,0.08748866157226419,-0.0004499192458562656,0.0032539507374167442,0.004968930967152119,-0.1449317528975369,-0.0003634123652443838,0.006956583008909489,-0.006956099102104044,470.6290588378906,460,1.0231066496475882
muon,9,39,0,13,2.0003589916977007,-3.0730436343363516,0.08748866069869679,-0.0004499192413638573,0.0031107475515455008,0.005618719384074211,0.006725232958082472,-0.00015817779855412106,0.09521623473412734,-0.09512565966273236,462.9400329589844,462,1.002034703374425
muon,9,40,0,13,2.0003589047411534,-1.869070944273981,0.08748866450187023,-0.0004499192609220594,0.004498458933085203,0.005823509301990271,-0.8456139917050187,-0.000534257107937891,0.09966880302803262,-0.09956956323618128,483.55706787109375,458,1.055801458233829
muon,9,41,0,13,2.000358945122406,-2.9812276267086113,0.08748866273573627,-0.0004499192518395378,0.008733324706554413,-0.004521107766777277,-0.7977581943428014,0.00035450206586132293,0.01161270166903922,-0.011611353277222042,461.17852783203125,458,1.006940017100505
muon,9,42,0,13,2.0003589485374884,-2.855350565529056,0.08748866258637258,-0.00044991925107142,-0.0067334785126149654,-0.006625426933169365,0.2985712053256151,0.0006228199742620288,0.04314121206624733,-0.04312260845028961,479.9447937011719,458,1.0479143967274496
muon,9,43,0,13,2.0003589035479608,0.3234152984838902,0.08748866455405628,-0.00044991926119043144,-0.0006611537537537515,0.0027469561900943518,-0.19927742294661988,-0.00045485632270252097,-0.017731302537840925,0.017734447086305942,435.1149597167969,462,0.941807272114279
muon,9,44,0,13,2.000358960377837,-2.3792974701138805,0.0874886620685174,-0.0004499192484082976,0.0032195665407925844,-0.009001323953270912,-0.08609388148084207,0.0006360229209349672,-0.022799906135339106,0.022805105678014987,478.9266357421875,464,1.0321694735823006
muon,9,45,0,13,2.0003589462165023,-2.0578981507534015,0.08748866268788434,-0.00044991925159345447,0.01599346660077572,-0.008743134327232838,-0.861300159074041,0.0004947592934503448,-0.08055297667591449,0.08061791680764649,533.3963012695312,460,1.159557176672894
muon,9,46,0,13,2.000358931108594,2.467206969302529,0.0874886633486511,-0.00044991925499151403,-0.00400913180783391,0.00049442274030298,0.13922210372108168,0.00041810705950243165,-0.04364992005157014,0.04366898152708977,461.6947326660156,460,1.00368420144786
muon,9,47,0,13,2.0003590044276476,0.24283073266656116,0.08748866014193372,-0.0004499192385006472,-0.0009968157391995192,-0.005726033356040716,-0.2967359653206214,0.0005928487329594639,-0.003430480175843474,0.0034305978618200004,429.3331604003906,462,0.9292925549792005
muon,9,48,0,13,2.000358955194182,-0.21147513801301918,0.08748866229523224,-0.0004499192495742015,0.018885407596826553,-0.010731756687164307,-1.482884939060597,0.0007276126814981104,-0.13974093791667494,0.1399364864753597,423.3428039550781,462,0.9163264154871821
muon,9,49,0,13,2.0003589087079554,1.860427327103676,0.08748866432837625,-0.00044991926002984923,0.003750510746613145,0.0023441745433956385,-0.2701949549333005,-0.0002248343222536614,0.0680630383620071,-0.06801674409938198,474.4059143066406,458,1.0358207735952851
muon,9,50,0,13,2.0003589882296455,0.28418340549167326,0.0874886608503773,-0.00044991924214388964,0.0019159442745149136,-0.0034079761244356632,0.021405366099569445,0.0004700624562785777,0.553114424629033,-0.5500718976174773,518.51220703125,460,1.1272004500679347
muon,9,51,0,13,2.0003589090467626,-1.2045453007549047,0.08748866431355802,-0.00044991925995364494,0.00017031175957527012,0.008098619058728218,0.20889595448969622,-0.0006345938885244512,-0.07843957546160676,0.07850115143151805,486.013671875,460,1.0565514605978261
muon,9,52,0,13,2.0003589521674243,1.453620941665985,0.08748866242761195,-0.0004499192502549775,-0.010267851874232292,-0.014332632534205914,0.8395600048523022,0.0005269609630626365,-0.16915417081045922,0.16944078696867446,525.8930053710938,458,1.1482380029936545
muon,9,53,0,13,2.0003589673133684,0.6515890612236782,0.08748866176518166,-0.00044991924684836305,0.0013778099091723561,-0.0006450958317145705,-0.4286422364040421,-0.00011355733784401689,-0.21262293574710153,0.21307598415999107,480.1658935546875,460,1.0438388990319294
muon,9,54,0,13,2.0003589551848333,-0.9772959571545139,0.0874886622956411,-0.00044991924957630414,-0.007911738008260727,-0.0028954886365681887,0.8637529079928985,0.00016070545404990588,0.059125649470782825,-0.05909071170370921,443.8301086425781,460,0.9648480622664742
muon,9,55,0,13,2.0003589715185206,0.24392766537003407,0.0874886615812631,-0.00044991924590254335,0.007881619967520237,-0.004858950152993202,-0.13800741963276852,2.853286863847837e-05,0.06963806938965819,-0.06958960852978772,474.2584228515625,462,1.0265333827955898
muon,9,56,0,13,2.0003589454353876,-0.16204656528754158,0.08748866272204756,-0.0004499192517691422,0.010847480967640877,-0.0006229685386642814,-1.040027863550952,7.336932188631295e-05,0.0636338307975364,-0.06359336390394765,452.0359191894531,462,0.9784327255182969
muon,9,57,0,13,2.000358928468151,0.9964354710946991,0.0874886634641348,-0.0004499192555854005,-0.00352839264087379,0.005391495302319527,-0.17256311282654035,-0.0005426901274381696,-0.11588578555475477,0.11602023651725425,473.3485107421875,460,1.029018501613451
muon,9,58,0,13,2.0003589110470643,-2.881134995508519,0.08748866422607186,-0.00044991925950373855,0.0013850285904482007,-0.009045332670211792,-0.09297461477197899,0.0005373080210518549,-0.017575679432142506,0.017578769020221263,422.418701171875,460,0.9183015242866848
muon,9,59,0,13,2.0003589840654685,-2.8284407418508524,0.08748866103250376,-0.0004499192430804932,-0.0026661143638193607,0.0011813153978437185,-0.11651103305876376,-0.00028619400817743446,-0.28448265227572056,0.2852942649674953,481.9442138671875,460,1.0477048127547555
muon,9,60,0,13,2.0003590531541082,-1.5530308373784532,0.08748865801080993,-0.0004499192275411287,0.004533706698566675,-0.020013052970170975,-0.2646557474623723,0.0011685423256463656,-0.06724156241879879,0.06728680711920346,448.5133056640625,458,0.9792866935896561
muon,9,61,0,13,2.0003589881018797,2.296957232907879,0.08748866085596534,-0.00044991924217262664,0.00610771682113409,-0.0019785980693995953,-1.0728621040461128,-3.0005617813785856e-05,0.1977252071179942,-0.19733502602905892,477.03656005859375,458,1.0415645416126502
muon,9,62,0,13,2.0003589987022634,0.33300415470001204,0.08748866039234188,-0.0004499192397883963,-0.002620371524244547,0.0022485952358692884,0.19412444236771575,-0.0004835592480280648,0.06000756655416633,-0.05997157906893714,515.0411376953125,462,1.1148076573491612
muon,9,63,0,13,2.000358969050064,-0.4924891112590733,0.0874886616892247,-0.00044991924645774675,-0.0009300296078436077,-0.01108930166810751,0.1068828845920966,0.00038429053359939624,0.0104495358104098,-0.010448443996504733,493.9219970703125,460,1.0737434718919836
muon,9,64,0,13,2.0003588933311374,1.0505158050557706,0.08748866500090421,-0.00044991926348839187,-0.002954042749479413,-0.0030785463750362396,0.2981082895663345,-1.7135159481179718e-05,-0.08444329409074616,0.08451466105454083,493.0845642089844,462,1.0672826065129533
muon,9,65,0,13,2.0003589600321487,0.9465582462432587,0.08748866208363658,-0.00044991924848604957,-0.0004426791565492749,-0.0006617879262194037,-0.01598321225282362,0.0002362694544684324,0.08571216126792658,-0.08563875843718734,414.05108642578125,462,0.8962144727830763
muon,9,66,0,13,2.0003589442946867,2.6991717802641118,0.0874886627719378,-0.0004499192520257078,-0.005633609369397163,-0.010146868415176868,0.26488431718707517,0.0007673834040189259,-0.06898707530201523,0.06903470032271852,446.6211853027344,458,0.9751554264251843
muon,9,67,0,13,2.000358912886951,0.7363223955585518,0.08748866414560169,-0.0004499192590899126,0.012641488574445248,0.0032820021733641624,-0.842921490863846,-0.00039144402278751267,0.03346875470740304,-0.033457556879760764,506.8294677734375,460,1.1018031908118207
muon,9,68,0,13,2.000358959355117,-1.4742060990261039,0.08748866211324757,-0.000449919248638327,0.011515306308865547,-0.017102500423789024,-0.38336802254113067,0.0016815404996293193,0.00037731841442014406,-0.0003773169907267064,415.443115234375,458,0.9070810376296398
muon,9,69,0,13,2.0003589763881022,-2.203198633400753,0.08748866136828473,-0.0004499192448072807,0.006154117174446583,-0.009140272624790668,-0.36744097058472036,0.0007324192329306312,0.10203992471496318,-0.10193590938976795,470.8049621582031,460,1.0234890481700067
muon,9,70,0,13,2.0003589419457195,-2.1421798466698565,0.08748866287467336,-0.0004499192525540358,0.0031248165760189295,-0.002316058613359928,-0.5029440863690837,0.0002431306481614215,0.0032420727221313507,-0.0032419676151923898,477.5098876953125,458,1.0425980080683679
muon,9,71,0,13,2.000358968709787,-1.7834208213537524,0.08748866170410723,-0.0004499192465342816,0.007110483478754759,-0.0114672239869833,-0.3597534448316342,0.0003143891715565311,-0.00501062328930821,0.005010874365352572,472.3538818359375,462,1.0224109996448865
muon,9,72,0,13,2.000358969619242,-2.8471645785651836,0.08748866166433085,-0.0004499192463297277,-0.010130556300282478,0.006799684837460518,0.8203460059794665,-0.00029173787196863643,0.013755059083121269,-0.013753167326832773,461.36383056640625,460,1.0029648490574048
muon,9,73,0,13,2.000358894818054,-0.5506399360067474,0.0874886649358717,-0.0004499192631539556,-0.0003148359537590295,0.0006059612496756017,0.3198471433746297,-0.0004942404735532729,0.10469446963000707,-0.1045849749451736,464.38446044921875,460,1.0095314357591711
muon,9,74,0,13,2.0003589483658306,-2.6113741896829246,0.08748866259388029,-0.00044991925111002916,0.008786152116954327,-0.011740232817828655,-0.6629921713234843,0.0006877070731729357,-0.029812554127805306,0.029821444662144776,470.2414855957031,462,1.0178387134106128
muon,9,75,0,13,2.000359004763745,2.1833141741163433,0.08748866012723401,-0.00044991923842505245,0.004787357524037361,-0.0033615424763411283,-0.16817420789605464,-0.0002702488604302694,-0.19977427142011067,0.20017416790561962,437.5288391113281,460,0.9511496502420177
muon,9,76,0,13,2.0003589800392354,2.865468265366269,0.08748866120859702,-0.00044991924398607056,0.010152269154787064,-0.0018272651359438896,-0.9808557745940583,0.00031441946938912113,-0.20769316772515045,0.2081254300236012,508.3888244628906,462,1.1004087109586378
muon,9,77,0,13,2.0003589658443293,2.21895523202728,0.08748866182943225,-0.0004499192471787782,0.006126099731773138,-0.005672301631420851,-0.47154558013629,0.0007560594640171475,-0.12180922892492994,0.12195778476215664,414.2306823730469,460,0.9005014834196671
muon,9,78,0,13,2.000358924266187,-2.693434316286792,0.08748866364791393,-0.0004499192565305032,0.0025578788481652737,-0.008561747148633003,-0.23214184309061636,0.00026184573338032535,-0.23412050197870926,0.2346699123555201,451.0558776855469,460,0.9805562558381454
muon,9,79,0,13,2.0003589970338203,0.6313259670944346,0.0874886604653137,-0.00044991924016366127,-0.008288259617984295,-0.008876037783920765,0.9451439170705678,5.733792917558822e-05,-0.14678970911313735,0.14700549805610985,433.35015869140625,460,0.9420655623726223
muon,9,80,0,13,2.0003590050323674,-1.7690929218325915,0.08748866011548541,-0.0004499192383646341,0.001594392815604806,-0.010261503048241138,-0.18965758940558963,0.0006598369295547218,-0.16052878364757864,0.16078689289101017,505.2386779785156,460,1.098344952127208
muon,9,81,0,13,2.0003589203981145,-0.6209394043684262,0.0874886638170898,-0.0004499192574005072,-0.003720379201695323,-0.0033793849870562553,-0.05432903764068797,-7.821383540035365e-05,-0.17903342843703882,0.17935453300652934,535.9130249023438,458,1.170115774895947
muon,9,82,0,13,2.0003589650157756,0.8395601373509186,0.08748866186567028,-0.00044991924736513593,-0.0008081007399596274,-0.010837133973836899,-0.2729159191864339,0.001300287087481422,0.07112554018205944,-0.07107498771312212,435.8018493652344,460,0.9473953247070312
muon,9,83,0,13,2.0003589526963945,-2.7807364037524573,0.08748866240447666,-0.00044991925013600193,0.00927142333239317,-0.006114935502409935,-0.48284025083855653,0.0004572757058749072,-0.11964287805674235,0.11978619370641111,451.69232177734375,462,0.9776890081760687
muon,9,84,0,13,2.0003588813809867,-0.7590306211206962,0.08748866552356178,-0.0004499192661762111,0.0074907210655510426,0.007819991558790207,-0.5691241528938962,-0.0003306859159796921,-0.05721722353725837,0.05724998038651199,513.8369140625,460,1.117036769701087
muon,9,85,0,13,2.0003588916169197,-2.455621235023324,0.08748866507587806,-0.0004499192638739525,-0.0007944745593704283,0.00528242951259017,0.023834358040986103,-0.0002726677971877228,-0.16917013002905565,0.1694568003184818,436.09686279296875,460,0.9480366582455843
muon,9,86,0,13,2.0003589488828672,0.9144345369257261,0.08748866257126693,-0.00044991925099373763,0.003493938595056534,-0.009998166933655739,0.0769052587221708,0.0007539427572929441,-0.05827471427541703,0.058308693499964814,501.2358093261719,462,1.0849259942124931
muon,9,87,0,13,2.0003589892439666,1.5865394782841817,0.08748866080601447,-0.00044991924191574933,-0.0012634689919650555,0.006160519551485777,-0.10332582599081874,-0.0007347634371065448,-0.029584107440263914,0.02959286222440616,453.4254150390625,458,0.9900118232293941
muon,9,88,0,13,2.0003589467986065,0.04224776320546923,0.08748866266242515,-0.00044991925146252806,0.009526451118290424,-0.0013685071608051658,-1.049334485233408,7.07765794609877e-05,-0.01797495056474748,0.017978182134103765,423.7001037597656,460,0.921087182086447
muon,9,89,0,13,2.000358914663277,-0.1301307021477438,0.08748866406791143,-0.00044991925869038266,0.004667405970394611,-0.012525506317615509,-0.5022348067544868,0.000745469950509739,0.016430344308503333,-0.016427645189833456,460.56103515625,458,1.0055917798171397
muon,9,90,0,13,2.00035887688204,-0.6828030794164389,0.0874886657203299,-0.00044991926718811084,0.009814834222197533,0.0069481427781283855,-0.44120855124296643,-0.0005567590798002675,-0.07304630436180451,0.07309970099188061,458.3096008300781,460,0.9963252191958221
muon,9,91,0,13,2.000358993869869,-2.327139115840281,0.0874886606036938,-0.0004499192408752948,0.005370806902647018,-0.005811193957924843,-0.45969435564163774,0.000178543835946246,0.08426487025375429,-0.08419392435263133,516.1837158203125,460,1.1221385126528534
muon,9,92,0,13,2.000358973445876,-0.2691892824638511,0.08748866149696735,-0.000449919245469044,-0.0062624202109873295,0.0009783380664885044,0.4468105304862302,-0.00014457383665469892,0.0032565848558306215,-0.0032564788058454626,435.04840087890625,462,0.9416632053655979
muon,9,93,0,13,2.000358904916493,0.7750190707815291,0.08748866449420148,-0.0004499192608826221,-0.00475548580288887,-0.014521162956953049,-0.004372276127484476,0.0009702013867647075,-0.01621756336866865,0.01622019388888768,425.5579528808594,458,0.9291658359844092
muon,9,94,0,13,2.0003588835043717,-2.511039288385223,0.08748866543069239,-0.00044991926569862083,-0.00016983602836262435,0.0018474250100553036,-0.3952666684878814,-5.1110236791329644e-05,-0.03898838165454747,0.03900358852250613,423.476806640625,460,0.9206017535665761
muon,9,95,0,13,2.0003589002649713,1.9213487600778738,0.08748866469764269,-0.000449919261928839,0.011339925229549408,0.0069768400862813,-0.9679293131032995,-0.00047752858304536683,-0.06890518205408437,0.06895269403344184,489.7014465332031,460,1.0645683620287025
muon,9,96,0,13,2.0003589305155964,0.7939634993965695,0.08748866337458673,-0.00044991925512489063,0.0053072781302034855,-0.0063794516026973724,-0.7202700073788426,9.724032957968143e-05,-0.39641286703976447,0.3979905528006709,480.6565856933594,460,1.0449056210725203
muon,9,97,0,13,2.000358972469363,-2.058122082906586,0.08748866153967659,-0.00044991924568868057,0.008742840960621834,-0.006694449111819267,-0.6991184178768428,0.00040854977357109024,-0.1706086103221301,0.17090018074553337,431.7925109863281,460,0.938679371709409
muon,9,98,0,13,2.0003589354212905,1.2462942099784482,0.08748866316002893,-0.0004499192540215055,0.007744711358100176,0.009910523891448975,-0.18293621288423267,-0.00036585774344491395,-0.015814980577196013,0.015817482108921716,539.96484375,460,1.173836616847826
muon,9,99,0,13,2.0003589970242084,-0.18569069860136855,0.08748866046573409,-0.00044991924016582317,0.007462829817086458,-0.009449191391468048,-0.8192086442674329,0.0004591402897667074,-0.025424358151649194,0.025430823775375797,438.3322448730469,460,0.9528961845066236
muon,10,0,0,13,2.0003589162509234,2.662055128956765,0.08748866399847337,-0.0004499192583332904,-0.004172665532678366,-0.0006744223646819592,0.43166265395289116,0.00020519116796187398,0.29706757294443675,-0.29618769534650696,456.8437805175781,460,0.9931386532990829
muon,10,1,0,13,2.0003589851943997,2.717178087790149,0.08748866098312828,-0.00044991924282657483,0.0024128304794430733,0.0009721940732561052,-0.13254221214609174,4.365069480445627e-05,0.01960999207788642,-0.019606147313950908,418.30029296875,458,0.9133194169623362
muon,10,2,0,13,2.00035890873055,-0.3324937286813334,0.08748866432738805,-0.0004499192600247673,-0.00705441040918231,0.001982442568987608,0.2451303441599606,-0.00025532209706807807,-0.0752246580407284,0.07528128813228473,468.9388122558594,458,1.023883869554278
muon,10,3,0,13,2.0003589866555678,-1.4962237390184554,0.08748866091922193,-0.00044991924249793,-0.005876598414033651,0.006285376381129026,-0.2005783414689155,-0.00010819207385449892,-0.07405640324330713,0.07411128739716442,418.4617614746094,462,0.9057613884731804
muon,10,4,0,13,2.0003589280737826,0.3527481810252183,0.08748866348138308,-0.0004499192556741016,0.002631784649565816,-0.010350826196372509,-0.0007108847611680957,0.00034936787018323423,-0.27354690793936043,0.2742972395567298,462.8987121582031,460,1.0063015481700068
muon,10,5,0,13,2.000358939485537,-0.6690609357715404,0.0874886629822731,-0.0004499192531073783,0.01313391700387001,-0.0034763007424771786,-0.8271433948719986,0.0005536334869384735,-0.2617992186714527,0.2624864060315617,543.3171997070312,460,1.1811243471891983
muon,10,6,0,13,2.000358954771197,0.8361824056785513,0.08748866231373209,-0.0004499192496693389,0.002991795539855957,-0.00025557729532010853,-0.36095592192897374,-0.0003132334463920028,-0.06417385501435532,0.06421506429661238,459.9884033203125,460,0.9999747898267664
muon,10,7,0,13,2.000358961074374,1.939059187634473,0.0874886620380533,-0.00044991924825163297,0.00571709219366312,-0.0018454111414030194,-0.46830342579373685,-3.841105481508511e-05,-0.03485748836887767,0.03486964305064206,441.3969421386719,460,0.959558569866678
muon,10,8,0,13,2.000358967664033,2.502073587210912,0.0874886617498448,-0.0004499192467694918,-0.0024933884851634502,0.0086209112778306,0.4119264762216801,-0.0003697976903965644,-0.03864133609597214,0.038656273396495335,423.83953857421875,462,0.9174015986454951
muon,10,9,0,13,2.0003589893024505,1.9430607984974484,0.0874886608034566,-0.00044991924190259514,-0.004035682417452335,-0.0010124559048563242,0.18544688676791488,0.00041977108417004527,-0.10666488067094505,0.10677877612509337,416.6777648925781,458,0.909776779241437
muon,10,10,0,13,2.0003589695379946,-2.1693611464831974,0.08748866166788433,-0.00044991924634800174,0.006945642177015543,-0.0009906735504046082,-0.6441750194881024,-0.00022409405428264195,-0.16245175277324503,0.1627160879101065,450.8505859375,460,0.9801099694293478
muon,10,11,0,13,2.000358952003857,0.5169676433849337,0.08748866243476582,-0.000449919250291767,0.0010875248117372394,-0.009355006739497185,-0.16729939460780052,0.0006829686630277637,-0.25444370688841755,0.25509277439959727,471.2357177734375,464,1.015594219339305
muon,10,12,0,13,2.0003589426568595,2.7676170444142323,0.0874886628435706,-0.0004499192523940867,0.008486383594572544,-0.01185776386409998,-0.5639171254139264,0.0008343342496300865,-0.07963460211968819,0.07969806936011185,458.6117858886719,460,0.9969821432362432
muon,10,13,0,13,2.000358957794773,-0.06527320634914607,0.08748866218149152,-0.00044991924898927843,-0.006772063672542572,0.010044608265161514,0.2799142558690959,-0.000999305127257974,-0.21975189446550977,0.22023586695543063,427.69488525390625,460,0.9297714896824049
muon,10,14,0,13,2.000358925172191,0.504726139583176,0.08748866360828848,-0.0004499192563267254,0.013858986087143421,-0.004928359296172857,-0.8144059558566896,0.00033135223939446956,0.11758806501684638,-0.11744995788399865,443.9330139160156,462,0.9608939695151854
muon,10,15,0,13,2.000358925068104,-2.9418073820512105,0.08748866361284088,-0.00044991925635013655,-0.006092103663831949,0.005861411336809397,0.2735781113911706,-0.00021606427335571499,-0.00902985425609004,0.009030669712403114,424.74591064453125,460,0.9233606753141984
muon,10,16,0,13,2.0003589932509693,1.0594912441541722,0.08748866063076229,-0.00044991924101449727,0.0006293460028246045,0.002969679655507207,-0.02893527050518152,-0.0004034359427091544,0.39157236194285644,-0.3900450533149484,452.15924072265625,456,0.9915772822865269
muon,10,17,0,13,2.0003589814527025,-0.4734836149727317,0.08748866114677695,-0.00044991924366815457,-0.011304552666842937,-0.011761981062591076,0.5207586800071162,0.0010880282157489929,-0.3592801147752363,0.3605755911730554,465.7088317871094,460,1.0124105038850204
muon,10,18,0,13,2.000358978581801,2.2465242218628942,0.08748866127234008,-0.0004499192443138757,-0.007328323554247618,0.006834705825895071,0.4590678557336858,-0.0006962518523266487,-0.07800916926402486,0.07807007107792008,562.4476928710938,458,1.2280517311595933
muon,10,19,0,13,2.0003589670320974,0.7871624519056494,0.08748866177748346,-0.0004499192469116263,0.006841687951236963,-0.0005652995896525681,-0.6227184957677823,-8.609451006555413e-05,-0.12484944860480786,0.12500551730388731,479.1153564453125,462,1.037046226072105
muon,10,20,0,13,2.0003589338405954,-2.2801717940059407,0.08748866322916297,-0.0004499192543770343,0.005114162806421518,0.005096502136439085,0.05857379109697192,-0.00027696493547706147,-0.07722222539069126,0.07728190419692874,524.315673828125,460,1.1398166822350544
muon,10,21,0,13,2.000358990907256,-0.7068363282773794,0.08748866073326805,-0.00044991924154164347,0.007646267302334309,-0.006049901247024536,-0.5030777361093586,3.077634139320162e-05,0.08320385870672763,-0.0831346874388534,424.86944580078125,460,0.9236292300016984
muon,10,22,0,13,2.0003589970617077,2.1548714944514336,0.087488660464094,-0.00044991924015738883,-0.004275605082511902,-0.0004567035648506135,0.18975051316605374,-0.0001585128400781871,-0.3065596051362944,0.30750228292060994,399.16033935546875,460,0.8677398681640625
muon,10,23,0,13,2.0003589220893043,-2.7306928996902813,0.08748866374312311,-0.000449919257020126,0.0025095222517848015,-0.00766784930601716,0.3912811142314787,0.000710862328425349,0.294674454615839,-0.293808675503678,617.5762939453125,460,1.3425571607506794
muon,10,24,0,13,2.0003589410553007,-1.6587039887277693,0.08748866291361715,-0.0004499192527543081,0.0013768449425697327,0.01339032780379057,-0.18041736201346303,-0.0011454862506952435,0.012336990330761154,-0.012335468505201843,477.0875244140625,460,1.0371467922044837
muon,10,25,0,13,2.0003589381319213,0.02092632988661866,0.08748866304147547,-0.00044991925341183244,-0.01117133442312479,0.006622971501201391,0.6755407693948279,-0.0005508331893712831,-0.04445815392630574,0.044477927991986896,434.2060241699219,462,0.939839879155675
muon,10,26,0,13,2.000358987746706,-1.4043702675980672,0.08748866087149938,-0.000449919242252512,0.003527135355398059,0.007055862341076136,-0.09457329090989397,1.9573574129710947e-06,-0.2838420695732541,0.28465002609837975,498.1885070800781,460,1.0830184936523437
muon,10,27,0,13,2.0003589461425766,-0.1369092805869986,0.0874886626911176,-0.0004499192516100818,0.0006536037544719875,-0.00614886311814189,-0.042732190329880515,0.0006368865656840028,-0.05690995999575264,0.05694236587338425,465.3704528808594,460,1.0116748975670855
muon,10,28,0,13,2.0003590019347444,1.7958072535006662,0.08748866025096454,-0.0004499192390613491,0.009197011590003967,-0.007990711368620396,-0.22901215239956585,0.0006454944264265156,0.6169674420346163,-0.6131842945774056,475.4860534667969,462,1.0291905919194737
muon,10,29,0,13,2.000358973794103,-1.7989920770830063,0.08748866148173713,-0.00044991924539072105,-0.006810558959841728,-0.0027533662505447865,0.3598129457382804,-0.00011831797540091948,-0.12181530067037881,0.12196387132694238,459.9200744628906,460,0.9998262488323709
muon,10,30,0,13,2.0003588985348992,1.4942062701618606,0.08748866477330997,-0.00044991926231796554,0.011595834977924824,-0.008969741873443127,-0.8700694477492554,0.0005239262310616777,-0.07565856880590223,0.0757158543376608,387.9326477050781,460,0.8433318428371264
muon,10,31,0,13,2.0003589987140624,-1.2757615611595994,0.08748866039182582,-0.0004499192397857425,0.003913396038115025,-0.0010688500478863716,-0.04760765601341532,-4.136728908457621e-05,-0.001587192337584021,0.0015872175297820988,459.3588562011719,458,1.0029669349370565
muon,10,32,0,13,2.0003589659805194,-0.9189964150977177,0.08748866182347578,-0.0004499192471481464,0.0016825018683448434,0.0039038516115397215,-0.008442442412937012,-0.0004566789843682695,-0.0159298893479214,0.015932427365979062,509.0907897949219,460,1.1067191082498302
muon,10,33,0,13,2.0003589455713238,-2.266057364876134,0.08748866271610219,-0.00044991925173856756,0.0022666447330266237,0.00046532892156392336,-0.25380379452011326,-0.00030547034378010374,-0.0006001411262021263,0.0006001447279086754,461.0034484863281,460,1.0021814097528872
muon,10,34,0,13,2.000358985276937,-3.0868483403833107,0.08748866097951839,-0.0004499192428080107,-0.0031479133758693933,0.0020976292435079813,0.5112508447364661,3.678871368457959e-05,-0.09399940870116588,0.09408785072449637,503.1865234375,460,1.093883746603261
muon,10,35,0,13,2.0003589953011396,-0.3695523012164408,0.08748866054109505,-0.0004499192405533745,-0.006898174528032541,0.001305085839703679,0.22219305069981488,0.0002170186967475063,0.14662300533805028,-0.1464083370342244,477.66998291015625,460,1.0384130063264265
muon,10,36,0,13,2.0003589615046264,0.6047786790392707,0.0874886620192356,-0.00044991924815486093,0.005655368790030479,0.00723620317876339,-0.38728299358592455,-0.0004283446221179793,0.1389753351454678,-0.13878246175411127,502.4464416503906,460,1.0922748731530232
muon,10,37,0,13,2.0003589584088393,2.460562075501003,0.08748866215463443,-0.0004499192488511631,-0.005367434583604336,0.004815489985048771,0.24953948923123193,-0.0002702359866694898,-0.06511163168789993,0.0651540545559251,460.4250793457031,460,1.0009240855341373
muon,10,38,0,13,2.000359024805336,-0.5329841798220625,0.08748865925068539,-0.00044991923391731294,-4.3678061047103256e-05,0.0026287008076906204,-0.14354530229665485,-0.00017204188103359108,-0.1349506404759998,0.1351330033294963,469.26275634765625,460,1.0201364268427309
muon,10,39,0,13,2.0003590067600086,-1.5387482631377976,0.08748866003992446,-0.00044991923797605435,-0.010217440314590931,-0.002492516068741679,-0.17202017976836181,-0.00017539543154128368,0.19928509329703695,-0.19888873769057455,469.6232604980469,462,1.0165005638485862
muon,10,40,0,13,2.000358978890071,0.60121037565887,0.08748866125885742,-0.0004499192442445397,-0.008168208412826061,-0.010108154267072678,0.21187461197347268,0.0001930792635272266,-0.23065056586816501,0.23118379259397578,485.6566162109375,460,1.0557752526324728
muon,10,41,0,13,2.000358964523426,-0.209462149403327,0.08748866188720393,-0.0004499192474758748,-0.014523983933031559,0.002279742620885372,0.5592390515737622,-0.000517937721764325,-0.05692844767718397,0.05696087461888409,469.7030944824219,460,1.021093683657439
muon,10,42,0,13,2.000358981498788,-1.3332682451108706,0.08748866114476134,-0.0004499192436577891,0.007638517301529646,-0.005179900210350752,-0.1789728304135707,0.0003079598798472749,-0.06785966661325413,0.06790574722693703,468.5821228027344,462,1.0142470190535375
muon,10,43,0,13,2.000358959377033,0.06924821899775685,0.08748866211228905,-0.00044991924863339774,-0.0017622169107198715,0.0036121616140007973,0.12418164368449558,0.00020177323765220578,0.06491532657435098,-0.06487321391568192,501.83514404296875,462,1.0862232555042615
muon,10,44,0,13,2.000359000001264,0.8901092025857175,0.08748866033552816,-0.0004499192394962261,-0.0022278029937297106,0.005734478589147329,-0.038227758904718634,-0.00015714925526311152,-0.04939713299154772,0.04942154581826839,481.0483093261719,460,1.0457571941873303
muon,10,45,0,13,2.0003590089538865,-3.1334991820026676,0.08748865994397197,-0.00044991923748260895,0.0063262926414608955,-0.0054620844312012196,-0.5898110698421277,0.0005281406384369386,-0.07214056041997871,0.07219264059548744,539.8673095703125,460,1.1736245860224184
muon,10,46,0,13,2.000359023394644,3.1253124585386205,0.08748865931238409,-0.0004499192342346047,-0.004392325412482023,0.0029013121966272593,0.15508029499766707,-0.0002394920488762442,-0.1457792793384909,0.1459921055778887,448.2490234375,460,0.9744543987771739
muon,10,47,0,13,2.000359004194408,-2.600250997973495,0.0874886601521348,-0.0004499192385531073,0.0037511675618588924,0.005073101259768009,-0.25220827955685365,-0.0005175038530205733,-0.01477008579329259,0.01477226766990797,423.47296142578125,460,0.9205933944038723
muon,10,48,0,13,2.000358979204288,1.4183341437789008,0.08748866124511467,-0.00044991924417386625,-0.00799356959760189,-0.00680315587669611,0.6222551850274538,0.00017865495323432512,-0.010178572991157223,0.010179609130107873,433.9317932128906,458,0.9474493301591498
muon,10,49,0,13,2.0003589705459426,2.418634951771997,0.08748866162380024,-0.00044991924612129485,0.0052071623504161835,0.005295397713780403,-0.5474693196045877,-0.0002997472055797229,-0.6292639011038295,0.6332487066187972,712.9111328125,458,1.5565745257914847
muon,10,50,0,13,2.0003589787293863,-0.7205837428302417,0.08748866126588521,-0.0004499192442806808,-0.012851854786276817,0.0002830310841090977,0.46820041843753657,-9.434924176869586e-05,-0.16089881113739404,0.16115811262465995,497.1899108886719,460,1.080847632366678
muon,10,51,0,13,2.0003589324271074,2.5857725580340216,0.08748866329098397,-0.00044991925469495497,0.0023802826181054115,-0.0010816928697749972,0.050262629430530836,5.039478295512656e-06,0.055760798254304265,-0.05572972291593478,483.3796081542969,462,1.0462762081261836
muon,10,52,0,13,2.0003589180786907,1.7622705338012854,0.08748866391853324,-0.0004499192579221903,0.007071902975440025,-0.00691022165119648,-0.10606026765502818,8.35158161736349e-05,-0.022025778806951408,0.022030631225057714,527.3013305664062,456,1.1563625670315927
muon,10,53,0,13,2.00035893011678,1.4259231470134481,0.08748866339202957,-0.00044991925521459215,0.005866715684533119,-0.00936700589954853,-0.5975149181112194,0.0012193350029365557,-0.2633715746922713,0.2640670522460134,483.6222229003906,460,1.05135265847911
muon,10,54,0,13,2.000358980885242,1.3445319182173474,0.08748866117159566,-0.00044991924379578734,0.0004275021201465279,0.0030614829156547785,-0.14259879748657056,0.0002502178533867888,0.16376428226871145,-0.16349653334435038,430.87603759765625,460,0.9366870382557745
muon,10,55,0,13,2.0003589407916107,-2.681575562304866,0.08748866292515002,-0.00044991925281361706,0.0009711129823699594,0.002225382486358285,0.09324724138926044,-0.00015317323484621836,-0.1926101671670635,0.19298186986923083,467.1081848144531,460,1.0154525756835937
muon,10,56,0,13,2.00035897837516,-0.5213441214409672,0.08748866128137783,-0.00044991924436035315,0.004773363936692476,0.003577285911887884,-0.3933944853938831,-0.0003053124468632151,-0.17635250230015362,0.1766640537796709,444.7417907714844,460,0.9668299799380096
muon,10,57,0,13,2.0003589493436364,-2.7098845579924586,0.0874886625511145,-0.0004499192508901018,0.0005359767819754779,-0.0009286195272579789,-0.3629586396214357,0.00018835430317169777,-0.03731617247736743,0.03733010264285066,465.5508117675781,458,1.016486488575498
muon,10,58,0,13,2.000358924870619,-2.1455919513062836,0.0874886636214782,-0.00044991925639455474,-0.0029016996268182993,0.0028103464283049107,0.056720669686871616,-2.7944572501298337e-05,-0.03266641557051082,0.03267709000453788,428.36212158203125,460,0.9312220034391984
muon,10,59,0,13,2.0003589952346474,2.880572867046685,0.08748866054400319,-0.00044991924056832986,0.0016729712951928377,0.0010623725829645991,-0.34935439714889327,-0.00024796459063404497,-0.3389030901095311,0.3400555488727429,485.4464416503906,460,1.0553183514138926
muon,10,60,0,13,2.0003588935567196,2.9168438690588134,0.08748866499103804,-0.0004499192634376541,0.01140528917312622,0.003332051681354642,-0.8241909429687055,-0.00012996674217481685,-0.2699779182557694,0.27070877216339434,440.24237060546875,458,0.961227883418054
muon,10,61,0,13,2.000358983153039,0.18466528622019424,0.08748866107241021,-0.0004499192432857162,-0.0049083479680120945,-0.0019274053629487753,0.03664823663102057,-2.356853262291958e-05,0.2614543822195914,-0.2607725808792449,472.31365966796875,456,1.0357755694472999
muon,10,62,0,13,2.0003590326482223,0.0064752264580535904,0.08748865890766516,-0.0004499192321532969,0.0006039238651283085,-0.002694149501621723,-0.12747614447355426,0.0005327461335526418,0.017283640402854943,-0.01728065367682411,527.5420532226562,460,1.1468305504840353
muon,10,63,0,13,2.000358924497041,-0.45085440570986635,0.08748866363781718,-0.00044991925647857965,-0.0007599722594022751,0.011283489875495434,0.06742770350343097,-0.0006035689951780221,0.04801739337125221,-0.04799434773650411,478.9432067871094,460,1.041180884319803
muon,10,64,0,13,2.0003589443599905,-0.0768477223073351,0.08748866276908164,-0.00044991925201101976,-0.00312214158475399,-0.004506717901676893,0.08810825694675894,0.00045626206230874045,-0.17257649144124387,0.17287483276220394,487.3556823730469,460,1.0594688747240149
muon,10,65,0,13,2.000358915239754,1.3432031655924561,0.08748866404269835,-0.00044991925856072184,0.004913376644253731,0.0076323323883116245,-0.17223602702642893,-0.000590009343372791,-0.15452386291724182,0.15476300869664988,429.70062255859375,460,0.934131788170856
muon,10,66,0,13,2.000358933599225,1.0193373120452933,0.08748866323971967,-0.0004499192544313232,0.006608765572309494,0.009214409627020359,-0.4013932373099216,-0.0004803732469103733,-0.23602182800657953,0.23658020894041581,454.5579528808594,462,0.9838916729022931
muon,10,67,0,13,2.0003589854415234,0.10317855986643543,0.08748866097231996,-0.000449919242770992,-0.006563931237906218,-0.00491477083414793,0.2156281204153121,1.8214423454884776e-05,0.016653818244756907,-0.016651045209960514,468.4681091308594,458,1.022856133473492
muon,10,68,0,13,2.000358935126145,1.8473779942688455,0.08748866317293756,-0.00044991925408788947,0.000985941500402987,-0.002653460716828704,-0.05243083805939186,0.0004780546066988217,-0.14223238099329488,0.14243496964197794,419.82037353515625,460,0.9126529859459919
muon,10,69,0,13,2.0003589802253927,-2.0803517079003853,0.08748866120045516,-0.0004499192439442002,0.008842434734106064,0.0006810860941186547,-0.383737122197747,7.961443001892887e-05,-0.13410546915134317,0.13428555342276574,460.8358154296875,460,1.001816990064538
muon,10,70,0,13,2.0003589315383143,-2.648847022724031,0.08748866332985665,-0.00044991925489486163,0.011001983657479286,0.002015639329329133,-0.8483736993087909,-2.8458370940939726e-05,0.07764429342501179,-0.07758405383459013,477.55194091796875,462,1.0336622097791532
muon,10,71,0,13,2.0003589978430365,0.18125690571744774,0.08748866042992143,-0.00044991923998165294,-0.00036350576556287706,0.005324008408933878,0.1017297081198909,-0.0009029748191502485,-0.04376302160262856,0.043782182008404426,463.73724365234375,458,1.0125267328653793
muon,10,72,0,13,2.0003589683408394,0.33848882070250486,0.0874886617202437,-0.00044991924661726503,-0.0062238541431725025,0.0064620706252753735,0.26315101914431427,-0.0002665922183668623,0.03967499070196811,-0.03965925589587496,445.17205810546875,460,0.9677653437075407
muon,10,73,0,13,2.0003589976649363,1.1337428976459762,0.0874886604377109,-0.0004499192400217111,-0.0012181014753878117,-0.00042204963392578065,-0.14087452128141997,-0.0005144344993907451,-0.12336659170643913,0.12351897285335453,451.8826599121094,458,0.9866433622535139
muon,10,74,0,13,2.000359001712711,-2.635997683365057,0.08748866026067549,-0.0004499192391112887,0.002461513038724661,-0.00028262281557545066,0.15965159625830339,0.00032129730320161476,0.010658166542041424,-0.010657030697956432,454.3054504394531,462,0.9833451308213271
muon,10,75,0,13,2.0003589499967522,-0.7759164292375982,0.08748866252254951,-0.00044991925074320345,0.0077987536787986755,0.0019440411124378443,-0.5031507451593864,-0.00028849027704704044,-0.2692829557636942,0.2700100467985788,447.5680236816406,464,0.9645862579345703
muon,10,76,0,13,2.0003589010317424,2.903053023103095,0.08748866466410682,-0.00044991926175637744,-0.00197532307356596,0.002937639132142067,0.35073589959067064,-0.00035450456269309205,0.022555501261422955,-0.022550414902312358,571.6258544921875,460,1.2426649010699728
muon,10,77,0,13,2.000358952167884,2.7086363221122403,0.08748866242759185,-0.00044991925025487413,-0.022629110142588615,0.006435710471123457,1.3491725014072031,-0.00021408868424849237,0.00398648179928073,-0.003986322885242031,475.8181457519531,458,1.03890424836671
muon,10,78,0,13,2.000358936994985,2.894570068665851,0.08748866309120107,-0.00044991925366755133,0.004572617821395397,-0.00031593063613399863,-0.5187552655825378,-0.00013068754865575016,-0.2849701495779969,0.2857845502382829,439.10125732421875,460,0.9545679507048234
muon,10,79,0,13,2.00035894869319,0.22703738954158612,0.08748866257956274,-0.0004499192510363997,-0.00016550556756556034,0.00046750367619097233,0.23793730644397493,-0.0005936363129878802,-0.22047684047000163,0.22096401494873683,443.8119812011719,464,0.9564913387956291
muon,10,80,0,13,2.0003589845343024,-0.6934458304834552,0.0874886610119986,-0.0004499192429750435,-0.003900874173268676,0.004429472144693136,0.27933611394836966,-0.0003299959510015965,-0.1042652389655477,0.10437406483365361,489.6442565917969,458,1.0690922633008666
muon,10,81,0,13,2.0003588947827473,-1.2500965938194069,0.08748866493741589,-0.0004499192631618968,0.004853378515690565,0.0017529564211145043,-0.18068698808826333,-0.00018943722287731446,-0.08305245571597025,0.08312149015477044,516.057373046875,462,1.1170073009672619
muon,10,82,0,13,2.0003589696914443,-0.9408567968763192,0.08748866166117299,-0.00044991924631348796,4.7627105232095346e-05,-0.006744069512933493,-0.21268688069986386,0.0005083427285898917,-0.04242541182268594,0.0424434186178381,440.5516052246094,460,0.9577208809230638
muon,10,83,0,13,2.000358963274047,2.101535304594153,0.08748866194184736,-0.0004499192477568842,0.010357837192714214,0.014742480590939522,-0.4050574780642968,-0.00042132609780744235,0.17188806084723704,-0.17159311277314493,447.6211853027344,462,0.9688770244647931
muon,10,84,0,13,2.000358951747773,-0.6231912985066415,0.08748866244596604,-0.0004499192503493652,0.010578210465610027,-0.002803879790008068,-0.7079825182914057,-0.00014600529712799348,0.02025518758303831,-0.02025108568765198,513.3385620117188,460,1.1159533956776495
muon,10,85,0,13,2.0003589568647553,-1.0690715216403317,0.08748866222216722,-0.00044991924919845735,0.0031084229703992605,-0.002802305854856968,0.13493526032681835,-2.9887774726122807e-05,0.24515199438401356,-0.24455246912863782,440.9372253417969,462,0.954409578661898
muon,10,86,0,13,2.000358993551855,2.1336863649615725,0.0874886606176026,-0.0004499192409468223,0.008652622811496258,-0.0019136883784085512,-0.35768873781760746,0.00032753308223412714,-0.03546392115730237,0.03547650251617761,499.3446960449219,460,1.0855319479237433
muon,10,87,0,13,2.000358909105535,-2.1017139527913686,0.08748866431098752,-0.00044991925994042586,0.001374807907268405,0.0024011090863496065,0.30857063499656334,5.517341512865925e-05,0.08328385877276151,-0.08321455448073117,479.39263916015625,458,1.0467088191269787
muon,10,88,0,13,2.000359005043098,-1.7936628388953466,0.08748866011501609,-0.0004499192383622206,0.012178940698504448,-0.004128247033804655,-0.5646419930200874,0.00044992427228630893,0.07880586436571323,-0.0787438096259082,437.7899475097656,458,0.9558732478379162
muon,10,89,0,13,2.000358986932199,-2.5178470913031332,0.08748866090712305,-0.00044991924243571035,-0.008711799047887325,-0.0024738952051848173,0.15047226931974578,-0.00016819158730264905,0.027353087440787044,-0.027345607572838285,455.7677001953125,460,0.9907993482506794
muon,10,90,0,13,2.000359005499618,1.2497385619343417,0.0874886600950495,-0.0004499192382595404,0.0015752491308376193,-0.00505735632032156,0.08918064225738043,0.0003143162748082823,0.03144868958988411,-0.03143880249848267,453.875,460,0.9866847826086956
muon,10,91,0,13,2.0003589011763747,0.2587079719135329,0.08748866465778112,-0.0004499192617238468,-0.00010691097850212827,0.004241566639393568,0.12400593070538424,-0.0003795161554312615,-0.20535544036292688,0.20577801671533,506.3315734863281,460,1.1007208119268004
muon,10,92,0,13,2.0003589571210236,1.44149889792275,0.08748866221095895,-0.00044991924914081764,-0.005514890421181917,-0.0028702476993203163,0.5725399129432596,0.0006435627660574955,-0.07846304877959881,0.07852466162315351,420.5057067871094,460,0.9141428408415421
muon,10,93,0,13,2.000358902669773,2.319653831035062,0.08748866459246513,-0.00044991926138795275,0.0032933808397501707,-0.006533890962600708,-0.16006043569660733,0.0005299464810288312,-0.018733991596575777,0.018737501878618765,425.59478759765625,458,0.9292462611302538
muon,10,94,0,13,2.000358938647272,-2.8629669027193057,0.08748866301893585,-0.0004499192532959201,-0.0033326188568025827,-0.010352971032261848,0.5375223024355336,0.0003272326576770068,-0.05738254801830856,0.05741549449199815,444.5350341796875,460,0.9663805090862772
muon,10,95,0,13,2.00035890286067,-1.5025750028539433,0.08748866458411596,-0.00044991926134501633,-0.008121242746710777,-1.6906458768062294e-05,0.2959596563114619,-9.045590634725043e-05,0.08249436755040893,-0.08242637043742242,518.2052612304688,460,1.1265331765879756
muon,10,96,0,13,2.0003589501767927,-3.0990411650985625,0.08748866251467519,-0.00044991925070270893,-0.002998921787366271,-0.0036624958738684654,0.3976237625029633,-0.00021583220719151308,-0.05317086218337953,0.05319914862937394,498.73162841796875,460,1.0841991922129754
muon,10,97,0,13,2.000358907048091,-2.972498610108159,0.08748866440097289,-0.00044991926040318465,-0.007005241233855486,0.0030289876740425825,0.523760407231233,-0.0005198252324243036,-0.054777249352643345,0.05480727126829796,435.1326599121094,460,0.9459405650263247
muon,10,98,0,13,2.000358948284911,0.9671520242648353,0.08748866259741943,-0.00044991925112822955,-0.0009091831161640584,0.016413871198892593,-0.111485476993467,-0.0015327075092808479,0.1780907730445322,-0.17777417364441195,545.046630859375,460,1.184883980129076
muon,10,99,0,13,2.0003589741762178,-1.4939647137347831,0.08748866146502478,-0.00044991924530477607,-0.0010172270704060793,-0.007312813773751259,0.1556097690238456,0.00037500733437555167,1.0753819003077567,-1.0639404769881713,430.5531921386719,458,0.9400724719184975
